tournament_id,tournament_name,n_players,actual_r1_mean,sim_r1_mean,actual_r1_std,sim_r1_std_avg,calibration_error
1,The Sentry,59,-4.169491525423729,-3.9843491525423724,2.39361609554623,3.971532657803448,0.18514237288135682
2,Sony Open in Hawaii,144,-0.027777777777777776,-1.0882097222222222,3.245102699559989,3.9726095590707584,-1.0604319444444446
6,The Sentry,59,-2.288135593220339,-3.508318644067797,3.1241597350748576,4.0016157133976185,-1.2201830508474578
46,Sony Open in Hawaii,143,-1.034965034965035,-1.5884601398601401,2.7486554649439094,3.9601237179515776,-0.5534951048951051
50,WM Phoenix Open,132,-0.14393939393939395,-1.5800818181818181,2.921707583315917,4.020422521724048,-1.436142424242424
