metric,value
top20_16_60_spearman,0.2344428664483838
h2h_hit_rate,0.4348570816829033
threeball_r1_hit_rate,0.3443298969072165
