metric,value
top20_31_60_r,0.20015011601917
h2h_midtier_hitrate,0.4248985115020298
sim_top20_r,0.3198673853618056
fit_top20_r,0.030574027203740733
runtime_sec,157.97381830215454
