model,R2,frag_home_coef,delta_R2
M1,0.027717479004154777,,
M2,0.053750397077445444,,0.026032918073290667
M3,0.05691590676739933,4.15909131971717,0.0031655096899538826
