actual_fh,shuffle_mean,pctl
4.15909131971717,0.05228390322455088,88.4
