{
  "minutes_HHI_rolling_p25": 0.12355726038209715,
  "minutes_HHI_rolling_p75": 0.13569777335408428,
  "minutes_HHI_rolling_mean": 0.12970927505875576,
  "minutes_HHI_rolling_sd": 0.008209027334263418,
  "top2_minute_share_rolling_p25": 0.3158543029538378,
  "top2_minute_share_rolling_p75": 0.33865641011397196,
  "top2_minute_share_rolling_mean": 0.3269673834249827,
  "top2_minute_share_rolling_sd": 0.015787386705910983,
  "rotation_depth_rolling_p25": 7.5,
  "rotation_depth_rolling_p75": 8.2,
  "rotation_depth_rolling_mean": 7.852621809032891,
  "rotation_depth_rolling_sd": 0.5314302088302306
}