cell,outcome,n_d,rate_d,z_d,n_v,rate_v,z_v,p_d,bh,fdr_pass,val_pass
F home last game went under & F away ATS to date >= 70% (4+ games),over,197,0.6192893401015228,3.348611349431753,58,0.39655172413793105,-1.5756771943166705,0.0008121763751354205,False,False,False
F away ATS to date >= 70% (4+ games),over,385,0.5844155844155844,3.312706744344565,111,0.4774774774774775,-0.47457899787624935,0.0009239780680765364,False,False,False
F away ATS to date >= 70% (4+ games) & F away last game went over,over,203,0.6157635467980296,3.2987533098149036,53,0.5283018867924528,0.41208169184606697,0.0009711521503807941,False,False,False
L away fav & F away ATS to date >= 70% (4+ games),over,196,0.6173469387755102,3.2857142857142847,67,0.5074626865671642,0.12216944435630557,0.001017241350328657,False,False,False
X grass & F away ATS to date >= 70% (4+ games),over,234,0.5982905982905983,3.0071140721188208,63,0.38095238095238093,-1.8898223650461363,0.0026374077345545643,False,False,False
F home last game went under & F away lost last game by 21+,home_cover,166,0.3855421686746988,-2.949371997684064,40,0.475,-0.3162277660168382,0.0031842044619818655,False,False,False
X away off bye,fav_cover,246,0.5934959349593496,2.9328528800913563,86,0.46511627906976744,-0.6469966392206307,0.00335863002351644,False,False,False
X grass & F away ATS to date <= 30% (4+ games),home_cover,215,0.4046511627906977,-2.796176791828941,77,0.4025974025974026,-1.7094086468945688,0.0051711104683289655,False,False,False
L total 40-42.5 & F away 2 straight non-covers,fav_cover,170,0.3941176470588235,-2.761073959850534,50,0.5,0.0,0.005761162816017684,False,False,False
L total on key 41/44/37/47 & F home covered last game,home_cover,308,0.42207792207792205,-2.735053835031312,72,0.6111111111111112,1.8856180831641276,0.006237007458873123,False,False,False
"L total half-point & X away travels east 2+ h, early game",home_cover,151,0.609271523178808,2.6855019139448264,39,0.5128205128205128,0.16012815380508658,0.007242095997601172,False,False,False
X outdoors & X away off bye,fav_cover,193,0.5958549222797928,2.6633182777701703,68,0.4411764705882353,-0.9701425001453321,0.007737419110024568,False,False,False
L away fav & F home covered last game,over,543,0.5561694290976059,2.6177605600795357,171,0.5087719298245614,0.2294157338705625,0.008850888659877487,False,False,False
X outdoors & F away ATS to date >= 70% (4+ games),over,290,0.5758620689655173,2.5837689658646967,81,0.4567901234567901,-0.7777777777777782,0.009772723409134265,False,False,False
L total on key 41/44/37/47 & F away covered last game,home_cover,305,0.4262295081967213,-2.576692504412408,78,0.5384615384615384,0.679366220486757,0.009975064409657453,False,False,False
F home failed to cover last game & F away ATS to date >= 70% (4+ games),over,185,0.5945945945945946,2.573251177328328,49,0.42857142857142855,-1.0000000000000004,0.010074806114345192,False,False,False
L total on key 41/44/37/47 & X grass,home_cover,427,0.4379391100702576,-2.5648497680278854,121,0.47107438016528924,-0.6363636363636367,0.010322048629053171,False,False,False
F away ATS to date >= 70% (4+ games) & F away 2 straight covers,over,220,0.5863636363636363,2.5619594773603183,57,0.49122807017543857,-0.1324532357065048,0.010408346187801953,False,False,False
X dome/closed & X weeks 5-9,over,244,0.5819672131147541,2.560737598657919,75,0.5333333333333333,0.5773502691896256,0.010445021384964281,False,False,False
F away covered last game & F away ATS to date >= 70% (4+ games),over,291,0.5738831615120275,2.5207046415703602,80,0.4875,-0.22360679774997919,0.011712011386328047,False,False,False
L total on key 41/44/37/47 & F away last game went over,home_cover,329,0.4316109422492401,-2.4809303088898704,70,0.4857142857142857,-0.2390457218668788,0.013103999049656645,False,False,False
X weeks 5-9 & F away failed to cover last game,over,539,0.5528756957328386,2.4551638058475027,176,0.5170454545454546,0.4522670168666465,0.014082040385454242,False,False,False
L total 40-42.5 & F away failed to cover last game,fav_cover,405,0.43950617283950616,-2.4348295754997715,113,0.49557522123893805,-0.09407208683835988,0.014898805019060601,False,False,False
L home fav exactly 3,fav_cover,358,0.43575418994413406,-2.4311755438757743,89,0.550561797752809,0.9539980920057242,0.015049920912404868,False,False,False
L home fav exactly 3,home_cover,358,0.43575418994413406,-2.4311755438757743,89,0.550561797752809,0.9539980920057242,0.015049920912404868,False,False,False
L total on key 41/44/37/47 & X outdoors,home_cover,532,0.4473684210526316,-2.4279079146675357,150,0.47333333333333333,-0.6531972647421809,0.01518619855706449,False,False,False
L total 40-42.5,fav_cover,840,0.4583333333333333,-2.4152294576982407,240,0.49166666666666664,-0.25819888974716193,0.015725299754505206,False,False,False
X dome/closed & F home last game went over,fav_cover,415,0.44096385542168676,-2.4053153990016978,129,0.46511627906976744,-0.7924058156930616,0.016158513330343238,False,False,False
L home fav & X home off bye,over,189,0.4126984126984127,-2.400396792595917,48,0.625,1.7320508075688774,0.016377308341494867,False,False,False
X grass & F away lost last game by 21+,home_cover,180,0.4111111111111111,-2.385139175999776,45,0.4,-1.3416407864998734,0.017072661093788355,False,False,False
X early (<14h) & F home failed to cover last game,fav_cover,949,0.46153846153846156,-2.369680277038362,312,0.4775641025641026,-0.7925939239012162,0.017803473328642516,False,False,False
F home revenge (lost to opp earlier this season) & F away failed to cover last game,home_cover,206,0.5825242718446602,2.3688922485914987,48,0.5208333333333334,0.2886751345948134,0.017841450463275343,False,False,False
L away fav 0.5-2.5 & F away covered last game,over,151,0.5960264900662252,2.3599865304363634,67,0.5373134328358209,0.6108472217815261,0.01827559861659056,False,False,False
F home last game went over & F away last game went under,over,855,0.45964912280701753,-2.3597502097958554,291,0.5154639175257731,0.5275893435844924,0.01828724398832393,False,False,False
L total on key 41/44/37/47,home_cover,694,0.4553314121037464,-2.353487815803483,187,0.5026737967914439,0.07312724241271336,0.018598217370431103,False,False,False
L total on key 41/44/37/47 & X outdoors,fav_cover,528,0.44886363636363635,-2.350048355401921,149,0.48322147651006714,-0.4096159602595197,0.01877097233392444,False,False,False
X early (<14h) & F away ATS to date >= 70% (4+ games),over,199,0.5829145728643216,2.3393079765275075,48,0.4583333333333333,-0.5773502691896261,0.0193195001864086,False,False,False
L total on key 41/44/37/47 & F away last game went over,fav_cover,324,0.4351851851851852,-2.333333333333334,69,0.4927536231884058,-0.12038585308576881,0.01963065725729063,False,False,False
L total 40-42.5 & X grass,fav_cover,519,0.4489402697495183,-2.3264417909225803,150,0.5,0.0,0.019994994374675334,False,False,False
X early (<14h) & F away revenge (lost to opp earlier this season),fav_cover,179,0.4134078212290503,-2.317048787531001,58,0.5689655172413793,1.050451462877781,0.02050107427600012,False,False,False
L total 40-42.5 & X weeks 2-4,fav_cover,157,0.40764331210191085,-2.314451964956104,47,0.5319148936170213,0.4375949744936835,0.020642943242537015,False,False,False
X weeks 5-9 & F away ATS to date >= 70% (4+ games),over,205,0.5804878048780487,2.304819976039607,62,0.5161290322580645,0.2540002540003808,0.02117665785431666,False,False,False
F home revenge (lost to opp earlier this season) & F away last game went under,over,218,0.42201834862385323,-2.302770569027227,57,0.47368421052631576,-0.3973597071195135,0.021291755267428103,False,False,False
X dome/closed & X weeks 14-16,fav_cover,161,0.40993788819875776,-2.285520178093392,52,0.5576923076923077,0.8320502943378439,0.022282344639828144,False,False,False
L total 40-42.5 & X dome/closed,fav_cover,163,0.4110429447852761,-2.271455304965076,46,0.4782608695652174,-0.29488391230979405,0.023119429709466788,False,False,False
L total on key 41/44/37/47 & X early (<14h),home_cover,380,0.4421052631578947,-2.2571523745873394,114,0.5175438596491229,0.37463432463267876,0.023998555156258705,False,False,False
L total 0-36.5 & X turf,over,154,0.5909090909090909,2.256304299271066,4,0.5,0.0,0.024051580332536293,False,False,False
F home covered last game & F away ATS to date >= 70% (4+ games),over,189,0.582010582010582,2.2549181991052536,58,0.5172413793103449,0.26261286571944564,0.024138463765364992,False,False,False
L home fav exactly 3 & X early (<14h),home_cover,204,0.4215686274509804,-2.240448134444816,42,0.6190476190476191,1.5430334996209194,0.0250618443438837,False,False,False
L home fav exactly 3 & X early (<14h),fav_cover,204,0.4215686274509804,-2.240448134444816,42,0.6190476190476191,1.5430334996209194,0.0250618443438837,False,False,False
L total 43-45.5 & X divisional,fav_cover,337,0.4391691394658754,-2.233412313881657,139,0.5467625899280576,1.1026456085839633,0.02552176688880614,False,False,False
X weeks 5-9 & F home ATS to date >= 70% (4+ games),fav_cover,206,0.4223300970873786,-2.229545645733177,60,0.45,-0.7745966692414833,0.025777621761304825,False,False,False
L away fav & X weeks 5-9,over,347,0.5590778097982709,2.200995321089579,123,0.4959349593495935,-0.09016696346674372,0.02773635507691785,False,False,False
L home fav & X divisional,home_cover,1032,0.46608527131782945,-2.1790048222764162,286,0.46503496503496505,-1.1826247919781647,0.029331309982751463,False,False,False
L home fav & X divisional,fav_cover,1032,0.46608527131782945,-2.1790048222764162,286,0.46503496503496505,-1.1826247919781647,0.029331309982751463,False,False,False
X divisional & X weeks 10-13,home_cover,410,0.44634146341463415,-2.173005112629097,96,0.46875,-0.6123724356957945,0.02977993249089783,False,False,False
L total on key 41/44/37/47,fav_cover,689,0.45863570391872277,-2.17152705561446,185,0.4864864864864865,-0.36760731104690314,0.029891354256635028,False,False,False
L away fav 0.5-2.5 & F home last game went under,over,157,0.5859872611464968,2.154834588062579,55,0.4727272727272727,-0.40451991747794536,0.031174780561346482,False,False,False
L total 0-36.5 & F home last game went under,over,295,0.5627118644067797,2.1542232860364536,3,0.6666666666666666,0.5773502691896256,0.031222665565286523,False,False,False
X grass & X weeks 2-4,fav_cover,403,0.4466501240694789,-2.141982569962887,142,0.4507042253521127,-1.1748539016153645,0.03219488464950837,False,False,False
X divisional & X weeks 5-9,home_cover,369,0.4444444444444444,-2.1343747458109505,102,0.5098039215686274,0.19802950859533416,0.0328121171425777,False,False,False
L total 40-42.5 & F home covered last game,fav_cover,394,0.4467005076142132,-2.115929431811489,97,0.4948453608247423,-0.10153461651336154,0.03435080982371086,False,False,False
L total on key 41/44/37/47 & F home covered last game,fav_cover,307,0.43973941368078173,-2.1117015384807942,71,0.5633802816901409,1.0681034923744683,0.03471205699001412,False,False,False
X divisional & X dome/closed,fav_cover,345,0.4434782608695652,-2.0996894180268457,111,0.5135135135135135,0.2847473987257491,0.03575617106087159,False,False,False
L home fav 10+ & X divisional,fav_cover,178,0.42134831460674155,-2.098688729188413,49,0.46938775510204084,-0.42857142857142827,0.03584434886578647,False,False,False
L home fav 10+ & X divisional,home_cover,178,0.42134831460674155,-2.098688729188413,49,0.46938775510204084,-0.42857142857142827,0.03584434886578647,False,False,False
X dome/closed & X early (<14h),fav_cover,570,0.45614035087719296,-2.0942695414584787,162,0.49382716049382713,-0.15713484026367794,0.03623597600605599,False,False,False
L total half-point & X dome/closed,fav_cover,406,0.4482758620689655,-2.0844250013389534,129,0.4496124031007752,-1.1445861782233104,0.03712152563746862,False,False,False
L total 40-42.5 & X late afternoon (15-17h),fav_cover,236,0.4322033898305085,-2.0830225756931817,51,0.43137254901960786,-0.9801960588196066,0.03724916580683413,False,False,False
X weeks 5-9 & F away 2 straight non-covers,over,253,0.5652173913043478,2.0746922244243726,91,0.5494505494505495,0.9434563530497273,0.038015068485392156,False,False,False
R ref prior over <= 45% (60+ games),fav_cover,372,0.553763440860215,2.0739033894608485,186,0.41935483870967744,-2.199706725320299,0.0380882842062924,False,False,False
X weeks 5-9 & F home ATS to date <= 30% (4+ games),over,197,0.5736040609137056,2.0661644496493814,62,0.5,0.0,0.038812954375928355,False,False,False
L total 0-36.5 & F away covered last game,over,240,0.5666666666666667,2.065591117977289,1,1.0,1.0,0.038867103812417314,False,False,False
X divisional & X outdoors,over,1220,0.4704918032786885,-2.061354003529927,356,0.4691011235955056,-1.1659976680069968,0.03926927962655613,False,False,False
X outdoors & X grass,home_cover,2159,0.4779990736452061,-2.044547873592311,689,0.45718432510885343,-2.247720987390404,0.04089945303850118,False,False,False
X weeks 5-9 & F away failed to cover last game,fav_cover,529,0.4555765595463138,-2.0434782608695645,171,0.45614035087719296,-1.1470786693528094,0.04100511722464195,False,False,False
L total 0-36.5 & F away last game went over,over,188,0.574468085106383,2.0421098809705254,1,0.0,-1.0,0.04114063297202608,False,False,False
L total on key 41/44/37/47 & X grass,fav_cover,424,0.45047169811320753,-2.0397003109502556,120,0.475,-0.5477225575051666,0.04138018393984577,False,False,False
L total half-point & X divisional,over,781,0.46350832266325226,-2.0396203608488617,202,0.49504950495049505,-0.1407195089460585,0.04138815250314343,False,False,False
X turf & F home failed to cover last game,fav_cover,729,0.46227709190672156,-2.037037037037036,206,0.5048543689320388,0.13934660285832345,0.04164633062204337,False,False,False
X rest home - away <= -3 & X away off bye,fav_cover,203,0.5714285714285714,2.0354009783964284,76,0.47368421052631576,-0.458831467741124,0.041810542976578935,False,False,False
X weeks 2-4 & F home last game went over,fav_cover,314,0.4426751592356688,-2.031597532739161,118,0.4067796610169492,-2.0252641593763108,0.04219441668441548,False,False,False
L home fav exactly 3 & F away failed to cover last game,home_cover,164,0.42073170731707316,-2.030258904551879,38,0.5526315789473685,0.6488856845230507,0.04233022912136075,False,False,False
L home fav exactly 3 & F away failed to cover last game,fav_cover,164,0.42073170731707316,-2.030258904551879,38,0.5526315789473685,0.6488856845230507,0.04233022912136075,False,False,False
L total half-point & F away ATS to date >= 70% (4+ games),over,177,0.576271186440678,2.0294442756076387,55,0.5272727272727272,0.4045199174779445,0.04241305932069772,False,False,False
X outdoors & F away ATS to date <= 30% (4+ games),home_cover,282,0.4397163120567376,-2.0246705361964055,88,0.3977272727272727,-1.9188064472004942,0.04290120601140135,False,False,False
L total on key 41/44/37/47 & X early (<14h),fav_cover,377,0.4482758620689655,-2.0086021902359583,112,0.5,0.0,0.044579338860565976,False,False,False
L total half-point & X divisional,home_cover,759,0.463768115942029,-1.996373523761726,197,0.45685279187817257,-1.2111998497944645,0.04589328049321062,False,False,False
L |spread| = 3.5 & F home last game went over,home_cover,157,0.42038216560509556,-1.995217211169055,58,0.3793103448275862,-1.8382900600361163,0.04601919468541649,False,False,False
X dome/closed,fav_cover,883,0.4665911664779162,-1.9855080850013898,293,0.4880546075085324,-0.4089443664858906,0.04708797149867361,False,False,False
F home last game went under & F away ATS to date <= 30% (4+ games),home_cover,185,0.42702702702702705,-1.9850794796532802,59,0.4745762711864407,-0.39056673294247146,0.04713562945211014,False,False,False
L total on key 41/44/37/47 & F home last game went over,home_cover,311,0.4437299035369775,-1.984667919933099,76,0.5263157894736842,0.458831467741123,0.0471814302267104,False,False,False
X divisional & X outdoors,home_cover,1209,0.47146401985111663,-1.9844307144735247,349,0.45272206303724927,-1.766449500988225,0.04720784483870433,False,False,False
X divisional,home_cover,1587,0.4751102709514808,-1.9830726637382794,466,0.4613733905579399,-1.6676677966034863,0.04735931356228029,False,False,False
X rest home - away <= -3 & F away covered last game,fav_cover,172,0.5755813953488372,1.9824814143238614,84,0.4523809523809524,-0.8728715609439696,0.04742538550874098,False,False,False
X divisional & F away last game went under,over,719,0.4631432545201669,-1.9765664726647332,224,0.47767857142857145,-0.6681531047810603,0.04809065505656007,False,False,False
X weeks 10-13 & F away last game went over,home_cover,475,0.45473684210526316,-1.9729753112868311,143,0.4405594405594406,-1.421611417012054,0.04849837523436107,False,False,False
L total half-point & F away lost last game by 21+,home_cover,150,0.42,-1.9595917942265426,48,0.5,0.0,0.05004352124870515,False,False,False
L total 46-48.5 & F away failed to cover last game,fav_cover,268,0.5597014925373134,1.954711109700882,138,0.42028985507246375,-1.8727643676692474,0.05061717805231791,False,False,False
L total half-point & X away travels west 2+ h,fav_cover,206,0.5679611650485437,1.9508524400165286,78,0.44871794871794873,-0.9058216273156763,0.05107460162856858,False,False,False
X weeks 5-9 & F home ATS to date >= 70% (4+ games),home_cover,208,0.4326923076923077,-1.9414506867883012,60,0.5,0.0,0.05220363534131467,False,False,False
L total on key 41/44/37/47 & F home last game went over,fav_cover,308,0.4448051948051948,-1.9373297998138448,75,0.48,-0.34641016151377574,0.052705041790226614,False,False,False
L total 40-42.5 & F away last game went over,fav_cover,365,0.44931506849315067,-1.9366685135837913,96,0.5,0.0,0.05278587699739412,False,False,False
L |spread| = 6.5,fav_cover,195,0.4307692307692308,-1.9335101599064684,49,0.5102040816326531,0.14285714285714302,0.0531733827135783,False,False,False
L total 0-36.5,over,518,0.5424710424710425,1.933249010720487,7,0.5714285714285714,0.3779644730092271,0.053205529811587216,False,False,False
L home fav & X early (<14h),home_cover,1472,0.4748641304347826,-1.9287583300279425,431,0.4988399071925754,-0.04816830508590794,0.05376087113612482,False,False,False
L home fav & X early (<14h),fav_cover,1472,0.4748641304347826,-1.9287583300279425,431,0.4988399071925754,-0.04816830508590794,0.05376087113612482,False,False,False
F home 2 straight covers & F away 2 straight covers,home_cover,197,0.43147208121827413,-1.92367034967356,65,0.47692307692307695,-0.37210420376762493,0.05439591684141143,False,False,False
X dome/closed & F away failed to cover last game,fav_cover,413,0.45278450363196127,-1.9190645420899788,130,0.5,0.0,0.05497616617680934,False,False,False
L total 0-36.5 & X divisional,over,229,0.5633187772925764,1.9163739413197598,3,1.0,1.7320508075688774,0.0553175152717158,False,False,False
L home fav 3.5-6.5 & X grass,fav_cover,505,0.45742574257425744,-1.913474885806934,170,0.3941176470588235,-2.761073959850534,0.055687285609471004,False,False,False
L home fav 3.5-6.5 & X grass,home_cover,505,0.45742574257425744,-1.913474885806934,170,0.3941176470588235,-2.761073959850534,0.055687285609471004,False,False,False
L total 43-45.5 & X divisional,home_cover,337,0.44807121661721067,-1.9065714874599522,139,0.48201438848920863,-0.4240944648399855,0.05657610024296034,False,False,False
L home fav exactly 3 & F home last game went under,fav_cover,186,0.43010752688172044,-1.9064124952775925,42,0.6190476190476191,1.5430334996209194,0.05659670882982448,False,False,False
L home fav exactly 3 & F home last game went under,home_cover,186,0.43010752688172044,-1.9064124952775925,42,0.6190476190476191,1.5430334996209194,0.05659670882982448,False,False,False
F away ATS to date <= 30% (4+ games),home_cover,377,0.4509283819628647,-1.9055969497110374,116,0.4482758620689655,-1.114172029062311,0.05670251819310668,False,False,False
L total on key 41/44/37/47 & F away covered last game,fav_cover,301,0.44518272425249167,-1.9020883784239762,77,0.5194805194805194,0.341881729378913,0.057159601535015536,False,False,False
L total 0-36.5 & F home covered last game,over,254,0.5590551181102362,1.8823674154144758,2,1.0,1.414213562373095,0.05978614691308071,False,False,False
X grass & X temp > 80,home_cover,222,0.4369369369369369,-1.8792369545992689,108,0.4537037037037037,-0.9622504486493759,0.06021214580787371,False,False,False
X early (<14h) & X weeks 10-13,home_cover,525,0.45904761904761904,-1.8766738560295348,158,0.4873417721518987,-0.3182229136702923,0.060562807974303245,False,False,False
L |spread| = 3.5 & X grass,home_cover,207,0.43478260869565216,-1.876629726513673,84,0.40476190476190477,-1.7457431218879391,0.06056886020265728,False,False,False
F home 2 straight non-covers & F home last game went over,home_cover,368,0.5489130434782609,1.8766297265136727,129,0.5116279069767442,0.2641352718976876,0.060568860202657504,False,False,False
L total half-point & F away ATS to date <= 30% (4+ games),home_cover,192,0.4322916666666667,-1.8763883748662833,56,0.30357142857142855,-2.9398736610366685,0.060601969712006154,False,False,False
X turf & X weeks 14-16,fav_cover,294,0.445578231292517,-1.866277899263374,90,0.5777777777777777,1.4757295747452426,0.06200249521183121,False,False,False
X turf & F home 2 straight non-covers,home_cover,334,0.5508982035928144,1.860397227559582,91,0.6263736263736264,2.411055124460412,0.06282934665167739,False,False,False
L away fav 3.5-6.5 & X grass,fav_cover,262,0.5572519083969466,1.8534061896456477,95,0.5263157894736842,0.5129891760425764,0.06382416083049214,False,False,False
L away fav 3.5-6.5 & X grass,home_cover,262,0.44274809160305345,-1.853406189645646,95,0.47368421052631576,-0.5129891760425775,0.06382416083049236,False,False,False
X temp < 32,over,168,0.5714285714285714,1.8516401995451022,44,0.3409090909090909,-2.1105794120443457,0.0640775064510597,False,False,False
X outdoors & X temp < 32,over,168,0.5714285714285714,1.8516401995451022,44,0.3409090909090909,-2.1105794120443457,0.0640775064510597,False,False,False
L away fav & F away covered last game,over,676,0.5355029585798816,1.846153846153844,223,0.47085201793721976,-0.8705443892371518,0.0648698702799595,False,False,False
X grass,home_cover,2329,0.48089308716187207,-1.8441882998183152,737,0.4531886024423338,-2.5416476669589634,0.06515570290407968,False,False,False
L home fav & F away revenge (lost to opp earlier this season),home_cover,302,0.4470198675496689,-1.841393080474995,85,0.4823529411764706,-0.32539568672798413,0.06556397608974107,False,False,False
L home fav & F away revenge (lost to opp earlier this season),fav_cover,302,0.4470198675496689,-1.841393080474995,85,0.4823529411764706,-0.32539568672798413,0.06556397608974107,False,False,False
L total half-point & F away revenge (lost to opp earlier this season),home_cover,157,0.4267515923566879,-1.8355998342755306,39,0.41025641025641024,-1.1208970766356101,0.06641686169811223,False,False,False
L |spread| = 3.5 & F home last game went over,fav_cover,157,0.4267515923566879,-1.8355998342755306,58,0.41379310344827586,-1.3130643285972259,0.06641686169811223,False,False,False
X grass & X weeks 5-9,home_cover,630,0.4634920634920635,-1.8326838676460693,199,0.4723618090452261,-0.7797693255091697,0.06684959775307808,False,False,False
L home fav & X weeks 17-18,home_cover,172,0.5697674418604651,1.8299828439912564,47,0.40425531914893614,-1.3127849234810514,0.06725250426083051,False,False,False
L home fav & X weeks 17-18,fav_cover,172,0.5697674418604651,1.8299828439912564,47,0.40425531914893614,-1.3127849234810514,0.06725250426083051,False,False,False
F home last game went under & F away revenge (lost to opp earlier this season),fav_cover,187,0.43315508021390375,-1.8281810603178263,64,0.53125,0.5,0.0675223825168565,False,False,False
L total 40-42.5 & X divisional,over,331,0.4501510574018127,-1.813844042766731,105,0.47619047619047616,-0.4879500364742671,0.06970173969163285,False,False,False
L total half-point & F home 2 straight covers,home_cover,394,0.4543147208121827,-1.8136537986955634,107,0.40186915887850466,-2.030146626995894,0.06973104222308457,False,False,False
X early (<14h) & F home covered last game,home_cover,1024,0.4716796875,-1.8125,304,0.5263157894736842,0.917662935482246,0.06990897393646955,False,False,False
F home ATS to date <= 30% (4+ games) & F home 2 straight non-covers,home_cover,225,0.56,1.8000000000000016,67,0.5522388059701493,0.8551861104941372,0.07186063822585131,False,False,False
X early (<14h) & X away off bye,fav_cover,150,0.5733333333333334,1.796292478040998,45,0.4444444444444444,-0.7453559924999302,0.07244801352978691,False,False,False
L total 40-42.5 & X grass,home_cover,521,0.46065259117082535,-1.7962426127871256,151,0.5231788079470199,0.5696519211398118,0.07245594029111979,False,False,False
X weeks 10-13 & F away 2 straight non-covers,home_cover,227,0.44052863436123346,-1.7920529413199247,63,0.5238095238095238,0.37796447300922764,0.07312448598589039,False,False,False
X grass & X weeks 2-4,home_cover,404,0.45544554455445546,-1.7910669423779797,142,0.4647887323943662,-0.8391813582966893,0.07328255322488708,False,False,False
F home last game went under & F away lost last game by 21+,fav_cover,165,0.4303030303030303,-1.790547571571503,39,0.5384615384615384,0.4803844614152611,0.07336592680281462,False,False,False
L home fav exactly 3 & F home covered last game,fav_cover,180,0.43333333333333335,-1.7888543819998313,47,0.6170212765957447,1.60451490647684,0.07363827012030266,False,False,False
L home fav exactly 3 & F home covered last game,home_cover,180,0.43333333333333335,-1.7888543819998313,47,0.6170212765957447,1.60451490647684,0.07363827012030266,False,False,False
F home last game went under & F away 2 straight covers,fav_cover,406,0.5443349753694581,1.7866500011476723,136,0.5661764705882353,1.5434872662825792,0.07399407486076504,False,False,False
X late afternoon (15-17h) & F home 2 straight non-covers,home_cover,229,0.5589519650655022,1.7842102212287416,67,0.44776119402985076,-0.8551861104941363,0.0743895120519884,False,False,False
L total 40-42.5 & F away failed to cover last game,home_cover,408,0.45588235294117646,-1.7822655773580143,114,0.543859649122807,0.9365858115816945,0.07470593331213027,False,False,False
F home last game went over & F away ATS to date >= 70% (4+ games),home_cover,182,0.5659340659340659,1.7789983599866426,52,0.4807692307692308,-0.27735009811261435,0.075240030837328,False,False,False
X outdoors & X weeks 17-18,fav_cover,182,0.5659340659340659,1.7789983599866426,58,0.4482758620689655,-0.7878385971583353,0.075240030837328,False,False,False
X weeks 17-18,home_cover,248,0.5564516129032258,1.7780017780026653,78,0.4230769230769231,-1.3587324409735149,0.07540356287126371,False,False,False
L total 0-36.5 & X early (<14h),over,326,0.549079754601227,1.772316081989478,5,0.4,-0.44721359549995787,0.07634210313750756,False,False,False
L total on key 41/44/37/47 & X weeks 10-13,home_cover,169,0.4319526627218935,-1.7692307692307696,39,0.5128205128205128,0.16012815380508658,0.07685537135191889,False,False,False
X turf & F home 2 straight covers,home_cover,330,0.45151515151515154,-1.7615420242021762,124,0.49193548387096775,-0.17960530202677474,0.07814670674454183,False,False,False
X rest home - away <= -3 & F home last game went over,fav_cover,156,0.5705128205128205,1.7614096918559579,81,0.4444444444444444,-1.0000000000000004,0.07816908582428361,False,False,False
X weeks 5-9 & F away 2 straight non-covers,home_cover,254,0.4448818897637795,-1.7568762543868444,88,0.5227272727272727,0.4264014327112205,0.07893890387949898,False,False,False
X outdoors & F away revenge (lost to opp earlier this season),fav_cover,273,0.4468864468864469,-1.7551598447395265,80,0.5,0.0,0.0792319702728157,False,False,False
F away last game went over & F away revenge (lost to opp earlier this season),home_cover,173,0.43352601156069365,-1.7486576189203225,52,0.40384615384615385,-1.3867504905630725,0.0803502200254711,False,False,False
F away ATS to date <= 30% (4+ games) & F away 2 straight non-covers,over,207,0.5603864734299517,1.737620117142291,77,0.6103896103896104,1.9373297998138448,0.08227777272211623,False,False,False
L home fav exactly 3 & X grass,home_cover,224,0.4419642857142857,-1.737198072430759,57,0.49122807017543857,-0.1324532357065048,0.08235221505280665,False,False,False
L home fav exactly 3 & X grass,fav_cover,224,0.4419642857142857,-1.737198072430759,57,0.49122807017543857,-0.1324532357065048,0.08235221505280665,False,False,False
X weeks 5-9 & F home 2 straight non-covers,over,243,0.5555555555555556,1.7320508075688779,79,0.3924050632911392,-1.9126494315742408,0.08326451666355039,False,False,False
X night (>=19h) & F away covered last game,home_cover,209,0.5598086124401914,1.7292861596651876,104,0.4807692307692308,-0.39223227027636776,0.08375789245991005,False,False,False
X weeks 5-9,over,1087,0.5262189512419503,1.7288610243690288,349,0.5157593123209169,0.588816500329407,0.08383397116374347,False,False,False
F away lost last game by 21+ & F away last game went over,home_cover,177,0.4350282485875706,-1.7287858644065068,51,0.39215686274509803,-1.540308092430811,0.08384742698840686,False,False,False
X divisional & X grass,home_cover,943,0.471898197242842,-1.725917463918466,276,0.427536231884058,-2.407717061715384,0.08436226240684253,False,False,False
X late afternoon (15-17h) & F away 2 straight covers,fav_cover,211,0.5592417061611374,1.7210709770537855,75,0.44,-1.0392304845413263,0.08523794507593974,False,False,False
X divisional & X weeks 14-16,over,304,0.4506578947368421,-1.7206180040292136,90,0.43333333333333335,-1.2649110640673515,0.08532016423546196,False,False,False
X early (<14h) & F away revenge (lost to opp earlier this season),home_cover,179,0.43575418994413406,-1.719100713329453,58,0.4482758620689655,-0.7878385971583353,0.08559603494641599,False,False,False
X divisional & F home covered last game,home_cover,751,0.46870838881491345,-1.7150543581467428,209,0.4784688995215311,-0.6225430174794673,0.08633526128040692,False,False,False
X early (<14h) & F home last game went over,fav_cover,957,0.4723092998955068,-1.7132466871633747,315,0.45714285714285713,-1.5212776585113303,0.08666716583793743,False,False,False
X weeks 5-9 & X rest home - away <= -3,over,151,0.5695364238410596,1.7089557634194354,64,0.53125,0.5,0.08745914393675536,False,False,False
X weeks 5-9 & F home failed to cover last game,over,521,0.5374280230326296,1.7086210219194635,161,0.4968944099378882,-0.07881104062391021,0.08752117208977483,False,False,False
L away fav & X dome/closed,over,289,0.5501730103806228,1.7058823529411762,91,0.46153846153846156,-0.7337993857053423,0.08802998602019252,False,False,False
L total half-point & R ref prior home cover <= 45% (60+),fav_cover,215,0.4418604651162791,-1.7049858486761835,49,0.5510204081632653,0.7142857142857135,0.08819706372886538,False,False,False
X weeks 5-9 & F home last game went under,home_cover,525,0.46285714285714286,-1.7020995438407407,167,0.5508982035928144,1.315499495308033,0.08873670942607537,False,False,False
X divisional & F away revenge (lost to opp earlier this season),home_cover,354,0.4548022598870056,-1.7007808110487495,113,0.4336283185840708,-1.4110813025753959,0.08898415384687408,False,False,False
X divisional & F away revenge (lost to opp earlier this season),fav_cover,354,0.4548022598870056,-1.7007808110487495,113,0.5398230088495575,0.8466487815452365,0.08898415384687408,False,False,False
F away revenge (lost to opp earlier this season),home_cover,354,0.4548022598870056,-1.7007808110487495,113,0.4336283185840708,-1.4110813025753959,0.08898415384687408,False,False,False
F away revenge (lost to opp earlier this season),fav_cover,354,0.4548022598870056,-1.7007808110487495,113,0.5398230088495575,0.8466487815452365,0.08898415384687408,False,False,False
"X outdoors & X away travels east 2+ h, early game",home_cover,234,0.5555555555555556,1.6996731711975954,80,0.4875,-0.22360679774997919,0.08919241849208626,False,False,False
X dome/closed & F away failed to cover last game,over,425,0.5411764705882353,1.6977493752543293,130,0.5384615384615384,0.8770580193070286,0.08955507441364285,False,False,False
X early (<14h),fav_cover,2169,0.4817888427846934,-1.6962791161888537,675,0.5022222222222222,0.1154700538379259,0.08983303353039807,False,False,False
F home failed to cover last game & F away 2 straight non-covers,over,404,0.5420792079207921,1.691563223356983,135,0.5481481481481482,1.118861855571032,0.09072928358419019,False,False,False
F away covered last game & F away revenge (lost to opp earlier this season),fav_cover,170,0.43529411764705883,-1.6873229754642147,53,0.49056603773584906,-0.13736056394868898,0.09154126548897712,False,False,False
F away ATS to date <= 30% (4+ games) & F away last game went under,home_cover,170,0.43529411764705883,-1.6873229754642147,65,0.47692307692307695,-0.37210420376762493,0.09154126548897712,False,False,False
X outdoors & X temp > 80,home_cover,257,0.4474708171206226,-1.6842137261898737,116,0.45689655172413796,-0.9284766908852587,0.09214037146741805,False,False,False
X temp > 80,home_cover,257,0.4474708171206226,-1.6842137261898737,116,0.45689655172413796,-0.9284766908852587,0.09214037146741805,False,False,False
F home ATS to date <= 30% (4+ games) & F away failed to cover last game,home_cover,187,0.5614973262032086,1.681926575492401,57,0.543859649122807,0.6622661785325222,0.09258307865058679,False,False,False
L total 40-42.5 & F away 2 straight non-covers,home_cover,172,0.436046511627907,-1.6774842736586515,50,0.56,0.8485281374238578,0.09344782215861436,False,False,False
X grass & X early (<14h),home_cover,1198,0.4757929883138564,-1.675712790305265,355,0.4732394366197183,-1.0084152956251238,0.0937944633078518,False,False,False
F home last game went under & F away won last game by 21+,home_cover,189,0.5608465608465608,1.6730038251426074,54,0.42592592592592593,-1.0886621079036347,0.09432654301821719,False,False,False
L total 40-42.5 & F home failed to cover last game,fav_cover,366,0.4562841530054645,-1.6726667951658132,121,0.48760330578512395,-0.27272727272727304,0.09439290946085177,False,False,False
L home fav & X divisional,over,1044,0.47413793103448276,-1.6712580435934665,294,0.4931972789115646,-0.233284737407922,0.09467071984550879,False,False,False
X divisional & F away covered last game,over,725,0.4689655172413793,-1.6712580435934674,221,0.4751131221719457,-0.7399400733959444,0.09467071984550879,False,False,False
F away lost last game by 21+ & F away failed to cover last game,home_cover,303,0.4521452145214521,-1.6660064699021364,87,0.4367816091954023,-1.179323788321574,0.0957121257964142,False,False,False
F away lost last game by 21+,home_cover,303,0.4521452145214521,-1.6660064699021364,87,0.4367816091954023,-1.179323788321574,0.0957121257964142,False,False,False
X turf & F home covered last game,over,764,0.5301047120418848,1.6642215921725692,256,0.51953125,0.625,0.09606815462526797,False,False,False
X turf & F away 2 straight non-covers,over,347,0.5446685878962536,1.664167193994559,105,0.6285714285714286,2.6349301969610393,0.09607902202893404,False,False,False
L |spread| = 2.5,over,208,0.4423076923076923,-1.6641005886756879,118,0.5254237288135594,0.552344770738995,0.09609232945567325,False,False,False
X weeks 14-16 & F away last game went under,over,372,0.45698924731182794,-1.659122711568681,136,0.4338235294117647,-1.5434872662825792,0.0970910675964769,False,False,False
X night (>=19h) & F away failed to cover last game,home_cover,246,0.44715447154471544,-1.6576994539646797,115,0.4782608695652174,-0.46625240412015656,0.09737814410081791,False,False,False
"X early (<14h) & X away travels east 2+ h, early game",home_cover,328,0.5457317073170732,1.6564728911226996,107,0.5233644859813084,0.4833682445228307,0.09762609049353621,False,False,False
"X away travels east 2+ h, early game",home_cover,328,0.5457317073170732,1.6564728911226996,107,0.5233644859813084,0.4833682445228307,0.09762609049353621,False,False,False
X weeks 5-9 & F away ATS to date <= 30% (4+ games),home_cover,210,0.44285714285714284,-1.6561573424216507,67,0.417910447761194,-1.3438638879193576,0.09768995934615665,False,False,False
L home fav & F away ATS to date <= 30% (4+ games),fav_cover,307,0.4527687296416938,-1.6551174220525144,83,0.40963855421686746,-1.6464638998453556,0.09790068152462328,False,False,False
L home fav & F away ATS to date <= 30% (4+ games),home_cover,307,0.4527687296416938,-1.6551174220525144,83,0.40963855421686746,-1.6464638998453556,0.09790068152462328,False,False,False
L total on key 41/44/37/47 & X early (<14h),over,374,0.4572192513368984,-1.6546806079840615,117,0.49572649572649574,-0.09245003270420452,0.09798930270791728,False,False,False
L total 43-45.5 & X turf,fav_cover,399,0.45864661654135336,-1.6520663752618052,132,0.5757575757575758,1.7407765595569793,0.0985210206203988,False,False,False
F home last game went over & F away last game went over,over,916,0.527292576419214,1.6520465011377266,279,0.45878136200716846,-1.3769739822052742,0.09852507169426428,False,False,False
F home ATS to date <= 30% (4+ games) & F away covered last game,over,178,0.5617977528089888,1.6489697157908962,61,0.4426229508196721,-0.8962581595302719,0.0991538391173743,False,False,False
X divisional & X grass,over,957,0.47335423197492166,-1.6485958687798496,282,0.4397163120567376,-2.0246705361964055,0.0992304556559429,False,False,False
X divisional,over,1606,0.4794520547945205,-1.646914924069636,475,0.47157894736842104,-1.238844962901034,0.09957553389386686,False,False,False
X outdoors & F home revenge (lost to opp earlier this season),fav_cover,332,0.5451807228915663,1.6464638998453556,92,0.5217391304347826,0.4170288281141492,0.09966828658375637,False,False,False
L home fav 3.5-6.5 & X divisional,over,332,0.45481927710843373,-1.6464638998453556,113,0.5132743362831859,0.28221626051507964,0.09966828658375637,False,False,False
X rest home - away <= -3 & F home failed to cover last game,fav_cover,163,0.5644171779141104,1.6448469449747094,82,0.43902439024390244,-1.1043152607484654,0.10000137830747913,False,False,False
X weeks 14-16 & F home 2 straight non-covers,fav_cover,180,0.4388888888888889,-1.6397831834998458,53,0.5283018867924528,0.41208169184606697,0.10105025592540984,False,False,False
F home failed to cover last game & F away failed to cover last game,fav_cover,858,0.47202797202797203,-1.638692980797405,282,0.46099290780141844,-1.31008093518591,0.10127721663327582,False,False,False
X grass & F away last game went under,home_cover,1049,0.4747378455672069,-1.6363949309002603,348,0.46839080459770116,-1.179323788321574,0.10175695941322571,False,False,False
X outdoors & F away revenge (lost to opp earlier this season),home_cover,273,0.45054945054945056,-1.6341143382057663,80,0.4125,-1.5652475842498532,0.10223484473548794,False,False,False
X divisional & F home ATS to date >= 70% (4+ games),home_cover,150,0.43333333333333335,-1.6329931618554516,32,0.40625,-1.0606601717798212,0.1024704348597496,False,False,False
L total 37-39.5 & X turf,home_cover,254,0.5511811023622047,1.6313850933592127,36,0.5555555555555556,0.666666666666667,0.10280908827093471,False,False,False
F home failed to cover last game & F away ATS to date <= 30% (4+ games),home_cover,182,0.43956043956043955,-1.6307484966544228,59,0.4406779661016949,-0.9113223768657672,0.10294339894358151,False,False,False
X early (<14h) & F away lost last game by 21+,fav_cover,182,0.43956043956043955,-1.6307484966544228,47,0.44680851063829785,-0.729324957489473,0.10294339894358151,False,False,False
L total 43-45.5 & X weeks 10-13,home_cover,199,0.44221105527638194,-1.6304267715191716,81,0.4691358024691358,-0.555555555555556,0.10301133033200749,False,False,False
L total 43-45.5 & F away 2 straight non-covers,home_cover,199,0.44221105527638194,-1.6304267715191716,76,0.4868421052631579,-0.2294157338705615,0.10301133033200749,False,False,False
L home fav & X early (<14h),over,1495,0.4789297658862876,-1.6293708903523973,444,0.49774774774774777,-0.09491579957524893,0.1032345272788151,False,False,False
X dome/closed & F home covered last game,fav_cover,411,0.45985401459854014,-1.6277699581010676,136,0.49264705882352944,-0.1714985851425082,0.10357367284232288,False,False,False
L total 43-45.5 & X early (<14h),home_cover,517,0.46421663442940037,-1.6272581393941081,197,0.5177664974619289,0.4987293499153675,0.10368228443520788,False,False,False
X divisional & X early (<14h),home_cover,835,0.4718562874251497,-1.6265020694840606,246,0.4634146341463415,-1.147638083514008,0.10384289347619302,False,False,False
"X away travels east 2+ h, early game & F away covered last game",home_cover,152,0.5657894736842105,1.622214211307625,45,0.5333333333333333,0.4472135954999578,0.10475748984973077,False,False,False
F home 2 straight covers & F away covered last game,home_cover,390,0.45897435897435895,-1.6203829873338673,126,0.5,0.0,0.10515003209442053,False,False,False
L total 40-42.5 & F home last game went under,fav_cover,415,0.4602409638554217,-1.619906289123593,133,0.5263157894736842,0.6069769786668834,0.10525240867141439,False,False,False
X night (>=19h) & F home failed to cover last game,fav_cover,220,0.5545454545454546,1.6180796699117814,109,0.5045871559633027,0.09578262852211457,0.10564542920187692,False,False,False
L total 46-48.5 & X dome/closed,home_cover,203,0.5566502463054187,1.6142835345902713,92,0.5108695652173914,0.2085144140570757,0.10646593989025543,False,False,False
L total 40-42.5 & F home last game went over,home_cover,369,0.45799457994579945,-1.6137955395155963,88,0.4659090909090909,-0.6396021490668318,0.10657178239264042,False,False,False
L home fav exactly 3 & X outdoors,fav_cover,281,0.45195729537366547,-1.6106849629341131,71,0.5211267605633803,0.3560344974581555,0.10724840479246955,False,False,False
L home fav exactly 3 & X outdoors,home_cover,281,0.45195729537366547,-1.6106849629341131,71,0.5211267605633803,0.3560344974581555,0.10724840479246955,False,False,False
F home lost last game by 21+ & F home 2 straight non-covers,home_cover,205,0.5560975609756098,1.6063896802700315,47,0.40425531914893614,-1.3127849234810514,0.1081883168872908,False,False,False
L total 40-42.5 & F home covered last game,home_cover,398,0.45979899497487436,-1.6040150627746739,97,0.5773195876288659,1.5230192477004276,0.10871073243517748,False,False,False
L home fav & X grass,fav_cover,1502,0.4793608521970706,-1.5997669603924334,446,0.4349775784753363,-2.7463795981001957,0.10965029093354106,False,False,False
L home fav & X grass,home_cover,1502,0.4793608521970706,-1.5997669603924334,446,0.4349775784753363,-2.7463795981001957,0.10965029093354106,False,False,False
X divisional & F away last game went over,home_cover,762,0.47112860892388453,-1.5939518232048797,222,0.4144144144144144,-2.550393009813293,0.11094682584143345,False,False,False
"X away travels east 2+ h, early game & F home covered last game",over,158,0.5632911392405063,1.59111456835146,51,0.5490196078431373,0.7001400420140056,0.11158379448906319,False,False,False
L total 37-39.5 & X grass,over,512,0.46484375,-1.590990257669732,59,0.4915254237288136,-0.13018891098082352,0.11161176829829222,False,False,False
X weeks 5-9 & F away ATS to date <= 30% (4+ games),fav_cover,209,0.4449760765550239,-1.590943266891972,67,0.373134328358209,-2.0768805540571886,0.11162234414081285,False,False,False
L home fav & R ref prior over <= 45% (60+ games),home_cover,247,0.5506072874493927,1.5907119074394438,118,0.4322033898305085,-1.472919388637317,0.11167442591257704,False,False,False
L home fav & R ref prior over <= 45% (60+ games),fav_cover,247,0.5506072874493927,1.5907119074394438,118,0.4322033898305085,-1.472919388637317,0.11167442591257704,False,False,False
L total 40-42.5 & X outdoors,fav_cover,671,0.46944858420268254,-1.5827874447884762,193,0.49740932642487046,-0.07198157507486971,0.11346991932278994,False,False,False
L total 0-36.5 & X outdoors,over,489,0.5357873210633947,1.58275471076147,6,0.5,0.0,0.11347738295079113,False,False,False
L total 40-42.5 & X weeks 5-9,over,230,0.5521739130434783,1.5825131361498899,63,0.5238095238095238,0.37796447300922764,0.11353247591183213,False,False,False
L total 46-48.5 & X outdoors,home_cover,360,0.4583333333333333,-1.5811388300841904,212,0.4339622641509434,-1.9230478952816457,0.11384629800665791,False,False,False
L total on key 41/44/37/47 & F home last game went under,home_cover,337,0.456973293768546,-1.579730661038245,93,0.4946236559139785,-0.10369516947304244,0.11416856080905036,False,False,False
X early (<14h) & F away last game went over,fav_cover,1002,0.4750499001996008,-1.5795600590164083,309,0.5048543689320388,0.17066403719657222,0.11420765220552465,False,False,False
L home fav 0.5-2.5 & F away covered last game,home_cover,194,0.5567010309278351,1.5795079489590245,68,0.47058823529411764,-0.48507125007266605,0.11421959469736187,False,False,False
L home fav 0.5-2.5 & F away covered last game,fav_cover,194,0.5567010309278351,1.5795079489590245,68,0.47058823529411764,-0.48507125007266605,0.11421959469736187,False,False,False
F home 2 straight non-covers & F away 2 straight non-covers,fav_cover,194,0.44329896907216493,-1.5795079489590245,65,0.4153846153846154,-1.3643820804812927,0.11421959469736187,False,False,False
L total half-point & X weeks 5-9,home_cover,524,0.46564885496183206,-1.5726673019898683,163,0.48466257668711654,-0.3916302249939792,0.11579587487387699,False,False,False
F home failed to cover last game & F home revenge (lost to opp earlier this season),fav_cover,196,0.5561224489795918,1.5714285714285716,56,0.5178571428571429,0.26726124191242506,0.11608313373865498,False,False,False
L home fav 3.5-6.5 & X weeks 14-16,home_cover,162,0.4382716049382716,-1.5713484026367723,52,0.5192307692307693,0.2773500981126152,0.11610174398054873,False,False,False
L home fav 3.5-6.5 & X weeks 14-16,fav_cover,162,0.4382716049382716,-1.5713484026367723,52,0.5192307692307693,0.2773500981126152,0.11610174398054873,False,False,False
L home fav 0.5-2.5 & F home last game went over,over,179,0.441340782122905,-1.5696136947790658,62,0.5483870967741935,0.7620007620011423,0.11650501053370266,False,False,False
X turf & X early (<14h),fav_cover,977,0.4749232343909928,-1.5676488859699116,323,0.5139318885448917,0.5007733956671933,0.1169630965803099,False,False,False
L home fav & F away last game went under,over,1231,0.4776604386677498,-1.5675942544381558,389,0.5141388174807198,0.5577221392197321,0.11697585384864406,False,False,False
X weeks 5-9 & F away last game went under,home_cover,472,0.4639830508474576,-1.5649768504271504,167,0.49101796407185627,-0.23214696976024146,0.11758833741790631,False,False,False
"X away travels east 2+ h, early game & F home last game went under",over,164,0.5609756097560976,1.5617376188860619,50,0.58,1.1313708498984756,0.11834981273562795,False,False,False
F home failed to cover last game & F home ATS to date <= 30% (4+ games),home_cover,299,0.5451505016722408,1.5614503163088476,94,0.5,0.0,0.11841753782644204,False,False,False
X divisional & X weeks 10-13,over,422,0.46208530805687204,-1.5577356272359537,101,0.45544554455445546,-0.8955334711889898,0.11929593127353555,False,False,False
X grass & X weeks 10-13,over,565,0.4672566371681416,-1.556601699073184,168,0.44642857142857145,-1.3887301496588265,0.11956508016724476,False,False,False
L total 46-48.5 & F away last game went over,fav_cover,301,0.5448504983388704,1.556254127801435,153,0.5294117647058824,0.727606875108999,0.11964767478121141,False,False,False
X dome/closed & F away 2 straight non-covers,home_cover,183,0.4426229508196721,-1.5523646690046031,56,0.44642857142857145,-0.8017837257372727,0.1205749922602295,False,False,False
L total half-point & X weeks 5-9,over,538,0.533457249070632,1.5520702088132166,171,0.5497076023391813,1.3000224919331826,0.12064542533634515,False,False,False
L total 43-45.5 & X weeks 5-9,fav_cover,282,0.45390070921985815,-1.5482774688560759,96,0.4895833333333333,-0.20412414523193187,0.12155550669779869,False,False,False
L total half-point & X weeks 10-13,home_cover,428,0.46261682242990654,-1.546778382473062,125,0.496,-0.08944271909999167,0.12191669468434196,False,False,False
X turf & F away ATS to date >= 70% (4+ games),over,151,0.5629139072847682,1.5461980716652026,48,0.6041666666666666,1.4433756729740639,0.12205673909401793,False,False,False
X outdoors & X weeks 5-9,home_cover,814,0.47297297297297297,-1.5421992019121196,256,0.47265625,-0.875,0.12302519397317058,False,False,False
X divisional & X turf,fav_cover,641,0.46957878315132606,-1.5404073857900598,190,0.5263157894736842,0.7254762501100109,0.12346108221629026,False,False,False
F home ATS to date <= 30% (4+ games) & F home last game went under,over,187,0.5561497326203209,1.5356720906669743,63,0.3968253968253968,-1.6378460497066516,0.12461882340737951,False,False,False
F home last game went under & F away revenge (lost to opp earlier this season),home_cover,187,0.44385026737967914,-1.5356720906669743,64,0.484375,-0.25,0.12461882340737951,False,False,False
L |spread| = 3.5 & F away failed to cover last game,over,170,0.4411764705882353,-1.533929977694741,60,0.5,0.0,0.12504688013110044,False,False,False
X night (>=19h) & F home last game went over,fav_cover,225,0.5511111111111111,1.5333333333333332,110,0.4909090909090909,-0.19069251784911853,0.12519374558181373,False,False,False
L away fav & F home 2 straight covers,over,225,0.5511111111111111,1.5333333333333332,66,0.5454545454545454,0.7385489458759957,0.12519374558181373,False,False,False
X weeks 5-9 & F away ATS to date >= 70% (4+ games),home_cover,206,0.5533980582524272,1.532812631441558,62,0.5967741935483871,1.5240015240022864,0.12532202745425636,False,False,False
X outdoors & X early (<14h),over,1589,0.4808055380742605,-1.5302693733262192,515,0.5009708737864078,0.04406526492392517,0.1259500658784498,False,False,False
L away fav & X turf,over,494,0.5344129554655871,1.5297323202638837,158,0.47468354430379744,-0.6364458273405846,0.1260830000785942,False,False,False
F home covered last game & F away last game went over,home_cover,906,0.4746136865342163,-1.5282476366257207,267,0.5205992509363296,0.6731890674983166,0.1264510654578468,False,False,False
X divisional & F home last game went under,home_cover,758,0.47229551451187335,-1.525508695813511,231,0.5021645021645021,0.06579516949597636,0.12713226628021634,False,False,False
L home fav 10+ & X turf,fav_cover,208,0.44711538461538464,-1.5254255396193794,59,0.576271186440678,1.1717001988274152,0.12715299260001434,False,False,False
X outdoors & X home off bye,over,208,0.44711538461538464,-1.5254255396193794,56,0.5892857142857143,1.336306209562122,0.12715299260001434,False,False,False
L home fav 10+ & X turf,home_cover,208,0.44711538461538464,-1.5254255396193794,59,0.576271186440678,1.1717001988274152,0.12715299260001434,False,False,False
L total 43-45.5 & X dome/closed,home_cover,248,0.45161290322580644,-1.5240015240022864,66,0.45454545454545453,-0.7385489458759966,0.12750833049058263,False,False,False
L total 40-42.5 & F home last game went over,fav_cover,365,0.4602739726027397,-1.5179293755116199,88,0.4431818181818182,-1.0660035817780522,0.12903220362721113,False,False,False
F home lost last game by 21+ & F home last game went under,home_cover,157,0.4394904458598726,-1.5163650804884818,48,0.4583333333333333,-0.5773502691896261,0.12942706370211798,False,False,False
F away ATS to date >= 70% (4+ games) & F away last game went under,home_cover,174,0.5574712643678161,1.516196087157808,58,0.5689655172413793,1.050451462877781,0.12946977717929298,False,False,False
X weeks 14-16 & F home failed to cover last game,over,367,0.4604904632152589,-1.5137876778184527,121,0.4214876033057851,-1.7272727272727275,0.13007969885094295,False,False,False
X dome/closed & F away 2 straight non-covers,over,193,0.5544041450777202,1.5116130765722577,57,0.631578947368421,1.986798535597565,0.13063232309113526,False,False,False
X divisional,fav_cover,1578,0.48098859315589354,-1.5104200810677721,466,0.4957081545064378,-0.18529642184483075,0.13093626780621048,False,False,False
L away fav & F away 2 straight covers,over,344,0.5406976744186046,1.5096588248481364,126,0.4365079365079365,-1.4253932901995967,0.13113050286965122,False,False,False
L |spread| = 2.5 & X outdoors,over,159,0.44025157232704404,-1.5067980128644733,81,0.48148148148148145,-0.3333333333333338,0.13186243908614426,False,False,False
"X outdoors & X away travels east 2+ h, early game",over,233,0.5493562231759657,1.5067800987849622,82,0.5609756097560976,1.1043152607484663,0.1318670323414357,False,False,False
L total half-point & F home lost last game by 21+,fav_cover,195,0.4461538461538462,-1.5038412354828086,38,0.39473684210526316,-1.2977713690461001,0.1326222508738666,False,False,False
F home last game went under & F away failed to cover last game,fav_cover,897,0.47491638795986624,-1.5025062674118992,292,0.5068493150684932,0.23408229439226208,0.1329664105522388,False,False,False
L total 46-48.5,fav_cover,576,0.53125,1.5,309,0.48220064724919093,-0.6257681363874321,0.13361440253771617,False,False,False
X weeks 2-4 & F home failed to cover last game,fav_cover,325,0.4584615384615385,-1.4976905298081182,119,0.46218487394957986,-0.8250286473253896,0.13421367345792845,False,False,False
L total half-point & F home revenge (lost to opp earlier this season),over,216,0.44907407407407407,-1.4969103983674978,57,0.5087719298245614,0.1324532357065048,0.13441657417036024,False,False,False
X turf & X night (>=19h),over,216,0.5509259259259259,1.4969103983674978,104,0.4807692307692308,-0.39223227027636776,0.13441657417036024,False,False,False
F home 2 straight covers & F home last game went over,home_cover,402,0.4626865671641791,-1.4962640041614492,113,0.4690265486725664,-0.6585046078685179,0.1345848713910769,False,False,False
J away spread juiced,over,258,0.5465116279069767,1.494174735275256,131,0.48091603053435117,-0.43685202833051845,0.13512995427235874,False,False,False
F home ATS to date <= 30% (4+ games),home_cover,377,0.5384615384615384,1.4935759876113528,120,0.48333333333333334,-0.36514837167011066,0.13528647948733852,False,False,False
L home fav 3.5-6.5 & F home 2 straight covers,over,180,0.4444444444444444,-1.4907119849998605,66,0.5151515151515151,0.24618298195866523,0.13603712811414348,False,False,False
X dome/closed & X weeks 10-13,home_cover,218,0.44954128440366975,-1.490028015252911,72,0.5,0.0,0.13621686984456782,False,False,False
L home fav 3.5-6.5 & X divisional,home_cover,331,0.459214501510574,-1.4840542168091442,114,0.43859649122807015,-1.311220136214372,0.13779453781459394,False,False,False
L home fav 3.5-6.5 & X divisional,fav_cover,331,0.459214501510574,-1.4840542168091442,114,0.43859649122807015,-1.311220136214372,0.13779453781459394,False,False,False
L total 43-45.5,home_cover,921,0.4755700325732899,-1.482800414217608,357,0.4789915966386555,-0.7938841860374439,0.13812744599304505,False,False,False
X outdoors & X weeks 17-18,home_cover,182,0.554945054945055,1.4824986333222032,58,0.39655172413793105,-1.5756771943166705,0.13820766697402553,False,False,False
X early (<14h) & F away lost last game by 21+,home_cover,182,0.44505494505494503,-1.4824986333222032,49,0.46938775510204084,-0.42857142857142827,0.13820766697402553,False,False,False
L home fav & X temp > 80,over,165,0.44242424242424244,-1.4791479939068932,73,0.5753424657534246,1.2874526191574358,0.13910076544006422,False,False,False
L total 40-42.5,home_cover,847,0.47461629279811096,-1.4774974853997076,242,0.5165289256198347,0.5142594772265783,0.13954233184938114,False,False,False
L total 46-48.5 & F home last game went under,fav_cover,243,0.5473251028806584,1.4754506879290419,140,0.5,0.0,0.1400914165055056,False,False,False
X divisional & F away 2 straight covers,home_cover,335,0.4597014925373134,-1.4751675847120143,99,0.42424242424242425,-1.5075567228888178,0.14016749393897632,False,False,False
F home revenge (lost to opp earlier this season) & F away covered last game,home_cover,224,0.45089285714285715,-1.4699368305183338,67,0.43283582089552236,-1.0995249992067475,0.14157886335524394,False,False,False
L away fav 3.5-6.5 & X divisional,home_cover,186,0.44623655913978494,-1.466471150213533,58,0.46551724137931033,-0.5252257314388905,0.14251997518652582,False,False,False
L away fav 3.5-6.5 & X divisional,fav_cover,186,0.553763440860215,1.4664711502135315,58,0.5344827586206896,0.5252257314388896,0.14251997518652626,False,False,False
F home lost last game by 21+ & F away last game went under,over,186,0.553763440860215,1.4664711502135315,52,0.38461538461538464,-1.664100588675687,0.14251997518652626,False,False,False
L total 40-42.5 & X outdoors,home_cover,674,0.47181008902077154,-1.4637053099655548,194,0.520618556701031,0.5743665268941915,0.1432744840357718,False,False,False
X turf & F home ATS to date >= 70% (4+ games),home_cover,169,0.4437869822485207,-1.4615384615384617,58,0.4482758620689655,-0.7878385971583353,0.14386772848161522,False,False,False
X turf & F home ATS to date >= 70% (4+ games),over,169,0.5562130177514792,1.4615384615384603,60,0.5,0.0,0.14386772848161544,False,False,False
L total 37-39.5 & F home 2 straight covers,over,152,0.4407894736842105,-1.4599927901768632,13,0.46153846153846156,-0.27735009811261435,0.14429205544010504,False,False,False
X turf & X weeks 5-9,over,451,0.5343680709534369,1.4597329889788366,144,0.5833333333333334,2.000000000000001,0.14436347169749197,False,False,False
X week 1,over,249,0.4538152610441767,-1.4575657762062997,79,0.5189873417721519,0.33752637027780696,0.14496026870920242,False,False,False
L total 43-45.5 & X early (<14h),fav_cover,513,0.4678362573099415,-1.4569855927715494,196,0.5051020408163265,0.14285714285714146,0.1451203572069366,False,False,False
X early (<14h),home_cover,2184,0.48443223443223443,-1.455065674537104,679,0.49779086892488955,-0.11512943346800004,0.1456510808153857,False,False,False
L home fav 3.5-6.5 & F home last game went over,over,399,0.46365914786967416,-1.4518159055331017,127,0.4409448818897638,-1.3310347641241709,0.14655280011055494,False,False,False
L home fav 0.5-2.5 & F home last game went under,over,190,0.5526315789473685,1.450952500220025,69,0.5362318840579711,0.6019292654288468,0.14679308730857055,False,False,False
L total 46-48.5 & X weeks 5-9,home_cover,154,0.44155844155844154,-1.4504813352456851,78,0.46153846153846156,-0.679366220486757,0.14692434036214808,False,False,False
X weeks 14-16 & F away last game went over,fav_cover,347,0.4610951008645533,-1.449435943156552,99,0.5454545454545454,0.90453403373329,0.14721587708267636,False,False,False
L home fav & X weeks 5-9,fav_cover,725,0.4731034482758621,-1.4484236377810034,215,0.4744186046511628,-0.7501937734175202,0.14749860796073433,False,False,False
L home fav & X weeks 5-9,home_cover,725,0.4731034482758621,-1.4484236377810034,215,0.4744186046511628,-0.7501937734175202,0.14749860796073433,False,False,False
L away fav & F home last game went over,over,585,0.5299145299145299,1.4470719035407658,208,0.4807692307692308,-0.5547001962252287,0.14787678619226452,False,False,False
X grass & F home last game went under,fav_cover,1102,0.4782214156079855,-1.4459405595090673,339,0.49557522123893805,-0.1629376339780708,0.14819387445935384,False,False,False
L home fav & X rest home - away >= 3,over,232,0.4525862068965517,-1.4443707614569485,88,0.6136363636363636,2.1320071635561044,0.1486347107477728,False,False,False
X weeks 5-9 & F home last game went under,over,525,0.5314285714285715,1.4402380755575517,174,0.5287356321839081,0.758098043578904,0.14980005429362997,False,False,False
X grass & F home last game went under,home_cover,1112,0.4784172661870504,-1.4394243453697597,340,0.4676470588235294,-1.1931175180026088,0.1500303307487889,False,False,False
X night (>=19h) & F away last game went under,fav_cover,213,0.5492957746478874,1.4388962906378178,119,0.46218487394957986,-0.8250286473253896,0.15017990865765918,False,False,False
X rest home - away <= -3 & F away covered last game,over,175,0.5542857142857143,1.4362649974350632,84,0.4642857142857143,-0.6546536707079769,0.15092695006671653,False,False,False
L home fav & X dome/closed,home_cover,595,0.47058823529411764,-1.4348601079588787,202,0.49504950495049505,-0.1407195089460585,0.15132696533907675,False,False,False
L home fav & X dome/closed,fav_cover,595,0.47058823529411764,-1.4348601079588787,202,0.49504950495049505,-0.1407195089460585,0.15132696533907675,False,False,False
L total 37-39.5 & X outdoors,over,665,0.47218045112781953,-1.4347984585095412,80,0.525,0.44721359549995837,0.15134453731593256,False,False,False
X late afternoon (15-17h) & X weeks 5-9,over,280,0.5428571428571428,1.434274331201271,77,0.5194805194805194,0.341881729378913,0.15149399240422046,False,False,False
X early (<14h) & F home lost last game by 21+,home_cover,215,0.5488372093023256,1.432188112887995,56,0.4642857142857143,-0.5345224838248485,0.15208999275587942,False,False,False
X weeks 10-13 & F home last game went under,home_cover,500,0.468,-1.431083505599864,153,0.45751633986928103,-1.0509877084907766,0.1524062839567497,False,False,False
X weeks 5-9,home_cover,1083,0.47830101569713757,-1.4281822448374963,338,0.4911242603550296,-0.3263569759322523,0.15323940971548833,False,False,False
L total half-point & F home covered last game,home_cover,872,0.47591743119266056,-1.422299469105052,251,0.4820717131474104,-0.5680749627880224,0.1549393329572466,False,False,False
X divisional & F away covered last game,home_cover,714,0.4733893557422969,-1.4221142582737283,216,0.4583333333333333,-1.2247448713915896,0.15499308422604208,False,False,False
F away ATS to date <= 30% (4+ games) & F away last game went over,over,198,0.5505050505050505,1.4213381090374024,53,0.4528301886792453,-0.6868028197434449,0.155218489684684,False,False,False
L total on key 41/44/37/47 & X divisional,fav_cover,286,0.458041958041958,-1.419149750373799,72,0.4583333333333333,-0.7071067811865478,0.15585536220695118,False,False,False
L total 43-45.5 & X weeks 5-9,over,286,0.541958041958042,1.419149750373799,100,0.56,1.200000000000001,0.15585536220695118,False,False,False
X away travels west 2+ h & F away last game went under,over,200,0.55,1.4142135623730963,62,0.5483870967741935,0.7620007620011423,0.15729920705028477,False,False,False
L away fav & X dome/closed,fav_cover,288,0.4583333333333333,-1.4142135623730956,91,0.4725274725274725,-0.5241424183609594,0.157299207050285,False,False,False
X weeks 5-9 & F home 2 straight non-covers,fav_cover,242,0.5454545454545454,1.4142135623730936,76,0.47368421052631576,-0.458831467741124,0.15729920705028544,False,False,False
L away fav & X dome/closed,home_cover,288,0.5416666666666666,1.4142135623730938,91,0.5274725274725275,0.5241424183609594,0.15729920705028544,False,False,False
L home fav & X grass,over,1521,0.4819197896120973,-1.4102564102564104,456,0.4934210526315789,-0.28097574347450904,0.15846398453900923,False,False,False
L away fav 0.5-2.5,over,315,0.5396825396825397,1.4085904245475265,139,0.5107913669064749,0.2544566789039923,0.1589563118794035,False,False,False
X night (>=19h) & F away failed to cover last game,fav_cover,244,0.5450819672131147,1.4084056792618556,115,0.48695652173913045,-0.2797514424720937,0.15901097850073231,False,False,False
L home fav,home_cover,2624,0.48628048780487804,-1.4055638569974558,790,0.4708860759493671,-1.6366065540190855,0.1598536748376269,False,False,False
L home fav,fav_cover,2624,0.48628048780487804,-1.4055638569974558,790,0.4708860759493671,-1.6366065540190855,0.1598536748376269,False,False,False
X weeks 2-4 & F away failed to cover last game,fav_cover,344,0.4622093023255814,-1.4018260516446999,114,0.40350877192982454,-2.0604887854797274,0.16096719697115125,False,False,False
X early (<14h) & X weeks 14-16,over,400,0.465,-1.399999999999999,125,0.456,-0.9838699100999071,0.16151331846754235,False,False,False
F home failed to cover last game & F away revenge (lost to opp earlier this season),fav_cover,166,0.4457831325301205,-1.3970709462713993,59,0.5423728813559322,0.6509445549041194,0.16239223764447974,False,False,False
F home failed to cover last game & F away revenge (lost to opp earlier this season),home_cover,166,0.4457831325301205,-1.3970709462713993,59,0.423728813559322,-1.1717001988274152,0.16239223764447974,False,False,False
X rest home - away <= -3 & F home last game went under,home_cover,185,0.4486486486486487,-1.396907781978234,83,0.43373493975903615,-1.2074068598865937,0.1624413041499997,False,False,False
L total 43-45.5 & X dome/closed,over,250,0.544,1.3914021704740882,67,0.4626865671641791,-0.6108472217815261,0.16410350682578656,False,False,False
L away fav 3.5-6.5 & F home covered last game,over,187,0.5508021390374331,1.3894176058415477,57,0.5087719298245614,0.1324532357065048,0.16470579968994725,False,False,False
L home fav 10+ & F away last game went over,fav_cover,187,0.44919786096256686,-1.3894176058415477,54,0.5185185185185185,0.27216552697590823,0.16470579968994725,False,False,False
L home fav 10+ & F away last game went over,home_cover,187,0.44919786096256686,-1.3894176058415477,54,0.5185185185185185,0.27216552697590823,0.16470579968994725,False,False,False
F home failed to cover last game & F away won last game by 21+,home_cover,168,0.5535714285714286,1.388730149658828,40,0.35,-1.8973665961010278,0.16491482255330125,False,False,False
F home failed to cover last game,fav_cover,1748,0.4834096109839817,-1.3872581323813236,558,0.482078853046595,-0.8466675133346035,0.16536306483783014,False,False,False
L home fav & F away covered last game,over,1102,0.4791288566243194,-1.3856930361961892,347,0.47262247838616717,-1.0199734414805353,0.16584065550931015,False,False,False
X weeks 5-9 & X away off bye,over,151,0.5562913907284768,1.38344037991097,40,0.575,0.9486832980505132,0.16652987633872995,False,False,False
X divisional & X weeks 14-16,fav_cover,302,0.4602649006622517,-1.3810448103562458,90,0.5222222222222223,0.4216370213557845,0.16726518316342465,False,False,False
L total 40-42.5 & F away last game went under,fav_cover,412,0.46601941747572817,-1.3794609894300098,125,0.496,-0.08944271909999167,0.16775266606809947,False,False,False
L total 46-48.5 & X early (<14h),over,304,0.4605263157894737,-1.376494403223371,182,0.5054945054945055,0.1482498633322197,0.16866861888781504,False,False,False
L total 46-48.5 & X weeks 10-13,over,153,0.4444444444444444,-1.374368541872554,71,0.4225352112676056,-1.3054598240132387,0.16932729721206252,False,False,False
X grass & X early (<14h),over,1222,0.48036006546644844,-1.3731109624574958,362,0.49171270718232046,-0.31535299873658124,0.16971785357945723,False,False,False
X grass & F home failed to cover last game,home_cover,1028,0.4785992217898833,-1.3723222954139704,354,0.4378531073446328,-2.3385736151920287,0.1699631279422973,False,False,False
F away 2 straight non-covers & F away last game went over,home_cover,418,0.4665071770334928,-1.3695247665246522,118,0.4661016949152542,-0.7364596943186592,0.1708352985337831,False,False,False
L home fav & M ML likes home less than spread (bottom 20%),fav_cover,308,0.461038961038961,-1.367526917515656,221,0.4841628959276018,-0.4708709557974187,0.1714602060643271,False,False,False
L home fav & M ML likes home less than spread (bottom 20%),home_cover,308,0.461038961038961,-1.367526917515656,221,0.4841628959276018,-0.4708709557974187,0.1714602060643271,False,False,False
X dome/closed & F away last game went under,fav_cover,391,0.46547314578005117,-1.3654486910452681,138,0.4492753623188406,-1.191759143062248,0.17211206911463006,False,False,False
F away failed to cover last game & F away revenge (lost to opp earlier this season),home_cover,174,0.4482758620689655,-1.364576478442026,58,0.5172413793103449,0.26261286571944564,0.17238620178886022,False,False,False
M ML likes home less than spread (bottom 20%),fav_cover,422,0.466824644549763,-1.3630186738314598,247,0.4939271255060729,-0.1908854288927334,0.17287662544804072,False,False,False
X late afternoon (15-17h) & X weeks 10-13,home_cover,239,0.4560669456066946,-1.3583770774416162,67,0.47761194029850745,-0.36650833306891584,0.17434406402158364,False,False,False
F home won last game by 21+ & F away last game went under,fav_cover,157,0.554140127388535,1.3567477035949573,43,0.46511627906976744,-0.4574957109978141,0.17486138937940554,False,False,False
X divisional & X weeks 17-18,fav_cover,157,0.554140127388535,1.3567477035949573,78,0.46153846153846156,-0.679366220486757,0.17486138937940554,False,False,False
L home fav & F home ATS to date <= 30% (4+ games),home_cover,157,0.554140127388535,1.3567477035949573,58,0.4482758620689655,-0.7878385971583353,0.17486138937940554,False,False,False
L |spread| = 3.5 & F home covered last game,over,157,0.445859872611465,-1.3567477035949573,60,0.5166666666666667,0.25819888974716193,0.17486138937940554,False,False,False
L home fav & F home ATS to date <= 30% (4+ games),fav_cover,157,0.554140127388535,1.3567477035949573,58,0.4482758620689655,-0.7878385971583353,0.17486138937940554,False,False,False
F home failed to cover last game & F away last game went under,home_cover,827,0.47642079806529625,-1.356162877720406,272,0.5367647058823529,1.2126781251816643,0.17504735044631903,False,False,False
L away fav & F home last game went under,over,630,0.526984126984127,1.3545924239123135,214,0.4439252336448598,-1.6406062248591922,0.17554744858249904,False,False,False
X turf & X night (>=19h),fav_cover,218,0.5458715596330275,1.354570922957191,102,0.5392156862745098,0.7921180343813389,0.17555430277323048,False,False,False
X divisional & F home 2 straight covers,home_cover,341,0.4633431085043988,-1.3538259026847068,96,0.4583333333333333,-0.8164965809277264,0.17579192768402252,False,False,False
R ref prior over >= 55% (60+ games),home_cover,341,0.5366568914956011,1.3538259026847048,130,0.5,0.0,0.17579192768402319,False,False,False
L home fav & X away travels west 2+ h,over,289,0.5397923875432526,1.35294117647059,97,0.5051546391752577,0.10153461651336154,0.1760744234058349,False,False,False
X divisional & F away covered last game,fav_cover,710,0.47464788732394364,-1.3510559250734437,216,0.5231481481481481,0.6804138174397715,0.17667751868179105,False,False,False
F away failed to cover last game & F away ATS to date <= 30% (4+ games),over,291,0.5395189003436426,1.348283878049262,97,0.5876288659793815,1.7260884807271528,0.17756709545418037,False,False,False
X turf & X weeks 2-4,over,291,0.5395189003436426,1.348283878049262,93,0.4731182795698925,-0.5184758473652121,0.17756709545418037,False,False,False
L total 40-42.5 & X weeks 14-16,over,159,0.44654088050314467,-1.3481876957208447,50,0.34,-2.2627416997969516,0.1775980210573902,False,False,False
X dome/closed & F away last game went over,over,432,0.5324074074074074,1.3471506281091281,135,0.42962962962962964,-1.6352596350653537,0.17793172526825418,False,False,False
F home covered last game & F home last game went over,home_cover,886,0.47742663656884876,-1.3438262813667916,258,0.4883720930232558,-0.37354368381881486,0.17900456878504278,False,False,False
X weeks 5-9 & F away failed to cover last game,home_cover,533,0.4709193245778612,-1.3427590536550502,172,0.5232558139534884,0.6099942813304198,0.17935000594037986,False,False,False
X rest home - away <= -3 & F away last game went over,fav_cover,180,0.55,1.341640786499875,87,0.5057471264367817,0.10721125348378038,0.17971249487899943,False,False,False
L total 46-48.5 & F home last game went under,home_cover,245,0.45714285714285713,-1.3416407864998743,140,0.4785714285714286,-0.5070925528371095,0.17971249487899965,False,False,False
L home fav exactly 3 & F away last game went over,home_cover,180,0.45,-1.3416407864998734,39,0.6410256410256411,1.7614096918559592,0.17971249487899987,False,False,False
L home fav exactly 3 & F away last game went over,fav_cover,180,0.45,-1.3416407864998734,39,0.6410256410256411,1.7614096918559592,0.17971249487899987,False,False,False
L away fav 0.5-2.5 & X grass,over,205,0.5463414634146342,1.3270175619621998,88,0.5,0.0,0.18450287332043303,False,False,False
F home last game went over & F away ATS to date >= 70% (4+ games),over,184,0.5489130434782609,1.326977605394074,53,0.5660377358490566,0.9615239476408228,0.18451609080341003,False,False,False
L total 43-45.5 & F home last game went over,home_cover,415,0.4674698795180723,-1.3253778729193033,171,0.5087719298245614,0.2294157338705625,0.1850458522059646,False,False,False
L total 40-42.5 & X divisional,fav_cover,328,0.4634146341463415,-1.3251783128981576,102,0.5,0.0,0.185112016614688,False,False,False
L total 40-42.5 & F home 2 straight non-covers,fav_cover,165,0.4484848484848485,-1.323448205074589,47,0.5957446808510638,1.3127849234810507,0.1856863700505329,False,False,False
X outdoors & F away last game went under,over,1373,0.48215586307356156,-1.3223938213675095,455,0.5098901098901099,0.42192650784464436,0.18603704523330467,False,False,False
L total 37-39.5 & F away covered last game,over,330,0.4636363636363636,-1.3211565181516332,48,0.5,0.0,0.18644918121998133,False,False,False
F home ATS to date <= 30% (4+ games) & F home last game went over,home_cover,186,0.5483870967741935,1.3198240351921784,59,0.4915254237288136,-0.13018891098082352,0.18689377489915127,False,False,False
X early (<14h) & F home failed to cover last game,over,971,0.4788877445932029,-1.3157526148016445,323,0.48297213622291024,-0.6120563724821221,0.18825708828546794,False,False,False
X turf & F home last game went over,fav_cover,752,0.47606382978723405,-1.3127849234810507,215,0.48372093023255813,-0.47739603762933164,0.18925543169201786,False,False,False
L total 43-45.5 & F away last game went over,home_cover,489,0.4703476482617587,-1.3114253317737907,160,0.4875,-0.3162277660168382,0.1897141051279858,False,False,False
X dome/closed & F away last game went over,fav_cover,425,0.4682352941176471,-1.309692375196197,132,0.5454545454545454,1.0444659357341861,0.19029992403892404,False,False,False
X turf & F home last game went under,over,756,0.5238095238095238,1.3093073414159557,260,0.5076923076923077,0.24806946917841605,0.19043026382552375,False,False,False
X early (<14h) & X weeks 5-9,fav_cover,598,0.47324414715719065,-1.3085773121752482,187,0.49732620320855614,-0.07312724241271336,0.1906775702728012,False,False,False
L home fav 10+ & X early (<14h),fav_cover,234,0.45726495726495725,-1.3074409009212271,67,0.47761194029850745,-0.36650833306891584,0.19106301404569415,False,False,False
L home fav 10+ & X early (<14h),home_cover,234,0.45726495726495725,-1.3074409009212271,67,0.47761194029850745,-0.36650833306891584,0.19106301404569415,False,False,False
F home last game went over & F away 2 straight non-covers,over,427,0.531615925058548,1.306621579938735,125,0.568,1.5205262246998559,0.1913412638432308,False,False,False
X divisional & F home ATS to date >= 70% (4+ games),fav_cover,150,0.44666666666666666,-1.3063945294843617,32,0.4375,-0.7071067811865475,0.19141842523760721,False,False,False
F away won last game by 21+ & F away last game went under,over,150,0.44666666666666666,-1.3063945294843617,42,0.5238095238095238,0.30860669992418416,0.19141842523760721,False,False,False
L |spread| = 3.5 & F away last game went under,over,150,0.44666666666666666,-1.3063945294843617,60,0.5333333333333333,0.5163977794943222,0.19141842523760721,False,False,False
X dome/closed & X turf,fav_cover,762,0.4763779527559055,-1.304142400803994,246,0.508130081300813,0.2550306852253367,0.19218503435114975,False,False,False
L total 43-45.5 & F home last game went under,fav_cover,429,0.46853146853146854,-1.303572283880222,160,0.5625,1.5811388300841895,0.19237945578482174,False,False,False
X grass & F away ATS to date <= 30% (4+ games),fav_cover,213,0.45539906103286387,-1.3018585486723095,76,0.39473684210526316,-1.835325870964494,0.19296474470395708,False,False,False
X turf & F away failed to cover last game,over,766,0.5234986945169713,1.3007328723538638,224,0.5446428571428571,1.3363062095621205,0.19334990620394654,False,False,False
"X grass & X away travels east 2+ h, early game",home_cover,171,0.5497076023391813,1.3000224919331826,56,0.4642857142857143,-0.5345224838248485,0.1935932604620776,False,False,False
X early (<14h) & F away last game went under,over,997,0.4794383149448345,-1.2984830282000484,329,0.5227963525835866,0.8269767696299555,0.19412140461194305,False,False,False
X divisional & F away ATS to date >= 70% (4+ games),over,152,0.5526315789473685,1.2977713690461015,41,0.5121951219512195,0.1561737618886062,0.19436591080310883,False,False,False
L total 43-45.5 & X turf,home_cover,402,0.46766169154228854,-1.2967621369399236,132,0.5151515151515151,0.3481553119113953,0.19471304213689744,False,False,False
X divisional & X night (>=19h),over,238,0.4579831932773109,-1.2964074471043292,108,0.4537037037037037,-0.9622504486493759,0.1948351477430501,False,False,False
L away fav & X weeks 10-13,fav_cover,315,0.5365079365079365,1.2959031905837246,105,0.5333333333333333,0.683130051063973,0.19500883988922113,False,False,False
L away fav & X weeks 10-13,home_cover,315,0.4634920634920635,-1.2959031905837246,105,0.4666666666666667,-0.683130051063973,0.19500883988922113,False,False,False
X weeks 2-4 & F home last game went over,home_cover,315,0.4634920634920635,-1.2959031905837246,118,0.4576271186440678,-0.9205746178983234,0.19500883988922113,False,False,False
L |spread| = 3.5 & X outdoors,over,263,0.4600760456273764,-1.2949154735542359,106,0.5,0.0,0.19534938999062046,False,False,False
F away ATS to date >= 70% (4+ games) & F away last game went under,fav_cover,173,0.4508670520231214,-1.2924860661584994,58,0.3275862068965517,-2.6261286571944518,0.1961888682747701,False,False,False
L total 37-39.5 & X weeks 5-9,over,194,0.4536082474226804,-1.2923246855119288,26,0.5384615384615384,0.39223227027636776,0.19624472660451087,False,False,False
L home fav 3.5-6.5 & X outdoors,fav_cover,655,0.47480916030534354,-1.2894166975215287,210,0.4380952380952381,-1.7941704542901211,0.19725325954511552,False,False,False
L home fav 3.5-6.5 & X outdoors,home_cover,655,0.47480916030534354,-1.2894166975215287,210,0.4380952380952381,-1.7941704542901211,0.19725325954511552,False,False,False
L home fav & X away off bye,home_cover,154,0.551948051948052,1.289316742440609,52,0.38461538461538464,-1.664100588675687,0.1972879927545188,False,False,False
L home fav & X away off bye,fav_cover,154,0.551948051948052,1.289316742440609,52,0.38461538461538464,-1.664100588675687,0.1972879927545188,False,False,False
L total 46-48.5 & X weeks 5-9,fav_cover,154,0.551948051948052,1.289316742440609,78,0.47435897435897434,-0.45291081365783864,0.1972879927545188,False,False,False
F home ATS to date <= 30% (4+ games),over,377,0.53315649867374,1.2875655065615115,123,0.43089430894308944,-1.5328383789346345,0.19789725299477912,False,False,False
F away failed to cover last game & F away ATS to date <= 30% (4+ games),home_cover,292,0.4623287671232877,-1.2874526191574358,92,0.4891304347826087,-0.2085144140570746,0.19793657403507403,False,False,False
X grass & F away won last game by 21+,over,219,0.45662100456621,-1.283901018959024,50,0.52,0.2828427124746193,0.1991765906901608,False,False,False
X grass & F home ATS to date >= 70% (4+ games),over,219,0.45662100456621,-1.283901018959024,38,0.39473684210526316,-1.2977713690461001,0.1991765906901608,False,False,False
L total 46-48.5 & F away failed to cover last game,home_cover,269,0.5390334572490706,1.2803925977843527,139,0.381294964028777,-2.7990234679439037,0.20040709597656736,False,False,False
L home fav & X rest home - away <= -3,over,221,0.5429864253393665,1.2780783085929925,107,0.4953271028037383,-0.09667364890456638,0.20122181638043557,False,False,False
L home fav 10+ & F home failed to cover last game,fav_cover,177,0.4519774011299435,-1.2777982476048093,47,0.46808510638297873,-0.4375949744936835,0.20132057245559576,False,False,False
L home fav 10+ & F home failed to cover last game,home_cover,177,0.4519774011299435,-1.2777982476048093,47,0.46808510638297873,-0.4375949744936835,0.20132057245559576,False,False,False
L away fav 0.5-2.5 & X outdoors,fav_cover,246,0.540650406504065,1.2751534261266764,103,0.5242718446601942,0.4926646390821464,0.2022549423549438,False,False,False
L away fav 0.5-2.5 & X outdoors,home_cover,246,0.45934959349593496,-1.2751534261266764,103,0.47572815533980584,-0.4926646390821464,0.2022549423549438,False,False,False
X dome/closed & F home covered last game,over,416,0.53125,1.2747548783981961,139,0.5107913669064749,0.2544566789039923,0.20239601597295875,False,False,False
F away 2 straight non-covers & F away last game went over,fav_cover,416,0.46875,-1.2747548783981961,117,0.452991452991453,-1.0169503597462533,0.20239601597295875,False,False,False
L total 46-48.5 & X late afternoon (15-17h),fav_cover,158,0.5506329113924051,1.2728916546811693,70,0.37142857142857144,-2.1514114968019085,0.20305649100913703,False,False,False
X divisional & F home last game went over,fav_cover,714,0.47619047619047616,-1.272418020560705,208,0.5048076923076923,0.1386750490563068,0.20322463464864304,False,False,False
X divisional & F away last game went over,fav_cover,757,0.47688243064729197,-1.2720966373234233,222,0.5180180180180181,0.5369248441712205,0.20333878581505038,False,False,False
X outdoors & F home ATS to date <= 30% (4+ games),home_cover,273,0.5384615384615384,1.2709778186044842,91,0.46153846153846156,-0.7337993857053423,0.20373653988950746,False,False,False
F home covered last game & F away revenge (lost to opp earlier this season),fav_cover,179,0.45251396648044695,-1.2706396576782903,48,0.5416666666666666,0.5773502691896253,0.20385687171282685,False,False,False
X weeks 17-18,fav_cover,248,0.5403225806451613,1.2700012700019039,78,0.46153846153846156,-0.679366220486757,0.20408417776557375,False,False,False
X weeks 10-13,home_cover,947,0.47940865892291445,-1.267329714010002,281,0.4875444839857651,-0.41758499039032604,0.20503742005831782,False,False,False
L home fav 3.5-6.5 & X early (<14h),over,490,0.4714285714285714,-1.264911064067352,169,0.4911242603550296,-0.2307692307692305,0.2059032107320682,False,False,False
X late afternoon (15-17h) & F away failed to cover last game,fav_cover,490,0.4714285714285714,-1.264911064067352,146,0.4246575342465753,-1.82073295492521,0.2059032107320682,False,False,False
L home fav 7.5-9.5 & F home last game went under,over,160,0.45,-1.2649110640673513,43,0.5116279069767442,0.15249857033260494,0.2059032107320684,False,False,False
X divisional & F away 2 straight non-covers,fav_cover,331,0.5347432024169184,1.264194332837419,103,0.4854368932038835,-0.29559878344928786,0.2061602844318262,False,False,False
X weeks 14-16 & F home 2 straight non-covers,home_cover,181,0.5469613259668509,1.263600048620184,54,0.5,0.0,0.20637361614366512,False,False,False
L away fav & F away last game went over,over,642,0.5249221183800623,1.2629392607421737,207,0.42995169082125606,-2.0156393358850555,0.20661100900834128,False,False,False
F home covered last game,home_cover,1834,0.48527808069792805,-1.26093904873462,567,0.4991181657848324,-0.04199605255658213,0.20733080799561932,False,False,False
X weeks 2-4 & F home failed to cover last game,over,333,0.46546546546546547,-1.260392236007739,120,0.49166666666666664,-0.18257418583505594,0.20752790107543984,False,False,False
L away fav & X turf,home_cover,494,0.52834008097166,1.2597795578643751,158,0.5,0.0,0.20774889609584513,False,False,False
L away fav & X turf,fav_cover,494,0.4716599190283401,-1.2597795578643727,158,0.5,0.0,0.20774889609584601,False,False,False
L total 37-39.5,over,773,0.47736093143596375,-1.2588625022148123,95,0.5368421052631579,0.7181848464596079,0.2080799999538261,False,False,False
L total 46-48.5 & X outdoors,over,364,0.46703296703296704,-1.2579418040663017,219,0.5205479452054794,0.6081636405595365,0.2084128036841486,False,False,False
X grass & F away lost last game by 21+,over,183,0.453551912568306,-1.2566761606227737,45,0.4222222222222222,-1.043498389499902,0.2088709239186617,False,False,False
F home last game went under & F away ATS to date <= 30% (4+ games),fav_cover,183,0.453551912568306,-1.2566761606227737,59,0.4406779661016949,-0.9113223768657672,0.2088709239186617,False,False,False
L home fav & F home last game went under,home_cover,1226,0.4820554649265905,-1.2566300515505893,382,0.5104712041884817,0.40931560807732115,0.2088876276120697,False,False,False
L home fav & F home last game went under,fav_cover,1226,0.4820554649265905,-1.2566300515505893,382,0.5104712041884817,0.40931560807732115,0.2088876276120697,False,False,False
F home failed to cover last game & F away last game went under,fav_cover,824,0.47815533980582525,-1.254119425724911,271,0.4797047970479705,-0.6682024131538659,0.20979860061785072,False,False,False
X early (<14h) & F away ATS to date <= 30% (4+ games),home_cover,206,0.4563106796116505,-1.254119425724911,67,0.5373134328358209,0.6108472217815261,0.20979860061785072,False,False,False
L home fav & F away ATS to date >= 70% (4+ games),over,185,0.5459459459459459,1.2498648575594726,44,0.4318181818181818,-0.9045340337332908,0.21134891878987405,False,False,False
F home covered last game & F away ATS to date <= 30% (4+ games),home_cover,185,0.4540540540540541,-1.2498648575594726,55,0.45454545454545453,-0.6741998624632423,0.21134891878987405,False,False,False
X dome/closed & F home failed to cover last game,fav_cover,401,0.4688279301745636,-1.248440423597306,127,0.4881889763779528,-0.2662069528248337,0.2118698131873673,False,False,False
X outdoors & X turf,home_cover,832,0.5216346153846154,1.2480754415067674,238,0.5042016806722689,0.1296407447104324,0.21200343092282514,False,False,False
X early (<14h) & F home ATS to date >= 70% (4+ games),home_cover,208,0.4567307692307692,-1.2480754415067659,56,0.5,0.0,0.2120034309228256,False,False,False
X divisional & X early (<14h),fav_cover,832,0.47836538461538464,-1.2480754415067643,246,0.4959349593495935,-0.12751534261266834,0.21200343092282603,False,False,False
X divisional & F home covered last game,fav_cover,746,0.4772117962466488,-1.2448284440949622,209,0.507177033492823,0.20751433915982187,0.21319481814812358,False,False,False
X night (>=19h),fav_cover,506,0.5276679841897233,1.2447518285282815,248,0.5,0.0,0.21322298815095042,False,False,False
L total 46-48.5 & X grass,fav_cover,285,0.5368421052631579,1.243932643294094,179,0.43575418994413406,-1.719100713329453,0.2135243540361822,False,False,False
X outdoors & X grass,over,2186,0.4867337602927722,-1.240517555715525,706,0.4830028328611898,-0.903251915393979,0.21478402487817583,False,False,False
X early (<14h) & F away 2 straight covers,home_cover,440,0.47045454545454546,-1.23950136601927,139,0.5107913669064749,0.2544566789039923,0.21515988319619161,False,False,False
L away fav 3.5-6.5 & F away failed to cover last game,over,189,0.544973544973545,1.2365680446706242,63,0.4603174603174603,-0.6299407883487124,0.21624748948892236,False,False,False
X weeks 5-9 & F away last game went under,over,477,0.5283018867924528,1.2362450755382008,170,0.5176470588235295,0.4601789933084235,0.21636748025759833,False,False,False
X weeks 2-4 & F home covered last game,over,347,0.5331412103746398,1.2347046923185447,111,0.5315315315315315,0.6644105970267495,0.21694042891718346,False,False,False
X weeks 2-4 & F away last game went under,fav_cover,347,0.4668587896253602,-1.2347046923185447,112,0.42857142857142855,-1.5118578920369095,0.21694042891718346,False,False,False
L home fav & F home 2 straight covers,over,592,0.47466216216216217,-1.2329924047901792,194,0.4793814432989691,-0.5743665268941901,0.2175785978812217,False,False,False
X late afternoon (15-17h) & F home last game went under,over,481,0.5280665280665281,1.2310940319863948,158,0.4810126582278481,-0.47733437050543776,0.21828769738342402,False,False,False
F home last game went under & F home revenge (lost to opp earlier this season),over,214,0.45794392523364486,-1.230454668644394,62,0.46774193548387094,-0.5080005080007624,0.21852689230919897,False,False,False
F home revenge (lost to opp earlier this season) & F away last game went under,fav_cover,214,0.5420560747663551,1.2304546686443925,56,0.48214285714285715,-0.26726124191242423,0.21852689230919964,False,False,False
L away fav 3.5-6.5 & F home last game went under,over,214,0.5420560747663551,1.2304546686443925,74,0.4864864864864865,-0.2324952774876381,0.21852689230919964,False,False,False
L total 40-42.5 & F away last game went under,home_cover,413,0.46973365617433416,-1.2301695782628064,126,0.5396825396825397,0.8908708063747472,0.21863360936000475,False,False,False
L total half-point & F away ATS to date <= 30% (4+ games),fav_cover,191,0.45549738219895286,-1.2300768289971173,56,0.35714285714285715,-2.1380899352993947,0.21866833599195168,False,False,False
L away fav & F home 2 straight non-covers,fav_cover,351,0.4672364672364672,-1.2276491791723352,120,0.5,0.0,0.21957869182577605,False,False,False
L away fav & F home 2 straight non-covers,home_cover,351,0.5327635327635327,1.227649179172333,120,0.5,0.0,0.21957869182577694,False,False,False
F away 2 straight covers & F away last game went over,fav_cover,384,0.53125,1.224744871391589,134,0.6119402985074627,2.59160527674408,0.22067136191984682,False,False,False
L home fav 3.5-6.5 & F away covered last game,over,353,0.46742209631728043,-1.2241664794484044,129,0.4806201550387597,-0.4402254531628114,0.22088943157810448,False,False,False
F home last game went under & F away last game went under,over,917,0.520174482006543,1.2218476453650764,306,0.5098039215686274,0.3429971702850164,0.2217652470402771,False,False,False
L total 40-42.5 & X early (<14h),fav_cover,454,0.4713656387665198,-1.2202404616062232,146,0.5068493150684932,0.16552117772047426,0.22237373256161597,False,False,False
L total 0-36.5 & F home failed to cover last game,over,218,0.5412844036697247,1.2191138306614726,5,0.4,-0.44721359549995787,0.22280099118113483,False,False,False
L home fav 10+ & F away failed to cover last game,fav_cover,243,0.4609053497942387,-1.2188505682892095,71,0.5070422535211268,0.11867816581938517,0.22290091429166115,False,False,False
L home fav 10+ & F away failed to cover last game,home_cover,243,0.4609053497942387,-1.2188505682892095,71,0.5070422535211268,0.11867816581938517,0.22290091429166115,False,False,False
L total on key 41/44/37/47 & X late afternoon (15-17h),over,195,0.5435897435897435,1.2173952858670347,37,0.5675675675675675,0.8219949365267861,0.22345385579904953,False,False,False
F home failed to cover last game & F home last game went under,fav_cover,876,0.4794520547945205,-1.2163272811190764,277,0.51985559566787,0.6609259449387189,0.22386027309070977,False,False,False
X outdoors & X weeks 2-4,fav_cover,530,0.47358490566037736,-1.216242279736594,176,0.4659090909090909,-0.9045340337332916,0.22389264211207793,False,False,False
L home fav 3.5-6.5 & F away last game went under,over,390,0.46923076923076923,-1.2152872405004,135,0.4888888888888889,-0.2581988897471615,0.22425655667185906,False,False,False
L total 40-42.5 & X early (<14h),home_cover,458,0.47161572052401746,-1.2149002151415946,148,0.5067567567567568,0.16439898730535832,0.22440415173796557,False,False,False
L away fav 3.5-6.5 & X outdoors,fav_cover,328,0.5335365853658537,1.214746786823313,124,0.5403225806451613,0.8980265101338737,0.22446268200786745,False,False,False
L away fav 3.5-6.5 & X outdoors,home_cover,328,0.46646341463414637,-1.214746786823311,124,0.4596774193548387,-0.8980265101338749,0.22446268200786834,False,False,False
F home failed to cover last game & F home ATS to date <= 30% (4+ games),over,299,0.5351170568561873,1.2144613571291036,96,0.3645833333333333,-2.65361388801511,0.22457159756392886,False,False,False
X weeks 5-9 & F home covered last game,home_cover,532,0.47368421052631576,-1.2139539573337692,171,0.5146198830409356,0.38235955645093556,0.22476530670841055,False,False,False
L total on key 41/44/37/47 & X dome/closed,over,153,0.5490196078431373,1.212678125181666,37,0.5135135135135135,0.16439898730535696,0.22525290636065254,False,False,False
L away fav 0.5-2.5 & F away covered last game,fav_cover,153,0.5490196078431373,1.212678125181666,67,0.5373134328358209,0.6108472217815261,0.22525290636065254,False,False,False
L away fav 0.5-2.5 & F away covered last game,home_cover,153,0.45098039215686275,-1.2126781251816647,67,0.4626865671641791,-0.6108472217815261,0.22525290636065343,False,False,False
X weeks 10-13 & F away last game went under,over,460,0.4717391304347826,-1.212256250712408,140,0.5071428571428571,0.16903085094570272,0.2254143051271824,False,False,False
X early (<14h) & F home 2 straight covers,home_cover,460,0.4717391304347826,-1.212256250712408,137,0.5109489051094891,0.25630729731502927,0.2254143051271824,False,False,False
L total on key 41/44/37/47 & X weeks 5-9,fav_cover,197,0.45685279187817257,-1.2111998497944645,41,0.4634146341463415,-0.4685212856658179,0.22581882031567568,False,False,False
X divisional & F home failed to cover last game,home_cover,700,0.47714285714285715,-1.209486313629527,219,0.4611872146118721,-1.148753543279127,0.22647606604348614,False,False,False
L home fav & F home failed to cover last game,fav_cover,1096,0.48175182481751827,-1.2082441866603526,320,0.453125,-1.6770509831248424,0.22695334997944983,False,False,False
L home fav & F home failed to cover last game,home_cover,1096,0.48175182481751827,-1.2082441866603526,320,0.453125,-1.6770509831248424,0.22695334997944983,False,False,False
X early (<14h) & F home last game went under,home_cover,1043,0.4813039309683605,-1.2075981883341338,320,0.521875,0.7826237921249256,0.2272018564218925,False,False,False
L home fav & F home last game went over,over,1210,0.4826446280991736,-1.2074151066097432,367,0.4877384196185286,-0.4697961758746931,0.2272723206466427,False,False,False
X early (<14h) & X weeks 14-16,fav_cover,396,0.4696969696969697,-1.2060453783110534,122,0.5573770491803278,1.2675004445952585,0.2277999939882296,False,False,False
L total 37-39.5 & F away 2 straight non-covers,fav_cover,155,0.5483870967741935,1.2048289933537473,23,0.4782608695652174,-0.2085144140570746,0.22826932479275563,False,False,False
X dome/closed & X weeks 2-4,over,155,0.5483870967741935,1.2048289933537473,55,0.43636363636363634,-0.9438798074485392,0.22826932479275563,False,False,False
L away fav 0.5-2.5 & X outdoors,over,249,0.5381526104417671,1.204076075996509,102,0.5,0.0,0.22856017581187693,False,False,False
L home fav & F away lost last game by 21+,fav_cover,249,0.46184738955823296,-1.2040760759965072,69,0.43478260869565216,-1.083472677771923,0.22856017581187738,False,False,False
L home fav & F away lost last game by 21+,home_cover,249,0.46184738955823296,-1.2040760759965072,69,0.43478260869565216,-1.083472677771923,0.22856017581187738,False,False,False
X divisional & F home failed to cover last game,over,708,0.4774011299435028,-1.202633644804527,222,0.45495495495495497,-1.3423121104280482,0.22911812200123327,False,False,False
X outdoors & F home revenge (lost to opp earlier this season),over,336,0.46726190476190477,-1.200198396297958,94,0.5,0.0,0.23006229802639666,False,False,False
F home 2 straight non-covers & F away failed to cover last game,home_cover,400,0.53,1.200000000000001,126,0.5238095238095238,0.5345224838248493,0.230139340443416,False,False,False
X weeks 14-16 & F home 2 straight covers,over,178,0.5449438202247191,1.1992507023933783,52,0.40384615384615385,-1.3867504905630725,0.23043047757805613,False,False,False
L home fav 3.5-6.5 & F home 2 straight covers,fav_cover,178,0.4550561797752809,-1.1992507023933783,66,0.4090909090909091,-1.4770978917519924,0.23043047757805613,False,False,False
L home fav 3.5-6.5 & F home 2 straight covers,home_cover,178,0.4550561797752809,-1.1992507023933783,66,0.4090909090909091,-1.4770978917519924,0.23043047757805613,False,False,False
X dome/closed & F home 2 straight non-covers,over,201,0.5422885572139303,1.1990875469596163,54,0.42592592592592593,-1.0886621079036347,0.2304939057858797,False,False,False
X outdoors & X Monday,over,201,0.5422885572139303,1.1990875469596163,67,0.417910447761194,-1.3438638879193576,0.2304939057858797,False,False,False
F home 2 straight non-covers & F away 2 straight non-covers,over,201,0.5422885572139303,1.1990875469596163,67,0.4925373134328358,-0.12216944435630557,0.2304939057858797,False,False,False
L home fav & F away ATS to date <= 30% (4+ games),over,307,0.5342019543973942,1.1985333056242347,88,0.5681818181818182,1.2792042981336635,0.23070946500040557,False,False,False
L total half-point & F away revenge (lost to opp earlier this season),fav_cover,157,0.45222929936305734,-1.197130326701433,39,0.5897435897435898,1.1208970766356101,0.2312557611406718,False,False,False
L total 40-42.5 & X weeks 2-4,home_cover,157,0.45222929936305734,-1.197130326701433,48,0.5833333333333334,1.1547005383792521,0.2312557611406718,False,False,False
X weeks 5-9 & F away 2 straight non-covers,fav_cover,253,0.4624505928853755,-1.19451976557767,88,0.45454545454545453,-0.852802865422442,0.23227471368990615,False,False,False
X weeks 10-13 & F home failed to cover last game,home_cover,439,0.4715261958997722,-1.1931848997583705,129,0.4806201550387597,-0.4402254531628114,0.23279696715675913,False,False,False
X rest home - away <= -3 & X away off bye,home_cover,203,0.458128078817734,-1.193166090784114,76,0.42105263157894735,-1.376494403223371,0.23280433193453254,False,False,False
X weeks 5-9 & F away last game went over,over,591,0.5245346869712352,1.1929006011951033,176,0.5170454545454546,0.4522670168666465,0.23290830376415395,False,False,False
L away fav 3.5-6.5 & X turf,over,180,0.5444444444444444,1.1925695879998865,51,0.5882352941176471,1.2602520756252091,0.23303798227390593,False,False,False
F home lost last game by 21+ & F home last game went over,home_cover,228,0.5394736842105263,1.1920791213585398,48,0.4375,-0.8660254037844387,0.23323022278218497,False,False,False
L total on key 41/44/37/47 & F away last game went under,home_cover,311,0.4662379421221865,-1.1908007519598593,99,0.5454545454545454,0.90453403373329,0.2337318136344857,False,False,False
X grass & F home covered last game,home_cover,1073,0.48182665424044735,-1.1905968962016937,318,0.4748427672955975,-0.8972354465472706,0.23381187068237708,False,False,False
X divisional & F away 2 straight covers,over,342,0.4678362573099415,-1.1896237549589264,102,0.5196078431372549,0.39605901719067055,0.2341943048792141,False,False,False
L |spread| = 3.5 & F home covered last game,home_cover,159,0.4528301886792453,-1.189577378577216,61,0.5573770491803278,0.8962581595302711,0.23421254136330605,False,False,False
F home won last game by 21+ & F away last game went under,over,159,0.4528301886792453,-1.189577378577216,46,0.45652173913043476,-0.5897678246195889,0.23421254136330605,False,False,False
L total 40-42.5 & X weeks 2-4,over,159,0.5471698113207547,1.189577378577216,47,0.5957446808510638,1.3127849234810507,0.23421254136330605,False,False,False
F home 2 straight covers,home_cover,820,0.4792682926829268,-1.187331502808284,254,0.468503937007874,-1.0039292882210535,0.23509688664529205,False,False,False
F home covered last game & F home 2 straight covers,home_cover,820,0.4792682926829268,-1.187331502808284,254,0.468503937007874,-1.0039292882210535,0.23509688664529205,False,False,False
X grass & F home ATS to date <= 30% (4+ games),over,230,0.5391304347826087,1.1868848521124165,80,0.35,-2.683281572999748,0.23527304310687258,False,False,False
X rest home - away <= -3,fav_cover,344,0.5319767441860465,1.1861605052378206,165,0.4303030303030303,-1.790547571571503,0.23555891992408018,False,False,False
F home last game went under & F away ATS to date <= 30% (4+ games),over,182,0.5439560439560439,1.1859989066577608,63,0.5873015873015873,1.3858697343671669,0.23562273129950562,False,False,False
X turf & F away last game went over,over,775,0.5212903225806451,1.1853949933767116,236,0.4957627118644068,-0.13018891098082352,0.2358613103342686,False,False,False
L total 43-45.5 & X late afternoon (15-17h),over,257,0.5369649805447471,1.1851874369484294,96,0.4583333333333333,-0.8164965809277264,0.23594334601323208,False,False,False
F home last game went under & F away 2 straight non-covers,home_cover,377,0.46949602122015915,-1.1845602660365908,139,0.5035971223021583,0.08481889296799656,0.2361913549354373,False,False,False
L away fav,over,1319,0.5163002274450341,1.1839846115017436,454,0.4669603524229075,-1.4079697633917951,0.23641915441426775,False,False,False
L home fav & X outdoors,over,2007,0.48679621325361233,-1.1830475033222865,592,0.5101351351351351,0.49319696191606954,0.23679032147566392,False,False,False
L total 46-48.5 & F home last game went over,home_cover,286,0.534965034965035,1.1826247919781665,151,0.4370860927152318,-1.5461980716652026,0.2369578824848222,False,False,False
L home fav 7.5-9.5 & F away last game went over,over,161,0.453416149068323,-1.1821656093586503,42,0.4523809523809524,-0.6172133998483676,0.23713999549699505,False,False,False
L home fav 7.5-9.5 & F home last game went under,fav_cover,161,0.453416149068323,-1.1821656093586503,44,0.5909090909090909,1.206045378311055,0.23713999549699505,False,False,False
L home fav 7.5-9.5 & F home last game went under,home_cover,161,0.453416149068323,-1.1821656093586503,44,0.5909090909090909,1.206045378311055,0.23713999549699505,False,False,False
L total 40-42.5 & X weeks 5-9,fav_cover,232,0.46120689655172414,-1.181757895737503,59,0.4406779661016949,-0.9113223768657672,0.23730177865000002,False,False,False
F home revenge (lost to opp earlier this season) & F away failed to cover last game,over,207,0.45893719806763283,-1.1815816796567573,49,0.46938775510204084,-0.42857142857142827,0.23737172635404624,False,False,False
F away ATS to date <= 30% (4+ games) & F away 2 straight non-covers,home_cover,207,0.45893719806763283,-1.1815816796567573,74,0.5135135135135135,0.2324952774876381,0.23737172635404624,False,False,False
X weeks 2-4,fav_cover,691,0.47756874095513746,-1.179295578208228,234,0.4444444444444444,-1.6996731711975954,0.23828049838913712,False,False,False
L total 46-48.5 & F away covered last game,home_cover,261,0.46360153256704983,-1.1760704751213276,142,0.5211267605633803,0.5035088149780128,0.2395667150318368,False,False,False
X rest home - away <= -3,over,350,0.5314285714285715,1.1759494644146689,165,0.4666666666666667,-0.8563488385776751,0.23961507091772738,False,False,False
X early (<14h) & F away covered last game,fav_cover,991,0.48133198789101916,-1.1753437352811231,308,0.5097402597402597,0.341881729378913,0.23985722375871577,False,False,False
L home fav & X weeks 2-4,home_cover,453,0.47240618101545256,-1.1746024643373478,162,0.4444444444444444,-1.4142135623730958,0.2401537969289924,False,False,False
L home fav & X weeks 2-4,fav_cover,453,0.47240618101545256,-1.1746024643373478,162,0.4444444444444444,-1.4142135623730958,0.2401537969289924,False,False,False
X late afternoon (15-17h) & F away last game went over,over,490,0.5265306122448979,1.174560273776826,145,0.47586206896551725,-0.5813183589761796,0.24017068461069502,False,False,False
F home 2 straight non-covers & F away last game went over,over,418,0.5287081339712919,1.173878371306846,130,0.3769230769230769,-2.806585661782494,0.240443746859748,False,False,False
F home ATS to date >= 70% (4+ games) & F away failed to cover last game,fav_cover,186,0.45698924731182794,-1.1731769201708266,39,0.5641025641025641,0.8006407690254356,0.24072486537085203,False,False,False
F home covered last game & F away ATS to date >= 70% (4+ games),fav_cover,186,0.45698924731182794,-1.1731769201708266,59,0.4406779661016949,-0.9113223768657672,0.24072486537085203,False,False,False
L total on key 41/44/37/47 & F home failed to cover last game,fav_cover,321,0.4672897196261682,-1.17210570159049,89,0.43820224719101125,-1.1659976680069957,0.24115462110315722,False,False,False
R ref prior home cover <= 45% (60+),fav_cover,455,0.4725274725274725,-1.172018077346239,113,0.5221238938053098,0.4703604341917994,0.24118979843282595,False,False,False
X outdoors & X weeks 2-4,home_cover,531,0.4745762711864407,-1.1717001988274143,176,0.4772727272727273,-0.6030226891555267,0.24131744318383808,False,False,False
X early (<14h) & F away covered last game,home_cover,1001,0.48151848151848153,-1.1694581512958748,309,0.4886731391585761,-0.3982160867920012,0.24221909256000762,False,False,False
F home lost last game by 21+ & F away failed to cover last game,fav_cover,188,0.4574468085106383,-1.1669199319831567,48,0.3958333333333333,-1.4433756729740648,0.24324270574265672,False,False,False
L away fav & X weeks 2-4,over,238,0.5378151260504201,1.1667667023938952,73,0.3835616438356164,-1.98969950233422,0.24330459733625664,False,False,False
X grass & F away last game went under,over,1064,0.48214285714285715,-1.1649647450214344,357,0.5042016806722689,0.15877683720748836,0.24403326375170686,False,False,False
F home ATS to date >= 70% (4+ games) & F away last game went over,home_cover,213,0.460093896713615,-1.1648208067068044,43,0.4883720930232558,-0.15249857033260494,0.2440915348305308,False,False,False
X outdoors & X early (<14h),home_cover,1562,0.4852752880921895,-1.1639044185492917,503,0.49105367793240556,-0.40129016586093896,0.24446274876553153,False,False,False
X dome/closed & F away covered last game,fav_cover,391,0.47058823529411764,-1.1631599960755996,133,0.46616541353383456,-0.7803989725717086,0.24476459380503335,False,False,False
L total 46-48.5 & X outdoors,fav_cover,358,0.5307262569832403,1.1627361296797198,211,0.46919431279620855,-0.894956908067968,0.24493657804646585,False,False,False
X weeks 14-16 & F home failed to cover last game,fav_cover,358,0.4692737430167598,-1.1627361296797178,116,0.5172413793103449,0.3713906763541045,0.24493657804646674,False,False,False
X weeks 2-4 & F home failed to cover last game,home_cover,327,0.46788990825688076,-1.1613026535795943,120,0.44166666666666665,-1.278019300845388,0.2455188407676685,False,False,False
L away fav 3.5-6.5 & F away failed to cover last game,fav_cover,190,0.5421052631578948,1.1607620001760193,62,0.5161290322580645,0.2540002540003808,0.24573870033984901,False,False,False
L away fav 3.5-6.5 & F away failed to cover last game,home_cover,190,0.45789473684210524,-1.1607620001760193,62,0.4838709677419355,-0.2540002540003808,0.24573870033984901,False,False,False
F home ATS to date >= 70% (4+ games) & F away last game went under,over,167,0.4550898203592814,-1.160734848801206,55,0.41818181818181815,-1.2135597524338362,0.24574974522985027,False,False,False
L total 37-39.5 & F home 2 straight non-covers,home_cover,167,0.5449101796407185,1.1607348488012044,20,0.6,0.8944271909999157,0.24574974522985094,False,False,False
X outdoors & X temp < 32,fav_cover,167,0.5449101796407185,1.1607348488012044,43,0.5116279069767442,0.15249857033260494,0.24574974522985094,False,False,False
X temp < 32,fav_cover,167,0.5449101796407185,1.1607348488012044,43,0.5116279069767442,0.15249857033260494,0.24574974522985094,False,False,False
X outdoors & X rest home - away <= -3,over,269,0.5353159851301115,1.1584504456144138,122,0.47540983606557374,-0.5432144762551118,0.24668026307170576,False,False,False
"X away travels east 2+ h, early game",over,329,0.5319148936170213,1.1577674774819393,109,0.5412844036697247,0.8620436566990357,0.24695893875240404,False,False,False
L total 37-39.5 & X divisional,home_cover,329,0.46808510638297873,-1.1577674774819393,37,0.4594594594594595,-0.49319696191607154,0.24695893875240404,False,False,False
"X early (<14h) & X away travels east 2+ h, early game",over,329,0.5319148936170213,1.1577674774819393,109,0.5412844036697247,0.8620436566990357,0.24695893875240404,False,False,False
X grass & F away revenge (lost to opp earlier this season),home_cover,217,0.4608294930875576,-1.154035196613622,58,0.3275862068965517,-2.6261286571944518,0.24848573934735185,False,False,False
X temp < 32,home_cover,169,0.5443786982248521,1.153846153846154,43,0.46511627906976744,-0.4574957109978141,0.24856324821718223,False,False,False
F home last game went under & F away lost last game by 21+,over,169,0.4556213017751479,-1.153846153846154,41,0.43902439024390244,-0.7808688094430303,0.24856324821718223,False,False,False
X outdoors & X temp < 32,home_cover,169,0.5443786982248521,1.153846153846154,43,0.46511627906976744,-0.4574957109978141,0.24856324821718223,False,False,False
X divisional & X weeks 5-9,fav_cover,364,0.4697802197802198,-1.1531133203941102,102,0.5098039215686274,0.19802950859533416,0.24886387493792217,False,False,False
X dome/closed & X weeks 5-9,fav_cover,244,0.46311475409836067,-1.1523319193960633,73,0.4657534246575342,-0.5852057359806533,0.24918470526149727,False,False,False
X turf & F home 2 straight non-covers,fav_cover,333,0.46846846846846846,-1.1507929111375013,91,0.5274725274725275,0.5241424183609594,0.24981744183594778,False,False,False
L total 46-48.5 & F home covered last game,fav_cover,273,0.5347985347985348,1.1499323120707243,145,0.5172413793103449,0.41522739926870067,0.2501717511585506,False,False,False
X grass & F away won last game by 21+,home_cover,219,0.5388127853881278,1.1487535432791252,50,0.44,-0.848528137423857,0.25065762055637686,False,False,False
X grass & X weeks 10-13,home_cover,555,0.4756756756756757,-1.1460861719406228,164,0.4695121951219512,-0.7808688094430309,0.2517594986110616,False,False,False
L away fav 3.5-6.5 & F away last game went over,fav_cover,221,0.5384615384615384,1.1435437497937304,59,0.6440677966101694,2.213211486674005,0.2528129010164082,False,False,False
L away fav 3.5-6.5 & F away last game went over,home_cover,221,0.46153846153846156,-1.1435437497937304,59,0.3559322033898305,-2.213211486674006,0.2528129010164082,False,False,False
X night (>=19h) & F home failed to cover last game,over,221,0.5384615384615384,1.1435437497937304,113,0.4424778761061947,-1.2229371288986761,0.2528129010164082,False,False,False
X rest home - away >= 3 & F away last game went under,fav_cover,150,0.4533333333333333,-1.143095213298817,65,0.47692307692307695,-0.37210420376762493,0.252999061474684,False,False,False
X turf & F away won last game by 21+,over,150,0.5466666666666666,1.1430952132988155,48,0.4583333333333333,-0.5773502691896261,0.25299906147468487,False,False,False
L total on key 41/44/37/47 & X late afternoon (15-17h),fav_cover,196,0.45918367346938777,-1.1428571428571426,36,0.4722222222222222,-0.3333333333333335,0.2530979089471157,False,False,False
X divisional & F home 2 straight covers,fav_cover,339,0.4690265486725664,-1.1405634378464935,96,0.5104166666666666,0.2041241452319308,0.25405163952463816,False,False,False
F away last game went over & F away revenge (lost to opp earlier this season),fav_cover,173,0.45664739884393063,-1.1404288819045585,52,0.5576923076923077,0.8320502943378439,0.25410766592081435,False,False,False
L home fav 7.5-9.5 & F home last game went over,home_cover,173,0.5433526011560693,1.140428881904557,40,0.35,-1.8973665961010278,0.25410766592081524,False,False,False
L home fav 7.5-9.5 & F home last game went over,fav_cover,173,0.5433526011560693,1.140428881904557,40,0.35,-1.8973665961010278,0.25410766592081524,False,False,False
X early (<14h) & X weeks 2-4,fav_cover,374,0.47058823529411764,-1.1375929179890425,130,0.43846153846153846,-1.403292830891247,0.25529050519961505,False,False,False
X away travels west 2+ h & F away last game went under,home_cover,198,0.4595959595959596,-1.1370704872299218,61,0.39344262295081966,-1.6644794391276478,0.25550882029402877,False,False,False
X weeks 5-9 & X rest home - away >= 3,over,152,0.45394736842105265,-1.1355499479153373,51,0.5686274509803921,0.9801960588196066,0.2561449666035269,False,False,False
L home fav exactly 3 & F away covered last game,fav_cover,152,0.45394736842105265,-1.1355499479153373,45,0.5555555555555556,0.7453559924999302,0.2561449666035269,False,False,False
L home fav exactly 3 & F away covered last game,home_cover,152,0.45394736842105265,-1.1355499479153373,45,0.5555555555555556,0.7453559924999302,0.2561449666035269,False,False,False
L away fav & F away last game went under,over,567,0.5238095238095238,1.133893419027683,213,0.49765258215962443,-0.06851887098275253,0.2568392579578562,False,False,False
X divisional & F home 2 straight covers,over,343,0.46938775510204084,-1.1338934190276808,98,0.5204081632653061,0.40406101782088477,0.2568392579578571,False,False,False
X grass & X temp > 80,over,225,0.4622222222222222,-1.133333333333334,109,0.5504587155963303,1.0536089137432672,0.25707429868482956,False,False,False
L home fav & X weeks 14-16,over,487,0.47433264887063653,-1.13285813607361,145,0.4206896551724138,-1.910046036636019,0.25727383289067074,False,False,False
F home last game went under & F away last game went under,home_cover,902,0.4811529933481153,-1.1320761689604464,301,0.5249169435215947,0.8645856265563523,0.2576024129150487,False,False,False
X turf & X weeks 5-9,fav_cover,450,0.47333333333333333,-1.1313708498984762,139,0.5251798561151079,0.5937322507759786,0.2578990352923394,False,False,False
X divisional & F away last game went under,home_cover,706,0.47875354107648727,-1.1290648942424715,218,0.5275229357798165,0.8127425537743139,0.2588704592187403,False,False,False
X outdoors & X night (>=19h),fav_cover,380,0.5289473684210526,1.1285761872936686,182,0.5,0.0,0.2590766607023549,False,False,False
L total half-point & X rest home - away >= 3,home_cover,154,0.45454545454545453,-1.128152149635533,51,0.49019607843137253,-0.14002800840280127,0.2592556682675684,False,False,False
X grass & X Monday,home_cover,154,0.45454545454545453,-1.128152149635533,52,0.4423076923076923,-0.8320502943378439,0.2592556682675684,False,False,False
X grass & X week 1,fav_cover,154,0.45454545454545453,-1.128152149635533,45,0.5555555555555556,0.7453559924999302,0.2592556682675684,False,False,False
"L total half-point & X away travels east 2+ h, early game",over,154,0.5454545454545454,1.1281521496355313,42,0.5,0.0,0.2592556682675693,False,False,False
L total 46-48.5 & X weeks 5-9,over,154,0.5454545454545454,1.1281521496355313,81,0.5061728395061729,0.1111111111111116,0.2592556682675693,False,False,False
X outdoors & F home covered last game,home_cover,1388,0.48487031700288186,-1.1273390668995389,423,0.49645390070921985,-0.14586499149789478,0.2595991508647044,False,False,False
L |spread| = 3.5 & X early (<14h),over,202,0.4603960396039604,-1.1257560715684665,75,0.5333333333333333,0.5773502691896256,0.26026878270752896,False,False,False
F away ATS to date >= 70% (4+ games),home_cover,382,0.5287958115183246,1.12561792221263,110,0.5272727272727272,0.5720775535473545,0.2603272787106192,False,False,False
X divisional & F home last game went under,over,759,0.4795783926218709,-1.1252287133929715,232,0.47413793103448276,-0.7878385971583353,0.2604921286889317,False,False,False
J away spread juiced,home_cover,256,0.46484375,-1.125,127,0.5590551181102362,1.3310347641241709,0.2605890342736177,False,False,False
X weeks 2-4 & F away last game went under,home_cover,349,0.4699140401146132,-1.1241042279015974,113,0.5486725663716814,1.0347929552219564,0.2609688119251299,False,False,False
L total half-point & F away 2 straight non-covers,home_cover,384,0.4713541666666667,-1.1226827987756225,113,0.5132743362831859,0.28221626051507964,0.26157223601394985,False,False,False
X divisional & X late afternoon (15-17h),fav_cover,384,0.4713541666666667,-1.1226827987756225,115,0.4782608695652174,-0.46625240412015656,0.26157223601394985,False,False,False
X divisional & F home last game went over,home_cover,716,0.4790502793296089,-1.1211526391279047,208,0.42788461538461536,-2.08012573584461,0.2622228954348953,False,False,False
F home covered last game & F away revenge (lost to opp earlier this season),home_cover,179,0.4581005586592179,-1.1211526391279034,48,0.5,0.0,0.26222289543489596,False,False,False
L total 43-45.5 & F away 2 straight covers,fav_cover,179,0.4581005586592179,-1.1211526391279034,87,0.5632183908045977,1.179323788321574,0.26222289543489596,False,False,False
L |spread| = 3.5 & F home last game went over,over,156,0.4551282051282051,-1.1208970766356101,58,0.39655172413793105,-1.5756771943166705,0.2623316754083571,False,False,False
F home ATS to date >= 70% (4+ games) & F home last game went over,home_cover,204,0.46078431372549017,-1.1202240672224086,43,0.4186046511627907,-1.0674899923282324,0.2626182904425203,False,False,False
L home fav & R ref prior home cover >= 55% (60+),home_cover,204,0.5392156862745098,1.120224067222407,89,0.449438202247191,-0.9539980920057242,0.26261829044252094,False,False,False
L home fav & R ref prior home cover >= 55% (60+),fav_cover,204,0.5392156862745098,1.120224067222407,89,0.449438202247191,-0.9539980920057242,0.26261829044252094,False,False,False
X grass & F away covered last game,home_cover,1042,0.48272552783109407,-1.1152407794558203,320,0.475,-0.8944271909999167,0.2647472553177814,False,False,False
L home fav 0.5-2.5 & F home failed to cover last game,fav_cover,181,0.5414364640883977,1.114941219370748,60,0.4666666666666667,-0.5163977794943222,0.26487561157985295,False,False,False
L home fav 0.5-2.5 & F home failed to cover last game,home_cover,181,0.5414364640883977,1.114941219370748,60,0.4666666666666667,-0.5163977794943222,0.26487561157985295,False,False,False
X early (<14h) & F home ATS to date >= 70% (4+ games),fav_cover,206,0.46116504854368934,-1.1147728228665876,56,0.5178571428571429,0.26726124191242506,0.2649477853655746,False,False,False
L home fav 3.5-6.5 & F away covered last game,home_cover,355,0.4704225352112676,-1.1145642741119786,130,0.46153846153846156,-0.8770580193070286,0.265037186959419,False,False,False
L home fav 3.5-6.5 & F away covered last game,fav_cover,355,0.4704225352112676,-1.1145642741119786,130,0.46153846153846156,-0.8770580193070286,0.265037186959419,False,False,False
X outdoors & F home last game went under,fav_cover,1422,0.48523206751054854,-1.1137801978460211,444,0.5225225225225225,0.9491579957524987,0.265373494170678,False,False,False
L total 40-42.5 & X weeks 5-9,home_cover,235,0.46382978723404256,-1.1089577241908515,60,0.5166666666666667,0.25819888974716193,0.2674484199713578,False,False,False
X dome/closed & F away 2 straight non-covers,fav_cover,183,0.45901639344262296,-1.108831906431859,56,0.4642857142857143,-0.5345224838248485,0.26750270341605376,False,False,False
L total half-point & R ref prior over >= 55% (60+ games),fav_cover,183,0.45901639344262296,-1.108831906431859,47,0.48936170212765956,-0.14586499149789475,0.26750270341605376,False,False,False
X weeks 14-16 & F home failed to cover last game,home_cover,359,0.5292479108635098,1.1083376093354451,117,0.4700854700854701,-0.647150228929434,0.26771603876016004,False,False,False
X late afternoon (15-17h) & F home last game went under,fav_cover,470,0.474468085106383,-1.1070374496346613,157,0.4585987261146497,-1.0375129498079085,0.2682777372519842,False,False,False
X grass & F away 2 straight covers,home_cover,470,0.474468085106383,-1.1070374496346613,142,0.43661971830985913,-1.510526444934041,0.2682777372519842,False,False,False
X outdoors & F home failed to cover last game,fav_cover,1310,0.4847328244274809,-1.105157927991077,422,0.48104265402843605,-0.7788678136179757,0.26909116345748574,False,False,False
X rest home - away <= -3 & F away last game went over,over,185,0.5405405405405406,1.1028219331407125,86,0.43023255813953487,-1.2939932784412613,0.27010450129758157,False,False,False
X dome/closed,over,897,0.5183946488294314,1.1018379294353928,299,0.4816053511705686,-0.6361464251628638,0.2705321374316465,False,False,False
X rest home - away <= -3 & F home failed to cover last game,over,162,0.5432098765432098,1.0999438818457399,82,0.5,0.0,0.2713565735715986,False,False,False
X turf & F away ATS to date <= 30% (4+ games),over,162,0.5432098765432098,1.0999438818457399,41,0.7560975609756098,3.2796489996607274,0.2713565735715986,False,False,False
L total half-point & X weeks 5-9,fav_cover,519,0.47591522157996147,-1.0973782032653676,162,0.48148148148148145,-0.4714045207910324,0.2724760976425191,False,False,False
F home 2 straight covers & F away 2 straight non-covers,home_cover,187,0.45989304812834225,-1.0969086361906957,60,0.4166666666666667,-1.2909944487358054,0.2726813331137272,False,False,False
X grass & X away travels west 2+ h,home_cover,367,0.4713896457765668,-1.0961910770409484,127,0.4015748031496063,-2.218391273540284,0.27299516367942545,False,False,False
X divisional & X night (>=19h),home_cover,241,0.46473029045643155,-1.095066264881412,105,0.5142857142857142,0.29277002188455886,0.27348760676763506,False,False,False
L total half-point & F away won last game by 21+,home_cover,164,0.5426829268292683,1.0932163332202434,44,0.4090909090909091,-1.206045378311054,0.2742988273958753,False,False,False
F home covered last game & F away lost last game by 21+,fav_cover,164,0.5426829268292683,1.0932163332202434,33,0.5151515151515151,0.17407765595569766,0.2742988273958753,False,False,False
F home failed to cover last game & F home 2 straight non-covers,home_cover,805,0.5192546583850932,1.092606434117877,249,0.5100401606425703,0.3168621252622394,0.27456663653025126,False,False,False
F home 2 straight non-covers,home_cover,805,0.5192546583850932,1.092606434117877,249,0.5100401606425703,0.3168621252622394,0.27456663653025126,False,False,False
L total 43-45.5 & X divisional,over,336,0.47023809523809523,-1.0910894511799623,141,0.475177304964539,-0.5895063447465628,0.27523352407483426,False,False,False
X outdoors & X rest home - away >= 3,over,243,0.46502057613168724,-1.0905505084692932,97,0.5567010309278351,1.1168807816469815,0.27547071699343206,False,False,False
L total 43-45.5,fav_cover,917,0.4820065430752454,-1.0897560080283129,356,0.5140449438202247,0.5299989400031792,0.2758206371939942,False,False,False
X dome/closed & F home failed to cover last game,over,408,0.5269607843137255,1.0891622972743424,130,0.4230769230769231,-1.7541160386140586,0.276082321877797,False,False,False
L home fav & J away spread juiced,fav_cover,166,0.4578313253012048,-1.0866107359888666,85,0.5882352941176471,1.6269784336399218,0.27720887833976593,False,False,False
L home fav & J away spread juiced,home_cover,166,0.4578313253012048,-1.0866107359888666,85,0.5882352941176471,1.6269784336399218,0.27720887833976593,False,False,False
L away fav 0.5-2.5 & X early (<14h),over,166,0.5421686746987951,1.086610735988865,81,0.5555555555555556,1.0000000000000004,0.2772088783397666,False,False,False
X early (<14h) & F away failed to cover last game,fav_cover,980,0.4826530612244898,-1.086090160499897,303,0.4752475247524752,-0.8617274844321399,0.2774391051398477,False,False,False
X turf & F away 2 straight non-covers,home_cover,340,0.47058823529411764,-1.084652289093281,101,0.5346534653465347,0.696526033146993,0.2780756866208851,False,False,False
F away ATS to date <= 30% (4+ games),fav_cover,375,0.472,-1.0844353369380777,115,0.4260869565217391,-1.5852581740085336,0.27817182300516174,False,False,False
F home last game went over & F away 2 straight covers,fav_cover,375,0.472,-1.0844353369380777,122,0.47540983606557374,-0.5432144762551118,0.27817182300516174,False,False,False
L away fav & F home ATS to date <= 30% (4+ games),over,218,0.536697247706422,1.083656738365754,62,0.4032258064516129,-1.5240015240022864,0.2785170238295782,False,False,False
L total 49-51.5,over,218,0.463302752293578,-1.083656738365754,143,0.42657342657342656,-1.7561082210148908,0.2785170238295782,False,False,False
X early (<14h) & F home 2 straight non-covers,fav_cover,414,0.47342995169082125,-1.0812410118025793,139,0.4676258992805755,-0.7633700367119743,0.2795899192579949,False,False,False
F home last game went under & F away 2 straight covers,over,414,0.5265700483091788,1.0812410118025793,137,0.44525547445255476,-1.281536486575141,0.2795899192579949,False,False,False
L home fav & J away spread juiced,over,168,0.5416666666666666,1.0801234497346424,89,0.47191011235955055,-0.5299989400031803,0.280087210811498,False,False,False
L |spread| = 3.5 & F home last game went under,fav_cover,168,0.5416666666666666,1.0801234497346424,69,0.4927536231884058,-0.12038585308576881,0.280087210811498,False,False,False
X outdoors & X away off bye,home_cover,193,0.46113989637305697,-1.0797236261230425,68,0.39705882352941174,-1.6977493752543311,0.2802652697665171,False,False,False
X outdoors,home_cover,2991,0.49013707790036776,-1.0788071225926377,927,0.4692556634304207,-1.8721256285121586,0.28067371902743377,False,False,False
F home ATS to date >= 70% (4+ games),home_cover,381,0.47244094488188976,-1.0758625911149762,97,0.44329896907216493,-1.1168807816469815,0.28198871449928675,False,False,False
X away travels west 2+ h & F home last game went under,over,222,0.536036036036036,1.0738496883424378,73,0.4794520547945205,-0.35112344158839215,0.2828900557546685,False,False,False
F home covered last game & F away 2 straight non-covers,home_cover,385,0.4727272727272727,-1.070259102019014,123,0.4715447154471545,-0.6311687442672024,0.2845026979112073,False,False,False
X early (<14h) & F away last game went over,home_cover,1010,0.48316831683168315,-1.0698385183968404,312,0.4775641025641026,-0.7925939239012162,0.2846920010697813,False,False,False
L away fav & F away ATS to date >= 70% (4+ games),fav_cover,197,0.4619289340101523,-1.0687057498186447,68,0.4117647058823529,-1.4552137502179983,0.28520227984324276,False,False,False
L total half-point & F home lost last game by 21+,home_cover,197,0.5380710659898477,1.0687057498186432,38,0.5526315789473685,0.6488856845230507,0.28520227984324364,False,False,False
L away fav & F away ATS to date >= 70% (4+ games),home_cover,197,0.5380710659898477,1.0687057498186432,68,0.5882352941176471,1.4552137502179983,0.28520227984324364,False,False,False
X dome/closed & F home 2 straight non-covers,home_cover,197,0.5380710659898477,1.0687057498186432,54,0.5925925925925926,1.360827634879543,0.28520227984324364,False,False,False
X dome/closed & F home last game went over,over,424,0.5259433962264151,1.0684144485929892,130,0.4307692307692308,-1.5787044347526522,0.285333602349366,False,False,False
L |spread| = 3.5,over,352,0.4715909090909091,-1.066003581778051,137,0.5182481751824818,0.42717882885838127,0.28642202277785933,False,False,False
F home covered last game & F home revenge (lost to opp earlier this season),fav_cover,226,0.4646017699115044,-1.0643041683803829,58,0.5172413793103449,0.26261286571944564,0.28719093028467624,False,False,False
L home fav & F home ATS to date >= 70% (4+ games),home_cover,319,0.4702194357366771,-1.0637957708161228,82,0.45121951219512196,-0.8834522085987722,0.2874212276181316,False,False,False
L home fav & F home ATS to date >= 70% (4+ games),fav_cover,319,0.4702194357366771,-1.0637957708161228,82,0.45121951219512196,-0.8834522085987722,0.2874212276181316,False,False,False
X weeks 5-9 & F away last game went under,fav_cover,469,0.47547974413646055,-1.0620413220411036,167,0.4431137724550898,-1.4702641418148603,0.28821692643548635,False,False,False
L total 37-39.5 & F away last game went under,over,391,0.4731457800511509,-1.0620156485907652,60,0.55,0.7745966692414842,0.28822858118514216,False,False,False
X weeks 10-13 & F home covered last game,home_cover,471,0.47558386411889597,-1.05978405844341,142,0.5,0.0,0.2892428508644387,False,False,False
X rest home - away >= 3 & X home off bye,over,228,0.4649122807017544,-1.0596258856520349,62,0.5645161290322581,1.0160010160015247,0.28931483238198785,False,False,False
L total half-point & J away spread juiced,over,151,0.543046357615894,1.0579249964025073,67,0.4925373134328358,-0.12216944435630557,0.2900896381886602,False,False,False
X turf & X weeks 2-4,home_cover,290,0.5310344827586206,1.0569963951264647,93,0.5053763440860215,0.10369516947304244,0.2905132326505817,False,False,False
F away lost last game by 21+ & F away last game went over,fav_cover,176,0.4602272727272727,-1.055289706022173,49,0.42857142857142855,-1.0000000000000004,0.2912928476178127,False,False,False
L total half-point & F home last game went under,home_cover,863,0.4820393974507532,-1.0552522722331856,252,0.4880952380952381,-0.37796447300922764,0.2913099631088585,False,False,False
X weeks 10-13 & F home last game went over,over,436,0.47477064220183485,-1.0536089137432672,133,0.48872180451127817,-0.2601329908572366,0.2920620064890733,False,False,False
R ref prior home cover >= 55% (60+),fav_cover,292,0.5308219178082192,1.0533703247651756,128,0.4765625,-0.5303300858899106,0.29217129931682484,False,False,False
L total 40-42.5 & X weeks 10-13,over,203,0.4630541871921182,-1.052793609515395,52,0.5769230769230769,1.1094003924504574,0.29243559446853595,False,False,False
F home ATS to date >= 70% (4+ games) & F home last game went over,fav_cover,203,0.4630541871921182,-1.052793609515395,43,0.4186046511627907,-1.0674899923282324,0.29243559446853595,False,False,False
X weeks 14-16 & F home covered last game,home_cover,362,0.4723756906077348,-1.0511766624552727,110,0.4818181818181818,-0.38138503569823706,0.2931774595645118,False,False,False
X outdoors & F away lost last game by 21+,home_cover,232,0.46551724137931033,-1.050451462877781,61,0.39344262295081966,-1.6644794391276478,0.29351059544250035,False,False,False
F away ATS to date >= 70% (4+ games) & F away last game went under,over,178,0.5393258426966292,1.0493443645942055,57,0.42105263157894735,-1.1920791213585398,0.29401965425264254,False,False,False
F home ATS to date <= 30% (4+ games) & F away last game went over,over,205,0.5365853658536586,1.0476454436543683,58,0.39655172413793105,-1.5756771943166705,0.2948019919337046,False,False,False
F home last game went under,fav_cover,1851,0.4878444084278768,-1.0459460987503566,593,0.5193929173693086,0.9444967967061588,0.29558591906462217,False,False,False
L |spread| = 3.5 & X outdoors,fav_cover,265,0.4679245283018868,-1.0443016986177167,108,0.4722222222222222,-0.577350269189626,0.2963458272457209,False,False,False
"X away travels east 2+ h, early game & F away covered last game",over,155,0.5419354838709678,1.0441851275732499,44,0.5681818181818182,0.9045340337332916,0.29639974648754586,False,False,False
L away fav 3.5-6.5,home_cover,444,0.4752252252252252,-1.04407379532775,147,0.48299319727891155,-0.41239304942116173,0.296451248681848,False,False,False
L away fav 3.5-6.5,fav_cover,444,0.5247747747747747,1.0440737953277477,147,0.5170068027210885,0.41239304942116173,0.29645124868184913,False,False,False
L away fav 3.5-6.5 & F away last game went under,over,180,0.5388888888888889,1.043498389499901,79,0.5316455696202531,0.562543950463011,0.2967175263220607,False,False,False
L total 43-45.5 & F away 2 straight covers,home_cover,180,0.46111111111111114,-1.043498389499901,87,0.367816091954023,-2.4658588301269284,0.2967175263220607,False,False,False
L total 40-42.5 & F away last game went over,home_cover,370,0.47297297297297297,-1.0397504898200727,97,0.4845360824742268,-0.30460384954008574,0.2984558366371568,False,False,False
L total half-point & F home revenge (lost to opp earlier this season),fav_cover,209,0.5358851674641149,1.0375716957991126,56,0.4642857142857143,-0.5345224838248485,0.29946950090386304,False,False,False
F home ATS to date <= 30% (4+ games) & F away last game went over,home_cover,209,0.5358851674641149,1.0375716957991126,57,0.43859649122807015,-0.927172649945531,0.29946950090386304,False,False,False
"X turf & X away travels east 2+ h, early game",home_cover,157,0.5414012738853503,1.0375129498079085,51,0.5882352941176471,1.2602520756252091,0.2994968637066193,False,False,False
L total 46-48.5 & X early (<14h),home_cover,302,0.47019867549668876,-1.0357836077671843,175,0.5085714285714286,0.22677868380553612,0.3003031066547517,False,False,False
X divisional & F home last game went over,over,732,0.4808743169398907,-1.034909779336403,214,0.46261682242990654,-1.0937374832394615,0.30071104714831254,False,False,False
X away travels west 2+ h,over,452,0.5243362831858407,1.0347929552219564,154,0.5194805194805194,0.48349377841522695,0.3007656136122039,False,False,False
X turf & F away 2 straight non-covers,fav_cover,339,0.471976401179941,-1.0319383485277802,101,0.5148514851485149,0.298511157062997,0.3021009997053823,False,False,False
X grass & X weeks 5-9,over,636,0.5204402515723271,1.03096706143359,205,0.4682926829268293,-0.9079593845004509,0.30255626640568,False,False,False
F home ATS to date <= 30% (4+ games) & F away last game went under,home_cover,159,0.5408805031446541,1.030967061433587,61,0.5081967213114754,0.1280368799328961,0.30255626640568134,False,False,False
X grass & X weeks 2-4,over,415,0.4746987951807229,-1.0308494567150137,142,0.528169014084507,0.6713450866373504,0.30261142165295496,False,False,False
X divisional & X early (<14h),over,848,0.482311320754717,-1.0302042296151666,250,0.48,-0.6324555320336764,0.3029141446568415,False,False,False
R ref prior over >= 55% (60+ games),fav_cover,341,0.47214076246334313,-1.0289076860403756,129,0.5271317829457365,0.6163156344279378,0.3035230562746205,False,False,False
F home ATS to date >= 70% (4+ games) & F away last game went over,over,213,0.5352112676056338,1.027783064741296,43,0.5116279069767442,0.15249857033260494,0.30405188424424345,False,False,False
L total half-point & R ref prior over >= 55% (60+ games),over,186,0.5376344086021505,1.026529805149472,49,0.40816326530612246,-1.2857142857142856,0.30464192203661034,False,False,False
F home won last game by 21+ & F away last game went over,fav_cover,161,0.45962732919254656,-1.0245435281108315,40,0.525,0.3162277660168382,0.3055786222230221,False,False,False
X divisional & X turf,home_cover,644,0.4798136645962733,-1.0245435281108315,190,0.5105263157894737,0.2901905000440056,0.3055786222230221,False,False,False
F home won last game by 21+ & F away last game went over,over,161,0.5403726708074534,1.0245435281108315,39,0.358974358974359,-1.7614096918559585,0.3055786222230221,False,False,False
L total half-point & X turf,fav_cover,748,0.48128342245989303,-1.0237813937779838,231,0.49783549783549785,-0.06579516949597636,0.30593854053888037,False,False,False
L home fav 3.5-6.5 & X grass,over,505,0.4772277227722772,-1.023486566826966,170,0.49411764705882355,-0.15339299776947354,0.30607784807262695,False,False,False
L total half-point & F away 2 straight non-covers,fav_cover,382,0.4738219895287958,-1.023289020193303,112,0.4732142857142857,-0.5669467095138412,0.30617121358549104,False,False,False
L home fav 0.5-2.5 & F away covered last game,over,188,0.4627659574468085,-1.0210549404852627,68,0.47058823529411764,-0.48507125007266605,0.3072284097306963,False,False,False
L home fav & R ref prior over <= 45% (60+ games),over,248,0.532258064516129,1.0160010160015231,124,0.46774193548387094,-0.7184212081071002,0.30962890273063337,False,False,False
X grass & X late afternoon (15-17h),home_cover,709,0.4809590973201692,-1.0140062843547188,236,0.4067796610169492,-2.8641560415781244,0.3105797536181838,False,False,False
X divisional & X late afternoon (15-17h),over,390,0.47435897435897434,-1.0127393670836673,117,0.4700854700854701,-0.647150228929434,0.31118466882261786,False,False,False
X divisional & F home 2 straight non-covers,fav_cover,316,0.47151898734177217,-1.012579110833421,103,0.5631067961165048,1.2809280616135807,0.31126124173411496,False,False,False
X weeks 5-9 & F home failed to cover last game,fav_cover,517,0.47775628626692457,-1.0115388434071475,154,0.461038961038961,-0.9669875568304567,0.31175859972062225,False,False,False
X turf & F away last game went over,fav_cover,770,0.4818181818181818,-1.0090499582190262,231,0.5324675324675324,0.9869275424396521,0.3129506755229139,False,False,False
X weeks 5-9,fav_cover,1073,0.4846225535880708,-1.0074281429398952,337,0.47774480712166173,-0.8171020660542646,0.31372907277540074,False,False,False
L total on key 41/44/37/47 & X weeks 10-13,fav_cover,167,0.46107784431137727,-1.0059702022943773,38,0.5,0.0,0.31442990410120797,False,False,False
F home last game went under & F away ATS to date >= 70% (4+ games),fav_cover,194,0.4639175257731959,-1.005141422064833,58,0.41379310344827586,-1.3130643285972259,0.31482875689816114,False,False,False
L total 46-48.5 & X grass,home_cover,287,0.47038327526132406,-1.0034782713716233,180,0.40555555555555556,-2.5342103744997617,0.3156301556210577,False,False,False
X weeks 14-16 & F home covered last game,over,359,0.5264623955431755,1.0027816465415949,112,0.4642857142857143,-0.7559289460184542,0.31596622606483926,False,False,False
F home failed to cover last game & F away 2 straight non-covers,fav_cover,398,0.4748743718592965,-1.0025094142341708,133,0.41353383458646614,-1.9943529299054765,0.3160976220289129,False,False,False
L away fav & F away failed to cover last game,over,527,0.5218216318785579,1.001895736298775,187,0.4385026737967914,-1.681926575492401,0.3163939520892587,False,False,False
L home fav 0.5-2.5 & X turf,home_cover,169,0.5384615384615384,0.9999999999999993,65,0.4307692307692308,-1.1163126113028758,0.31731050786291437,False,False,False
L home fav 0.5-2.5 & X turf,fav_cover,169,0.5384615384615384,0.9999999999999993,65,0.4307692307692308,-1.1163126113028758,0.31731050786291437,False,False,False
F home failed to cover last game & F home revenge (lost to opp earlier this season),home_cover,196,0.5357142857142857,0.9999999999999996,56,0.4642857142857143,-0.5345224838248485,0.31731050786291437,False,False,False
X dome/closed & X early (<14h),home_cover,578,0.47923875432525953,-0.9982683969692427,163,0.5276073619631901,0.7049344049891604,0.31814922787930566,False,False,False
L total 37-39.5 & F home covered last game,over,326,0.4723926380368098,-0.9969277961190807,48,0.5416666666666666,0.5773502691896253,0.3187995584825556,False,False,False
X rest home - away >= 3 & X home off bye,fav_cover,227,0.4669603524229075,-0.9955849673999573,58,0.603448275862069,1.5756771943166705,0.31945184173905283,False,False,False
F home lost last game by 21+ & F home last game went over,fav_cover,227,0.4669603524229075,-0.9955849673999573,48,0.4166666666666667,-1.1547005383792512,0.31945184173905283,False,False,False
X late afternoon (15-17h),over,1034,0.5154738878143134,0.9951526617137973,318,0.4968553459119497,-0.11215443081840883,0.31966202126556187,False,False,False
X dome/closed & F home last game went under,over,404,0.5247524752475248,0.99503719020999,146,0.5068493150684932,0.16552117772047426,0.31971817681287007,False,False,False
L total 43-45.5 & X weeks 10-13,over,198,0.5353535353535354,0.9949366763261821,82,0.45121951219512196,-0.8834522085987722,0.3197670634951786,False,False,False
F away covered last game & F away revenge (lost to opp earlier this season),over,171,0.4619883040935672,-0.994134846772435,54,0.5185185185185185,0.27216552697590823,0.32015722236525423,False,False,False
L total half-point & R ref prior over <= 45% (60+ games),fav_cover,171,0.5380116959064327,0.9941348467724336,75,0.4266666666666667,-1.2701705922171762,0.3201572223652547,False,False,False
L total 43-45.5 & F away last game went over,over,490,0.5224489795918368,0.9938586931957784,166,0.46987951807228917,-0.7761505257063324,0.3202916668022797,False,False,False
F away won last game by 21+,home_cover,367,0.5258855585831063,0.9917919268465729,97,0.4639175257731959,-0.710742315593533,0.3212990366593864,False,False,False
L total half-point & X weeks 2-4,fav_cover,330,0.4727272727272727,-0.9908673886137249,84,0.4523809523809524,-0.8728715609439696,0.32175033823889154,False,False,False
X Monday,fav_cover,262,0.5305343511450382,0.9884833011443463,83,0.4578313253012048,-0.7683498199278329,0.3229160087145573,False,False,False
X rest home - away <= -3 & F away covered last game,home_cover,173,0.5375722543352601,0.9883716976506174,84,0.4523809523809524,-0.8728715609439696,0.32297064326867253,False,False,False
L home fav exactly 3 & F away failed to cover last game,over,173,0.5375722543352601,0.9883716976506174,46,0.5652173913043478,0.8846517369293821,0.32297064326867253,False,False,False
L total half-point & F away last game went over,home_cover,861,0.4831591173054588,-0.9883173560569439,257,0.45525291828793774,-1.4347005815691525,0.3229972479217138,False,False,False
L total 37-39.5 & X divisional,over,332,0.47289156626506024,-0.9878783399072133,38,0.5789473684210527,0.9733285267845755,0.32321223462230764,False,False,False
X divisional & F home failed to cover last game,fav_cover,696,0.4813218390804598,-0.985527456652574,219,0.5114155251141552,0.33786868919974217,0.32436505154716233,False,False,False
F home 2 straight non-covers & F away last game went over,home_cover,412,0.5242718446601942,0.9853292781642928,125,0.456,-0.9838699100999071,0.3244623557511055,False,False,False
F home 2 straight covers & F away last game went over,home_cover,412,0.47572815533980584,-0.9853292781642928,116,0.5258620689655172,0.5570860145311555,0.3244623557511055,False,False,False
X grass & F home revenge (lost to opp earlier this season),over,264,0.4696969696969697,-0.9847319278346609,77,0.4675324675324675,-0.56980288229819,0.32475576540261875,False,False,False
F home covered last game & F home ATS to date >= 70% (4+ games),home_cover,299,0.47157190635451507,-0.9831353843426077,79,0.46835443037974683,-0.562543950463012,0.32554081129529955,False,False,False
F home covered last game & F home revenge (lost to opp earlier this season),over,233,0.4678111587982833,-0.9826826731206271,59,0.4576271186440678,-0.6509445549041194,0.32576364104170175,False,False,False
L away fav & X grass,fav_cover,812,0.5172413793103449,0.9826073688810368,288,0.5208333333333334,0.7071067811865488,0.3258007162855283,False,False,False
L away fav & X grass,home_cover,812,0.4827586206896552,-0.9826073688810337,288,0.4791666666666667,-0.7071067811865469,0.32580071628552965,False,False,False
L total half-point & F away failed to cover last game,home_cover,873,0.4833906071019473,-0.9815012929624981,257,0.5019455252918288,0.06237828615518031,0.326345597117198,False,False,False
L total on key 41/44/37/47 & F away covered last game,over,303,0.47194719471947194,-0.9766244823564245,82,0.5487804878048781,0.8834522085987732,0.3287550940380237,False,False,False
L home fav 3.5-6.5 & F home covered last game,over,420,0.47619047619047616,-0.9759000729485342,142,0.47183098591549294,-0.6713450866373517,0.32911398597860764,False,False,False
L home fav 3.5-6.5 & X outdoors,over,657,0.4809741248097412,-0.9753428933010895,210,0.5142857142857142,0.41403933560541106,0.32939020047433587,False,False,False
X late afternoon (15-17h) & F away covered last game,over,465,0.5225806451612903,0.9738516810963534,145,0.47586206896551725,-0.5813183589761796,0.33013018800455773,False,False,False
M ML likes home less than spread (bottom 20%),home_cover,422,0.476303317535545,-0.9735847670224719,249,0.4779116465863454,-0.6970966755769256,0.33026275283912065,False,False,False
L total 43-45.5 & X weeks 2-4,fav_cover,179,0.5363128491620112,0.9716656205775163,72,0.4305555555555556,-1.1785113019775788,0.3312169254238557,False,False,False
F home ATS to date <= 30% (4+ games) & F away covered last game,home_cover,179,0.5363128491620112,0.9716656205775163,60,0.43333333333333335,-1.0327955589886444,0.3312169254238557,False,False,False
X early (<14h) & X weeks 5-9,over,612,0.5196078431372549,0.9701425001453339,195,0.5282051282051282,0.7877263614433765,0.33197546708273595,False,False,False
F home lost last game by 21+ & F home last game went under,fav_cover,154,0.538961038961039,0.9669875568304567,48,0.4583333333333333,-0.5773502691896261,0.33355025411190464,False,False,False
X early (<14h) & F away 2 straight non-covers,fav_cover,428,0.4766355140186916,-0.9667364890456638,150,0.43333333333333335,-1.6329931618554516,0.3336757810677462,False,False,False
F home ATS to date >= 70% (4+ games) & F home last game went over,over,210,0.4666666666666667,-0.9660917830792957,44,0.38636363636363635,-1.5075567228888183,0.33399825582199805,False,False,False
F home failed to cover last game & F away last game went under,over,844,0.4834123222748815,-0.9637997471501201,278,0.5,0.0,0.3351463334801772,False,False,False
L total 43-45.5 & F home 2 straight covers,home_cover,183,0.4644808743169399,-0.9609876522409442,75,0.4533333333333333,-0.8082903768654764,0.33655837639465114,False,False,False
X rest home - away <= -3 & F home last game went over,home_cover,156,0.5384615384615384,0.9607689228305222,81,0.4691358024691358,-0.555555555555556,0.33666836761003927,False,False,False
X grass & X week 1,home_cover,156,0.46153846153846156,-0.9607689228305222,45,0.4444444444444444,-0.7453559924999302,0.33666836761003927,False,False,False
L total 40-42.5 & X weeks 14-16,fav_cover,156,0.46153846153846156,-0.9607689228305222,49,0.5306122448979592,0.42857142857142905,0.33666836761003927,False,False,False
X early (<14h),over,2213,0.48983280614550384,-0.9565811240583072,695,0.4949640287769784,-0.26552513463380806,0.33877871997490927,False,False,False
L total 37-39.5 & X weeks 10-13,home_cover,185,0.4648648648648649,-0.9557790087219494,23,0.43478260869565216,-0.6255432421712244,0.3391838957128468,False,False,False
F home won last game by 21+ & F home last game went over,fav_cover,185,0.5351351351351351,0.9557790087219494,41,0.4878048780487805,-0.1561737618886062,0.3391838957128468,False,False,False
L total half-point & X weeks 10-13,over,438,0.4771689497716895,-0.9556369651349931,130,0.49230769230769234,-0.17541160386140522,0.3392556791471941,False,False,False
F home won last game by 21+ & F away failed to cover last game,fav_cover,158,0.5379746835443038,0.9546687410108755,50,0.48,-0.2828427124746193,0.3397452424383731,False,False,False
L home fav exactly 7 & X outdoors,over,158,0.4620253164556962,-0.9546687410108755,37,0.5405405405405406,0.4931969619160722,0.3397452424383731,False,False,False
X late afternoon (15-17h) & X away travels west 2+ h,over,356,0.5252808988764045,0.9539980920057242,112,0.5446428571428571,0.9449111825230672,0.34008460818306396,False,False,False
L away fav & F home lost last game by 21+,over,216,0.5324074074074074,0.9525793444156814,58,0.29310344827586204,-3.151354388633342,0.3408032468860842,False,False,False
X late afternoon (15-17h) & F home failed to cover last game,over,487,0.5215605749486653,0.95160083430183,139,0.48201438848920863,-0.4240944648399855,0.3412994582621447,False,False,False
L away fav 3.5-6.5,over,442,0.5226244343891403,0.9513029883089894,149,0.4966442953020134,-0.08192319205190393,0.34145059044357495,False,False,False
X rest home - away <= -3 & F home last game went under,over,187,0.5347593582887701,0.9506541513652705,82,0.4634146341463415,-0.6625891564490788,0.3417799697416277,False,False,False
L total 37-39.5 & X late afternoon (15-17h),home_cover,187,0.46524064171123,-0.9506541513652691,22,0.4090909090909091,-0.8528028654224414,0.3417799697416284,False,False,False
L away fav & X weeks 14-16,home_cover,249,0.5301204819277109,0.9505863757867181,87,0.4367816091954023,-1.179323788321574,0.3418143874474566,False,False,False
L away fav & X weeks 14-16,fav_cover,249,0.46987951807228917,-0.9505863757867165,87,0.5632183908045977,1.179323788321574,0.3418143874474575,False,False,False
F home last game went under,home_cover,1863,0.48899624261943103,-0.9498989973711178,595,0.4957983193277311,-0.2049800154226962,0.34216357634434624,False,False,False
L total 40-42.5 & X turf,fav_cover,321,0.4735202492211838,-0.948847472716111,90,0.4777777777777778,-0.42163702135578346,0.3426981931907802,False,False,False
L away fav & X late afternoon (15-17h),over,360,0.525,0.9486832980505147,119,0.453781512605042,-1.0083683467310325,0.342781711147911,False,False,False
X rest home - away >= 3 & F away covered last game,fav_cover,160,0.4625,-0.9486832980505132,58,0.5689655172413793,1.050451462877781,0.34278171114791167,False,False,False
X turf & F home lost last game by 21+,fav_cover,160,0.4625,-0.9486832980505132,34,0.4411764705882353,-0.6859943405700355,0.34278171114791167,False,False,False
X away travels west 2+ h & F home failed to cover last game,home_cover,218,0.46788990825688076,-0.948199646070034,64,0.484375,-0.25,0.3430278273111824,False,False,False
L home fav 3.5-6.5 & X early (<14h),fav_cover,491,0.4786150712830957,-0.9477167330537012,168,0.47023809523809523,-0.7715167498104597,0.3432736800733127,False,False,False
L home fav 3.5-6.5 & X early (<14h),home_cover,491,0.4786150712830957,-0.9477167330537012,168,0.47023809523809523,-0.7715167498104597,0.3432736800733127,False,False,False
X turf,fav_cover,1616,0.48824257425742573,-0.9452853306994905,502,0.5119521912350598,0.5355862112129417,0.3445132254881007,False,False,False
L total 43-45.5 & F home failed to cover last game,fav_cover,405,0.4765432098765432,-0.9441175904999118,160,0.53125,0.7905694150420948,0.34510956128331416,False,False,False
F home won last game by 21+ & F home 2 straight covers,fav_cover,162,0.46296296296296297,-0.9428090415820634,45,0.5111111111111111,0.14907119849998546,0.3457785861511602,False,False,False
L home fav 0.5-2.5,home_cover,407,0.5233415233415234,0.9417950344835606,147,0.46258503401360546,-0.9072647087265544,0.34629758790464127,False,False,False
L home fav 0.5-2.5,fav_cover,407,0.5233415233415234,0.9417950344835606,147,0.46258503401360546,-0.9072647087265544,0.34629758790464127,False,False,False
X weeks 5-9 & F home last game went over,over,546,0.5201465201465202,0.9415130835240103,174,0.5057471264367817,0.15161960871578198,0.346441987672246,False,False,False
F away won last game by 21+ & F away covered last game,home_cover,366,0.5245901639344263,0.940875072280771,97,0.4639175257731959,-0.710742315593533,0.3467688834524427,False,False,False
L home fav 3.5-6.5,home_cover,886,0.48419864559819414,-0.9406783969567535,298,0.4463087248322148,-1.8537102283631743,0.346869692940893,False,False,False
L home fav 3.5-6.5,fav_cover,886,0.48419864559819414,-0.9406783969567535,298,0.4463087248322148,-1.8537102283631743,0.346869692940893,False,False,False
L total 40-42.5 & F home failed to cover last game,home_cover,368,0.47554347826086957,-0.9383148632568363,123,0.4715447154471545,-0.6311687442672024,0.3480826236329242,False,False,False
X rest home - away <= -3 & F away failed to cover last game,home_cover,164,0.4634146341463415,-0.9370425713316358,73,0.4520547945205479,-0.8192880303729144,0.34873666013880555,False,False,False
X late afternoon (15-17h) & F away covered last game,fav_cover,456,0.5219298245614035,0.9365858115816921,144,0.4583333333333333,-1.0000000000000004,0.3489716531497431,False,False,False
F home lost last game by 21+ & F away covered last game,fav_cover,193,0.533678756476684,0.9357604759733031,44,0.4772727272727273,-0.30151134457776335,0.34939652545601363,False,False,False
L total 40-42.5 & X divisional,home_cover,331,0.4743202416918429,-0.934404506879832,102,0.5,0.0,0.350095273818279,False,False,False
X early (<14h) & F home last game went over,home_cover,965,0.48497409326424873,-0.9335430309704916,317,0.48264984227129337,-0.6178215519319037,0.35053966367588774,False,False,False
X grass & F home revenge (lost to opp earlier this season),fav_cover,259,0.528957528957529,0.9320546490018018,75,0.5466666666666666,0.8082903768654754,0.3513082836606203,False,False,False
X grass & X home off bye,over,166,0.463855421686747,-0.9313806308475995,41,0.5121951219512195,0.1561737618886062,0.35165670650427616,False,False,False
L away fav & F home 2 straight covers,fav_cover,226,0.5309734513274337,0.9312661473328365,64,0.515625,0.25,0.3517159086541404,False,False,False
L away fav & F home 2 straight covers,home_cover,226,0.4690265486725664,-0.9312661473328347,64,0.484375,-0.25,0.35171590865414126,False,False,False
X early (<14h) & F home ATS to date <= 30% (4+ games),over,195,0.5333333333333333,0.9309493362512626,70,0.37142857142857144,-2.1514114968019085,0.3518797721063329,False,False,False
L total half-point & F away 2 straight covers,over,374,0.5240641711229946,0.930757841991034,122,0.45901639344262296,-0.9053574604251851,0.3519788416713623,False,False,False
L total on key 41/44/37/47 & F home last game went under,fav_cover,335,0.4746268656716418,-0.9288092200038596,92,0.4891304347826087,-0.2085144140570746,0.35298796540939925,False,False,False
X away travels west 2+ h & F home last game went over,fav_cover,197,0.5329949238578681,0.9262116498428267,65,0.4153846153846154,-1.3643820804812927,0.35433599944244554,False,False,False
X outdoors & X away travels west 2+ h,over,421,0.5225653206650831,0.9260033397742993,138,0.5217391304347826,0.5107539184552489,0.35444424461655255,False,False,False
L away fav & X night (>=19h),home_cover,168,0.4642857142857143,-0.9258200997725511,85,0.4823529411764706,-0.32539568672798413,0.35453947977350153,False,False,False
F home failed to cover last game & F away revenge (lost to opp earlier this season),over,168,0.4642857142857143,-0.9258200997725511,59,0.5254237288135594,0.3905667329424723,0.35453947977350153,False,False,False
L away fav & X night (>=19h),fav_cover,168,0.5357142857142857,0.9258200997725511,85,0.5176470588235295,0.32539568672798513,0.35453947977350153,False,False,False
X weeks 5-9 & F away covered last game,fav_cover,517,0.5203094777562862,0.923578943980437,156,0.4935897435897436,-0.16012815380508658,0.35570558079735926,False,False,False
X grass & F home ATS to date <= 30% (4+ games),fav_cover,230,0.5304347826086957,0.9231326627541032,77,0.4675324675324675,-0.56980288229819,0.3559380749284178,False,False,False
X grass & F away ATS to date >= 70% (4+ games),home_cover,230,0.5304347826086957,0.9231326627541032,62,0.5161290322580645,0.2540002540003808,0.3559380749284178,False,False,False
X early (<14h) & X rest home - away <= -3,fav_cover,199,0.5326633165829145,0.9215455665108359,86,0.46511627906976744,-0.6469966392206307,0.35676566278603694,False,False,False
X early (<14h) & X rest home - away <= -3,home_cover,199,0.46733668341708545,-0.9215455665108359,86,0.5,0.0,0.35676566278603694,False,False,False
L total on key 41/44/37/47 & X weeks 5-9,home_cover,199,0.46733668341708545,-0.9215455665108359,41,0.5365853658536586,0.4685212856658186,0.35676566278603694,False,False,False
L total on key 41/44/37/47 & X turf,fav_cover,265,0.4716981132075472,-0.9214426752509266,65,0.5076923076923077,0.12403473458920802,0.356819357021108,False,False,False
L home fav & F home covered last game,home_cover,1283,0.48713951675759937,-0.9212990252889897,399,0.49373433583959897,-0.2503130871608805,0.3568943298709444,False,False,False
L home fav & F home covered last game,fav_cover,1283,0.48713951675759937,-0.9212990252889897,399,0.49373433583959897,-0.2503130871608805,0.3568943298709444,False,False,False
L |spread| = 3.5 & F away last game went over,fav_cover,170,0.4647058823529412,-0.9203579866168441,65,0.46153846153846156,-0.6201736729460419,0.3573857160375269,False,False,False
L home fav & F away last game went under,home_cover,1212,0.4867986798679868,-0.9191759833942812,377,0.47480106100795755,-0.9785497849867495,0.3580035309445275,False,False,False
L home fav & F away last game went under,fav_cover,1212,0.4867986798679868,-0.9191759833942812,377,0.47480106100795755,-0.9785497849867495,0.3580035309445275,False,False,False
L total on key 41/44/37/47 & X outdoors,over,525,0.48,-0.9165151389911688,154,0.4935064935064935,-0.1611645928050761,0.359396770820519,False,False,False
L total 43-45.5 & F home covered last game,over,431,0.5220417633410673,0.9151977966322693,168,0.5,0.0,0.36008780115517425,False,False,False
X weeks 14-16 & F away 2 straight covers,over,172,0.5348837209302325,0.9149914219956267,55,0.5272727272727272,0.4045199174779445,0.36019613338600287,False,False,False
"X grass & X away travels east 2+ h, early game",over,172,0.5348837209302325,0.9149914219956267,57,0.5614035087719298,0.9271726499455302,0.36019613338600287,False,False,False
R ref prior over >= 55% (60+ games),over,347,0.5244956772334294,0.9126078160615317,131,0.4580152671755725,-0.961074462327142,0.36144884209731387,False,False,False
L home fav 3.5-6.5 & X weeks 10-13,over,203,0.46798029556650245,-0.9124211282466758,61,0.45901639344262296,-0.6401843996644797,0.3615470714520428,False,False,False
J home spread juiced,over,236,0.5296610169491526,0.9113223768657681,128,0.4921875,-0.17677669529663687,0.3621255394916618,False,False,False
X rest home - away <= -3 & F home covered last game,home_cover,174,0.46551724137931033,-0.9097176522946845,77,0.35064935064935066,-2.6210932585716726,0.3629714323398301,False,False,False
L home fav 7.5-9.5 & F away last game went under,fav_cover,174,0.46551724137931033,-0.9097176522946845,41,0.5121951219512195,0.1561737618886062,0.3629714323398301,False,False,False
L home fav 7.5-9.5 & F away last game went under,home_cover,174,0.46551724137931033,-0.9097176522946845,41,0.5121951219512195,0.1561737618886062,0.3629714323398301,False,False,False
F home failed to cover last game & F home last game went under,home_cover,883,0.48471121177802945,-0.908622343983687,279,0.48028673835125446,-0.6585527740981753,0.3635495080006068,False,False,False
L home fav 10+ & F home last game went over,over,205,0.5317073170731708,0.9079593845004525,65,0.4461538461538462,-0.8682431421244589,0.3638996806700776,False,False,False
F home revenge (lost to opp earlier this season) & F away failed to cover last game,fav_cover,205,0.5317073170731708,0.9079593845004525,48,0.5208333333333334,0.2886751345948134,0.3638996806700776,False,False,False
X early (<14h) & X rest home - away <= -3,over,205,0.5317073170731708,0.9079593845004525,86,0.4418604651162791,-1.078327732034384,0.3638996806700776,False,False,False
L |spread| = 3.5 & X grass,over,205,0.4682926829268293,-0.9079593845004509,83,0.4939759036144578,-0.10976425998969071,0.3638996806700785,False,False,False
L total half-point & X weeks 14-16,over,351,0.4757834757834758,-0.9073928715621599,109,0.44036697247706424,-1.2451741707874964,0.36419907771067916,False,False,False
X late afternoon (15-17h) & F home last game went over,fav_cover,486,0.5205761316872428,0.9072184232530297,134,0.40298507462686567,-2.246057906511536,0.3642913030897017,False,False,False
L total 43-45.5 & F away last game went over,fav_cover,486,0.4794238683127572,-0.9072184232530297,159,0.5786163522012578,1.9826289642953598,0.3642913030897017,False,False,False
L away fav & F home covered last game,fav_cover,541,0.5194085027726433,0.9028605188239314,167,0.49101796407185627,-0.23214696976024146,0.3665999268874003,False,False,False
L away fav & F home covered last game,home_cover,541,0.4805914972273567,-0.9028605188239314,167,0.5089820359281437,0.23214696976024146,0.3665999268874003,False,False,False
F home revenge (lost to opp earlier this season),over,443,0.4785553047404063,-0.9027172424766025,119,0.4789915966386555,-0.4583492485141052,0.366675982896437,False,False,False
X divisional & F home revenge (lost to opp earlier this season),over,443,0.4785553047404063,-0.9027172424766025,119,0.4789915966386555,-0.4583492485141052,0.366675982896437,False,False,False
X weeks 14-16 & F away failed to cover last game,over,355,0.476056338028169,-0.9022663171382688,114,0.45614035087719296,-0.9365858115816945,0.3669154137631234,False,False,False
X turf & X weeks 10-13,over,402,0.5223880597014925,0.8977584024968678,122,0.4918032786885246,-0.18107149208503726,0.3693143658791054,False,False,False
X weeks 10-13 & F away covered last game,home_cover,449,0.47884187082405344,-0.8966654385477171,129,0.4418604651162791,-1.3206763594884354,0.3698974681115055,False,False,False
X weeks 5-9 & X rest home - away >= 3,fav_cover,151,0.46357615894039733,-0.8951673046482759,46,0.5217391304347826,0.29488391230979405,0.3706976596339011,False,False,False
L total 37-39.5 & F away 2 straight covers,over,151,0.46357615894039733,-0.8951673046482759,23,0.43478260869565216,-0.6255432421712244,0.3706976596339011,False,False,False
X early (<14h) & X weeks 5-9,home_cover,604,0.4817880794701987,-0.8951673046482745,188,0.5425531914893617,1.1669199319831551,0.3706976596339018,False,False,False
F home failed to cover last game & F away ATS to date <= 30% (4+ games),over,180,0.5333333333333333,0.8944271909999156,62,0.5645161290322581,1.0160010160015247,0.37109336952269745,False,False,False
X early (<14h) & F away last game went under,fav_cover,980,0.4857142857142857,-0.8944271909999162,320,0.5,0.0,0.37109336952269745,False,False,False
L total 43-45.5 & X dome/closed,fav_cover,246,0.4715447154471545,-0.8926073982886732,66,0.5454545454545454,0.7385489458759957,0.37206745583912904,False,False,False
L home fav & M ML likes home more than spread (top 20%),over,246,0.5284552845528455,0.8926073982886732,59,0.5084745762711864,0.13018891098082352,0.37206745583912904,False,False,False
X away off bye,home_cover,246,0.4715447154471545,-0.8926073982886732,86,0.3953488372093023,-1.9409899176618919,0.37206745583912904,False,False,False
L total 0-36.5 & F away last game went under,over,283,0.5265017667844523,0.891657447416645,6,0.6666666666666666,0.8164965809277258,0.372576568219789,False,False,False
X turf,over,1638,0.510989010989011,0.8894991799933183,515,0.5029126213592233,0.13219579477177046,0.3737348637126481,False,False,False
X Monday & X night (>=19h),fav_cover,153,0.5359477124183006,0.8892972917998871,82,0.45121951219512196,-0.8834522085987722,0.37384332660215613,False,False,False
X outdoors & X early (<14h),fav_cover,1555,0.4887459807073955,-0.8875704763467038,500,0.508,0.3577708763999667,0.3747718405946372,False,False,False
L total half-point & F home ATS to date <= 30% (4+ games),home_cover,184,0.532608695652174,0.8846517369293837,61,0.5245901639344263,0.38411063979868837,0.37634449349865484,False,False,False
L home fav 7.5-9.5 & F home covered last game,over,184,0.4673913043478261,-0.8846517369293821,48,0.5625,0.8660254037844387,0.37634449349865573,False,False,False
L total 43-45.5 & F away failed to cover last game,over,416,0.5216346153846154,0.8825226081218295,170,0.5058823529411764,0.15339299776947354,0.37749425938634396,False,False,False
X weeks 5-9 & F home 2 straight covers,home_cover,252,0.4722222222222222,-0.8819171036881972,80,0.5,0.0,0.37782163710006356,False,False,False
X turf & F away 2 straight covers,home_cover,330,0.5242424242424243,0.8807710121010902,118,0.5084745762711864,0.1841149235796642,0.3784417724583129,False,False,False
L total 37-39.5 & F home last game went under,over,373,0.4772117962466488,-0.8802266342334468,57,0.5789473684210527,1.1920791213585398,0.3787365476993454,False,False,False
F home ATS to date >= 70% (4+ games) & F away failed to cover last game,home_cover,186,0.46774193548387094,-0.8798826901281204,39,0.5384615384615384,0.4803844614152611,0.3789228628692687,False,False,False
L total 46-48.5 & F home last game went over,over,291,0.4742268041237113,-0.8793155726408245,158,0.4810126582278481,-0.47733437050543776,0.3792301946304013,False,False,False
L total 46-48.5 & X turf,fav_cover,291,0.5257731958762887,0.8793155726408245,130,0.5461538461538461,1.0524696231684338,0.3792301946304013,False,False,False
F away failed to cover last game & F away ATS to date <= 30% (4+ games),fav_cover,291,0.4742268041237113,-0.8793155726408245,92,0.41304347826086957,-1.668115312456598,0.3792301946304013,False,False,False
L away fav 3.5-6.5 & F away last game went over,over,219,0.5296803652968036,0.8784585919193308,59,0.4576271186440678,-0.6509445549041194,0.3796948996378524,False,False,False
L total on key 41/44/37/47 & X grass,over,420,0.4785714285714286,-0.878310065653679,123,0.5040650406504065,0.09016696346674248,0.3797754748409494,False,False,False
"X away travels east 2+ h, early game & F away last game went over",home_cover,157,0.535031847133758,0.8778955729143842,46,0.4782608695652174,-0.29488391230979405,0.38000039192585167,False,False,False
L home fav & F home ATS to date <= 30% (4+ games),over,157,0.535031847133758,0.8778955729143842,60,0.4666666666666667,-0.5163977794943222,0.38000039192585167,False,False,False
X divisional & X weeks 17-18,home_cover,157,0.535031847133758,0.8778955729143842,78,0.4230769230769231,-1.3587324409735149,0.38000039192585167,False,False,False
F away ATS to date <= 30% (4+ games),over,375,0.5226666666666666,0.8778762251403457,122,0.5573770491803278,1.2675004445952585,0.38001089264975096,False,False,False
L home fav & X outdoors,fav_cover,1983,0.49016641452344933,-0.8757965900658388,575,0.46608695652173915,-1.6264124296451823,0.38114062415240824,False,False,False
L home fav & X outdoors,home_cover,1983,0.49016641452344933,-0.8757965900658388,575,0.46608695652173915,-1.6264124296451823,0.38114062415240824,False,False,False
L away fav 3.5-6.5 & F home covered last game,home_cover,188,0.46808510638297873,-0.875189948987367,56,0.5178571428571429,0.26726124191242506,0.38147056115118994,False,False,False
L away fav 3.5-6.5 & F home covered last game,fav_cover,188,0.5319148936170213,0.875189948987367,56,0.48214285714285715,-0.26726124191242423,0.38147056115118994,False,False,False
F home covered last game & F away ATS to date >= 70% (4+ games),home_cover,188,0.5319148936170213,0.875189948987367,59,0.5084745762711864,0.13018891098082352,0.38147056115118994,False,False,False
F away failed to cover last game & F away 2 straight non-covers,home_cover,817,0.4847001223990208,-0.8746392856766483,264,0.4734848484848485,-0.8616404368553283,0.3817702049469216,False,False,False
F away 2 straight non-covers,home_cover,817,0.4847001223990208,-0.8746392856766483,264,0.4734848484848485,-0.8616404368553283,0.3817702049469216,False,False,False
X grass & F away 2 straight covers,over,473,0.5200845665961945,0.8736209307562357,144,0.4444444444444444,-1.333333333333334,0.3823247237384022,False,False,False
X weeks 10-13 & F away failed to cover last game,home_cover,473,0.4799154334038055,-0.8736209307562357,133,0.5112781954887218,0.26013299085723535,0.3823247237384022,False,False,False
F home ATS to date >= 70% (4+ games),fav_cover,379,0.47757255936675463,-0.8732313447937734,97,0.4742268041237113,-0.5076730825668099,0.3825369932136724,False,False,False
F home won last game by 21+ & F away failed to cover last game,home_cover,159,0.5345911949685535,0.8723567442899584,50,0.46,-0.5656854249492378,0.3830137903609616,False,False,False
X grass & X week 1,over,159,0.46540880503144655,-0.8723567442899584,48,0.5416666666666666,0.5773502691896253,0.3830137903609616,False,False,False
L total on key 41/44/37/47 & F away 2 straight non-covers,fav_cover,159,0.46540880503144655,-0.8723567442899584,38,0.3157894736842105,-2.271099895830676,0.3830137903609616,False,False,False
L total 37-39.5 & X weeks 5-9,fav_cover,190,0.46842105263157896,-0.8705715001320137,26,0.5,0.0,0.38398816339805686,False,False,False
L home fav & X night (>=19h),home_cover,338,0.5236686390532544,0.8702852691526742,163,0.49079754601226994,-0.23497813499638726,0.38414452713888103,False,False,False
L home fav & X night (>=19h),fav_cover,338,0.5236686390532544,0.8702852691526742,163,0.49079754601226994,-0.23497813499638726,0.38414452713888103,False,False,False
X grass & X early (<14h),fav_cover,1192,0.4874161073825503,-0.86892666954524,352,0.4914772727272727,-0.3198010745334164,0.38488724118404694,False,False,False
L home fav & F away 2 straight non-covers,home_cover,585,0.48205128205128206,-0.8682431421244589,192,0.4427083333333333,-1.5877132402714715,0.3852612410903169,False,False,False
L home fav & F away 2 straight non-covers,fav_cover,585,0.48205128205128206,-0.8682431421244589,192,0.4427083333333333,-1.5877132402714715,0.3852612410903169,False,False,False
X night (>=19h) & F home covered last game,home_cover,225,0.5288888888888889,0.8666666666666656,115,0.5130434782608696,0.2797514424720949,0.3861246742838145,False,False,False
F away failed to cover last game,fav_cover,1825,0.4898630136986301,-0.8661044892513683,564,0.4645390070921986,-1.6843038421330379,0.3864328635654197,False,False,False
L home fav 10+ & F home last game went under,home_cover,192,0.46875,-0.8660254037844387,55,0.509090909090909,0.13483997249264762,0.38647623077123283,False,False,False
L home fav 10+ & F home last game went under,fav_cover,192,0.46875,-0.8660254037844387,55,0.509090909090909,0.13483997249264762,0.38647623077123283,False,False,False
L total half-point & X grass,home_cover,1123,0.4870881567230632,-0.8653825223924586,318,0.449685534591195,-1.7944708930945412,0.38682887059756177,False,False,False
L home fav & F home 2 straight covers,fav_cover,589,0.48217317487266553,-0.8652899256018458,189,0.4603174603174603,-1.0910894511799627,0.38687967889818964,False,False,False
L home fav & F away 2 straight non-covers,over,589,0.5178268251273345,0.8652899256018458,199,0.5778894472361809,2.1975317355258395,0.38687967889818964,False,False,False
L home fav & F home 2 straight covers,home_cover,589,0.48217317487266553,-0.8652899256018458,189,0.4603174603174603,-1.0910894511799627,0.38687967889818964,False,False,False
X divisional & X late afternoon (15-17h),home_cover,387,0.4780361757105943,-0.8641585652180931,115,0.40869565217391307,-1.9582600973046582,0.38750079044522234,False,False,False
F home ATS to date <= 30% (4+ games) & F away last game went under,over,163,0.5337423312883436,0.8615864949867538,63,0.47619047619047616,-0.37796447300922764,0.38891510526492334,False,False,False
X weeks 14-16 & F away 2 straight non-covers,home_cover,163,0.5337423312883436,0.8615864949867538,53,0.41509433962264153,-1.2362450755382008,0.38891510526492334,False,False,False
F home covered last game & F home revenge (lost to opp earlier this season),home_cover,229,0.47161572052401746,-0.859064180591617,58,0.43103448275862066,-1.050451462877781,0.39030510787635,False,False,False
F away 2 straight covers & F away last game went over,over,393,0.5216284987277354,0.8575365629190432,138,0.427536231884058,-1.702513061517497,0.39114841699687997,False,False,False
L total half-point & F home 2 straight covers,fav_cover,393,0.47837150127226463,-0.857536562919041,107,0.3925233644859813,-2.2234939248050267,0.3911484169968813,False,False,False
X away travels west 2+ h & F home covered last game,fav_cover,196,0.5306122448979592,0.8571428571428581,69,0.4057971014492754,-1.5650160901149992,0.3913659383075514,False,False,False
L home fav 0.5-2.5 & F away last game went under,over,196,0.46938775510204084,-0.8571428571428565,66,0.6060606060606061,1.7232808737106584,0.3913659383075523,False,False,False
X outdoors & F away last game went over,home_cover,1394,0.4885222381635581,-0.857074534408928,424,0.45754716981132076,-1.7483145522430752,0.39140369389793417,False,False,False
L home fav 0.5-2.5 & X outdoors,over,307,0.4755700325732899,-0.8560952183030247,105,0.4857142857142857,-0.29277002188456,0.39194511334064375,False,False,False
F home covered last game & F home last game went under,over,924,0.5140692640692641,0.8553372034477028,308,0.5162337662337663,0.5698028822981909,0.3923644971475868,False,False,False
L home fav 0.5-2.5 & X early (<14h),over,231,0.47186147186147187,-0.8553372034476994,86,0.5348837209302325,0.6469966392206296,0.3923644971475888,False,False,False
X turf & F away covered last game,fav_cover,725,0.48413793103448277,-0.854198555614438,236,0.5084745762711864,0.26037782196164705,0.3929949833648121,False,False,False
L home fav,over,2654,0.4917106254709872,-0.8540872078149423,812,0.5024630541871922,0.14037248126872226,0.3930566712306378,False,False,False
X grass & F away failed to cover last game,home_cover,1078,0.487012987012987,-0.852802865422442,347,0.42939481268011526,-2.6304578227655937,0.3937686346429927,False,False,False
L total half-point & M ML likes home more than spread (top 20%),home_cover,198,0.4696969696969697,-0.8528028654224409,108,0.4444444444444444,-1.154700538379252,0.39376863464299316,False,False,False
X early (<14h) & F home ATS to date <= 30% (4+ games),home_cover,198,0.5303030303030303,0.8528028654224409,68,0.4852941176470588,-0.24253562503633302,0.39376863464299316,False,False,False
L total on key 41/44/37/47 & F away last game went under,fav_cover,311,0.4758842443729904,-0.8505719656856133,98,0.5,0.0,0.3950071679183198,False,False,False
X weeks 5-9 & F home ATS to date <= 30% (4+ games),home_cover,200,0.53,0.8485281374238578,62,0.5,0.0,0.39614390915207376,False,False,False
X grass & X rest home - away <= -3,home_cover,200,0.47,-0.8485281374238578,91,0.42857142857142855,-1.3627702877384942,0.39614390915207376,False,False,False
X outdoors & F home last game went over,over,1339,0.48842419716206126,-0.8471716331135036,438,0.5,0.0,0.39689946237118723,False,False,False
L total 37-39.5 & X grass,home_cover,505,0.48118811881188117,-0.8454889030309719,58,0.4827586206896552,-0.2626128657194448,0.39783792586338995,False,False,False
L home fav 0.5-2.5 & X early (<14h),fav_cover,237,0.5274261603375527,0.8444407432001202,86,0.4418604651162791,-1.078327732034384,0.3984231630555364,False,False,False
L home fav 0.5-2.5 & X early (<14h),home_cover,237,0.5274261603375527,0.8444407432001202,86,0.4418604651162791,-1.078327732034384,0.3984231630555364,False,False,False
X outdoors & F home 2 straight covers,home_cover,619,0.48303715670436187,-0.844061264611048,175,0.4742857142857143,-0.6803360514166084,0.3986351716774601,False,False,False
X grass,over,2361,0.4913172384582804,-0.843792893085149,755,0.4794701986754967,-1.1282055141326013,0.3987851475603521,False,False,False
X divisional & F away failed to cover last game,over,747,0.48460508701472554,-0.841525993254294,223,0.45739910313901344,-1.2723341073466081,0.4000533294622386,False,False,False
X weeks 14-16 & F away 2 straight covers,fav_cover,171,0.4678362573099415,-0.8411910241920605,55,0.5818181818181818,1.2135597524338353,0.4002409280956405,False,False,False
X weeks 14-16 & F away covered last game,fav_cover,362,0.47790055248618785,-0.8409413299642187,114,0.543859649122807,0.9365858115816945,0.4003808031520797,False,False,False
X outdoors & F home lost last game by 21+,fav_cover,278,0.4748201438848921,-0.8396642014656943,72,0.4444444444444444,-0.9428090415820638,0.401096691155292,False,False,False
L total 0-36.5 & X grass,over,364,0.521978021978022,0.8386278693775359,3,0.6666666666666666,0.5773502691896256,0.40167816646977217,False,False,False
X outdoors & F away ATS to date <= 30% (4+ games),fav_cover,280,0.475,-0.8366600265340763,87,0.41379310344827586,-1.6081688022566925,0.4027836942464753,False,False,False
L total half-point & F home covered last game,over,895,0.5139664804469274,0.8356578380810952,258,0.5310077519379846,0.9961164901835062,0.40334742068486595,False,False,False
L home fav & F away last game went over,fav_cover,1207,0.487986743993372,-0.8347268106299356,360,0.4777777777777778,-0.8432740427115669,0.40387154258421587,False,False,False
L home fav & F away last game went over,home_cover,1207,0.487986743993372,-0.8347268106299356,360,0.4777777777777778,-0.8432740427115669,0.40387154258421587,False,False,False
F home last game went under & F away last game went under,fav_cover,897,0.48606465997770343,-0.834725704117724,300,0.5,0.0,0.4038721657377182,False,False,False
L total 37-39.5 & F away covered last game,fav_cover,323,0.47678018575851394,-0.8346223261119855,47,0.425531914893617,-1.0210549404852618,0.40393038757645927,False,False,False
X weeks 5-9 & F home last game went under,fav_cover,519,0.4816955684007707,-0.8340074344816795,166,0.5301204819277109,0.7761505257063338,0.4042767944517127,False,False,False
L total 43-45.5 & X grass,home_cover,519,0.4816955684007707,-0.8340074344816795,225,0.4577777777777778,-1.2666666666666666,0.4042767944517127,False,False,False
L home fav & X weeks 10-13,over,635,0.48346456692913387,-0.833359579639172,182,0.489010989010989,-0.2964997266644409,0.4046419637985168,False,False,False
L total on key 41/44/37/47 & F home failed to cover last game,home_cover,325,0.47692307692307695,-0.8320502943378427,90,0.45555555555555555,-0.843274042711568,0.405380556458943,False,False,False
L total 40-42.5 & F away 2 straight covers,fav_cover,175,0.4685714285714286,-0.8315218406202997,40,0.55,0.6324555320336764,0.4056788952850532,False,False,False
X weeks 5-9 & F home failed to cover last game,home_cover,523,0.4818355640535373,-0.8308119919485897,155,0.4645161290322581,-0.8835412617927483,0.40607984708818146,False,False,False
L home fav 10+,fav_cover,419,0.4797136038186158,-0.8305043468682526,123,0.45528455284552843,-0.991836598134176,0.4062536911899737,False,False,False
L home fav 10+,home_cover,419,0.4797136038186158,-0.8305043468682526,123,0.45528455284552843,-0.991836598134176,0.4062536911899737,False,False,False
L home fav & F away failed to cover last game,fav_cover,1306,0.4885145482388974,-0.8301367993687284,379,0.45910290237467016,-1.5923630405062947,0.40646144319383737,False,False,False
L home fav & F away failed to cover last game,home_cover,1306,0.4885145482388974,-0.8301367993687284,379,0.45910290237467016,-1.5923630405062947,0.40646144319383737,False,False,False
X weeks 14-16 & F away last game went under,home_cover,372,0.521505376344086,0.8295613557843395,130,0.47692307692307695,-0.5262348115842169,0.40678683339846566,False,False,False
L home fav & X Monday,over,177,0.5310734463276836,0.8268106308031116,60,0.5,0.0,0.4083444035862529,False,False,False
M ML likes home more than spread (top 20%),over,423,0.5200945626477541,0.8265682851547348,238,0.46638655462184875,-1.0371259576834628,0.4084817994015264,False,False,False
X outdoors & F home last game went over,fav_cover,1320,0.5113636363636364,0.8257228238447698,421,0.4489311163895487,-2.095691768962891,0.40896134203687495,False,False,False
F home last game went under & F home revenge (lost to opp earlier this season),fav_cover,212,0.5283018867924528,0.8241633836921339,61,0.47540983606557374,-0.38411063979868837,0.40984672936846334,False,False,False
X late afternoon (15-17h) & F home covered last game,over,478,0.5188284518828452,0.8233008367434278,149,0.5167785234899329,0.409615960259521,0.41033693792365566,False,False,False
F away failed to cover last game & F away last game went over,fav_cover,923,0.48645720476706394,-0.8228850233457902,259,0.4749034749034749,-0.8077806958015602,0.41057338023595236,False,False,False
X weeks 10-13 & F home last game went over,fav_cover,427,0.5199063231850117,0.8226876614429073,125,0.512,0.268328157299975,0.41068563366540545,False,False,False
X grass & F away lost last game by 21+,fav_cover,179,0.4692737430167598,-0.8221786020271293,43,0.3953488372093023,-1.3724871329934423,0.41097525526904155,False,False,False
L total on key 41/44/37/47 & F away failed to cover last game,fav_cover,333,0.4774774774774775,-0.8219949365267861,87,0.47126436781609193,-0.5360562674188978,0.4110797787233156,False,False,False
L away fav 3.5-6.5 & F home last game went under,fav_cover,214,0.5280373831775701,0.8203031124295961,74,0.527027027027027,0.4649905549752762,0.41204333252063097,False,False,False
L away fav 3.5-6.5 & F home last game went under,home_cover,214,0.4719626168224299,-0.8203031124295961,74,0.47297297297297297,-0.46499055497527714,0.41204333252063097,False,False,False
L total 46-48.5 & X grass,over,292,0.476027397260274,-0.8192880303729135,185,0.5027027027027027,0.07352146220938002,0.4126221000979182,False,False,False
X weeks 10-13 & F away failed to cover last game,over,484,0.48140495867768596,-0.8181818181818179,139,0.48201438848920863,-0.4240944648399855,0.4132533754936407,False,False,False
X dome/closed & F home 2 straight covers,fav_cover,181,0.4696132596685083,-0.8176235608718823,75,0.4666666666666667,-0.5773502691896256,0.41357216984340184,False,False,False
X late afternoon (15-17h) & F away 2 straight non-covers,over,216,0.5277777777777778,0.8164965809277264,69,0.5942028985507246,1.5650160901149992,0.4142161782425249,False,False,False
L total half-point & F away lost last game by 21+,fav_cover,150,0.4666666666666667,-0.8164965809277258,46,0.5869565217391305,1.1795356492391778,0.4142161782425253,False,False,False
X turf & F away last game went under,home_cover,728,0.5151098901098901,0.8153742483272084,239,0.5606694560669456,1.8758540593241384,0.4148581201462429,False,False,False
X divisional & X weeks 2-4,fav_cover,255,0.4745098039215686,-0.8140915784106949,78,0.4230769230769231,-1.3587324409735149,0.41559249002303345,False,False,False
L total 37-39.5 & X weeks 10-13,fav_cover,183,0.5300546448087432,0.813143398050031,23,0.5217391304347826,0.2085144140570746,0.41613584707827833,False,False,False
L total 43-45.5 & X weeks 2-4,over,183,0.46994535519125685,-0.8131433980500296,73,0.4520547945205479,-0.8192880303729144,0.4161358470782792,False,False,False
L away fav & F home ATS to date <= 30% (4+ games),fav_cover,218,0.4724770642201835,-0.8127425537743156,61,0.47540983606557374,-0.38411063979868837,0.41636567790816525,False,False,False
L away fav & F home ATS to date <= 30% (4+ games),home_cover,218,0.5275229357798165,0.8127425537743139,61,0.5245901639344263,0.38411063979868837,0.41636567790816637,False,False,False
F away ATS to date >= 70% (4+ games) & F away 2 straight covers,fav_cover,218,0.5275229357798165,0.8127425537743139,56,0.4642857142857143,-0.5345224838248485,0.41636567790816637,False,False,False
F away last game went over,home_cover,1859,0.49058633674018287,-0.8117613123247502,566,0.4558303886925795,-2.101656758545992,0.4169286052630139,False,False,False
X late afternoon (15-17h) & F away failed to cover last game,home_cover,492,0.4817073170731707,-0.8115026712006898,146,0.3972602739726027,-2.4828176658071044,0.4170770595205642,False,False,False
L home fav 3.5-6.5 & F away 2 straight covers,fav_cover,152,0.46710526315789475,-0.8111071056538125,52,0.4423076923076923,-0.8320502943378439,0.4173041656274046,False,False,False
L home fav 7.5-9.5 & X divisional,home_cover,152,0.46710526315789475,-0.8111071056538125,30,0.36666666666666664,-1.4605934866804433,0.4173041656274046,False,False,False
L home fav 7.5-9.5 & X divisional,fav_cover,152,0.46710526315789475,-0.8111071056538125,30,0.36666666666666664,-1.4605934866804433,0.4173041656274046,False,False,False
L home fav 3.5-6.5 & F away 2 straight covers,home_cover,152,0.46710526315789475,-0.8111071056538125,52,0.4423076923076923,-0.8320502943378439,0.4173041656274046,False,False,False
F away 2 straight non-covers & F away last game went under,over,390,0.5205128205128206,0.8101914936669348,149,0.5771812080536913,1.8842334171937944,0.4178301256313288,False,False,False
L total half-point & F home failed to cover last game,fav_cover,807,0.4857496902106567,-0.8096383453800788,246,0.5,0.0,0.4181480627648615,False,False,False
L home fav 3.5-6.5 & F away failed to cover last game,over,441,0.48072562358276644,-0.8095238095238096,139,0.5251798561151079,0.5937322507759786,0.41821391318549006,False,False,False
X grass & X weeks 14-16,home_cover,441,0.5192743764172335,0.8095238095238073,142,0.4295774647887324,-1.6783627165933785,0.41821391318549117,False,False,False
F home last game went over & F home revenge (lost to opp earlier this season),home_cover,220,0.5272727272727272,0.809039834955889,55,0.45454545454545453,-0.6741998624632423,0.4184922334468206,False,False,False
F home revenge (lost to opp earlier this season) & F away last game went over,over,220,0.5272727272727272,0.809039834955889,61,0.47540983606557374,-0.38411063979868837,0.4184922334468206,False,False,False
F home covered last game & F away ATS to date <= 30% (4+ games),fav_cover,185,0.4702702702702703,-0.8087360843031879,54,0.3888888888888889,-1.632993161855452,0.41866696764013245,False,False,False
L total 0-36.5 & X grass,fav_cover,345,0.4782608695652174,-0.8075728530872477,3,0.3333333333333333,-0.5773502691896258,0.41933651958377327,False,False,False
L home fav & F away won last game by 21+,home_cover,154,0.5324675324675324,0.8058229640253792,45,0.4888888888888889,-0.14907119849998618,0.42034493503392945,False,False,False
L total on key 41/44/37/47 & F away 2 straight non-covers,over,154,0.5324675324675324,0.8058229640253792,39,0.5128205128205128,0.16012815380508658,0.42034493503392945,False,False,False
L home fav & F away won last game by 21+,fav_cover,154,0.5324675324675324,0.8058229640253792,45,0.4888888888888889,-0.14907119849998618,0.42034493503392945,False,False,False
X outdoors & F away failed to cover last game,over,1390,0.4892086330935252,-0.8046626711787292,439,0.5011389521640092,0.04772739599033705,0.4210143661935202,False,False,False
L total half-point & X late afternoon (15-17h),over,502,0.5179282868525896,0.8033793168194124,150,0.5266666666666666,0.6531972647421795,0.4217555260005561,False,False,False
X weeks 14-16 & F home last game went under,over,349,0.4785100286532951,-0.8029315913582844,120,0.4583333333333333,-0.9128709291752773,0.4220142752741638,False,False,False
L total half-point & X divisional,fav_cover,752,0.4853723404255319,-0.8022574532384208,197,0.5177664974619289,0.4987293499153675,0.4224040483342484,False,False,False
X grass & X rest home - away >= 3,over,189,0.4708994708994709,-0.8001322641986395,77,0.4935064935064935,-0.11396057645963799,0.4236341695789658,False,False,False
F home last game went under & F away won last game by 21+,over,189,0.4708994708994709,-0.8001322641986395,55,0.5636363636363636,0.9438798074485384,0.4236341695789658,False,False,False
L home fav 3.5-6.5 & F away 2 straight non-covers,over,189,0.5291005291005291,0.8001322641986379,75,0.6133333333333333,1.9629909152447267,0.4236341695789665,False,False,False
F home covered last game & F away failed to cover last game,home_cover,902,0.4866962305986696,-0.7991125898544325,268,0.48134328358208955,-0.6108472217815261,0.4242251300934119,False,False,False
L home fav & F away 2 straight covers,over,453,0.48123620309050774,-0.7987296757493967,139,0.4676258992805755,-0.7633700367119743,0.42444717549044775,False,False,False
L |spread| = 3.5 & X outdoors,home_cover,265,0.47547169811320755,-0.7985836518841364,108,0.4444444444444444,-1.154700538379252,0.42453187014444427,False,False,False
X Monday,over,265,0.5245283018867924,0.7985836518841364,86,0.43023255813953487,-1.2939932784412613,0.42453187014444427,False,False,False
L total 0-36.5 & F away failed to cover last game,over,226,0.5265486725663717,0.7982281262852884,5,0.4,-0.44721359549995787,0.4247381182661403,False,False,False
L away fav exactly 3 & X outdoors,over,226,0.47345132743362833,-0.7982281262852867,61,0.5245901639344263,0.38411063979868837,0.4247381182661414,False,False,False
L total on key 41/44/37/47 & F away last game went under,over,308,0.4772727272727273,-0.7977240352174649,100,0.5,0.0,0.42503065278492813,False,False,False
X divisional & F home covered last game,over,762,0.48556430446194226,-0.7969759116024399,214,0.48130841121495327,-0.5468687416197308,0.42546502133778374,False,False,False
L away fav 3.5-6.5 & F home last game went over,home_cover,191,0.4712041884816754,-0.7959320658216639,63,0.5079365079365079,0.12598815766974195,0.42607152222465094,False,False,False
L away fav 3.5-6.5 & F home last game went over,over,191,0.5287958115183246,0.7959320658216623,65,0.5076923076923077,0.12403473458920802,0.42607152222465183,False,False,False
L away fav 3.5-6.5 & F home last game went over,fav_cover,191,0.5287958115183246,0.7959320658216623,63,0.49206349206349204,-0.12598815766974283,0.42607152222465183,False,False,False
X grass & X Monday,over,158,0.5316455696202531,0.7955572841757287,54,0.3888888888888889,-1.632993161855452,0.42628940287342765,False,False,False
L total 37-39.5 & F away last game went over,home_cover,310,0.5225806451612903,0.7951465679458909,32,0.5,0.0,0.42652824883677143,False,False,False
F home failed to cover last game & F home last game went over,fav_cover,841,0.4863258026159334,-0.7931034482758634,279,0.4444444444444444,-1.8559214542766747,0.42771755396250377,False,False,False
L away fav & X early (<14h),over,703,0.5149359886201992,0.7920300007249518,247,0.4939271255060729,-0.1908854288927334,0.4283431834865037,False,False,False
X dome/closed & X turf,over,774,0.5142118863049095,0.7907736701585477,252,0.4880952380952381,-0.37796447300922764,0.4290760772022719,False,False,False
F home won last game by 21+ & F away covered last game,home_cover,160,0.46875,-0.7905694150420948,30,0.4,-1.0954451150103321,0.42919530044034926,False,False,False
X home off bye,over,271,0.47601476014760147,-0.7896937610000234,73,0.547945205479452,0.8192880303729135,0.4297066358510748,False,False,False
L total 43-45.5 & X early (<14h),over,520,0.4826923076923077,-0.7893522173763261,199,0.4723618090452261,-0.7797693255091697,0.42990617506590434,False,False,False
F home 2 straight non-covers & F away 2 straight non-covers,home_cover,195,0.5282051282051282,0.7877263614433765,66,0.5,0.0,0.43085678249972803,False,False,False
F home 2 straight covers & F away 2 straight covers,fav_cover,195,0.5282051282051282,0.7877263614433765,65,0.49230769230769234,-0.12403473458920802,0.43085678249972803,False,False,False
F home lost last game by 21+ & F away failed to cover last game,over,195,0.5282051282051282,0.7877263614433765,48,0.3125,-2.598076211353316,0.43085678249972803,False,False,False
L |spread| = 6.5,home_cover,195,0.4717948717948718,-0.7877263614433765,49,0.3673469387755102,-1.857142857142857,0.43085678249972803,False,False,False
X turf & X late afternoon (15-17h),home_cover,316,0.5221518987341772,0.787561530648217,77,0.4805194805194805,-0.341881729378914,0.4309532240007887,False,False,False
F home 2 straight non-covers & F home last game went over,fav_cover,365,0.4794520547945205,-0.7851358838853216,128,0.5,0.0,0.4323739025432123,False,False,False
X outdoors & F away lost last game by 21+,over,234,0.47435897435897434,-0.7844645405527366,62,0.45161290322580644,-0.7620007620011432,0.4327675806677844,False,False,False
F away ATS to date <= 30% (4+ games) & F away last game went over,home_cover,197,0.4720812182741117,-0.7837175498670054,51,0.4117647058823529,-1.2602520756252091,0.4332058624189039,False,False,False
X turf & X late afternoon (15-17h),over,320,0.521875,0.7826237921249256,78,0.5512820512820513,0.9058216273156773,0.43384806576643964,False,False,False
X divisional & F home 2 straight non-covers,over,320,0.478125,-0.7826237921249256,106,0.4528301886792453,-0.971285862357264,0.43384806576643964,False,False,False
X weeks 10-13 & F away failed to cover last game,fav_cover,473,0.5179704016913319,0.781660832781894,133,0.48872180451127817,-0.2601329908572366,0.43441392566907666,False,False,False
X grass & X rest home - away <= -3,fav_cover,199,0.5276381909547738,0.7797693255091681,91,0.42857142857142855,-1.3627702877384942,0.43552666471172863,False,False,False
M ML likes home less than spread (bottom 20%),over,424,0.5188679245283019,0.7770286898858112,256,0.4765625,-0.75,0.4371418438777761,False,False,False
X weeks 5-9 & F home covered last game,over,538,0.516728624535316,0.7760351044066083,176,0.5227272727272727,0.6030226891555267,0.4377282589388056,False,False,False
L away fav 0.5-2.5 & X grass,fav_cover,201,0.527363184079602,0.7758801774444593,89,0.48314606741573035,-0.3179993640019077,0.437819737744219,False,False,False
F home lost last game by 21+ & F away last game went over,fav_cover,201,0.472636815920398,-0.7758801774444577,43,0.4883720930232558,-0.15249857033260494,0.4378197377442199,False,False,False
L away fav 0.5-2.5 & X grass,home_cover,201,0.472636815920398,-0.7758801774444577,89,0.5168539325842697,0.31799936400190876,0.4378197377442199,False,False,False
X outdoors & F home lost last game by 21+,home_cover,281,0.47686832740213525,-0.775514982153461,72,0.4027777777777778,-1.6499158227686106,0.4380354159549653,False,False,False
L total half-point & F home last game went under,over,881,0.5130533484676504,0.7748896886085895,259,0.4749034749034749,-0.8077806958015602,0.4384048456758567,False,False,False
X divisional & X night (>=19h),fav_cover,240,0.525,0.7745966692414842,105,0.5142857142857142,0.29277002188455886,0.4385780260809993,False,False,False
X weeks 14-16,fav_cover,735,0.4857142857142857,-0.7745966692414837,231,0.5238095238095238,0.7237468644557467,0.4385780260809997,False,False,False
F home failed to cover last game & F away last game went over,fav_cover,887,0.48703494926719276,-0.7722644195540372,283,0.48056537102473496,-0.6538821281055414,0.4399578342556507,False,False,False
L home fav 3.5-6.5,over,887,0.48703494926719276,-0.7722644195540372,298,0.4966442953020134,-0.11585688927269827,0.4399578342556507,False,False,False
L |spread| = 3.5 & F home last game went under,home_cover,168,0.5297619047619048,0.7715167498104597,69,0.5217391304347826,0.36115755925730736,0.44040069813900296,False,False,False
X outdoors & X rest home - away >= 3,fav_cover,242,0.47520661157024796,-0.7713892158398691,93,0.5053763440860215,0.10369516947304244,0.440476265281061,False,False,False
X week 1,fav_cover,242,0.47520661157024796,-0.7713892158398691,76,0.47368421052631576,-0.458831467741124,0.440476265281061,False,False,False
L home fav 3.5-6.5 & X turf,fav_cover,381,0.5196850393700787,0.7684732793678386,128,0.515625,0.35355339059327373,0.44220605952618763,False,False,False
L home fav 3.5-6.5 & X turf,home_cover,381,0.5196850393700787,0.7684732793678386,128,0.515625,0.35355339059327373,0.44220605952618763,False,False,False
X divisional & F away 2 straight covers,fav_cover,332,0.4789156626506024,-0.7683498199278319,99,0.5050505050505051,0.10050378152592185,0.44227938390722055,False,False,False
F home covered last game,over,1849,0.5089237425635479,0.7674418604651183,579,0.49740932642487046,-0.12467574523850784,0.44281884806990224,False,False,False
L |spread| = 3.5 & F away last game went over,home_cover,170,0.47058823529411764,-0.7669649888473705,65,0.4,-1.6124515496597096,0.4431023319909091,False,False,False
F away ATS to date <= 30% (4+ games) & F away last game went under,fav_cover,170,0.47058823529411764,-0.7669649888473705,65,0.46153846153846156,-0.6201736729460419,0.4431023319909091,False,False,False
F away covered last game & F away revenge (lost to opp earlier this season),home_cover,170,0.47058823529411764,-0.7669649888473705,53,0.3584905660377358,-2.0604084592303353,0.4431023319909091,False,False,False
X early (<14h) & F away last game went under,home_cover,984,0.4878048780487805,-0.7650920556760066,321,0.5264797507788161,0.948847472716109,0.4442167301386064,False,False,False
X grass & X night (>=19h),over,289,0.47750865051903113,-0.7647058823529416,153,0.45098039215686275,-1.2126781251816647,0.44444670263492414,False,False,False
L home fav 10+ & F away last game went under,fav_cover,207,0.5265700483091788,0.7645528515426077,64,0.4375,-1.0,0.44453785376403143,False,False,False
L home fav 10+ & F away last game went under,home_cover,207,0.5265700483091788,0.7645528515426077,64,0.4375,-1.0,0.44453785376403143,False,False,False
F home covered last game & F away failed to cover last game,over,909,0.5126512651265126,0.7628618458276554,277,0.5126353790613718,0.4205892376882754,0.4455457927016173,False,False,False
L total 37-39.5 & F home 2 straight non-covers,over,172,0.5290697674418605,0.7624928516630247,20,0.45,-0.44721359549995787,0.4457659079148413,False,False,False
L away fav & F away won last game by 21+,fav_cover,209,0.47368421052631576,-0.7608859102526829,51,0.5686274509803921,0.9801960588196066,0.44672521491763506,False,False,False
L away fav & F away won last game by 21+,home_cover,209,0.5263157894736842,0.7608859102526813,51,0.43137254901960786,-0.9801960588196066,0.44672521491763617,False,False,False
R ref prior home cover >= 55% (60+),home_cover,293,0.5221843003412969,0.7594681091880817,129,0.4573643410852713,-0.9684959969581867,0.44757258410254197,False,False,False
X turf & F home 2 straight non-covers,over,340,0.5205882352941177,0.759256602365298,92,0.44565217391304346,-1.0425720702853742,0.4476990724652925,False,False,False
L home fav 3.5-6.5 & X weeks 5-9,over,250,0.476,-0.7589466384404118,84,0.5119047619047619,0.2182178902359916,0.4478844782641116,False,False,False
F home ATS to date >= 70% (4+ games) & F home last game went under,over,174,0.5287356321839081,0.758098043578904,53,0.5283018867924528,0.41208169184606697,0.448392290843453,False,False,False
F away won last game by 21+ & F away last game went over,fav_cover,211,0.5260663507109005,0.7572712299036654,56,0.4642857142857143,-0.5345224838248485,0.4488873835339051,False,False,False
L total half-point & X weeks 14-16,home_cover,344,0.5203488372093024,0.7548294124240703,106,0.49056603773584906,-0.1942571724714528,0.45035134358487294,False,False,False
L home fav 0.5-2.5 & F away failed to cover last game,over,176,0.5284090909090909,0.7537783614444098,63,0.5873015873015873,1.3858697343671669,0.4509823192688822,False,False,False
X dome/closed & F away last game went under,over,397,0.5188916876574308,0.7528284198427448,141,0.5106382978723404,0.25264557631995477,0.45155302638278516,False,False,False
X weeks 14-16 & F home last game went under,home_cover,346,0.5202312138728323,0.7526446627986572,118,0.4745762711864407,-0.5523447707389938,0.45166347130651907,False,False,False
X turf & X weeks 14-16,over,299,0.4782608695652174,-0.7518094115561118,92,0.43478260869565216,-1.2510864843424487,0.45216568135019264,False,False,False
L home fav 3.5-6.5 & F home last game went over,home_cover,399,0.48120300751879697,-0.7509392614826393,128,0.3671875,-3.005203820042827,0.4526892104584048,False,False,False
L home fav 3.5-6.5 & F home last game went over,fav_cover,399,0.48120300751879697,-0.7509392614826393,128,0.3671875,-3.005203820042827,0.4526892104584048,False,False,False
F home ATS to date >= 70% (4+ games) & F home 2 straight covers,fav_cover,215,0.4744186046511628,-0.7501937734175202,57,0.49122807017543857,-0.1324532357065048,0.4531380083756744,False,False,False
L total 49-51.5,home_cover,215,0.5255813953488372,0.7501937734175202,139,0.4244604316546763,-1.7811967523279384,0.4531380083756744,False,False,False
L away fav 3.5-6.5 & F away covered last game,over,215,0.5255813953488372,0.7501937734175202,74,0.5135135135135135,0.2324952774876381,0.4531380083756744,False,False,False
X outdoors & X late afternoon (15-17h),home_cover,860,0.4872093023255814,-0.7501937734175202,242,0.4049586776859504,-2.9569919940528355,0.4531380083756744,False,False,False
X grass & F home last game went over,home_cover,1026,0.48830409356725146,-0.7492686492653552,346,0.4393063583815029,-2.2579339883959753,0.45369529970392897,False,False,False
L total 43-45.5 & F home failed to cover last game,home_cover,407,0.48157248157248156,-0.7435223956449151,160,0.5,0.0,0.45716546767084276,False,False,False
X late afternoon (15-17h) & F away 2 straight non-covers,fav_cover,219,0.4748858447488584,-0.7433111162394354,68,0.35294117647058826,-2.4253562503633295,0.4572933430084114,False,False,False
L |spread| = 3.5,home_cover,356,0.4803370786516854,-0.7419985160044517,139,0.4748201438848921,-0.5937322507759799,0.4580882347158104,False,False,False
X late afternoon (15-17h) & X away travels west 2+ h,home_cover,356,0.4803370786516854,-0.7419985160044517,112,0.4017857142857143,-2.0788046015507495,0.4580882347158104,False,False,False
X dome/closed & F home 2 straight covers,over,182,0.4725274725274725,-0.7412493166611016,78,0.48717948717948717,-0.22645540682891932,0.4585422862551143,False,False,False
X outdoors & X weeks 10-13,over,730,0.4863013698630137,-0.7402332101976052,213,0.4694835680751174,-0.890745322775791,0.45915849959084865,False,False,False
F away last game went over,over,1870,0.5085561497326203,0.7399956641006076,578,0.4688581314878893,-1.4974025954538641,0.4593026252646242,False,False,False
F home revenge (lost to opp earlier this season) & F away last game went over,home_cover,221,0.5248868778280543,0.7399400733959444,60,0.4166666666666667,-1.2909944487358054,0.45933635731478906,False,False,False
X turf & F home failed to cover last game,home_cover,732,0.5136612021857924,0.7392212709545737,207,0.5120772946859904,0.34752402342845945,0.45977264654856587,False,False,False
X outdoors & X rest home - away <= -3,fav_cover,264,0.5227272727272727,0.7385489458759957,122,0.4344262295081967,-1.448571936680297,0.4601809354471207,False,False,False
X dome/closed & F away 2 straight covers,over,184,0.5271739130434783,0.737209780774486,76,0.39473684210526316,-1.835325870964494,0.4609947864255779,False,False,False
L total 0-36.5 & X early (<14h),fav_cover,311,0.4790996784565916,-0.737162370260866,5,0.2,-1.3416407864998738,0.46102361396046243,False,False,False
L home fav 0.5-2.5 & X outdoors,home_cover,311,0.5209003215434084,0.737162370260866,105,0.4666666666666667,-0.683130051063973,0.46102361396046243,False,False,False
L home fav 0.5-2.5 & X outdoors,fav_cover,311,0.5209003215434084,0.737162370260866,105,0.4666666666666667,-0.683130051063973,0.46102361396046243,False,False,False
F away last game went under,home_cover,1777,0.4912774338773213,-0.7353904402465942,587,0.5059625212947189,0.2889209201945462,0.4621017422485534,False,False,False
X grass & F away 2 straight non-covers,over,474,0.4831223628691983,-0.7349043394794013,166,0.5180722891566265,0.46569031542379974,0.46239775535821215,False,False,False
L total 40-42.5 & F home last game went under,home_cover,417,0.48201438848920863,-0.7345531603115877,135,0.5407407407407407,0.9467292624062575,0.4626116731990253,False,False,False
X weeks 10-13 & F away 2 straight covers,home_cover,225,0.47555555555555556,-0.7333333333333331,71,0.4788732394366197,-0.35603449745815646,0.46335514926959664,False,False,False
X weeks 14-16 & F home 2 straight non-covers,over,186,0.4731182795698925,-0.7332355751067657,56,0.4107142857142857,-1.336306209562122,0.46341476103474166,False,False,False
X outdoors & X away travels west 2+ h,home_cover,419,0.4821002386634845,-0.7327979531190465,135,0.4074074074074074,-2.1516574145596765,0.4636816699213311,False,False,False
X turf & F home won last game by 21+,fav_cover,151,0.5298013245033113,0.7324096128940445,35,0.5142857142857142,0.16903085094570272,0.4639185931874279,False,False,False
L total half-point & F away 2 straight covers,fav_cover,366,0.5191256830601093,0.7317917228850442,120,0.525,0.5477225575051666,0.46429570186248714,False,False,False
L home fav 3.5-6.5 & X late afternoon (15-17h),over,227,0.5242290748898678,0.7300956427599681,65,0.5230769230769231,0.3721042037676258,0.46533172454469107,False,False,False
L total 40-42.5 & F away covered last game,fav_cover,368,0.48097826086956524,-0.7298004491997606,100,0.46,-0.7999999999999996,0.4655121698741873,False,False,False
L total 37-39.5 & X late afternoon (15-17h),over,188,0.4734042553191489,-0.729324957489473,23,0.5652173913043478,0.6255432421712238,0.4658029092418441,False,False,False
X outdoors,over,3026,0.4933906146728354,-0.7271525467006009,951,0.4942166140904311,-0.3566994393190381,0.46713251201187944,False,False,False
L total 37-39.5 & F away 2 straight non-covers,home_cover,155,0.5290322580645161,0.7228973960122494,23,0.6086956521739131,1.0425720702853742,0.469742923483242,False,False,False
X early (<14h) & X home off bye,over,155,0.47096774193548385,-0.7228973960122494,43,0.5813953488372093,1.067489992328233,0.469742923483242,False,False,False
"X turf & X away travels east 2+ h, early game",fav_cover,155,0.47096774193548385,-0.7228973960122494,51,0.5294117647058824,0.42008402520840304,0.469742923483242,False,False,False
L total 43-45.5 & X weeks 14-16,fav_cover,155,0.47096774193548385,-0.7228973960122494,61,0.5409836065573771,0.6401843996644806,0.469742923483242,False,False,False
L home fav & F home covered last game,over,1296,0.48996913580246915,-0.7222222222222214,407,0.49385749385749383,-0.24784079854830576,0.47015786285767014,False,False,False
L home fav 7.5-9.5 & X early (<14h),over,192,0.4739583333333333,-0.7216878364870327,48,0.5208333333333334,0.2886751345948134,0.47048642205878943,False,False,False
L home fav & X weeks 10-13,fav_cover,626,0.48562300319488816,-0.7194246902796895,175,0.49714285714285716,-0.07559289460184489,0.471879288557165,False,False,False
L home fav & X weeks 10-13,home_cover,626,0.48562300319488816,-0.7194246902796895,175,0.49714285714285716,-0.07559289460184489,0.471879288557165,False,False,False
X grass & F home last game went over,fav_cover,1023,0.5112414467253177,0.7191012094028302,344,0.43023255813953487,-2.5879865568825227,0.47207856221572175,False,False,False
"X turf & X away travels east 2+ h, early game",over,157,0.5286624203821656,0.7182781960208598,52,0.5192307692307693,0.2773500981126152,0.4725857714705468,False,False,False
X divisional & X weeks 17-18,over,157,0.4713375796178344,-0.7182781960208598,79,0.5063291139240507,0.11250879009260299,0.4725857714705468,False,False,False
L total half-point & F home won last game by 21+,fav_cover,157,0.5286624203821656,0.7182781960208598,36,0.4166666666666667,-0.9999999999999998,0.4725857714705468,False,False,False
X away travels west 2+ h & F away covered last game,over,194,0.5257731958762887,0.7179581586177387,63,0.5079365079365079,0.12598815766974195,0.4727830861201576,False,False,False
X early (<14h) & F away ATS to date >= 70% (4+ games),fav_cover,194,0.4742268041237113,-0.7179581586177387,47,0.5531914893617021,0.729324957489473,0.4727830861201576,False,False,False
L home fav 0.5-2.5 & X grass,over,235,0.4765957446808511,-0.7175608803587857,82,0.4878048780487805,-0.2208630521496933,0.47302808563237453,False,False,False
X early (<14h) & F home revenge (lost to opp earlier this season),over,235,0.4765957446808511,-0.7175608803587857,65,0.47692307692307695,-0.37210420376762493,0.47302808563237453,False,False,False
X turf & F away 2 straight covers,fav_cover,329,0.5197568389057751,0.7167132003459622,118,0.559322033898305,1.2888044650576518,0.4735510791590536,False,False,False
X late afternoon (15-17h) & X weeks 2-4,home_cover,196,0.4744897959183674,-0.7142857142857135,58,0.43103448275862066,-1.050451462877781,0.47505052405395354,False,False,False
X rest home - away <= -3 & F home last game went over,over,159,0.5283018867924528,0.7137464271463295,82,0.47560975609756095,-0.4417261042993866,0.47538399219176153,False,False,False
L home fav 3.5-6.5 & X weeks 2-4,over,159,0.4716981132075472,-0.7137464271463295,65,0.5692307692307692,1.1163126113028758,0.47538399219176153,False,False,False
F home last game went over & F away revenge (lost to opp earlier this season),home_cover,159,0.4716981132075472,-0.7137464271463295,49,0.3673469387755102,-1.857142857142857,0.47538399219176153,False,False,False
L total half-point & F away failed to cover last game,fav_cover,869,0.48791714614499426,-0.7123762081303954,255,0.47843137254901963,-0.6888467201936637,0.47623184433333465,False,False,False
L total half-point & F home last game went over,over,873,0.4879725085910653,-0.7107423155935341,264,0.5075757575757576,0.24618298195866523,0.47724393233801465,False,False,False
L home fav 3.5-6.5 & F away last game went under,home_cover,388,0.48195876288659795,-0.710742315593533,136,0.47058823529411764,-0.6859943405700355,0.4772439323380153,False,False,False
L home fav 3.5-6.5 & F away last game went under,fav_cover,388,0.48195876288659795,-0.710742315593533,136,0.47058823529411764,-0.6859943405700355,0.4772439323380153,False,False,False
L total 40-42.5 & X weeks 10-13,home_cover,198,0.47474747474747475,-0.7106690545187012,49,0.6326530612244898,1.8571428571428577,0.4772893402694307,False,False,False
L away fav & X away travels west 2+ h,home_cover,161,0.4720496894409938,-0.7092993656151906,55,0.45454545454545453,-0.6741998624632423,0.4781387220217499,False,False,False
L away fav & X away travels west 2+ h,fav_cover,161,0.5279503105590062,0.7092993656151906,55,0.5454545454545454,0.6741998624632415,0.4781387220217499,False,False,False
X turf & X weeks 2-4,fav_cover,288,0.5208333333333334,0.7071067811865488,92,0.43478260869565216,-1.2510864843424487,0.4795001221869528,False,False,False
L home fav 0.5-2.5 & F away last game went under,home_cover,200,0.525,0.7071067811865481,66,0.45454545454545453,-0.7385489458759966,0.47950012218695326,False,False,False
L home fav 0.5-2.5 & F away last game went under,fav_cover,200,0.525,0.7071067811865481,66,0.45454545454545453,-0.7385489458759966,0.47950012218695326,False,False,False
X grass,fav_cover,2314,0.49265341400172863,-0.706801137437152,734,0.46866485013623976,-1.6978909822087942,0.4796900676323004,False,False,False
F away last game went under,over,1804,0.4916851441241685,-0.7063224140220157,603,0.5091210613598673,0.4479546293064532,0.47998765768589036,False,False,False
X night (>=19h) & F away last game went over,home_cover,243,0.4773662551440329,-0.7056503290095427,110,0.4727272727272727,-0.5720775535473557,0.4804056174202955,False,False,False
L away fav & F home failed to cover last game,home_cover,652,0.5138036809815951,0.7049344049891632,238,0.4789915966386555,-0.6482037235521638,0.4808510580715222,False,False,False
X dome/closed & X weeks 14-16,over,163,0.4723926380368098,-0.7049344049891617,54,0.3888888888888889,-1.632993161855452,0.48085105807152306,False,False,False
L away fav & F home failed to cover last game,fav_cover,652,0.48619631901840493,-0.7049344049891604,238,0.5210084033613446,0.6482037235521655,0.48085105807152395,False,False,False
L home fav 7.5-9.5 & F away last game went over,home_cover,163,0.5276073619631901,0.7049344049891604,43,0.4418604651162791,-0.7624928516630233,0.48085105807152395,False,False,False
L home fav 7.5-9.5 & F away last game went over,fav_cover,163,0.5276073619631901,0.7049344049891604,43,0.4418604651162791,-0.7624928516630233,0.48085105807152395,False,False,False
L total 46-48.5 & X dome/closed,fav_cover,202,0.5247524752475248,0.7035975447302926,92,0.5108695652173914,0.2085144140570757,0.4816834408300743,False,False,False
F home lost last game by 21+ & F home 2 straight non-covers,fav_cover,202,0.5247524752475248,0.7035975447302926,47,0.48936170212765956,-0.14586499149789475,0.4816834408300743,False,False,False
F home 2 straight non-covers & F away failed to cover last game,fav_cover,396,0.4823232323232323,-0.7035264706814486,124,0.4838709677419355,-0.3592106040535495,0.48172771631662625,False,False,False
F away covered last game & F away ATS to date >= 70% (4+ games),home_cover,292,0.5205479452054794,0.7022468831767824,79,0.5316455696202531,0.562543950463011,0.4825252123138828,False,False,False
L total 46-48.5 & X turf,home_cover,292,0.5205479452054794,0.7022468831767824,130,0.5307692307692308,0.7016464154456235,0.4825252123138828,False,False,False
F home last game went under & F away failed to cover last game,home_cover,903,0.4883720930232558,-0.698836241921709,293,0.5017064846416383,0.05842062378369947,0.4846543764642992,False,False,False
X divisional & X dome/closed,home_cover,347,0.4812680115273775,-0.6978765652235245,111,0.4864864864864865,-0.2847473987257491,0.4852543912210554,False,False,False
X grass & F away failed to cover last game,over,1087,0.48942042318307266,-0.6976105887804874,355,0.476056338028169,-0.9022663171382688,0.4854207577468532,False,False,False
F away ATS to date <= 30% (4+ games) & F away 2 straight non-covers,fav_cover,206,0.47572815533980584,-0.6967330142916173,74,0.40540540540540543,-1.6274669424134696,0.48596989378848243,False,False,False
X early (<14h) & F away ATS to date <= 30% (4+ games),fav_cover,206,0.47572815533980584,-0.6967330142916173,66,0.4393939393939394,-0.9847319278346619,0.48596989378848243,False,False,False
L total half-point & F home 2 straight covers,over,404,0.48267326732673266,-0.696526033146993,112,0.5089285714285714,0.18898223650461296,0.48609945973617696,False,False,False
F home last game went over & F away last game went over,home_cover,909,0.4884488448844885,-0.6965260331469909,274,0.44525547445255476,-1.8123662799905307,0.4860994597361783,False,False,False
F home covered last game & F away last game went over,over,909,0.5115511551155115,0.6965260331469909,270,0.48148148148148145,-0.6085806194501855,0.4860994597361783,False,False,False
L total 40-42.5 & X dome/closed,home_cover,167,0.47305389221556887,-0.696440909280723,47,0.5106382978723404,0.145864991497894,0.4861527509503514,False,False,False
L total 40-42.5 & F home 2 straight covers,home_cover,169,0.5266272189349113,0.692307692307693,41,0.5121951219512195,0.1561737618886062,0.4887441203865066,False,False,False
X rest home - away >= 3 & F away last game went over,fav_cover,169,0.5266272189349113,0.692307692307693,54,0.5925925925925926,1.360827634879543,0.4887441203865066,False,False,False
F away last game went under & F away revenge (lost to opp earlier this season),fav_cover,169,0.47337278106508873,-0.692307692307693,59,0.5423728813559322,0.6509445549041194,0.4887441203865066,False,False,False
X weeks 14-16 & F home revenge (lost to opp earlier this season),home_cover,169,0.5266272189349113,0.692307692307693,45,0.4444444444444444,-0.7453559924999302,0.4887441203865066,False,False,False
L total half-point & X night (>=19h),over,253,0.5217391304347826,0.6915640748081242,121,0.47107438016528924,-0.6363636363636367,0.48921112904166053,False,False,False
X early (<14h) & X weeks 10-13,over,538,0.4851301115241636,-0.6898089816947627,165,0.4484848484848485,-1.323448205074589,0.49031431966906913,False,False,False
F away last game went under,fav_cover,1771,0.49181253529079616,-0.6891102619565485,586,0.46245733788395904,-1.817623246498461,0.4907538826757194,False,False,False
X temp > 80,fav_cover,255,0.5215686274509804,0.6888467201936654,115,0.4260869565217391,-1.5852581740085336,0.49091973119106935,False,False,False
X outdoors & X temp > 80,fav_cover,255,0.5215686274509804,0.6888467201936654,115,0.4260869565217391,-1.5852581740085336,0.49091973119106935,False,False,False
X rest home - away >= 3 & F away last game went over,over,171,0.47368421052631576,-0.688247201611686,58,0.5344827586206896,0.5252257314388896,0.49129712421589256,False,False,False
F home failed to cover last game & F away won last game by 21+,over,171,0.47368421052631576,-0.688247201611686,41,0.5365853658536586,0.4685212856658186,0.49129712421589256,False,False,False
X outdoors & F home last game went under,home_cover,1432,0.4909217877094972,-0.6870713493561988,445,0.48764044943820223,-0.5214500094539758,0.49203776776179087,False,False,False
L total half-point & X early (<14h),fav_cover,1026,0.48927875243664715,-0.6868295951599107,286,0.5104895104895105,0.3547874375934507,0.4921901176333776,False,False,False
X outdoors & F home last game went over,home_cover,1325,0.49056603773584906,-0.686802819743445,423,0.4562647754137116,-1.7990015618073667,0.4922069926558157,False,False,False
F home last game went over,home_cover,1785,0.4918767507002801,-0.6864025490801711,561,0.46345811051693403,-1.7310213567750719,0.4924592974852682,False,False,False
L total 46-48.5 & F home failed to cover last game,fav_cover,257,0.5214007782101168,0.686161147706987,134,0.44029850746268656,-1.3821894809301762,0.49261149486897104,False,False,False
X divisional & X grass,fav_cover,937,0.4887940234791889,-0.6860400964040426,276,0.4746376811594203,-0.8427009716003845,0.4926878241069299,False,False,False
L home fav 3.5-6.5 & F home covered last game,fav_cover,418,0.48325358851674644,-0.684762383262325,142,0.47183098591549294,-0.6713450866373517,0.49349387616814466,False,False,False
L home fav 3.5-6.5 & F home covered last game,home_cover,418,0.48325358851674644,-0.684762383262325,142,0.47183098591549294,-0.6713450866373517,0.49349387616814466,False,False,False
X early (<14h) & F home covered last game,over,1034,0.5106382978723404,0.6841674549282326,311,0.4919614147909968,-0.28352398856187044,0.4938694306222078,False,False,False
L total 49-51.5,fav_cover,214,0.5233644859813084,0.6835859270246618,139,0.4748201438848921,-0.5937322507759799,0.49423667368744817,False,False,False
X late afternoon (15-17h) & F away 2 straight covers,over,214,0.5233644859813084,0.6835859270246618,74,0.44594594594594594,-0.9299811099505543,0.49423667368744817,False,False,False
X outdoors & F home won last game by 21+,over,259,0.47876447876447875,-0.6835067426013205,65,0.4153846153846154,-1.3643820804812927,0.49428669106298484,False,False,False
X weeks 2-4,home_cover,694,0.48703170028818443,-0.6832706562010114,235,0.4808510638297872,-0.5870952657480988,0.49443583269873104,False,False,False
X late afternoon (15-17h) & F away last game went over,fav_cover,485,0.5154639175257731,0.6811149137797473,144,0.5,0.0,0.49579878099897856,False,False,False
X grass & F home won last game by 21+,over,175,0.4742857142857143,-0.6803360514166084,50,0.4,-1.4142135623730947,0.49629170223109353,False,False,False
L home fav & R ref prior home cover <= 45% (60+),over,312,0.4807692307692308,-0.679366220486757,68,0.45588235294117646,-0.7276068751089991,0.4969058475647681,False,False,False
X early (<14h) & F away 2 straight non-covers,home_cover,428,0.48364485981308414,-0.6767155423319635,151,0.5165562913907285,0.40689422938557906,0.4985864533006277,False,False,False
F away last game went over,fav_cover,1843,0.4921323928377645,-0.6755155182596918,563,0.5168738898756661,0.80075452872607,0.4993482954684798,False,False,False
X away travels west 2+ h & F home last game went under,home_cover,220,0.4772727272727273,-0.6741998624632415,72,0.4305555555555556,-1.1785113019775788,0.5001842570707948,False,False,False
L total 0-36.5 & F away failed to cover last game,fav_cover,220,0.4772727272727273,-0.6741998624632415,5,0.2,-1.3416407864998738,0.5001842570707948,False,False,False
X away travels west 2+ h & F away last game went over,fav_cover,220,0.5227272727272727,0.6741998624632415,75,0.52,0.34641016151377574,0.5001842570707948,False,False,False
X grass & X late afternoon (15-17h),over,714,0.5126050420168067,0.6736330697086054,240,0.4791666666666667,-0.6454972243679024,0.5005446232443338,False,False,False
X divisional & F home 2 straight non-covers,home_cover,318,0.5188679245283019,0.672926584910453,103,0.49514563106796117,-0.09853292781642928,0.5009939981227101,False,False,False
L total 0-36.5 & F home last game went over,home_cover,179,0.5251396648044693,0.6726915834767423,4,0.75,1.0,0.5011435232163577,False,False,False
L home fav 10+ & X divisional,over,179,0.4748603351955307,-0.6726915834767423,50,0.46,-0.5656854249492378,0.5011435232163577,False,False,False
L total 43-45.5 & F home 2 straight non-covers,over,179,0.5251396648044693,0.6726915834767423,82,0.4268292682926829,-1.3251783128981587,0.5011435232163577,False,False,False
X weeks 10-13 & F home 2 straight covers,home_cover,222,0.4774774774774775,-0.6711560552140241,68,0.5588235294117647,0.9701425001453321,0.5021211202263316,False,False,False
X night (>=19h) & F home failed to cover last game,home_cover,222,0.4774774774774775,-0.6711560552140241,109,0.45871559633027525,-0.8620436566990357,0.5021211202263316,False,False,False
F home failed to cover last game & F away ATS to date >= 70% (4+ games),fav_cover,181,0.5248618784530387,0.6689647316224494,47,0.3829787234042553,-1.60451490647684,0.5035179759689405,False,False,False
F home ATS to date <= 30% (4+ games) & F home 2 straight non-covers,fav_cover,224,0.5223214285714286,0.6681531047810619,66,0.4696969696969697,-0.49236596391733045,0.5040358664525042,False,False,False
L home fav & R ref prior over >= 55% (60+ games),over,224,0.5223214285714286,0.6681531047810619,93,0.43010752688172044,-1.3480372031495527,0.5040358664525042,False,False,False
L away fav & X outdoors,home_cover,991,0.48940464177598386,-0.6670869848892853,349,0.47277936962750716,-1.0170466823871596,0.5047165730864709,False,False,False
L away fav & X outdoors,fav_cover,991,0.5105953582240161,0.6670869848892853,349,0.5272206303724928,1.0170466823871576,0.5047165730864709,False,False,False
L home fav & X weeks 5-9,over,730,0.5123287671232877,0.666209889177845,225,0.5288888888888889,0.8666666666666656,0.5052769528380454,False,False,False
F home last game went under & F away 2 straight non-covers,over,381,0.48293963254593175,-0.6660101754521283,143,0.5594405594405595,1.4216114170120553,0.5054045964793075,False,False,False
X outdoors & F home ATS to date <= 30% (4+ games),over,273,0.5201465201465202,0.665750285935684,93,0.3763440860215054,-2.3849888978799783,0.5055707258803315,False,False,False
F home failed to cover last game & F away ATS to date >= 70% (4+ games),home_cover,183,0.5245901639344263,0.6652991438591163,47,0.574468085106383,1.0210549404852627,0.505859178079598,False,False,False
X early (<14h) & F away lost last game by 21+,over,183,0.5245901639344263,0.6652991438591163,50,0.42,-1.1313708498984762,0.505859178079598,False,False,False
X outdoors & X weeks 5-9,over,817,0.5116279069767442,0.6647258571142547,265,0.5132075471698113,0.4300065817837657,0.5062258523273861,False,False,False
L total 37-39.5 & F away last game went under,home_cover,383,0.4830287206266319,-0.6642689693998737,59,0.5084745762711864,0.13018891098082352,0.5065181778238979,False,False,False
L away fav 3.5-6.5 & X divisional,over,185,0.5243243243243243,0.6616931598844262,58,0.4827586206896552,-0.2626128657194448,0.508167889294008,False,False,False
X divisional & F away failed to cover last game,home_cover,740,0.48783783783783785,-0.6616931598844262,220,0.4818181818181818,-0.5393598899705938,0.508167889294008,False,False,False
L total 0-36.5 & F away last game went over,home_cover,185,0.5243243243243243,0.6616931598844262,1,0.0,-1.0,0.508167889294008,False,False,False
L total 46-48.5,over,586,0.4863481228668942,-0.6609539078176212,320,0.490625,-0.33541019662496924,0.5086418731115345,False,False,False
F away 2 straight covers & F away last game went under,fav_cover,391,0.4833759590792839,-0.657438258651426,123,0.43089430894308944,-1.5328383789346345,0.5108991582179767,False,False,False
F home last game went under & F away last game went over,over,926,0.4892008639308855,-0.6572407799007753,296,0.47635135135135137,-0.8137334712067342,0.5110261080533722,False,False,False
L home fav & X night (>=19h),over,334,0.5179640718562875,0.6566107861975005,169,0.4911242603550296,-0.2307692307692305,0.5114312116061401,False,False,False
"L home fav & X away travels east 2+ h, early game",fav_cover,232,0.521551724137931,0.6565321642986133,68,0.5,0.0,0.5114817794495521,False,False,False
"L home fav & X away travels east 2+ h, early game",home_cover,232,0.521551724137931,0.6565321642986133,68,0.5,0.0,0.5114817794495521,False,False,False
X turf & F away failed to cover last game,fav_cover,752,0.488031914893617,-0.6563924617405253,219,0.5159817351598174,0.473016164879641,0.5115716394438399,False,False,False
L total 40-42.5 & X early (<14h),over,456,0.48464912280701755,-0.6556100681071855,152,0.4868421052631579,-0.3244428422615247,0.5120750458379035,False,False,False
X outdoors & F home failed to cover last game,over,1342,0.4910581222056632,-0.6551413085191364,436,0.49311926605504586,-0.287347885566346,0.5123767780856641,False,False,False
F home last game went over & F away ATS to date <= 30% (4+ games),home_cover,189,0.47619047619047616,-0.6546536707079779,57,0.42105263157894735,-1.1920791213585398,0.5126907602619228,False,False,False
L home fav 3.5-6.5 & F away 2 straight covers,over,150,0.47333333333333333,-0.6531972647421809,51,0.49019607843137253,-0.14002800840280127,0.5136291133931241,False,False,False
L home fav 10+ & F away covered last game,over,150,0.5266666666666666,0.6531972647421795,47,0.40425531914893614,-1.3127849234810514,0.513629113393125,False,False,False
L total 46-48.5 & F home last game went over,fav_cover,285,0.519298245614035,0.6515837655349999,150,0.46,-0.9797958971132706,0.5146697234497364,False,False,False
X early (<14h) & F home last game went under,fav_cover,1039,0.4898941289701636,-0.6514956509855837,318,0.5408805031446541,1.4580076006393148,0.5147265835754622,False,False,False
F home covered last game & F away 2 straight covers,over,399,0.5162907268170426,0.6508140266182854,134,0.5,0.0,0.5151665445589888,False,False,False
L |spread| = 3.5 & F away covered last game,home_cover,152,0.47368421052631576,-0.6488856845230507,62,0.45161290322580644,-0.7620007620011432,0.5164122683960379,False,False,False
X turf & F away ATS to date >= 70% (4+ games),home_cover,152,0.5263157894736842,0.6488856845230494,48,0.5416666666666666,0.5773502691896253,0.5164122683960388,False,False,False
X outdoors & X week 1,over,193,0.47668393782383417,-0.6478341756738258,55,0.4727272727272727,-0.40451991747794536,0.5170922085137413,False,False,False
L home fav 0.5-2.5 & F home last game went under,fav_cover,193,0.5233160621761658,0.6478341756738243,69,0.4057971014492754,-1.5650160901149992,0.5170922085137422,False,False,False
L home fav 0.5-2.5 & F home last game went under,home_cover,193,0.5233160621761658,0.6478341756738243,69,0.4057971014492754,-1.5650160901149992,0.5170922085137422,False,False,False
F away covered last game & F away ATS to date >= 70% (4+ games),fav_cover,289,0.5190311418685121,0.6470588235294104,79,0.43037974683544306,-1.237596691018626,0.5175938734573933,False,False,False
X outdoors & X weeks 2-4,over,539,0.48608534322820035,-0.646095738380923,176,0.5284090909090909,0.7537783614444098,0.5182173551252283,False,False,False
X weeks 14-16 & F home last game went under,fav_cover,346,0.48265895953757226,-0.6451239966845641,118,0.6016949152542372,2.209379082955975,0.5188468341915886,False,False,False
X divisional & F away ATS to date <= 30% (4+ games),home_cover,154,0.474025974025974,-0.6446583712203044,42,0.42857142857142855,-0.9258200997725518,0.5191485989924063,False,False,False
X early (<14h) & F away ATS to date >= 70% (4+ games),home_cover,195,0.5230769230769231,0.6445033866354904,47,0.574468085106383,1.0210549404852627,0.5192490622486559,False,False,False
X away travels west 2+ h & F home covered last game,over,195,0.5230769230769231,0.6445033866354904,68,0.5294117647058824,0.48507125007266605,0.5192490622486559,False,False,False
L total half-point & F home ATS to date >= 70% (4+ games),over,195,0.47692307692307695,-0.6445033866354889,49,0.4897959183673469,-0.14285714285714302,0.519249062248657,False,False,False
F away ATS to date <= 30% (4+ games) & F away last game went over,fav_cover,195,0.47692307692307695,-0.6445033866354889,50,0.38,-1.697056274847714,0.519249062248657,False,False,False
X late afternoon (15-17h) & F away last game went under,fav_cover,474,0.48523206751054854,-0.643041297044475,147,0.38095238095238093,-2.8867513459481295,0.5201973036374163,False,False,False
X late afternoon (15-17h) & F home last game went under,home_cover,474,0.48523206751054854,-0.643041297044475,157,0.45222929936305734,-1.197130326701433,0.5201973036374163,False,False,False
X late afternoon (15-17h) & F away last game went under,home_cover,474,0.48523206751054854,-0.643041297044475,147,0.46258503401360546,-0.9072647087265544,0.5201973036374163,False,False,False
X weeks 5-9 & X home off bye,over,156,0.47435897435897434,-0.6405126152203491,38,0.6052631578947368,1.2977713690461001,0.5218393903336151,False,False,False
X late afternoon (15-17h) & F home failed to cover last game,home_cover,480,0.48541666666666666,-0.639009650422694,137,0.43795620437956206,-1.452408018118493,0.5228166539190886,False,False,False
X turf & X weeks 14-16,home_cover,297,0.48148148148148145,-0.6382847385042264,90,0.5444444444444444,0.8432740427115669,0.5232883447117391,False,False,False
X dome/closed & F away failed to cover last game,home_cover,415,0.4843373493975904,-0.6381449017759601,130,0.5153846153846153,0.35082320772281045,0.5233793597805303,False,False,False
X grass & F away last game went over,home_cover,1083,0.4903047091412742,-0.6381239817359035,335,0.4417910447761194,-2.1307976223617966,0.5233929766362762,False,False,False
X turf & F home lost last game by 21+,over,158,0.5253164556962026,0.6364458273405846,35,0.4,-1.183215956619923,0.5244858793188225,False,False,False
"X away travels east 2+ h, early game & F home covered last game",fav_cover,158,0.47468354430379744,-0.6364458273405846,48,0.4583333333333333,-0.5773502691896261,0.5244858793188225,False,False,False
L |spread| = 3.5 & F home failed to cover last game,home_cover,158,0.5253164556962026,0.6364458273405846,64,0.359375,-2.25,0.5244858793188225,False,False,False
X rest home - away >= 3 & F away covered last game,over,158,0.47468354430379744,-0.6364458273405846,60,0.5666666666666667,1.0327955589886444,0.5244858793188225,False,False,False
F away ATS to date >= 70% (4+ games) & F away last game went over,fav_cover,201,0.5223880597014925,0.6348110542727371,51,0.5098039215686274,0.1400280084028005,0.5255516528137956,False,False,False
X divisional & X outdoors,fav_cover,1202,0.4908485856905158,-0.6345567189915364,349,0.4899713467048711,-0.37470140930053175,0.5257175636029352,False,False,False
L total half-point & F away revenge (lost to opp earlier this season),over,160,0.475,-0.6324555320336764,41,0.4878048780487805,-0.1561737618886062,0.5270892568655376,False,False,False
L home fav exactly 3 & F away last game went under,over,160,0.475,-0.6324555320336764,53,0.5471698113207547,0.6868028197434449,0.5270892568655376,False,False,False
X rest home - away >= 3 & F home last game went over,fav_cover,160,0.475,-0.6324555320336764,54,0.5,0.0,0.5270892568655376,False,False,False
L home fav 0.5-2.5 & X divisional,over,160,0.475,-0.6324555320336764,45,0.4666666666666667,-0.4472135954999578,0.5270892568655376,False,False,False
L total 37-39.5 & F home failed to cover last game,fav_cover,360,0.48333333333333334,-0.6324555320336758,43,0.4418604651162791,-0.7624928516630233,0.5270892568655381,False,False,False
L home fav 3.5-6.5 & F home failed to cover last game,over,360,0.48333333333333334,-0.6324555320336758,130,0.5307692307692308,0.7016464154456235,0.5270892568655381,False,False,False
L total half-point & X late afternoon (15-17h),fav_cover,490,0.5142857142857142,0.6324555320336736,145,0.3931034482758621,-2.5744098754659386,0.5270892568655396,False,False,False
L total 43-45.5 & F away covered last game,fav_cover,423,0.4846335697399527,-0.6320816298242107,162,0.5617283950617284,1.5713484026367737,0.5273335383428248,False,False,False
L total 46-48.5 & F away last game went over,home_cover,303,0.48184818481848185,-0.6319334885835686,154,0.4155844155844156,-2.095139706465988,0.527430339409801,False,False,False
F home last game went over & F away 2 straight non-covers,fav_cover,425,0.48470588235294115,-0.6305926250944667,121,0.371900826446281,-2.8181818181818183,0.5283069222032841,False,False,False
L total 43-45.5 & X outdoors,fav_cover,646,0.48761609907120745,-0.6295115802917058,287,0.5121951219512195,0.4131969352706691,0.5290141897745613,False,False,False
X early (<14h) & F away covered last game,over,1010,0.4900990099009901,-0.6293167755275532,317,0.47318611987381703,-0.9548151257129418,0.5291416909253395,False,False,False
X turf & F away covered last game,home_cover,731,0.5116279069767442,0.628767713237014,237,0.4767932489451477,-0.7145267827077938,0.5295011403425347,False,False,False
X weeks 10-13 & F home last game went under,fav_cover,496,0.48588709677419356,-0.6286185570937116,153,0.5032679738562091,0.08084520834544404,0.5295988084250078,False,False,False
F home lost last game by 21+ & F away last game went over,over,205,0.47804878048780486,-0.628587266192621,44,0.36363636363636365,-1.8090680674665816,0.5296192990034512,False,False,False
L home fav & X temp > 80,fav_cover,162,0.47530864197530864,-0.6285393610547089,72,0.4027777777777778,-1.6499158227686106,0.5296506700533425,False,False,False
F home won last game by 21+ & F home 2 straight covers,home_cover,162,0.47530864197530864,-0.6285393610547089,45,0.4666666666666667,-0.4472135954999578,0.5296506700533425,False,False,False
L home fav & X temp > 80,home_cover,162,0.47530864197530864,-0.6285393610547089,72,0.4027777777777778,-1.6499158227686106,0.5296506700533425,False,False,False
L |spread| = 2.5 & X outdoors,fav_cover,162,0.5246913580246914,0.6285393610547089,81,0.48148148148148145,-0.3333333333333338,0.5296506700533425,False,False,False
F home won last game by 21+ & F away covered last game,over,162,0.47530864197530864,-0.6285393610547089,31,0.25806451612903225,-2.6940795304016234,0.5296506700533425,False,False,False
L home fav & X week 1,fav_cover,162,0.47530864197530864,-0.6285393610547089,47,0.425531914893617,-1.0210549404852618,0.5296506700533425,False,False,False
L home fav & X week 1,home_cover,162,0.47530864197530864,-0.6285393610547089,47,0.425531914893617,-1.0210549404852618,0.5296506700533425,False,False,False
X turf & F away covered last game,over,733,0.5115961800818554,0.6279093268801489,244,0.47540983606557374,-0.7682212795973767,0.5300633406910529,False,False,False
X divisional & X weeks 5-9,over,366,0.5163934426229508,0.6272500481871808,103,0.5048543689320388,0.09853292781642928,0.5304953412370883,False,False,False
X grass & X away travels west 2+ h,over,368,0.5163043478260869,0.6255432421712228,129,0.5193798449612403,0.4402254531628127,0.5316145768816132,False,False,False
J away spread juiced,fav_cover,256,0.48046875,-0.625,127,0.5590551181102362,1.3310347641241709,0.5319710580974011,False,False,False
X weeks 14-16,over,741,0.4885290148448043,-0.6245106046150481,238,0.44537815126050423,-1.6853296812356264,0.5322923081398487,False,False,False
X dome/closed & X early (<14h),over,577,0.512998266897747,0.6244581706827201,167,0.49101796407185627,-0.23214696976024146,0.5323267327671215,False,False,False
L total half-point,home_cover,1875,0.4928,-0.6235382907247944,549,0.48269581056466304,-0.810900239575007,0.5329308479687251,False,False,False
F home 2 straight non-covers & F away last game went under,fav_cover,372,0.4838709677419355,-0.6221710168382546,123,0.4959349593495935,-0.09016696346674372,0.5338294217441399,False,False,False
L total 37-39.5 & X early (<14h),over,437,0.4851258581235698,-0.6218743352054221,58,0.5689655172413793,1.050451462877781,0.5340245022181962,False,False,False
X outdoors & X turf,over,840,0.5107142857142857,0.6210590034081166,245,0.5265306122448979,0.8305395344999215,0.5345608020345065,False,False,False
L total 40-42.5 & F home 2 straight non-covers,home_cover,166,0.5240963855421686,0.6209204205650654,48,0.5625,0.8660254037844387,0.5346519845194204,False,False,False
F home 2 straight non-covers & F away last game went under,home_cover,374,0.516042780748663,0.6205052279940212,123,0.5609756097560976,1.3525044520011495,0.5349252131384408,False,False,False
X grass & F home revenge (lost to opp earlier this season),home_cover,260,0.5192307692307693,0.6201736729460436,75,0.4533333333333333,-0.8082903768654764,0.5351434523977496,False,False,False
X grass & F home ATS to date >= 70% (4+ games),fav_cover,211,0.4786729857819905,-0.6195855517393627,39,0.4358974358974359,-0.8006407690254356,0.5355306814297958,False,False,False
X outdoors & F home covered last game,fav_cover,1383,0.5083152566883586,0.6184673052510516,422,0.4976303317535545,-0.0973584767022481,0.5362673431989351,False,False,False
L total 46-48.5 & F home failed to cover last game,over,262,0.48091603053435117,-0.6178020632152147,141,0.46099290780141844,-0.9263671131731709,0.5367058232556741,False,False,False
X weeks 10-13 & F away covered last game,fav_cover,443,0.4853273137697517,-0.6176486395892541,129,0.5193798449612403,0.4402254531628127,0.5368069747396278,False,False,False
X turf & F home ATS to date >= 70% (4+ games),fav_cover,168,0.47619047619047616,-0.6172133998483683,58,0.5,0.0,0.5370939784426412,False,False,False
X weeks 14-16 & F home revenge (lost to opp earlier this season),fav_cover,168,0.47619047619047616,-0.6172133998483683,45,0.5333333333333333,0.4472135954999578,0.5370939784426412,False,False,False
X weeks 14-16 & F home revenge (lost to opp earlier this season),over,168,0.47619047619047616,-0.6172133998483683,45,0.4444444444444444,-0.7453559924999302,0.5370939784426412,False,False,False
X late afternoon (15-17h) & F away 2 straight covers,home_cover,213,0.5211267605633803,0.6166698388447777,75,0.36,-2.4248711305964283,0.5374525191136286,False,False,False
X divisional & F away last game went over,over,767,0.48891786179921776,-0.6138344229729996,225,0.4622222222222222,-1.133333333333334,0.5393247476748801,False,False,False
L away fav 3.5-6.5 & F home failed to cover last game,fav_cover,215,0.5209302325581395,0.613794905523426,80,0.5375,0.6708203932499365,0.5393508641608691,False,False,False
L home fav 10+ & F home covered last game,over,215,0.5209302325581395,0.613794905523426,73,0.3972602739726027,-1.755617207941959,0.5393508641608691,False,False,False
L away fav 3.5-6.5 & F home failed to cover last game,home_cover,215,0.4790697674418605,-0.613794905523426,80,0.4625,-0.6708203932499365,0.5393508641608691,False,False,False
L home fav & F home ATS to date >= 70% (4+ games),over,323,0.48297213622291024,-0.6120563724821221,83,0.43373493975903615,-1.2074068598865937,0.5405004610240727,False,False,False
X weeks 2-4 & F home last game went over,over,323,0.48297213622291024,-0.6120563724821221,118,0.4915254237288136,-0.1841149235796642,0.5405004610240727,False,False,False
X weeks 10-13,over,967,0.4901758014477766,-0.6109988093151156,290,0.46551724137931033,-1.1744404390294074,0.5412003685793945,False,False,False
L total half-point & R ref prior over <= 45% (60+ games),home_cover,172,0.5232558139534884,0.6099942813304198,76,0.5,0.0,0.5418655957872509,False,False,False
L home fav 0.5-2.5 & F away last game went over,over,172,0.5232558139534884,0.6099942813304198,66,0.4696969696969697,-0.49236596391733045,0.5418655957872509,False,False,False
L home fav & X weeks 17-18,over,172,0.47674418604651164,-0.6099942813304183,49,0.4897959183673469,-0.14285714285714302,0.541865595787252,False,False,False
X outdoors & F away 2 straight non-covers,over,607,0.4876441515650741,-0.6088312188511498,211,0.5450236966824644,1.3080139425608759,0.5426363184020262,False,False,False
L home fav & F home revenge (lost to opp earlier this season),over,219,0.4794520547945205,-0.6081636405595382,49,0.4897959183673469,-0.14285714285714302,0.543078946871534,False,False,False
F away last game went over & F away revenge (lost to opp earlier this season),over,174,0.47701149425287354,-0.6064784348631235,50,0.52,0.2828427124746193,0.5441970982678064,False,False,False
F away failed to cover last game & F away revenge (lost to opp earlier this season),fav_cover,174,0.47701149425287354,-0.6064784348631235,58,0.603448275862069,1.5756771943166705,0.5441970982678064,False,False,False
L total on key 41/44/37/47 & F away failed to cover last game,over,329,0.5167173252279635,0.606449631061969,88,0.4431818181818182,-1.0660035817780522,0.5442162198317146,False,False,False
X turf & X weeks 10-13,home_cover,392,0.4846938775510204,-0.6060915267313272,117,0.5128205128205128,0.2773500981126136,0.5444539772747023,False,False,False
X dome/closed & F away covered last game,over,392,0.5153061224489796,0.6060915267313249,139,0.4172661870503597,-1.9508345382639327,0.5444539772747037,False,False,False
L away fav & F home revenge (lost to opp earlier this season),over,221,0.4796380090497738,-0.6054055145966808,70,0.4714285714285714,-0.4780914437337576,0.544909587792251,False,False,False
F home covered last game & F away 2 straight covers,home_cover,394,0.4847715736040609,-0.6045512662318537,135,0.5259259259259259,0.6024640760767088,0.5454771958710667,False,False,False
L total 46-48.5 & F home covered last game,home_cover,274,0.48175182481751827,-0.6041220933301763,145,0.503448275862069,0.08304547985374013,0.5457624718626395,False,False,False
F home lost last game by 21+,over,396,0.5151515151515151,0.6030226891555267,98,0.3673469387755102,-2.626396615835748,0.5464935954065824,False,False,False
L home fav & X weeks 2-4,over,465,0.4860215053763441,-0.6028605644882187,161,0.5590062111801242,1.4974097718542898,0.5466014522619305,False,False,False
X weeks 2-4 & F away covered last game,over,333,0.5165165165165165,0.6027962867863106,117,0.48717948717948717,-0.27735009811261474,0.5466442172777448,False,False,False
X night (>=19h) & F home covered last game,over,223,0.4798206278026906,-0.6026845771641827,119,0.48739495798319327,-0.2750095491084636,0.5467185434750506,False,False,False
L total 0-36.5 & X divisional,home_cover,223,0.4798206278026906,-0.6026845771641827,3,1.0,1.7320508075688774,0.5467185434750506,False,False,False
L total 37-39.5 & F home last game went over,over,335,0.4835820895522388,-0.6009942011789684,35,0.45714285714285713,-0.5070925528371102,0.5478438486065629,False,False,False
L home fav & F home won last game by 21+,over,278,0.48201438848920863,-0.5997601439040672,74,0.3783783783783784,-2.0924574973887466,0.5486660989062389,False,False,False
F home ATS to date <= 30% (4+ games) & F away covered last game,fav_cover,178,0.5224719101123596,0.5996253511966907,60,0.4666666666666667,-0.5163977794943222,0.5487559479570097,False,False,False
L total 0-36.5 & F home last game went over,fav_cover,178,0.5224719101123596,0.5996253511966907,4,0.25,-1.0,0.5487559479570097,False,False,False
X dome/closed & F home last game went under,home_cover,402,0.48507462686567165,-0.5985056016645792,142,0.5211267605633803,0.5035088149780128,0.5495026223460346,False,False,False
X outdoors & F away ATS to date <= 30% (4+ games),over,280,0.5178571428571429,0.5976143046671984,94,0.5319148936170213,0.6188527477552759,0.5500973172303958,False,False,False
X weeks 10-13 & F away 2 straight non-covers,fav_cover,227,0.5198237885462555,0.597350980439976,63,0.4603174603174603,-0.6299407883487124,0.5502730741615425,False,False,False
L home fav exactly 3 & X early (<14h),over,227,0.4801762114537445,-0.5973509804399744,51,0.5490196078431373,0.7001400420140056,0.5502730741615436,False,False,False
F home last game went over & F away ATS to date >= 70% (4+ games),fav_cover,180,0.5222222222222223,0.5962847939999447,52,0.4230769230769231,-1.1094003924504583,0.550984987585093,False,False,False
X weeks 14-16 & F home 2 straight covers,fav_cover,180,0.4777777777777778,-0.5962847939999433,51,0.47058823529411764,-0.42008402520840304,0.5509849875850941,False,False,False
F home ATS to date >= 70% (4+ games) & F away covered last game,home_cover,180,0.4777777777777778,-0.5962847939999433,55,0.36363636363636365,-2.022599587389726,0.5509849875850941,False,False,False
F home failed to cover last game & F away ATS to date <= 30% (4+ games),fav_cover,180,0.4777777777777778,-0.5962847939999433,59,0.4406779661016949,-0.9113223768657672,0.5509849875850941,False,False,False
F home 2 straight covers & F away last game went over,fav_cover,408,0.4852941176470588,-0.5940885257860047,115,0.5739130434782609,1.5852581740085336,0.5524529048817779,False,False,False
F home last game went under & F away covered last game,over,918,0.5098039215686274,0.5940885257860025,289,0.4671280276816609,-1.1176470588235297,0.5524529048817794,False,False,False
F home covered last game & F home last game went under,home_cover,920,0.4902173913043478,-0.5934424260562082,304,0.5131578947368421,0.45883146774112493,0.5528851028695372,False,False,False
L away fav 3.5-6.5 & X turf,home_cover,182,0.521978021978022,0.5929994533288818,52,0.5,0.0,0.5531815181083102,False,False,False
L away fav 3.5-6.5 & X turf,fav_cover,182,0.47802197802197804,-0.5929994533288804,52,0.5,0.0,0.5531815181083111,False,False,False
X grass & F home lost last game by 21+,home_cover,231,0.4805194805194805,-0.5921565254637923,62,0.3870967741935484,-1.7780017780026671,0.5537457784120277,False,False,False
L total 0-36.5 & F home last game went under,fav_cover,286,0.4825174825174825,-0.5913123959890833,3,0.3333333333333333,-0.5773502691896258,0.5543111254001665,False,False,False
X outdoors & X weeks 14-16,home_cover,562,0.5124555160142349,0.5905543568534376,179,0.4692737430167598,-0.8221786020271293,0.5548190548291163,False,False,False
L total 0-36.5 & F home last game went over,over,184,0.5217391304347826,0.5897678246195881,4,0.5,0.0,0.5553463166714225,False,False,False
X grass & F home last game went over,over,1041,0.4908741594620557,-0.5888819410050573,355,0.4704225352112676,-1.1145642741119786,0.5559404729016688,False,False,False
X divisional & X turf,over,649,0.4884437596302003,-0.5888015039841443,193,0.5181347150259067,0.5038710255240849,0.5559944368332344,False,False,False
L total 43-45.5 & X outdoors,over,651,0.48847926267281105,-0.5878963512522156,294,0.48299319727891155,-0.5832118435198049,0.5566018657073668,False,False,False
"L home fav & X away travels east 2+ h, early game",over,235,0.5191489361702127,0.5870952657480971,70,0.6,1.6733200530681507,0.5571397269725111,False,False,False
L total 43-45.5 & F home 2 straight covers,over,186,0.521505376344086,0.5865884600854125,78,0.44871794871794873,-0.9058216273156763,0.55748013486287,False,False,False
F home ATS to date <= 30% (4+ games) & F home last game went under,home_cover,186,0.521505376344086,0.5865884600854125,61,0.47540983606557374,-0.38411063979868837,0.55748013486287,False,False,False
F away failed to cover last game,home_cover,1833,0.49318057828696127,-0.5839272948338144,566,0.48056537102473496,-0.9247289737602382,0.5592692285170429,False,False,False
F home last game went under & F away won last game by 21+,fav_cover,188,0.5212765957446809,0.583459965991579,53,0.5283018867924528,0.41208169184606697,0.5595836997752421,False,False,False
X divisional & F away revenge (lost to opp earlier this season),over,357,0.484593837535014,-0.5821817364274594,114,0.5,0.0,0.5604442739198832,False,False,False
F away revenge (lost to opp earlier this season),over,357,0.484593837535014,-0.5821817364274594,114,0.5,0.0,0.5604442739198832,False,False,False
L total half-point & X outdoors,home_cover,1428,0.49229691876750703,-0.5821817364274574,410,0.47560975609756095,-0.9877295966495905,0.5604442739198845,False,False,False
F home failed to cover last game & F away covered last game,home_cover,855,0.49005847953216375,-0.5813877328482536,257,0.4396887159533074,-1.9337268708105968,0.560979163247004,False,False,False
X grass & F home covered last game,fav_cover,1069,0.49111318989710007,-0.581118562696287,317,0.45425867507886436,-1.628802273275018,0.5611605487739668,False,False,False
X grass & F away failed to cover last game,fav_cover,1073,0.4911463187325256,-0.5800343853290308,345,0.4318840579710145,-2.5303949396733785,0.5618914299417357,False,False,False
L total 46-48.5 & X divisional,over,241,0.48132780082987553,-0.5797409637607475,116,0.4482758620689655,-1.114172029062311,0.5620893145673551,False,False,False
L total half-point,fav_cover,1865,0.4932975871313673,-0.5788960558093619,547,0.4844606946983547,-0.7268675121753211,0.5626593117099676,False,False,False
X outdoors & F home 2 straight non-covers,fav_cover,586,0.4880546075085324,-0.5783346693404199,188,0.5106382978723404,0.291729982995788,0.5630381920125982,False,False,False
X outdoors & F home 2 straight non-covers,home_cover,592,0.5118243243243243,0.5753964555687514,190,0.48947368421052634,-0.29019050004400404,0.5650232007281317,False,False,False
X early (<14h) & F away 2 straight covers,fav_cover,436,0.48623853211009177,-0.5746957711326898,139,0.5539568345323741,1.2722833945199563,0.5654970679882672,False,False,False
F away won last game by 21+ & F away 2 straight covers,over,194,0.520618556701031,0.5743665268941915,46,0.391304347826087,-1.474419561548971,0.5657197991441891,False,False,False
F home lost last game by 21+ & F away covered last game,home_cover,194,0.4793814432989691,-0.5743665268941901,44,0.45454545454545453,-0.6030226891555275,0.56571979914419,False,False,False
F home 2 straight non-covers & F away 2 straight covers,over,194,0.4793814432989691,-0.5743665268941901,60,0.3333333333333333,-2.5819888974716116,0.56571979914419,False,False,False
X divisional & F home revenge (lost to opp earlier this season),fav_cover,438,0.5136986301369864,0.5733821790809982,117,0.5128205128205128,0.2773500981126136,0.5663859539182723,False,False,False
F home revenge (lost to opp earlier this season),fav_cover,438,0.5136986301369864,0.5733821790809982,117,0.5128205128205128,0.2773500981126136,0.5663859539182723,False,False,False
F home failed to cover last game,home_cover,1760,0.49318181818181817,-0.5720775535473568,561,0.46524064171123,-1.64658129059092,0.5672694352671073,False,False,False
F away covered last game & F away last game went over,over,889,0.5095613048368954,0.5701617002697097,287,0.44947735191637633,-1.7118158746927694,0.5685680301613836,False,False,False
L home fav & F home failed to cover last game,over,1111,0.49144914491449143,-0.5700285021376793,331,0.5166163141993958,0.604614680922245,0.5686583667139515,False,False,False
X dome/closed & X weeks 2-4,home_cover,151,0.5231788079470199,0.5696519211398118,55,0.4727272727272727,-0.40451991747794536,0.5689138055183518,False,False,False
X rest home - away >= 3 & F away failed to cover last game,fav_cover,151,0.5231788079470199,0.5696519211398118,59,0.5084745762711864,0.13018891098082352,0.5689138055183518,False,False,False
L away fav & X weeks 14-16,over,251,0.5179282868525896,0.5680749627880224,92,0.4891304347826087,-0.2085144140570746,0.5699840677206469,False,False,False
X divisional & F away ATS to date <= 30% (4+ games),fav_cover,153,0.5228758169934641,0.565916458418111,42,0.40476190476190477,-1.2344267996967353,0.571450572704999,False,False,False
L home fav exactly 7 & X outdoors,fav_cover,153,0.5228758169934641,0.565916458418111,31,0.5483870967741935,0.5388159060803241,0.571450572704999,False,False,False
L home fav exactly 7 & X outdoors,home_cover,153,0.5228758169934641,0.565916458418111,31,0.5483870967741935,0.5388159060803241,0.571450572704999,False,False,False
F home failed to cover last game & F away last game went over,over,905,0.5093922651933702,0.5650991210173568,293,0.4539249146757679,-1.577356842159863,0.5720063463417104,False,False,False
L total 37-39.5 & F away last game went over,over,314,0.4840764331210191,-0.5643326479831002,32,0.5,0.0,0.5725277664845201,False,False,False
F away 2 straight covers,over,804,0.5099502487562189,0.5642764926868761,265,0.4528301886792453,-1.5357377920848776,0.5725659769644893,False,False,False
F away covered last game & F away 2 straight covers,over,804,0.5099502487562189,0.5642764926868761,265,0.4528301886792453,-1.5357377920848776,0.5725659769644893,False,False,False
X outdoors & X weeks 5-9,fav_cover,806,0.49007444168734493,-0.5635759629410766,255,0.4823529411764706,-0.5636018619766343,0.5730427492875267,False,False,False
X weeks 5-9 & X home off bye,fav_cover,155,0.4774193548387097,-0.5622535302317493,34,0.5588235294117647,0.6859943405700355,0.5739432945009848,False,False,False
X early (<14h) & X home off bye,home_cover,155,0.5225806451612903,0.5622535302317493,40,0.525,0.3162277660168382,0.5739432945009848,False,False,False
F home covered last game & F home last game went under,fav_cover,915,0.4907103825136612,-0.5620026641711919,304,0.5296052631578947,1.0323708024175262,0.5741142039400584,False,False,False
R ref prior home cover <= 45% (60+),home_cover,456,0.5131578947368421,0.5619514869490181,113,0.48672566371681414,-0.28221626051507964,0.5741490727971608,False,False,False
X outdoors & X weeks 10-13,home_cover,713,0.4894810659186536,-0.561754414704853,206,0.49029126213592233,-0.2786932057166469,0.5742833544740762,False,False,False
F away 2 straight non-covers,fav_cover,814,0.49017199017199015,-0.5607997097862267,263,0.44106463878326996,-1.911541889532443,0.574934084570651,False,False,False
F away failed to cover last game & F away 2 straight non-covers,fav_cover,814,0.49017199017199015,-0.5607997097862267,263,0.44106463878326996,-1.911541889532443,0.574934084570651,False,False,False
X grass & X rest home - away <= -3,over,204,0.5196078431372549,0.5601120336112051,90,0.45555555555555555,-0.843274042711568,0.5754030229127527,False,False,False
F home covered last game & F away 2 straight non-covers,over,387,0.48578811369509045,-0.5591614245528833,129,0.5658914728682171,1.4967665407535606,0.5760515572041744,False,False,False
X turf & F away last game went under,fav_cover,725,0.4896551724137931,-0.5570860145311568,238,0.5168067226890757,0.5185629788417331,0.5774686624272987,False,False,False
X temp > 80,over,261,0.4827586206896552,-0.5570860145311549,117,0.5555555555555556,1.2018504251546636,0.5774686624273,False,False,False
X outdoors & X temp > 80,over,261,0.4827586206896552,-0.5570860145311549,117,0.5555555555555556,1.2018504251546636,0.5774686624273,False,False,False
L |spread| = 3.5 & F home covered last game,fav_cover,159,0.4779874213836478,-0.5551361100027007,61,0.45901639344262296,-0.6401843996644797,0.5788015653238563,False,False,False
L total 46-48.5 & X late afternoon (15-17h),home_cover,159,0.4779874213836478,-0.5551361100027007,70,0.32857142857142857,-2.868548662402545,0.5788015653238563,False,False,False
F home won last game by 21+ & F away failed to cover last game,over,159,0.5220125786163522,0.5551361100027007,51,0.49019607843137253,-0.14002800840280127,0.5788015653238563,False,False,False
F home ATS to date >= 70% (4+ games) & F away last game went under,fav_cover,159,0.4779874213836478,-0.5551361100027007,54,0.42592592592592593,-1.0886621079036347,0.5788015653238563,False,False,False
F away 2 straight covers & F away last game went under,home_cover,393,0.4860050890585242,-0.5548765995358496,123,0.5691056910569106,1.5328383789346345,0.5789790687045642,False,False,False
L home fav 10+ & X turf,over,208,0.5192307692307693,0.5547001962252304,61,0.4426229508196721,-0.8962581595302719,0.5790997419539181,False,False,False
X night (>=19h) & F away covered last game,over,208,0.5192307692307693,0.5547001962252304,109,0.46788990825688076,-0.6704783996548055,0.5790997419539181,False,False,False
L home fav & R ref prior home cover >= 55% (60+),over,208,0.4807692307692308,-0.5547001962252287,94,0.574468085106383,1.4439897447623118,0.579099741953919,False,False,False
X outdoors & X home off bye,fav_cover,208,0.4807692307692308,-0.5547001962252287,52,0.5576923076923077,0.8320502943378439,0.579099741953919,False,False,False
"X early (<14h) & X away travels east 2+ h, early game",fav_cover,326,0.48466257668711654,-0.5538487756217121,106,0.4811320754716981,-0.3885143449429056,0.5796823442445356,False,False,False
"X away travels east 2+ h, early game",fav_cover,326,0.48466257668711654,-0.5538487756217121,106,0.4811320754716981,-0.3885143449429056,0.5796823442445356,False,False,False
F home lost last game by 21+ & F home failed to cover last game,over,395,0.5139240506329114,0.5534700659692889,98,0.3673469387755102,-2.626396615835748,0.5799415725311516,False,False,False
X outdoors & X rest home - away <= -3,home_cover,265,0.4830188679245283,-0.5528656051505559,122,0.4426229508196721,-1.2675004445952596,0.5803554409777973,False,False,False
X early (<14h) & F home ATS to date >= 70% (4+ games),over,210,0.5190476190476191,0.5520524474738846,57,0.42105263157894735,-1.1920791213585398,0.5809124203331963,False,False,False
L total half-point & X rest home - away <= -3,home_cover,161,0.4782608695652174,-0.5516772843673701,77,0.5194805194805194,0.341881729378913,0.5811694758577146,False,False,False
L home fav exactly 3 & F home last game went over,over,161,0.5217391304347826,0.5516772843673701,50,0.52,0.2828427124746193,0.5811694758577146,False,False,False
L total on key 41/44/37/47 & X turf,home_cover,267,0.48314606741573035,-0.5507910552258936,66,0.5606060606060606,0.9847319278346609,0.5817769165906232,False,False,False
X outdoors & F home failed to cover last game,home_cover,1320,0.49242424242424243,-0.5504818825631799,424,0.4481132075471698,-2.136828897185981,0.5819889000572434,False,False,False
F home ATS to date >= 70% (4+ games) & F away last game went over,fav_cover,212,0.4811320754716981,-0.5494422557947559,43,0.5348837209302325,0.45749571099781333,0.5827019821339483,False,False,False
L home fav & F home last game went over,home_cover,1199,0.4920767306088407,-0.5487114331450111,356,0.43258426966292135,-2.543994912015264,0.5832034987594243,False,False,False
L home fav & F home last game went over,fav_cover,1199,0.4920767306088407,-0.5487114331450111,356,0.43258426966292135,-2.543994912015264,0.5832034987594243,False,False,False
L total 46-48.5 & X late afternoon (15-17h),over,163,0.5214723926380368,0.5482823149915698,71,0.5211267605633803,0.3560344974581555,0.5834980687189697,False,False,False
X dome/closed & X weeks 14-16,home_cover,163,0.4785276073619632,-0.5482823149915698,52,0.5,0.0,0.5834980687189697,False,False,False
F away won last game by 21+ & F away last game went over,home_cover,214,0.48130841121495327,-0.5468687416197308,56,0.39285714285714285,-1.6035674514745464,0.5844689121334481,False,False,False
F away won last game by 21+ & F away last game went over,over,214,0.5186915887850467,0.5468687416197308,56,0.4642857142857143,-0.5345224838248485,0.5844689121334481,False,False,False
X outdoors & F home ATS to date <= 30% (4+ games),fav_cover,271,0.5166051660516605,0.5467110653077083,90,0.45555555555555555,-0.843274042711568,0.5845772509298739,False,False,False
F home 2 straight covers & F home last game went over,over,405,0.48641975308641977,-0.5465943944999478,115,0.46956521739130436,-0.6527533657682194,0.5846574210119377,False,False,False
F home 2 straight covers & F home last game went under,home_cover,405,0.48641975308641977,-0.5465943944999478,137,0.4744525547445255,-0.5980503604017332,0.5846574210119377,False,False,False
L home fav & F away covered last game,fav_cover,1086,0.49171270718232046,-0.5462074161309626,339,0.4808259587020649,-0.7060630805716387,0.5849233689227751,False,False,False
L home fav & F away covered last game,home_cover,1086,0.49171270718232046,-0.5462074161309626,339,0.4808259587020649,-0.7060630805716387,0.5849233689227751,False,False,False
X outdoors & F away covered last game,home_cover,1346,0.49257057949479943,-0.5451392668007156,415,0.4674698795180723,-1.3253778729193033,0.585657738011756,False,False,False
F home ATS to date >= 70% (4+ games) & F home 2 straight covers,home_cover,216,0.48148148148148145,-0.5443310539518181,57,0.43859649122807015,-0.927172649945531,0.5862136810731395,False,False,False
L away fav 3.5-6.5 & F home failed to cover last game,over,216,0.5185185185185185,0.5443310539518165,80,0.4875,-0.22360679774997919,0.5862136810731406,False,False,False
L total half-point & R ref prior home cover <= 45% (60+),home_cover,216,0.5185185185185185,0.5443310539518165,49,0.5306122448979592,0.42857142857142905,0.5862136810731406,False,False,False
X turf & F home covered last game,home_cover,761,0.49014454664914586,-0.5437495751958102,249,0.5301204819277109,0.9505863757867181,0.5866138125333724,False,False,False
F home failed to cover last game & F away covered last game,over,866,0.4907621247113164,-0.5437021328244667,267,0.46441947565543074,-1.1627811165879978,0.5866464645129699,False,False,False
L away fav & F home failed to cover last game,over,664,0.5105421686746988,0.543305367994434,241,0.4190871369294606,-2.51221084296324,0.5869195689340554,False,False,False
X early (<14h) & F home last game went over,over,981,0.49133537206931704,-0.5427682282919843,326,0.4723926380368098,-0.9969277961190807,0.5872893911419772,False,False,False
F away failed to cover last game & F away last game went under,fav_cover,870,0.4908045977011494,-0.5424508028966484,299,0.45819397993311034,-1.4457873299156017,0.5875079901234885,False,False,False
X turf & X night (>=19h),home_cover,218,0.518348623853211,0.541828369182877,102,0.5,0.0,0.5879367461735663,False,False,False
L total 43-45.5 & F away failed to cover last game,home_cover,413,0.48668280871670705,-0.5412746144356341,165,0.509090909090909,0.23354968324845554,0.5883183151064215,False,False,False
X weeks 2-4 & F home covered last game,home_cover,342,0.5146198830409356,0.5407380704358741,111,0.5225225225225225,0.47457899787624935,0.5886881339518908,False,False,False
X dome/closed & X turf,home_cover,771,0.490272373540856,-0.540211804549216,247,0.5263157894736842,0.8271701918685103,0.5890509727426831,False,False,False
L home fav & F home revenge (lost to opp earlier this season),home_cover,220,0.5181818181818182,0.5393598899705938,47,0.46808510638297873,-0.4375949744936835,0.589638551626567,False,False,False
X grass & X temp > 80,fav_cover,220,0.5181818181818182,0.5393598899705938,107,0.42990654205607476,-1.4501047335684956,0.589638551626567,False,False,False
X weeks 10-13 & F home 2 straight non-covers,fav_cover,220,0.4818181818181818,-0.5393598899705938,66,0.4393939393939394,-0.9847319278346619,0.589638551626567,False,False,False
L home fav & F home revenge (lost to opp earlier this season),fav_cover,220,0.5181818181818182,0.5393598899705938,47,0.46808510638297873,-0.4375949744936835,0.589638551626567,False,False,False
L home fav 7.5-9.5 & X outdoors,home_cover,279,0.5161290322580645,0.5388159060803241,62,0.43548387096774194,-1.016001016001524,0.5900138871633465,False,False,False
L home fav 7.5-9.5 & X outdoors,fav_cover,279,0.5161290322580645,0.5388159060803241,62,0.43548387096774194,-1.016001016001524,0.5900138871633465,False,False,False
X outdoors & X away travels west 2+ h,fav_cover,417,0.513189448441247,0.5386723175618322,135,0.4666666666666667,-0.7745966692414832,0.5901129780758003,False,False,False
F away last game went under & F away revenge (lost to opp earlier this season),home_cover,169,0.47928994082840237,-0.5384615384615383,59,0.4745762711864407,-0.39056673294247146,0.590258451314772,False,False,False
L away fav & F away 2 straight covers,fav_cover,346,0.5144508670520231,0.5376033305704712,122,0.5573770491803278,1.2675004445952585,0.5908509303819185,False,False,False
L away fav & F away 2 straight covers,home_cover,346,0.48554913294797686,-0.5376033305704712,122,0.4426229508196721,-1.2675004445952596,0.5908509303819185,False,False,False
L total half-point & R ref prior home cover <= 45% (60+),over,222,0.5180180180180181,0.5369248441712205,52,0.4423076923076923,-0.8320502943378439,0.5913195290659052,False,False,False
L total half-point & M ML likes home less than spread (bottom 20%),over,222,0.5180180180180181,0.5369248441712205,119,0.48739495798319327,-0.2750095491084636,0.5913195290659052,False,False,False
L total 40-42.5 & F home last game went under,over,421,0.5130641330166271,0.536107196711439,140,0.5071428571428571,0.16903085094570272,0.5918844666039291,False,False,False
X weeks 2-4 & F away failed to cover last game,over,348,0.48563218390804597,-0.5360562674188978,114,0.543859649122807,0.9365858115816945,0.5919196634009785,False,False,False
F away last game went under & F away revenge (lost to opp earlier this season),over,171,0.47953216374269003,-0.5353033790313115,63,0.49206349206349204,-0.12598815766974283,0.5924400901713174,False,False,False
L total 43-45.5 & X weeks 5-9,home_cover,283,0.4840989399293286,-0.5349944684499878,96,0.5,0.0,0.5926536823123343,False,False,False
F home ATS to date >= 70% (4+ games) & F home last game went under,home_cover,173,0.4797687861271676,-0.5322001448887943,53,0.4716981132075472,-0.41208169184606697,0.5945873826325219,False,False,False
X dome/closed & F away last game went over,home_cover,429,0.48717948717948717,-0.5310850045437947,132,0.45454545454545453,-1.0444659357341872,0.5953598750881048,False,False,False
L total 43-45.5 & F home last game went under,over,429,0.5128205128205128,0.5310850045437925,162,0.4567901234567901,-1.0999438818457412,0.5953598750881064,False,False,False
F home last game went under,over,1883,0.5061072756240043,0.5300327147490016,605,0.4925619834710744,-0.3659020326817836,0.5960892486914169,False,False,False
X grass & F home lost last game by 21+,fav_cover,228,0.5175438596491229,0.5298129428260192,62,0.43548387096774194,-1.016001016001524,0.5962416305866558,False,False,False
X weeks 10-13 & F away 2 straight covers,over,228,0.4824561403508772,-0.5298129428260174,72,0.4444444444444444,-0.9428090415820638,0.5962416305866569,False,False,False
X rest home - away >= 3 & X home off bye,home_cover,228,0.4824561403508772,-0.5298129428260174,58,0.46551724137931033,-0.5252257314388905,0.5962416305866569,False,False,False
F home 2 straight non-covers & F home last game went under,over,433,0.5127020785219399,0.5286262644654335,122,0.4426229508196721,-1.2675004445952596,0.5970647368424444,False,False,False
L total 37-39.5 & F home last game went under,fav_cover,358,0.4860335195530726,-0.5285164225816904,57,0.49122807017543857,-0.1324532357065048,0.5971409517229298,False,False,False
L total 0-36.5 & F away covered last game,fav_cover,230,0.5173913043478261,0.5275043787166299,1,1.0,1.0,0.5978433765015725,False,False,False
L home fav 0.5-2.5 & F home failed to cover last game,over,177,0.480225988700565,-0.5261522196019798,60,0.5,0.0,0.5987824488287123,False,False,False
L total 46-48.5 & X divisional,fav_cover,232,0.5172413793103449,0.5252257314388913,111,0.4864864864864865,-0.2847473987257491,0.5994262792958629,False,False,False
F home 2 straight non-covers,over,819,0.5091575091575091,0.5241424183609573,258,0.4263565891472868,-2.365776664185824,0.6001794871405552,False,False,False
F home failed to cover last game & F home 2 straight non-covers,over,819,0.5091575091575091,0.5241424183609573,258,0.4263565891472868,-2.365776664185824,0.6001794871405552,False,False,False
X grass & X weeks 14-16,fav_cover,441,0.5124716553287982,0.523809523809526,141,0.48936170212765956,-0.25264557631995604,0.6004110286149034,False,False,False
F away 2 straight non-covers,over,821,0.5091352009744214,0.5235036095698323,271,0.5608856088560885,2.004607239461596,0.6006238398057904,False,False,False
F away failed to cover last game & F away 2 straight non-covers,over,821,0.5091352009744214,0.5235036095698323,271,0.5608856088560885,2.004607239461596,0.6006238398057904,False,False,False
L away fav exactly 3 & X grass,home_cover,179,0.48044692737430167,-0.5232045649263553,50,0.6,1.4142135623730947,0.6008319050627464,False,False,False
L away fav exactly 3 & X grass,fav_cover,179,0.5195530726256983,0.5232045649263538,50,0.4,-1.4142135623730947,0.6008319050627475,False,False,False
L home fav & F away ATS to date >= 70% (4+ games),home_cover,181,0.5193370165745856,0.5203059023730165,42,0.42857142857142855,-0.9258200997725518,0.6028503826806211,False,False,False
L total 43-45.5 & F away 2 straight covers,over,181,0.5193370165745856,0.5203059023730165,87,0.45977011494252873,-0.7504787743864565,0.6028503826806211,False,False,False
L home fav & F away ATS to date >= 70% (4+ games),fav_cover,181,0.5193370165745856,0.5203059023730165,42,0.42857142857142855,-0.9258200997725518,0.6028503826806211,False,False,False
X rest home - away <= -3 & F away last game went over,home_cover,181,0.48066298342541436,-0.5203059023730165,87,0.4482758620689655,-0.9649012813540152,0.6028503826806211,False,False,False
L home fav & F home 2 straight non-covers,home_cover,447,0.5123042505592841,0.5202821468244407,127,0.5196850393700787,0.4436782547080561,0.6028669374102429,False,False,False
L home fav & F home 2 straight non-covers,fav_cover,447,0.5123042505592841,0.5202821468244407,127,0.5196850393700787,0.4436782547080561,0.6028669374102429,False,False,False
L total 37-39.5 & F home failed to cover last game,over,370,0.4864864864864865,-0.5198752449100353,43,0.5348837209302325,0.45749571099781333,0.6031505303437474,False,False,False
X away travels west 2+ h,fav_cover,449,0.512249443207127,0.5191220960013098,151,0.45695364238410596,-1.0579249964025073,0.6036756006435415,False,False,False
X weeks 14-16 & F away last game went under,fav_cover,372,0.5134408602150538,0.5184758473652121,130,0.5076923076923077,0.17541160386140522,0.6041263073291687,False,False,False
L home fav 0.5-2.5 & F home last game went over,fav_cover,183,0.5191256830601093,0.5174548896682015,62,0.5645161290322581,1.0160010160015247,0.6048386513275237,False,False,False
L home fav 0.5-2.5 & F home last game went over,home_cover,183,0.5191256830601093,0.5174548896682015,62,0.5645161290322581,1.0160010160015247,0.6048386513275237,False,False,False
X dome/closed & F home 2 straight covers,home_cover,183,0.4808743169398907,-0.5174548896682015,75,0.4666666666666667,-0.5773502691896256,0.6048386513275237,False,False,False
L total half-point & F home last game went over,fav_cover,843,0.49110320284697506,-0.5166274427387195,255,0.45098039215686275,-1.5655607277128734,0.6054162549240991,False,False,False
F home covered last game & F away ATS to date <= 30% (4+ games),over,185,0.518918918918919,0.5146502354656662,58,0.5517241379310345,0.7878385971583353,0.6067974542555312,False,False,False
X late afternoon (15-17h) & X weeks 14-16,home_cover,185,0.518918918918919,0.5146502354656662,61,0.4262295081967213,-1.1523319193960642,0.6067974542555312,False,False,False
F home ATS to date <= 30% (4+ games) & F home last game went under,fav_cover,185,0.518918918918919,0.5146502354656662,61,0.5081967213114754,0.1280368799328961,0.6067974542555312,False,False,False
L home fav & F home 2 straight non-covers,over,457,0.5120350109409191,0.5145582966974885,133,0.47368421052631576,-0.6069769786668846,0.606861713311575,False,False,False
F home failed to cover last game & F away 2 straight covers,fav_cover,380,0.5131578947368421,0.5129891760425787,116,0.5086206896551724,0.18569533817705103,0.6079588921749981,False,False,False
X outdoors & X week 1,fav_cover,187,0.48128342245989303,-0.5118906968889919,52,0.5192307692307693,0.2773500981126152,0.6087275094705289,False,False,False
L total half-point & F home ATS to date <= 30% (4+ games),over,187,0.5187165775401069,0.5118906968889905,61,0.4918032786885246,-0.1280368799328961,0.6087275094705298,False,False,False
X outdoors & X night (>=19h),home_cover,382,0.5130890052356021,0.5116445100966504,182,0.4945054945054945,-0.1482498633322197,0.6088998282571159,False,False,False
X weeks 5-9 & F away 2 straight covers,over,246,0.516260162601626,0.5100613704506699,83,0.4457831325301205,-0.9878783399072133,0.6100084673269996,False,False,False
L total 37-39.5 & X weeks 10-13,over,189,0.48148148148148145,-0.5091750772173163,23,0.5217391304347826,0.2085144140570746,0.6106295108191164,False,False,False
X outdoors & X week 1,home_cover,189,0.48148148148148145,-0.5091750772173163,52,0.4230769230769231,-1.1094003924504583,0.6106295108191164,False,False,False
X grass & X rest home - away >= 3,home_cover,189,0.48148148148148145,-0.5091750772173163,74,0.43243243243243246,-1.1624763874381923,0.6106295108191164,False,False,False
F home last game went over & F away ATS to date <= 30% (4+ games),fav_cover,189,0.48148148148148145,-0.5091750772173163,56,0.4107142857142857,-1.336306209562122,0.6106295108191164,False,False,False
X away travels west 2+ h & F away covered last game,fav_cover,191,0.518324607329843,0.5065022237046964,62,0.5967741935483871,1.5240015240022864,0.6125041290191615,False,False,False
F home lost last game by 21+ & F away failed to cover last game,home_cover,191,0.518324607329843,0.5065022237046964,48,0.4375,-0.8660254037844387,0.6125041290191615,False,False,False
L total 37-39.5 & X weeks 5-9,home_cover,191,0.4816753926701571,-0.5065022237046949,26,0.6538461538461539,1.5689290811054721,0.6125041290191626,False,False,False
X away travels west 2+ h & F away covered last game,home_cover,193,0.48186528497409326,-0.5038710255240865,62,0.4032258064516129,-1.5240015240022864,0.6143520126373934,False,False,False
L total 40-42.5 & F home covered last game,over,394,0.5126903553299492,0.5037927218598778,98,0.4897959183673469,-0.20203050891044239,0.6144070427076429,False,False,False
L home fav & X late afternoon (15-17h),over,669,0.5097159940209267,0.502609037467586,199,0.5226130653266332,0.6379930845075035,0.6152391740239418,False,False,False
X turf & F away last game went over,home_cover,776,0.49097938144329895,-0.502570711032418,231,0.47619047619047616,-0.7237468644557467,0.6152661258277781,False,False,False
F home last game went under & F away covered last game,home_cover,907,0.49173098125689085,-0.49806682512818923,284,0.4859154929577465,-0.4747126632775407,0.6184369423645251,False,False,False
L total 43-45.5 & X turf,over,404,0.5123762376237624,0.497518595104995,135,0.5111111111111111,0.2581988897471602,0.6188233932543239,False,False,False
X late afternoon (15-17h) & F home last game went over,over,489,0.5112474437627812,0.4974371948107484,136,0.5147058823529411,0.3429971702850164,0.6188807818388093,False,False,False
X late afternoon (15-17h) & F away failed to cover last game,over,495,0.5111111111111111,0.4944132324730424,148,0.5067567567567568,0.16439898730535832,0.6210143706612861,False,False,False
F home 2 straight non-covers & F away failed to cover last game,over,410,0.5121951219512195,0.49386479832479524,130,0.46153846153846156,-0.8770580193070286,0.6214016666266906,False,False,False
X late afternoon (15-17h) & X weeks 2-4,over,201,0.5174129353233831,0.4937419311010181,58,0.5,0.0,0.6214884480044065,False,False,False
L total 37-39.5 & F home last game went over,fav_cover,333,0.4864864864864865,-0.4931969619160709,34,0.4411764705882353,-0.6859943405700355,0.6218734243307418,False,False,False
L total 43-45.5 & F away failed to cover last game,fav_cover,412,0.4878640776699029,-0.4926646390821464,165,0.48484848484848486,-0.38924947208076116,0.6222495669535157,False,False,False
L home fav 3.5-6.5 & F away last game went over,fav_cover,412,0.4878640776699029,-0.4926646390821464,142,0.4084507042253521,-2.1818715315713915,0.6222495669535157,False,False,False
L home fav 3.5-6.5 & F away last game went over,home_cover,412,0.4878640776699029,-0.4926646390821464,142,0.4084507042253521,-2.1818715315713915,0.6222495669535157,False,False,False
L total 0-36.5,fav_cover,499,0.48897795591182364,-0.4924276291394302,7,0.2857142857142857,-1.133893419027682,0.6224170713989992,False,False,False
L total on key 41/44/37/47 & X turf,over,266,0.5150375939849624,0.4905114715879726,69,0.4782608695652174,-0.36115755925730736,0.6237720142504413,False,False,False
X dome/closed & F home covered last game,home_cover,416,0.4879807692307692,-0.49029033784546056,136,0.5147058823529411,0.3429971702850164,0.6239284632085242,False,False,False
X divisional & F away ATS to date >= 70% (4+ games),home_cover,150,0.48,-0.48989794855663604,40,0.55,0.6324555320336764,0.6242061147664058,False,False,False
L |spread| = 3.5 & F away covered last game,over,150,0.52,0.48989794855663604,61,0.5081967213114754,0.1280368799328961,0.6242061147664058,False,False,False
X rest home - away >= 3 & F away last game went under,over,150,0.52,0.48989794855663604,65,0.6,1.6124515496597096,0.6242061147664058,False,False,False
L total 37-39.5 & F home 2 straight covers,fav_cover,150,0.48,-0.48989794855663604,13,0.5384615384615384,0.27735009811261435,0.6242061147664058,False,False,False
X weeks 5-9 & F away ATS to date >= 70% (4+ games),fav_cover,205,0.48292682926829267,-0.4889012070387052,62,0.4032258064516129,-1.5240015240022864,0.624911641115705,False,False,False
L total 46-48.5 & X dome/closed,over,205,0.5170731707317073,0.4889012070387052,95,0.43157894736842106,-1.3337718577107,0.624911641115705,False,False,False
L total half-point & F away covered last game,home_cover,822,0.5085158150851582,0.48830607449061164,234,0.452991452991453,-1.4381849910133493,0.6253330594581743,False,False,False
X outdoors & F home ATS to date >= 70% (4+ games),home_cover,270,0.48518518518518516,-0.4868644955601484,65,0.49230769230769234,-0.12403473458920802,0.6263543610340869,False,False,False
L total half-point & F away lost last game by 21+,over,152,0.48026315789473684,-0.48666426339228774,48,0.4583333333333333,-0.5773502691896261,0.6264962743469109,False,False,False
X rest home - away >= 3 & F away failed to cover last game,home_cover,152,0.48026315789473684,-0.48666426339228774,59,0.4915254237288136,-0.13018891098082352,0.6264962743469109,False,False,False
X rest home - away >= 3 & F home last game went under,fav_cover,152,0.5197368421052632,0.48666426339228774,65,0.5538461538461539,0.8682431421244597,0.6264962743469109,False,False,False
X late afternoon (15-17h) & F home 2 straight covers,fav_cover,207,0.4830917874396135,-0.48653363279984163,65,0.3230769230769231,-2.8527988955517944,0.6265888654273495,False,False,False
L home fav exactly 7,over,207,0.4830917874396135,-0.48653363279984163,51,0.5294117647058824,0.42008402520840304,0.6265888654273495,False,False,False
L total half-point & X away travels west 2+ h,home_cover,207,0.5169082125603864,0.4865336327998401,78,0.48717948717948717,-0.22645540682891932,0.6265888654273506,False,False,False
L total 43-45.5 & F away covered last game,home_cover,426,0.48826291079812206,-0.4845015831115093,162,0.4506172839506173,-1.2570787221094177,0.6280299410924464,False,False,False
L total 43-45.5 & F home covered last game,home_cover,426,0.48826291079812206,-0.4845015831115093,165,0.46060606060606063,-1.0120486274099794,0.6280299410924464,False,False,False
L total 0-36.5 & F home failed to cover last game,home_cover,209,0.48325358851674644,-0.48420012470625157,5,0.8,1.341640786499874,0.6282438484081296,False,False,False
L total 43-45.5 & F home last game went under,home_cover,430,0.4883720930232558,-0.482242822170413,160,0.4625,-0.9486832980505132,0.6296334600265778,False,False,False
F home last game went over & F away covered last game,over,844,0.49170616113744076,-0.48189987357506003,278,0.48201438848920863,-0.5997601439040672,0.6298770759302055,False,False,False
L total 43-45.5 & X weeks 14-16,over,156,0.5192307692307693,0.4803844614152625,61,0.45901639344262296,-0.6401843996644797,0.6309540411841699,False,False,False
L away fav 0.5-2.5 & F home last game went under,fav_cover,156,0.5192307692307693,0.4803844614152625,56,0.5178571428571429,0.26726124191242506,0.6309540411841699,False,False,False
L away fav 0.5-2.5 & F home last game went under,home_cover,156,0.4807692307692308,-0.4803844614152611,56,0.48214285714285715,-0.26726124191242423,0.630954041184171,False,False,False
"X away travels east 2+ h, early game & F away last game went over",fav_cover,156,0.4807692307692308,-0.4803844614152611,45,0.5111111111111111,0.14907119849998546,0.630954041184171,False,False,False
X night (>=19h) & F away last game went under,home_cover,213,0.5164319248826291,0.4796320968792726,119,0.5042016806722689,0.0916698497028208,0.6314890191801168,False,False,False
F away covered last game & F away last game went under,home_cover,854,0.4918032786885246,-0.479070137580409,274,0.5437956204379562,1.449893023992423,0.6318887331898588,False,False,False
X weeks 14-16 & F away last game went over,over,353,0.5127478753541076,0.4790216658711125,101,0.46534653465346537,-0.6965260331469919,0.6319232155010539,False,False,False
X rest home - away >= 3 & F home failed to cover last game,over,158,0.4810126582278481,-0.47733437050543776,57,0.543859649122807,0.6622661785325222,0.6331240398986822,False,False,False
L home fav & F away won last game by 21+,over,158,0.4810126582278481,-0.47733437050543776,44,0.45454545454545453,-0.6030226891555275,0.6331240398986822,False,False,False
X grass & F away revenge (lost to opp earlier this season),fav_cover,217,0.4838709677419355,-0.4751909633114911,58,0.4482758620689655,-0.7878385971583353,0.6346508675387947,False,False,False
X divisional & F home last game went under,fav_cover,751,0.49134487350199735,-0.47437673735973673,231,0.5108225108225108,0.3289758474798852,0.6352312786606251,False,False,False
L home fav 0.5-2.5 & X divisional,fav_cover,160,0.51875,0.474341649025258,45,0.4222222222222222,-1.043498389499902,0.6352562959972476,False,False,False
L home fav 0.5-2.5 & X divisional,home_cover,160,0.51875,0.474341649025258,45,0.4222222222222222,-1.043498389499902,0.6352562959972476,False,False,False
L total 37-39.5,fav_cover,755,0.4913907284768212,-0.47311844141044535,94,0.4787234042553192,-0.4125684985035169,0.6361286806141107,False,False,False
X outdoors & F away ATS to date >= 70% (4+ games),home_cover,286,0.513986013986014,0.4730499167912651,79,0.5316455696202531,0.562543950463011,0.6361775669247729,False,False,False
L home fav & X rest home - away <= -3,home_cover,219,0.5159817351598174,0.473016164879641,108,0.4074074074074074,-1.924500897298753,0.6362016465383993,False,False,False
X away travels west 2+ h & F home last game went under,fav_cover,219,0.4840182648401826,-0.473016164879641,72,0.5,0.0,0.6362016465383993,False,False,False
L home fav & X rest home - away <= -3,fav_cover,219,0.5159817351598174,0.473016164879641,108,0.4074074074074074,-1.924500897298753,0.6362016465383993,False,False,False
F home won last game by 21+ & F away last game went over,home_cover,162,0.48148148148148145,-0.4714045207910324,40,0.475,-0.3162277660168382,0.6373518882339366,False,False,False
L total 43-45.5 & X outdoors,home_cover,648,0.49074074074074076,-0.47140452079103096,288,0.4826388888888889,-0.5892556509887894,0.6373518882339377,False,False,False
X grass & X night (>=19h),fav_cover,288,0.5138888888888888,0.47140452079103,146,0.4726027397260274,-0.6620847108818944,0.6373518882339382,False,False,False
F away ATS to date >= 70% (4+ games) & F away 2 straight covers,home_cover,221,0.5158371040723982,0.4708709557974204,56,0.48214285714285715,-0.26726124191242423,0.6377328900501873,False,False,False
L total 37-39.5 & X outdoors,home_cover,654,0.5091743119266054,0.4692371322034622,79,0.46835443037974683,-0.562543950463012,0.6389001466272775,False,False,False
X weeks 10-13 & F home 2 straight covers,over,223,0.484304932735426,-0.46875467112769725,69,0.463768115942029,-0.601929265428846,0.639245003789044,False,False,False
L total half-point & X rest home - away <= -3,over,164,0.5182926829268293,0.4685212856658186,78,0.44871794871794873,-0.9058216273156763,0.6394118528033745,False,False,False
X weeks 14-16 & F away 2 straight non-covers,over,164,0.4817073170731707,-0.4685212856658186,53,0.4528301886792453,-0.6868028197434449,0.6394118528033745,False,False,False
F home covered last game & F away lost last game by 21+,home_cover,164,0.4817073170731707,-0.4685212856658186,33,0.48484848484848486,-0.17407765595569766,0.6394118528033745,False,False,False
F home last game went over & F away last game went over,fav_cover,900,0.4922222222222222,-0.46666666666666634,272,0.4889705882352941,-0.3638034375545,0.640738381802541,False,False,False
F home revenge (lost to opp earlier this season) & F away covered last game,over,225,0.48444444444444446,-0.46666666666666634,68,0.47058823529411764,-0.48507125007266605,0.640738381802541,False,False,False
R ref prior over <= 45% (60+ games),home_cover,373,0.5120643431635389,0.4660023357706483,187,0.49732620320855614,-0.07312724241271336,0.6412138286351943,False,False,False
L total 46-48.5 & F away last game went under,home_cover,227,0.5154185022026432,0.4646063181199806,136,0.5,0.0,0.6422134068975522,False,False,False
X outdoors & X weeks 14-16,fav_cover,561,0.5098039215686274,0.46442036401282233,178,0.5168539325842697,0.44971901339751796,0.6423466029647025,False,False,False
F home covered last game & F home ATS to date >= 70% (4+ games),fav_cover,298,0.4865771812080537,-0.4634275570907931,79,0.5063291139240507,0.11250879009260299,0.6430579298657904,False,False,False
L total half-point & F away won last game by 21+,over,168,0.5178571428571429,0.46291004988627693,44,0.45454545454545453,-0.6030226891555275,0.6434288435636195,False,False,False
F home last game went over & F away won last game by 21+,fav_cover,168,0.48214285714285715,-0.46291004988627554,43,0.5348837209302325,0.45749571099781333,0.6434288435636206,False,False,False
F home last game went under & F away last game went over,fav_cover,916,0.4923580786026201,-0.46257302031856223,289,0.5432525951557093,1.4705882352941175,0.6436704510480085,False,False,False
L total 0-36.5 & X outdoors,fav_cover,470,0.48936170212765956,-0.46126560401444316,6,0.3333333333333333,-0.8164965809277261,0.6446080591383825,False,False,False
X night (>=19h) & F home last game went under,over,231,0.5151515151515151,0.4605661864718379,121,0.45454545454545453,-1.0000000000000002,0.6451098757847724,False,False,False
F away lost last game by 21+,fav_cover,302,0.4867549668874172,-0.46034827011874924,85,0.4588235294117647,-0.759256602365297,0.645266259000179,False,False,False
F away lost last game by 21+ & F away failed to cover last game,fav_cover,302,0.4867549668874172,-0.46034827011874924,85,0.4588235294117647,-0.759256602365297,0.645266259000179,False,False,False
L home fav 10+ & X outdoors,fav_cover,304,0.4868421052631579,-0.458831467741123,96,0.4791666666666667,-0.40824829046386263,0.6463551955394906,False,False,False
L home fav 10+ & X outdoors,home_cover,304,0.4868421052631579,-0.458831467741123,96,0.4791666666666667,-0.40824829046386263,0.6463551955394906,False,False,False
L total half-point & F home 2 straight non-covers,over,391,0.5115089514066496,0.4551495636817575,116,0.3706896551724138,-2.7854300726557777,0.6490016427376719,False,False,False
F home 2 straight covers & F away last game went under,home_cover,395,0.48860759493670886,-0.45283914488396504,134,0.4253731343283582,-1.72773685116272,0.6506645739566754,False,False,False
F away covered last game,home_cover,1773,0.4946418499717992,-0.4512313165900937,557,0.4757630161579892,-1.144026716238997,0.6518228410688574,False,False,False
L total half-point & X outdoors,fav_cover,1421,0.505981703026038,0.45097439271569384,408,0.4950980392156863,-0.19802950859533416,0.6520080050070152,False,False,False
L home fav & X dome/closed,over,599,0.5091819699499165,0.4494478155449885,207,0.48792270531400966,-0.3475240234284579,0.6531086447956147,False,False,False
L away fav 3.5-6.5 & X early (<14h),home_cover,243,0.48559670781893005,-0.4490502093697086,77,0.5584415584415584,1.025645188136741,0.6533954371100013,False,False,False
L away fav 3.5-6.5 & X early (<14h),fav_cover,243,0.51440329218107,0.4490502093697086,77,0.44155844155844154,-1.0256451881367419,0.6533954371100013,False,False,False
X rest home - away <= -3 & F home covered last game,over,180,0.5166666666666667,0.4472135954999593,76,0.4342105263157895,-1.1470786693528086,0.654720846018576,False,False,False
F home 2 straight covers & F away last game went over,over,407,0.48894348894348894,-0.44611343738694903,119,0.5462184873949579,1.0083683467310312,0.6555153068189967,False,False,False
L total half-point & F away last game went under,home_cover,851,0.5076380728554641,0.4456342606241884,247,0.5060728744939271,0.1908854288927334,0.6558614582873137,False,False,False
F home lost last game by 21+ & F away last game went under,fav_cover,182,0.5164835164835165,0.44474958999666214,51,0.39215686274509803,-1.540308092430811,0.6565007277753416,False,False,False
X outdoors & X weeks 17-18,over,182,0.4835164835164835,-0.44474958999666064,59,0.5084745762711864,0.13018891098082352,0.6565007277753425,False,False,False
L total on key 41/44/37/47 & F home failed to cover last game,over,324,0.4876543209876543,-0.4444444444444444,95,0.5052631578947369,0.10259783520851573,0.6567212865637706,False,False,False
X early (<14h) & X rest home - away >= 3,home_cover,184,0.5163043478260869,0.44232586846469035,68,0.5294117647058824,0.48507125007266605,0.6582534143112841,False,False,False
F home covered last game & F away covered last game,fav_cover,865,0.49248554913294795,-0.44201326059673124,279,0.5017921146953405,0.05986843400892367,0.6584796101731252,False,False,False
F away covered last game & F away last game went under,over,867,0.4925028835063437,-0.4415031470273622,281,0.501779359430605,0.05965499862719103,0.6588487837270387,False,False,False
X weeks 10-13 & F home last game went under,over,514,0.5097276264591439,0.44108109139122936,154,0.44155844155844154,-1.4504813352456851,0.659154291865683,False,False,False
L total 43-45.5 & X late afternoon (15-17h),home_cover,255,0.5137254901960784,0.43835700375960307,93,0.3870967741935484,-2.177598558933893,0.6611275095163072,False,False,False
X divisional & F away 2 straight non-covers,home_cover,334,0.5119760479041916,0.4377405241316656,103,0.47572815533980584,-0.4926646390821464,0.6615743897173652,False,False,False
L total 40-42.5 & X grass,over,524,0.5095419847328244,0.43685202833051845,157,0.5286624203821656,0.7182781960208598,0.6622186639908587,False,False,False
X outdoors & F away last game went under,home_cover,1350,0.49407407407407405,-0.43546484316145534,442,0.48868778280542985,-0.4756514941544947,0.663225052438098,False,False,False
X weeks 10-13 & F home last game went over,home_cover,429,0.48951048951048953,-0.4345240946267399,126,0.5317460317460317,0.7126966450997984,0.6639079018776495,False,False,False
F home covered last game & F away last game went over,fav_cover,899,0.492769744160178,-0.43357427487729455,266,0.5526315789473685,1.716790150557906,0.664597618967375,False,False,False
X grass & F away last game went under,fav_cover,1046,0.4933078393881453,-0.43287468987217415,348,0.42528735632183906,-2.7874925905782675,0.6651058083680852,False,False,False
X outdoors & X grass,fav_cover,2144,0.49533582089552236,-0.43193421279068256,686,0.4752186588921283,-1.2981260321460615,0.6657892280181401,False,False,False
L total half-point & X turf,over,772,0.5077720207253886,0.4318894504492183,238,0.5,0.0,0.665821762546152,False,False,False
X Monday,home_cover,263,0.4866920152091255,-0.4316384911847453,83,0.43373493975903615,-1.2074068598865937,0.6660041784406983,False,False,False
L home fav 7.5-9.5 & X early (<14h),fav_cover,194,0.4845360824742268,-0.43077489517064294,49,0.5510204081632653,0.7142857142857135,0.666632055322476,False,False,False
L home fav 7.5-9.5 & X early (<14h),home_cover,194,0.4845360824742268,-0.43077489517064294,49,0.5510204081632653,0.7142857142857135,0.666632055322476,False,False,False
F home last game went under & F away failed to cover last game,over,913,0.5071193866374589,0.4302372050089717,298,0.5100671140939598,0.34757066781809676,0.6670231006164133,False,False,False
X away travels west 2+ h & F home covered last game,home_cover,196,0.4846938775510204,-0.42857142857142905,69,0.37681159420289856,-2.0465595024580763,0.668235141795249,False,False,False
L home fav exactly 3 & F home last game went under,over,196,0.4846938775510204,-0.42857142857142905,47,0.574468085106383,1.0210549404852627,0.668235141795249,False,False,False
X outdoors & F away won last game by 21+,home_cover,267,0.5131086142322098,0.4283930429534742,71,0.43661971830985913,-1.0681034923744683,0.668364988911966,False,False,False
L away fav & X divisional,home_cover,546,0.4908424908424908,-0.427960492510914,180,0.45555555555555555,-1.192569587999888,0.668679884122511,False,False,False
L away fav & X divisional,fav_cover,546,0.5091575091575091,0.4279604925109114,180,0.5444444444444444,1.1925695879998865,0.668679884122513,False,False,False
L total half-point & M ML likes home more than spread (top 20%),fav_cover,198,0.48484848484848486,-0.42640143271122044,108,0.5370370370370371,0.769800358919502,0.6698153575994168,False,False,False
L total 43-45.5 & F away 2 straight non-covers,over,198,0.5151515151515151,0.42640143271122044,76,0.5394736842105263,0.6882472016116855,0.6698153575994168,False,False,False
F home 2 straight non-covers,fav_cover,798,0.4924812030075188,-0.4247953952428732,247,0.5101214574898786,0.31814238148789015,0.6709858347653985,False,False,False
F home failed to cover last game & F home 2 straight non-covers,fav_cover,798,0.4924812030075188,-0.4247953952428732,247,0.5101214574898786,0.31814238148789015,0.6709858347653985,False,False,False
L |spread| = 3.5,fav_cover,356,0.4887640449438202,-0.423999152002545,139,0.4676258992805755,-0.7633700367119743,0.6715664317280807,False,False,False
X away travels west 2+ h,home_cover,451,0.49002217294900224,-0.42379344841320893,151,0.423841059602649,-1.8717134551736667,0.6717164565642908,False,False,False
L total half-point & F home lost last game by 21+,over,202,0.48514851485148514,-0.4221585268381755,39,0.28205128205128205,-2.7221786146864813,0.6729093109157513,False,False,False
L total 0-36.5 & F away last game went under,home_cover,275,0.48727272727272725,-0.42211588240886994,6,1.0,2.449489742783178,0.6729404357300597,False,False,False
L total 37-39.5 & F home last game went under,home_cover,360,0.4888888888888889,-0.4216370213557845,57,0.5263157894736842,0.3973597071195127,0.6732899796599954,False,False,False
X turf,home_cover,1627,0.5052243392747388,0.42145881808442054,503,0.5129224652087475,0.5796413506880227,0.6734200769030922,False,False,False
X grass & F home 2 straight non-covers,fav_cover,465,0.5096774193548387,0.4173650061841501,156,0.5,0.0,0.6764114467845967,False,False,False
F home last game went over & F away covered last game,fav_cover,828,0.4927536231884058,-0.41702882811414815,269,0.4795539033457249,-0.670681836934662,0.6766573217164253,False,False,False
X weeks 2-4 & F home last game went under,over,372,0.510752688172043,0.41478067789216977,114,0.5263157894736842,0.5619514869490158,0.6783024655972327,False,False,False
X rest home - away <= -3 & X away off bye,over,210,0.4857142857142857,-0.4140393356054127,75,0.49333333333333335,-0.11547005383792493,0.6788452994243181,False,False,False
X late afternoon (15-17h) & F home 2 straight covers,over,210,0.4857142857142857,-0.4140393356054127,65,0.46153846153846156,-0.6201736729460419,0.6788452994243181,False,False,False
F away ATS to date >= 70% (4+ games),fav_cover,378,0.4894179894179894,-0.41147559989891175,110,0.41818181818181815,-1.7162326606420668,0.6807238293409505,False,False,False
X weeks 14-16 & F home last game went over,home_cover,378,0.4894179894179894,-0.41147559989891175,112,0.4642857142857143,-0.7559289460184542,0.6807238293409505,False,False,False
F home last game went over & F away 2 straight covers,over,378,0.4894179894179894,-0.41147559989891175,126,0.4603174603174603,-0.8908708063747486,0.6807238293409505,False,False,False
F home 2 straight non-covers & F away last game went under,over,380,0.48947368421052634,-0.41039134083406076,127,0.48031496062992124,-0.4436782547080574,0.6815188972977644,False,False,False
L total half-point & F away last game went over,fav_cover,856,0.4929906542056075,-0.41015155621479643,255,0.5215686274509804,0.6888467201936654,0.6816947749183,False,False,False
L total half-point & F home 2 straight non-covers,home_cover,382,0.5104712041884817,0.40931560807732115,111,0.4864864864864865,-0.2847473987257491,0.6823080627634113,False,False,False
X away travels west 2+ h & F home failed to cover last game,fav_cover,216,0.4861111111111111,-0.4082482904638632,64,0.53125,0.5,0.6830913983096085,False,False,False
F away 2 straight non-covers & F away last game went under,fav_cover,384,0.5104166666666666,0.4082482904638616,144,0.4375,-1.5,0.6830913983096099,False,False,False
X outdoors & X late afternoon (15-17h),over,868,0.5069124423963134,0.4073065399812799,247,0.4898785425101215,-0.3181423814878884,0.683782860011432,False,False,False
L home fav exactly 3,over,386,0.4896373056994819,-0.40718927884742934,103,0.5631067961165048,1.2809280616135807,0.683868975266829,False,False,False
X rest home - away <= -3 & F away last game went under,fav_cover,151,0.5165562913907285,0.40689422938557906,75,0.36,-2.4248711305964283,0.6840856744543276,False,False,False
L |spread| = 3.5 & F away last game went under,home_cover,151,0.48344370860927155,-0.40689422938557906,61,0.5245901639344263,0.38411063979868837,0.6840856744543276,False,False,False
F home failed to cover last game & F home ATS to date <= 30% (4+ games),fav_cover,297,0.5117845117845118,0.4061811972299617,93,0.44086021505376344,-1.140646864203468,0.6846094685667796,False,False,False
X late afternoon (15-17h),home_cover,1025,0.49365853658536585,-0.40605178091037614,313,0.4249201277955272,-2.6565970690378404,0.6847045541951498,False,False,False
L total half-point & X late afternoon (15-17h),home_cover,493,0.4908722109533469,-0.4053396141999395,145,0.41379310344827586,-2.0761369963434992,0.685227891478825,False,False,False
F away covered last game,fav_cover,1759,0.49516770892552586,-0.405336769282187,556,0.5017985611510791,0.08481889296799656,0.6852299823760752,False,False,False
X outdoors & F away 2 straight non-covers,fav_cover,610,0.4918032786885246,-0.40488816508945846,205,0.4292682926829268,-2.025447857731777,0.6855597181184909,False,False,False
X late afternoon (15-17h) & F away 2 straight non-covers,home_cover,220,0.5136363636363637,0.4045199174779462,68,0.38235294117647056,-1.9402850002906642,0.6858304344516051,False,False,False
X away travels west 2+ h & F away last game went over,over,220,0.4863636363636364,-0.4045199174779445,76,0.5131578947368421,0.22941573387056247,0.6858304344516062,False,False,False
X Monday & X night (>=19h),home_cover,153,0.5163398692810458,0.40422604172722293,82,0.43902439024390244,-1.1043152607484654,0.686046505428934,False,False,False
X rest home - away >= 3 & F home last game went under,home_cover,153,0.48366013071895425,-0.40422604172722154,65,0.4461538461538462,-0.8682431421244589,0.6860465054289349,False,False,False
X divisional & F away won last game by 21+,over,153,0.48366013071895425,-0.40422604172722154,36,0.4444444444444444,-0.666666666666667,0.6860465054289349,False,False,False
F home 2 straight covers & F away last game went under,fav_cover,394,0.5101522842639594,0.40303417748790393,134,0.40298507462686567,-2.246057906511536,0.6869230818706988,False,False,False
X dome/closed & F away last game went under,home_cover,394,0.48984771573604063,-0.40303417748790177,139,0.5539568345323741,1.2722833945199563,0.6869230818707004,False,False,False
X dome/closed,home_cover,892,0.49327354260089684,-0.40178971810945624,294,0.5068027210884354,0.233284737407922,0.6878387897326674,False,False,False
L total on key 41/44/37/47 & X dome/closed,home_cover,155,0.4838709677419355,-0.40160966445124907,36,0.6388888888888888,1.666666666666666,0.6879713161806409,False,False,False
L total half-point & F away 2 straight non-covers,over,398,0.4899497487437186,-0.4010037656936679,116,0.603448275862069,2.228344058124622,0.6884173514375027,False,False,False
X away travels west 2+ h & F away failed to cover last game,over,224,0.5133928571428571,0.40089186286863515,71,0.5352112676056338,0.5933908290969259,0.6884997410966354,False,False,False
X night (>=19h),over,505,0.5089108910891089,0.4004947435409867,257,0.46303501945525294,-1.1851874369484294,0.6887921543020954,False,False,False
F home failed to cover last game & F away 2 straight non-covers,home_cover,400,0.49,-0.40000000000000036,134,0.47761194029850745,-0.5183210553488162,0.6891565167793514,False,False,False
F home lost last game by 21+ & F home last game went under,over,157,0.5159235668789809,0.399043442233811,50,0.38,-1.697056274847714,0.6898611948018734,False,False,False
"X away travels east 2+ h, early game & F away last game went over",over,159,0.5157232704402516,0.39652579285907197,46,0.5652173913043478,0.8846517369293821,0.6917171839779002,False,False,False
F home last game went over & F away revenge (lost to opp earlier this season),fav_cover,159,0.48427672955974843,-0.39652579285907197,49,0.5510204081632653,0.7142857142857135,0.6917171839779002,False,False,False
X rest home - away >= 3 & F home covered last game,over,159,0.5157232704402516,0.39652579285907197,62,0.5967741935483871,1.5240015240022864,0.6917171839779002,False,False,False
F home won last game by 21+ & F away covered last game,fav_cover,159,0.48427672955974843,-0.39652579285907197,30,0.5,0.0,0.6917171839779002,False,False,False
X divisional & X weeks 10-13,fav_cover,408,0.49019607843137253,-0.39605901719067055,96,0.6041666666666666,2.0412414523193143,0.6920614909359375,False,False,False
X grass & F home covered last game,over,1085,0.49400921658986174,-0.39466488146729606,323,0.47987616099071206,-0.7233393492970548,0.6930902236949179,False,False,False
X turf & F home lost last game by 21+,home_cover,161,0.515527950310559,0.39405520311954967,34,0.5588235294117647,0.6859943405700355,0.693540283391086,False,False,False
L home fav 3.5-6.5 & X weeks 14-16,over,161,0.484472049689441,-0.39405520311954967,52,0.4807692307692308,-0.27735009811261435,0.693540283391086,False,False,False
J home spread juiced,fav_cover,234,0.5128205128205128,0.3922322702763666,119,0.5462184873949579,1.0083683467310312,0.6948866023724745,False,False,False
X early (<14h) & F home 2 straight non-covers,home_cover,416,0.5096153846153846,0.39223227027636665,141,0.5390070921985816,0.9263671131731709,0.6948866023724745,False,False,False
X rest home - away <= -3 & F home failed to cover last game,home_cover,163,0.5153374233128835,0.3916302249939792,82,0.524390243902439,0.4417261042993866,0.6953314519715927,False,False,False
"X away travels east 2+ h, early game & F home last game went under",home_cover,163,0.5153374233128835,0.3916302249939792,50,0.44,-0.848528137423857,0.6953314519715927,False,False,False
X weeks 2-4 & F away covered last game,home_cover,323,0.4891640866873065,-0.38949041885226054,117,0.5384615384615384,0.832050294337843,0.6969133968726744,False,False,False
L home fav 0.5-2.5 & X turf,over,165,0.5151515151515151,0.38924947208076116,65,0.5538461538461539,0.8682431421244597,0.6970916100059636,False,False,False
L home fav & X week 1,over,165,0.5151515151515151,0.38924947208076116,50,0.5,0.0,0.6970916100059636,False,False,False
L away fav & X weeks 2-4,fav_cover,238,0.48739495798319327,-0.38892223413129895,72,0.4444444444444444,-0.9428090415820638,0.6973336740469911,False,False,False
L away fav & X weeks 2-4,home_cover,238,0.5126050420168067,0.38892223413129723,72,0.5555555555555556,0.9428090415820638,0.6973336740469922,False,False,False
L home fav 0.5-2.5 & X grass,home_cover,238,0.5126050420168067,0.38892223413129723,82,0.4878048780487805,-0.2208630521496933,0.6973336740469922,False,False,False
L home fav 0.5-2.5 & X grass,fav_cover,238,0.5126050420168067,0.38892223413129723,82,0.4878048780487805,-0.2208630521496933,0.6973336740469922,False,False,False
L total on key 41/44/37/47 & F away last game went over,over,325,0.5107692307692308,0.3882901373576598,75,0.48,-0.34641016151377574,0.6978013350845091,False,False,False
L total 40-42.5 & X late afternoon (15-17h),over,240,0.5125,0.38729833462074037,52,0.5769230769230769,1.1094003924504574,0.6985353583033396,False,False,False
X grass & F home last game went under,over,1127,0.49423247559893524,-0.3872410546774237,345,0.4811594202898551,-0.6998964726756145,0.6985777592323286,False,False,False
L away fav 3.5-6.5 & X outdoors,over,327,0.5107033639143731,0.3871008845265321,125,0.488,-0.268328157299975,0.6986815228095125,False,False,False
L total half-point & X weeks 2-4,home_cover,331,0.5105740181268882,0.38475479695051773,84,0.47619047619047616,-0.4364357804719853,0.7004190924569504,False,False,False
L home fav exactly 3 & F away covered last game,over,169,0.48520710059171596,-0.38461538461538514,49,0.5306122448979592,0.42857142857142905,0.7005223941038483,False,False,False
L away fav & X divisional,over,553,0.4918625678119349,-0.38271893000630697,181,0.43646408839779005,-1.7095765363684825,0.701928177076637,False,False,False
L |spread| = 3.5 & F away failed to cover last game,fav_cover,171,0.4853801169590643,-0.382359556450937,61,0.4262295081967213,-1.1523319193960642,0.702194684713185,False,False,False
F home last game went over & F away won last game by 21+,home_cover,171,0.4853801169590643,-0.382359556450937,43,0.5116279069767442,0.15249857033260494,0.702194684713185,False,False,False
L total on key 41/44/37/47,over,686,0.49271137026239065,-0.3818017741606075,192,0.4947916666666667,-0.14433756729740593,0.7026084026975146,False,False,False
X grass & F home won last game by 21+,home_cover,173,0.48554913294797686,-0.3801429606348533,49,0.4897959183673469,-0.14285714285714302,0.7038392972460488,False,False,False
X grass & F home won last game by 21+,fav_cover,173,0.48554913294797686,-0.3801429606348533,49,0.46938775510204084,-0.42857142857142827,0.7038392972460488,False,False,False
L total on key 41/44/37/47 & X weeks 10-13,over,173,0.48554913294797686,-0.3801429606348533,42,0.5,0.0,0.7038392972460488,False,False,False
X weeks 5-9 & F home 2 straight covers,fav_cover,250,0.512,0.3794733192202059,80,0.4875,-0.22360679774997919,0.7043364134884516,False,False,False
L total half-point & X night (>=19h),fav_cover,250,0.488,-0.3794733192202059,116,0.5344827586206896,0.7427813527082066,0.7043364134884516,False,False,False
X outdoors & X weeks 14-16,over,565,0.4920353982300885,-0.3786328457205031,183,0.4644808743169399,-0.9609876522409442,0.7049605277266391,False,False,False
L total 37-39.5 & X turf,fav_cover,252,0.4880952380952381,-0.37796447300922764,36,0.5833333333333334,1.0000000000000004,0.7054569861112732,False,False,False
L total half-point & X weeks 2-4,over,343,0.5102040816326531,0.37796447300922764,84,0.4642857142857143,-0.6546536707079769,0.7054569861112732,False,False,False
L total 0-36.5 & F home covered last game,fav_cover,252,0.5119047619047619,0.37796447300922587,2,0.0,-1.414213562373095,0.7054569861112743,False,False,False
L total 0-36.5 & F home covered last game,home_cover,252,0.5119047619047619,0.37796447300922587,2,1.0,1.414213562373095,0.7054569861112743,False,False,False
X rest home - away <= -3,home_cover,345,0.48985507246376814,-0.37686733144071505,165,0.4484848484848485,-1.323448205074589,0.7062722001681836,False,False,False
L total 40-42.5 & F away 2 straight covers,over,177,0.5141242937853108,0.37582301400141543,42,0.5476190476190477,0.6172133998483683,0.7070484772702179,False,False,False
L total 43-45.5 & F home 2 straight non-covers,fav_cover,177,0.4858757062146893,-0.37582301400141394,80,0.525,0.44721359549995837,0.7070484772702188,False,False,False
X divisional & X weeks 2-4,home_cover,256,0.48828125,-0.375,78,0.44871794871794873,-0.9058216273156763,0.7076604666545525,False,False,False
F home ATS to date >= 70% (4+ games) & F away covered last game,over,179,0.4860335195530726,-0.37371754637596827,54,0.5185185185185185,0.27216552697590823,0.7086144695997867,False,False,False
L away fav 3.5-6.5 & F away last game went under,fav_cover,179,0.5139664804469274,0.37371754637596827,77,0.4155844155844156,-1.481487493975293,0.7086144695997867,False,False,False
L away fav 3.5-6.5 & F away last game went under,home_cover,179,0.4860335195530726,-0.37371754637596827,77,0.5844155844155844,1.481487493975293,0.7086144695997867,False,False,False
X weeks 14-16 & F away failed to cover last game,fav_cover,353,0.49008498583569404,-0.37257240678864495,110,0.4818181818181818,-0.38138503569823706,0.7094667127148406,False,False,False
F away failed to cover last game & F away last game went under,home_cover,873,0.4936998854524628,-0.37229359388232564,299,0.47157190635451507,-0.9831353843426077,0.7096742677314691,False,False,False
X turf & F home revenge (lost to opp earlier this season),home_cover,181,0.4861878453038674,-0.3716470731235837,42,0.47619047619047616,-0.30860669992418416,0.7101556361765484,False,False,False
X weeks 14-16 & F away failed to cover last game,home_cover,355,0.5098591549295775,0.3715214247039922,111,0.42342342342342343,-1.6135685927792482,0.710249201412696,False,False,False
F home failed to cover last game & F away failed to cover last game,over,877,0.5062713797035348,0.37144360739924437,288,0.4895833333333333,-0.3535533905932744,0.7103071509653238,False,False,False
F home lost last game by 21+ & F away last game went under,home_cover,183,0.48633879781420764,-0.36961063547728684,51,0.43137254901960786,-0.9801960588196066,0.7116726254873122,False,False,False
L total half-point & R ref prior over >= 55% (60+ games),home_cover,183,0.5136612021857924,0.36961063547728684,47,0.5106382978723404,0.145864991497894,0.7116726254873122,False,False,False
X early (<14h) & F away revenge (lost to opp earlier this season),over,183,0.48633879781420764,-0.36961063547728684,57,0.42105263157894735,-1.1920791213585398,0.7116726254873122,False,False,False
X divisional & X weeks 2-4,over,264,0.48863636363636365,-0.36927447293799787,79,0.4430379746835443,-1.012579110833422,0.7119231506921904,False,False,False
X outdoors & F away 2 straight covers,fav_cover,595,0.507563025210084,0.36896402776085313,184,0.5489130434782609,1.326977605394074,0.7121545376511502,False,False,False
L home fav 3.5-6.5 & F home failed to cover last game,fav_cover,361,0.4903047091412742,-0.36842105263157965,131,0.4122137404580153,-2.0095193303203867,0.7125593020062793,False,False,False
L home fav 3.5-6.5 & F home failed to cover last game,home_cover,361,0.4903047091412742,-0.36842105263157965,131,0.4122137404580153,-2.0095193303203867,0.7125593020062793,False,False,False
L total half-point & X early (<14h),over,1062,0.4943502824858757,-0.3682298471593296,297,0.48148148148148145,-0.6382847385042264,0.7127018566581782,False,False,False
F home ATS to date <= 30% (4+ games) & F home last game went over,over,185,0.5135135135135135,0.36760731104690314,60,0.4666666666666667,-0.5163977794943222,0.713166062571063,False,False,False
X late afternoon (15-17h) & F home covered last game,home_cover,474,0.49156118143459915,-0.36745216973970063,148,0.43243243243243246,-1.6439898730535722,0.7132817631863841,False,False,False
X weeks 10-13 & F home covered last game,over,476,0.49159663865546216,-0.36667939881128564,145,0.47586206896551725,-0.5813183589761796,0.7138581751643238,False,False,False
F home won last game by 21+ & F home last game went over,home_cover,187,0.5133689839572193,0.3656362120635668,41,0.4634146341463415,-0.4685212856658179,0.7146365500968064,False,False,False
L home fav 7.5-9.5 & F away failed to cover last game,over,187,0.48663101604278075,-0.3656362120635653,48,0.5625,0.8660254037844387,0.7146365500968077,False,False,False
F home last game went under & F away last game went over,home_cover,923,0.49404117009750814,-0.3620694102721473,290,0.4689655172413793,-1.0569963951264665,0.7173001620820254,False,False,False
L home fav 7.5-9.5 & F away failed to cover last game,home_cover,191,0.5130890052356021,0.36178730264621045,48,0.4166666666666667,-1.1547005383792512,0.717510981352258,False,False,False
X turf & F home last game went over,over,764,0.506544502617801,0.36178730264621045,222,0.5045045045045045,0.1342312110428035,0.717510981352258,False,False,False
L home fav 7.5-9.5 & F away failed to cover last game,fav_cover,191,0.5130890052356021,0.36178730264621045,48,0.4166666666666667,-1.1547005383792512,0.717510981352258,False,False,False
X weeks 14-16 & F home last game went over,fav_cover,375,0.49066666666666664,-0.3614784456460266,111,0.44144144144144143,-1.233905394478249,0.7177418151273791,False,False,False
L total 43-45.5,over,927,0.505933117583603,0.3612874019935755,364,0.4807692307692308,-0.7337993857053423,0.7178846103773746,False,False,False
X grass & X weeks 5-9,fav_cover,623,0.492776886035313,-0.36057738609675183,198,0.4444444444444444,-1.5634719199411438,0.7184153968897962,False,False,False
F away failed to cover last game & F away last game went over,over,933,0.5058949624866024,0.3601238324594091,265,0.49056603773584906,-0.30714755841697555,0.718754531088639,False,False,False
L home fav exactly 3 & F away last game went over,over,193,0.5129533678756477,0.35990787537434854,45,0.5555555555555556,0.7453559924999302,0.7189160274554363,False,False,False
L away fav exactly 3,fav_cover,278,0.5107913669064749,0.35985608634244176,73,0.4520547945205479,-0.8192880303729144,0.7189547580372138,False,False,False
L away fav exactly 3,home_cover,278,0.4892086330935252,-0.35985608634243993,73,0.547945205479452,0.8192880303729135,0.7189547580372151,False,False,False
L home fav exactly 7,fav_cover,197,0.5126903553299492,0.35623524993954775,44,0.5681818181818182,0.9045340337332916,0.7216643955600968,False,False,False
L total on key 41/44/37/47 & X late afternoon (15-17h),home_cover,197,0.4873096446700508,-0.35623524993954775,36,0.4166666666666667,-0.9999999999999998,0.7216643955600968,False,False,False
L home fav exactly 7,home_cover,197,0.5126903553299492,0.35623524993954775,44,0.5681818181818182,0.9045340337332916,0.7216643955600968,False,False,False
X outdoors & X Monday,home_cover,197,0.4873096446700508,-0.35623524993954775,64,0.4375,-1.0,0.7216643955600968,False,False,False
F home 2 straight non-covers & F away covered last game,home_cover,387,0.5090439276485789,0.3558299974427463,113,0.49557522123893805,-0.09407208683835988,0.7219678827338658,False,False,False
L home fav & X late afternoon (15-17h),home_cover,661,0.49319213313161875,-0.3500594287129869,196,0.39285714285714285,-3.0000000000000004,0.726294098010871,False,False,False
L home fav & X late afternoon (15-17h),fav_cover,661,0.49319213313161875,-0.3500594287129869,196,0.39285714285714285,-3.0000000000000004,0.726294098010871,False,False,False
X weeks 5-9 & F home covered last game,fav_cover,528,0.49242424242424243,-0.3481553119113953,171,0.49707602339181284,-0.07647191129018797,0.7277235466695504,False,False,False
F home lost last game by 21+ & F home 2 straight non-covers,over,207,0.5120772946859904,0.34752402342845945,47,0.2553191489361702,-3.354894804451575,0.7281976737354816,False,False,False
L total half-point & F home failed to cover last game,over,834,0.4940047961630695,-0.34627168053222296,257,0.44357976653696496,-1.8089702985002363,0.7291385493278633,False,False,False
X night (>=19h) & F away covered last game,fav_cover,209,0.5119617224880383,0.3458572319330375,104,0.5384615384615384,0.7844645405527355,0.7294500113144082,False,False,False
X outdoors & X home off bye,home_cover,209,0.4880382775119617,-0.3458572319330375,52,0.40384615384615385,-1.3867504905630725,0.7294500113144082,False,False,False
L home fav 10+ & X grass,home_cover,211,0.5118483412322274,0.3442141954107558,64,0.34375,-2.5,0.7306852074778218,False,False,False
L home fav 10+ & X grass,fav_cover,211,0.5118483412322274,0.3442141954107558,64,0.34375,-2.5,0.7306852074778218,False,False,False
L total half-point & F home revenge (lost to opp earlier this season),home_cover,211,0.5118483412322274,0.3442141954107558,56,0.5178571428571429,0.26726124191242506,0.7306852074778218,False,False,False
X early (<14h) & F away last game went over,over,1023,0.5053763440860215,0.34391796971439703,321,0.4672897196261682,-1.17210570159049,0.7309079774136522,False,False,False
X weeks 5-9 & F home last game went over,home_cover,542,0.492619926199262,-0.34362942367004673,170,0.43529411764705883,-1.6873229754642147,0.7311249938598015,False,False,False
L home fav exactly 3 & X outdoors,over,306,0.49019607843137253,-0.34299717028501836,82,0.573170731707317,1.3251783128981576,0.7316005889599009,False,False,False
F home 2 straight non-covers & F home last game went under,fav_cover,419,0.5083532219570406,0.3419723781222223,118,0.5169491525423728,0.3682298471593284,0.7323716795021231,False,False,False
L home fav & R ref prior home cover <= 45% (60+),fav_cover,308,0.4902597402597403,-0.341881729378913,67,0.5074626865671642,0.12216944435630557,0.732439899903873,False,False,False
L total 37-39.5 & F away last game went over,fav_cover,308,0.4902597402597403,-0.341881729378913,32,0.5,0.0,0.732439899903873,False,False,False
L home fav & R ref prior home cover <= 45% (60+),home_cover,308,0.4902597402597403,-0.341881729378913,67,0.5074626865671642,0.12216944435630557,0.732439899903873,False,False,False
F home revenge (lost to opp earlier this season) & F away last game went under,home_cover,215,0.4883720930232558,-0.34099716973523736,56,0.5178571428571429,0.26726124191242506,0.7331057124130167,False,False,False
X grass & F home failed to cover last game,over,1047,0.49474689589302767,-0.3399533649684789,363,0.4738292011019284,-0.9972413740548076,0.7338916478511814,False,False,False
X early (<14h) & F home lost last game by 21+,over,217,0.511520737327189,0.33942211665106553,57,0.3333333333333333,-2.5166114784235836,0.7342917597717276,False,False,False
L home fav 3.5-6.5 & X dome/closed,fav_cover,217,0.511520737327189,0.33942211665106553,80,0.4875,-0.22360679774997919,0.7342917597717276,False,False,False
L home fav 3.5-6.5 & X dome/closed,home_cover,217,0.511520737327189,0.33942211665106553,80,0.4875,-0.22360679774997919,0.7342917597717276,False,False,False
X dome/closed & X weeks 10-13,fav_cover,217,0.511520737327189,0.33942211665106553,72,0.5555555555555556,0.9428090415820638,0.7342917597717276,False,False,False
X grass & F away won last game by 21+,fav_cover,217,0.48847926267281105,-0.33942211665106553,50,0.46,-0.5656854249492378,0.7342917597717276,False,False,False
X early (<14h) & F home last game went under,over,1053,0.49477682811016144,-0.3389834532487515,326,0.5122699386503068,0.4430790204973705,0.7346221953628822,False,False,False
X grass & F away covered last game,over,1059,0.4948064211520302,-0.33802179612465105,327,0.4709480122324159,-1.0507024008577293,0.7353467626034393,False,False,False
F home revenge (lost to opp earlier this season) & F away last game went over,fav_cover,219,0.4885844748858447,-0.3378686891997438,60,0.55,0.7745966692414842,0.7354621438330566,False,False,False
F home last game went over & F home revenge (lost to opp earlier this season),fav_cover,219,0.5114155251141552,0.33786868919974217,55,0.5636363636363636,0.9438798074485384,0.7354621438330577,False,False,False
L total 0-36.5 & X divisional,fav_cover,221,0.48868778280542985,-0.3363363969981567,3,0.3333333333333333,-0.5773502691896258,0.7366172061350034,False,False,False
L total half-point & F away last game went over,over,884,0.505656108597285,0.33633639699815504,265,0.47924528301886793,-0.6757246285173462,0.7366172061350047,False,False,False
X away travels west 2+ h & F home failed to cover last game,over,221,0.5113122171945701,0.33633639699815504,67,0.5223880597014925,0.3665083330689149,0.7366172061350047,False,False,False
F away failed to cover last game & F away last game went under,over,886,0.49435665914221216,-0.33595657034169957,308,0.5162337662337663,0.5698028822981909,0.7369036167202914,False,False,False
X weeks 10-13 & F home 2 straight non-covers,home_cover,223,0.5112107623318386,0.3348247650912135,66,0.48484848484848486,-0.24618298195866523,0.7377572778861301,False,False,False
X away travels west 2+ h & F away failed to cover last game,home_cover,223,0.48878923766816146,-0.3348247650912119,70,0.4142857142857143,-1.434274331201272,0.7377572778861314,False,False,False
L total 37-39.5 & F away covered last game,home_cover,326,0.49079754601226994,-0.3323092653730269,47,0.44680851063829785,-0.729324957489473,0.7396557443103895,False,False,False
X divisional & F away failed to cover last game,fav_cover,735,0.49387755102040815,-0.3319700011034939,220,0.5045454545454545,0.13483997249264762,0.7399119113256027,False,False,False
X grass & F away ATS to date >= 70% (4+ games),fav_cover,227,0.4889867841409692,-0.33186165579998517,62,0.43548387096774194,-1.016001016001524,0.7399937252921986,False,False,False
X turf & F home 2 straight covers,fav_cover,328,0.49085365853658536,-0.3312945782245399,124,0.5161290322580645,0.3592106040535495,0.7404219862495935,False,False,False
X weeks 5-9 & F away last game went over,fav_cover,586,0.4931740614334471,-0.3304769539088106,167,0.5149700598802395,0.3869116162670672,0.7410396034735414,False,False,False
L away fav & F away 2 straight non-covers,home_cover,229,0.4890829694323144,-0.33040930022754567,71,0.5633802816901409,1.0681034923744683,0.7410907152069031,False,False,False
L away fav & F away 2 straight non-covers,fav_cover,229,0.5109170305676856,0.330409300227544,71,0.43661971830985913,-1.0681034923744683,0.7410907152069044,False,False,False
X outdoors,fav_cover,2974,0.4969737726967048,-0.3300669370273663,924,0.48917748917748916,-0.6579516949597704,0.7413493849688897,False,False,False
X night (>=19h) & F home last game went under,home_cover,231,0.5108225108225108,0.3289758474798852,118,0.4830508474576271,-0.3682298471593296,0.7421739437973964,False,False,False
L total 46-48.5 & F away last game went under,over,231,0.48917748917748916,-0.3289758474798852,142,0.5070422535211268,0.1678362716593376,0.7421739437973964,False,False,False
F away failed to cover last game & F away last game went over,home_cover,928,0.49461206896551724,-0.32826608214930664,261,0.48659003831417624,-0.43328912241312106,0.7427104870369574,False,False,False
L home fav & X turf,over,1133,0.5048543689320388,0.32679675106226846,356,0.5140449438202247,0.5299989400031792,0.7438216169164007,False,False,False
X divisional & F away won last game by 21+,home_cover,150,0.5133333333333333,0.32659863237108977,38,0.3157894736842105,-2.271099895830676,0.7439714780750575,False,False,False
X divisional & F home lost last game by 21+,fav_cover,150,0.5133333333333333,0.32659863237108977,41,0.43902439024390244,-0.7808688094430303,0.7439714780750575,False,False,False
X outdoors & F away 2 straight covers,over,606,0.5066006600660066,0.32497778548095346,187,0.47058823529411764,-0.8043996665398438,0.7451978845832508,False,False,False
X turf & F home won last game by 21+,over,152,0.5131578947368421,0.3244428422615261,36,0.4166666666666667,-0.9999999999999998,0.7456027889274608,False,False,False
X rest home - away >= 3 & F home last game went under,over,152,0.4868421052631579,-0.3244428422615247,67,0.6119402985074627,1.8325416653445783,0.7456027889274619,False,False,False
X outdoors & F away failed to cover last game,home_cover,1382,0.4956584659913169,-0.3227953162739427,427,0.47306791569086654,-1.1130480125404016,0.7468502603655844,False,False,False
X weeks 2-4 & F away failed to cover last game,home_cover,346,0.4913294797687861,-0.3225619983422831,114,0.42105263157894735,-1.6858544608470496,0.7470269774259237,False,False,False
X divisional & F home lost last game by 21+,over,154,0.487012987012987,-0.3223291856101522,40,0.325,-2.2135943621178655,0.7472033251006589,False,False,False
L total 0-36.5 & X turf,fav_cover,154,0.512987012987013,0.3223291856101522,4,0.25,-1.0,0.7472033251006589,False,False,False
L total 0-36.5 & X turf,home_cover,154,0.487012987012987,-0.3223291856101522,4,1.0,2.0,0.7472033251006589,False,False,False
X night (>=19h) & F away last game went over,fav_cover,241,0.5103734439834025,0.3220783132004143,110,0.5727272727272728,1.5255401427929483,0.7473933671764341,False,False,False
L away fav & X weeks 5-9,home_cover,348,0.49137931034482757,-0.3216337604513391,122,0.5163934426229508,0.3621429841700745,0.7477301646241341,False,False,False
L away fav & X weeks 5-9,fav_cover,348,0.5086206896551724,0.321633760451337,122,0.48360655737704916,-0.3621429841700745,0.7477301646241357,False,False,False
X weeks 14-16 & F away last game went over,home_cover,350,0.49142857142857144,-0.3207134902949089,100,0.47,-0.6000000000000005,0.7484275231355633,False,False,False
L total 43-45.5 & X weeks 14-16,home_cover,156,0.48717948717948717,-0.32025630761017454,61,0.5245901639344263,0.38411063979868837,0.7487740417065469,False,False,False
X divisional & F home ATS to date >= 70% (4+ games),over,156,0.48717948717948717,-0.32025630761017454,31,0.45161290322580644,-0.5388159060803248,0.7487740417065469,False,False,False
X weeks 5-9 & X home off bye,home_cover,156,0.48717948717948717,-0.32025630761017454,34,0.5294117647058824,0.34299717028501775,0.7487740417065469,False,False,False
F away covered last game & F away 2 straight covers,fav_cover,793,0.5056746532156369,0.3195993709027985,260,0.5230769230769231,0.7442084075352516,0.7492720513285289,False,False,False
F away 2 straight covers,fav_cover,793,0.5056746532156369,0.3195993709027985,260,0.5230769230769231,0.7442084075352516,0.7492720513285289,False,False,False
X turf & X early (<14h),home_cover,986,0.4949290060851927,-0.3184648776492414,324,0.5246913580246914,0.8888888888888888,0.7501323324391105,False,False,False
X rest home - away >= 3 & F home failed to cover last game,home_cover,158,0.4873417721518987,-0.3182229136702923,54,0.4444444444444444,-0.8164965809277264,0.7503158528871916,False,False,False
F home won last game by 21+ & F away last game went under,home_cover,158,0.5126582278481012,0.3182229136702909,43,0.4186046511627907,-1.0674899923282324,0.7503158528871927,False,False,False
X weeks 17-18,over,249,0.4899598393574297,-0.3168621252622394,79,0.5063291139240507,0.11250879009260299,0.7513482219227443,False,False,False
L total on key 41/44/37/47 & F away 2 straight non-covers,home_cover,160,0.4875,-0.3162277660168382,38,0.39473684210526316,-1.2977713690461001,0.751829634045849,False,False,False
X rest home - away >= 3 & F home last game went over,home_cover,160,0.5125,0.3162277660168368,54,0.5,0.0,0.7518296340458501,False,False,False
L away fav & X outdoors,over,1002,0.5049900199600799,0.31591201180328304,356,0.47191011235955055,-1.0599978800063605,0.752069294383712,False,False,False
L home fav & F away lost last game by 21+,over,251,0.4900398406374502,-0.3155972015489013,70,0.4714285714285714,-0.4780914437337576,0.7523082620482855,False,False,False
X grass & F home 2 straight covers,over,493,0.49290060851926976,-0.31526414437773237,131,0.549618320610687,1.1358152736593499,0.7525611065163369,False,False,False
X turf & F away ATS to date <= 30% (4+ games),home_cover,162,0.5123456790123457,0.3142696805273559,39,0.5384615384615384,0.4803844614152611,0.7533162239313502,False,False,False
X weeks 14-16 & F away 2 straight non-covers,fav_cover,162,0.4876543209876543,-0.31426968052735443,52,0.4423076923076923,-0.8320502943378439,0.7533162239313511,False,False,False
L away fav & X grass,over,825,0.5054545454545455,0.31333978072025814,296,0.46283783783783783,-1.2787240261820123,0.7540225300620733,False,False,False
L total 43-45.5 & X late afternoon (15-17h),fav_cover,255,0.5098039215686274,0.3131121455425736,93,0.5268817204301075,0.5184758473652121,0.7541954619218825,False,False,False
F away won last game by 21+ & F away covered last game,over,368,0.49184782608695654,-0.3127716210856114,98,0.4897959183673469,-0.20203050891044239,0.7544541774940896,False,False,False
L total 40-42.5 & F away last game went over,over,368,0.5081521739130435,0.3127716210856114,98,0.47959183673469385,-0.40406101782088477,0.7544541774940896,False,False,False
X rest home - away <= -3 & F away failed to cover last game,fav_cover,164,0.4878048780487805,-0.3123475237772124,73,0.3972602739726027,-1.755617207941959,0.7547764265871042,False,False,False
X early (<14h) & F home won last game by 21+,over,164,0.5121951219512195,0.3123475237772124,43,0.37209302325581395,-1.6774842736586515,0.7547764265871042,False,False,False
L home fav & F home last game went under,over,1241,0.49556809024979853,-0.312253125692014,389,0.519280205655527,0.7605301898450917,0.7548481605050679,False,False,False
L total 37-39.5 & X grass,fav_cover,503,0.49304174950298213,-0.3121145734473959,58,0.41379310344827586,-1.3130643285972259,0.7549534513782157,False,False,False
F home 2 straight non-covers & F home last game went over,over,372,0.5080645161290323,0.3110855084191273,134,0.41044776119402987,-2.0732842213952636,0.7557356175737273,False,False,False
F away ATS to date <= 30% (4+ games) & F away last game went under,over,166,0.4879518072289157,-0.3104602102825327,69,0.6376811594202898,2.287331208629614,0.7562110131749697,False,False,False
X grass & X home off bye,fav_cover,166,0.4879518072289157,-0.3104602102825327,38,0.5526315789473685,0.6488856845230507,0.7562110131749697,False,False,False
X early (<14h) & X weeks 2-4,home_cover,376,0.4920212765957447,-0.30942637387763794,131,0.4732824427480916,-0.6115928396627263,0.7569972106581437,False,False,False
F home last game went over,fav_cover,1775,0.49633802816901407,-0.3085632311304033,559,0.45080500894454384,-2.3262521394079743,0.7576537941158263,False,False,False
F away covered last game & F away last game went under,fav_cover,851,0.49471210340775557,-0.3085160265859784,273,0.4652014652014652,-1.1499323120707243,0.7576897071559481,False,False,False
L away fav & F away failed to cover last game,fav_cover,519,0.4932562620423892,-0.3072658969143032,185,0.4756756756756757,-0.6616931598844262,0.7586409912296932,False,False,False
L away fav & F away failed to cover last game,home_cover,519,0.5067437379576107,0.3072658969143007,185,0.5243243243243243,0.6616931598844262,0.7586409912296952,False,False,False
L total 37-39.5 & F away last game went under,fav_cover,382,0.49214659685863876,-0.3069867060579898,59,0.4576271186440678,-0.6509445549041194,0.7588534910159768,False,False,False
X early (<14h) & X weeks 10-13,fav_cover,523,0.4933078393881453,-0.3060886286126381,157,0.5286624203821656,0.7182781960208598,0.7595371657385941,False,False,False
F home ATS to date >= 70% (4+ games) & F home last game went under,fav_cover,172,0.4883720930232558,-0.3049971406652099,53,0.5094339622641509,0.13736056394868898,0.7603683300552022,False,False,False
L home fav 7.5-9.5 & F away last game went under,over,172,0.5116279069767442,0.3049971406652099,41,0.5853658536585366,1.093216333220242,0.7603683300552022,False,False,False
X outdoors & F home ATS to date >= 70% (4+ games),fav_cover,269,0.49070631970260226,-0.30485538042484533,65,0.5230769230769231,0.3721042037676258,0.7604763003149873,False,False,False
L total half-point & F away last game went under,over,873,0.4948453608247423,-0.3046038495400846,255,0.5176470588235295,0.5636018619766361,0.7606678877645507,False,False,False
X home off bye,home_cover,271,0.4907749077490775,-0.30372836961539307,68,0.4264705882352941,-1.2126781251816652,0.7613348425986455,False,False,False
L home fav & X Monday,home_cover,174,0.5114942528735632,0.303239217431561,57,0.42105263157894735,-1.1920791213585398,0.7617075639478077,False,False,False
L home fav & X Monday,fav_cover,174,0.5114942528735632,0.303239217431561,57,0.42105263157894735,-1.1920791213585398,0.7617075639478077,False,False,False
L total half-point & F away ATS to date >= 70% (4+ games),home_cover,174,0.5114942528735632,0.303239217431561,54,0.5740740740740741,1.0886621079036347,0.7617075639478077,False,False,False
F home covered last game & F away covered last game,over,881,0.5051078320090806,0.30321770423814487,282,0.4787234042553192,-0.7145896010104955,0.7617239577162862,False,False,False
F away covered last game & F away last game went over,home_cover,883,0.49490373725934317,-0.3028741146612279,279,0.4157706093189964,-2.813816398419474,0.7619857988829941,False,False,False
F away failed to cover last game,over,1853,0.503507825148408,0.3019990957910419,579,0.5025906735751295,0.12467574523850784,0.7626527522442608,False,False,False
L total 46-48.5 & F away failed to cover last game,over,275,0.4909090909090909,-0.30151134457776374,143,0.5314685314685315,0.7526178090063814,0.763024600552995,False,False,False
L total half-point & R ref prior over <= 45% (60+ games),over,176,0.5113636363636364,0.30151134457776335,81,0.5061728395061729,0.1111111111111116,0.7630246005529953,False,False,False
L total 40-42.5 & F away 2 straight covers,home_cover,176,0.48863636363636365,-0.30151134457776335,40,0.525,0.3162277660168382,0.7630246005529953,False,False,False
X outdoors & F home ATS to date >= 70% (4+ games),over,277,0.49097472924187724,-0.3004208840630554,66,0.45454545454545453,-0.7385489458759966,0.7638561357920772,False,False,False
L total half-point & F away failed to cover last game,over,899,0.5050055617352615,0.30016680568428467,267,0.5355805243445693,1.1627811165879978,0.7640499234950962,False,False,False
L home fav 3.5-6.5 & F home last game went under,over,400,0.4925,-0.30000000000000027,151,0.5496688741721855,1.22068268815674,0.7641771556220944,False,False,False
L home fav 0.5-2.5,over,400,0.4925,-0.30000000000000027,147,0.5170068027210885,0.41239304942116173,0.7641771556220944,False,False,False
L home fav 3.5-6.5 & F home last game went under,home_cover,400,0.4925,-0.30000000000000027,151,0.4900662251655629,-0.24413653763134774,0.7641771556220944,False,False,False
L home fav 3.5-6.5 & F home last game went under,fav_cover,400,0.4925,-0.30000000000000027,151,0.4900662251655629,-0.24413653763134774,0.7641771556220944,False,False,False
L home fav & X turf,fav_cover,1122,0.49554367201426025,-0.29854071701326607,344,0.5174418604651163,0.6469966392206317,0.7652905044137499,False,False,False
L home fav & X turf,home_cover,1122,0.49554367201426025,-0.29854071701326607,344,0.5174418604651163,0.6469966392206317,0.7652905044137499,False,False,False
F home covered last game & F away revenge (lost to opp earlier this season),over,180,0.4888888888888889,-0.29814239699997236,49,0.4489795918367347,-0.7142857142857143,0.7655944839957638,False,False,False
X weeks 14-16 & F home 2 straight covers,home_cover,180,0.4888888888888889,-0.29814239699997236,51,0.29411764705882354,-2.940588176458821,0.7655944839957638,False,False,False
L total 0-36.5 & F away last game went over,fav_cover,182,0.489010989010989,-0.2964997266644409,1,0.0,-1.0,0.7668484756777443,False,False,False
L total 43-45.5 & F home 2 straight covers,fav_cover,182,0.510989010989011,0.2964997266644394,74,0.5540540540540541,0.9299811099505543,0.7668484756777456,False,False,False
X turf & F away last game went under,over,740,0.5054054054054054,0.2940858488375201,246,0.516260162601626,0.5100613704506699,0.7686923040029374,False,False,False
F home last game went under & F away revenge (lost to opp earlier this season),over,186,0.489247311827957,-0.29329423004270627,62,0.5,0.0,0.7692972635915551,False,False,False
L away fav exactly 3,over,291,0.49140893470790376,-0.2931051908802754,79,0.46835443037974683,-0.562543950463012,0.7694417491864263,False,False,False
X dome/closed & F home last game went over,home_cover,420,0.4928571428571429,-0.29277002188455886,129,0.4883720930232558,-0.2641352718976876,0.7696979437812905,False,False,False
M ML likes home more than spread (top 20%),home_cover,422,0.4928909952606635,-0.29207543010674203,233,0.45493562231759654,-1.3757557423688793,0.770228951950968,False,False,False
L total 43-45.5 & F home covered last game,fav_cover,424,0.49292452830188677,-0.29138575870718036,164,0.5182926829268293,0.4685212856658186,0.7707563051394841,False,False,False
L home fav exactly 3 & F home covered last game,over,190,0.5105263157894737,0.2901905000440056,51,0.5294117647058824,0.42008402520840304,0.7716705035436158,False,False,False
X early (<14h) & F away won last game by 21+,over,190,0.5105263157894737,0.2901905000440056,53,0.4716981132075472,-0.41208169184606697,0.7716705035436158,False,False,False
L total on key 41/44/37/47 & F home covered last game,over,301,0.5083056478405316,0.2881952088521174,71,0.5070422535211268,0.11867816581938517,0.7731973160641319,False,False,False
X weeks 5-9 & F away last game went over,home_cover,593,0.49409780775716694,-0.287455546823614,168,0.49404761904761907,-0.15430334996209136,0.7737635346886464,False,False,False
F home covered last game & F home ATS to date >= 70% (4+ games),over,303,0.5082508250825083,0.28724249481071457,79,0.4430379746835443,-1.012579110833422,0.7739266504667293,False,False,False
X divisional & X weeks 14-16,home_cover,303,0.5082508250825083,0.28724249481071457,90,0.4666666666666667,-0.6324555320336758,0.7739266504667293,False,False,False
L home fav & F away revenge (lost to opp earlier this season),over,303,0.49174917491749176,-0.2872424948107126,87,0.4827586206896552,-0.32163376045133807,0.7739266504667306,False,False,False
L home fav 10+ & F home last game went under,over,194,0.4896907216494845,-0.28718326344709577,56,0.39285714285714285,-1.6035674514745464,0.7739720006501318,False,False,False
L |spread| = 6.5,over,194,0.4896907216494845,-0.28718326344709577,49,0.5102040816326531,0.14285714285714302,0.7739720006501318,False,False,False
L total half-point & F away ATS to date <= 30% (4+ games),over,194,0.5103092783505154,0.2871832634470943,61,0.6557377049180327,2.4327007187250227,0.7739720006501329,False,False,False
F home ATS to date >= 70% (4+ games) & F away failed to cover last game,over,194,0.5103092783505154,0.2871832634470943,41,0.4146341463414634,-1.0932163332202427,0.7739720006501329,False,False,False
F away lost last game by 21+ & F away failed to cover last game,over,305,0.4918032786885246,-0.28629916715693443,88,0.4318181818181818,-1.2792042981336624,0.7746489959548173,False,False,False
L total 46-48.5 & F away last game went over,over,305,0.4918032786885246,-0.28629916715693443,158,0.4810126582278481,-0.47733437050543776,0.7746489959548173,False,False,False
F away lost last game by 21+,over,305,0.4918032786885246,-0.28629916715693443,88,0.4318181818181818,-1.2792042981336624,0.7746489959548173,False,False,False
F home last game went under & F away ATS to date >= 70% (4+ games),home_cover,196,0.4897959183673469,-0.28571428571428603,58,0.5689655172413793,1.050451462877781,0.7750969621959845,False,False,False
X outdoors & X Monday,fav_cover,196,0.5102040816326531,0.28571428571428603,64,0.453125,-0.75,0.7750969621959845,False,False,False
X dome/closed & F home 2 straight non-covers,fav_cover,196,0.4897959183673469,-0.28571428571428603,54,0.5185185185185185,0.27216552697590823,0.7750969621959845,False,False,False
X outdoors & F away 2 straight covers,home_cover,601,0.49417637271214643,-0.28553595575680124,184,0.45652173913043476,-1.1795356492391778,0.7752335617004362,False,False,False
X away travels west 2+ h & F home last game went over,home_cover,198,0.4898989898989899,-0.28426762180748083,65,0.4153846153846154,-1.3643820804812927,0.7762052970938842,False,False,False
X weeks 5-9 & F home ATS to date <= 30% (4+ games),fav_cover,198,0.51010101010101,0.2842676218074793,62,0.43548387096774194,-1.016001016001524,0.7762052970938853,False,False,False
F away 2 straight covers,home_cover,800,0.495,-0.2828427124746193,260,0.46923076923076923,-0.9922778767136677,0.7772974107895214,False,False,False
F away covered last game & F away 2 straight covers,home_cover,800,0.495,-0.2828427124746193,260,0.46923076923076923,-0.9922778767136677,0.7772974107895214,False,False,False
X outdoors & F away 2 straight non-covers,home_cover,613,0.49429037520391517,-0.28272733710270703,206,0.48058252427184467,-0.5573864114332938,0.7773858588841027,False,False,False
L away fav 0.5-2.5,fav_cover,313,0.5079872204472844,0.2826167094721125,140,0.5,0.0,0.7774706700148455,False,False,False
L away fav 0.5-2.5,home_cover,313,0.49201277955271566,-0.2826167094721105,140,0.5,0.0,0.7774706700148468,False,False,False
X turf & X late afternoon (15-17h),fav_cover,315,0.49206349206349204,-0.2817180849095065,77,0.4675324675324675,-0.56980288229819,0.778159686176165,False,False,False
F home covered last game,fav_cover,1824,0.4967105263157895,-0.2809757434745067,566,0.4929328621908127,-0.3362650813673586,0.7787290045873438,False,False,False
L total 0-36.5 & F home failed to cover last game,fav_cover,204,0.49019607843137253,-0.28005601680560255,5,0.4,-0.44721359549995787,0.7794345284272746,False,False,False
L total 37-39.5 & F home covered last game,fav_cover,319,0.49216300940438873,-0.2799462554779266,47,0.48936170212765956,-0.14586499149789475,0.7795187386723097,False,False,False
F home 2 straight covers,over,822,0.4951338199513382,-0.279032042566062,261,0.4942528735632184,-0.18569533817705164,0.7802202345425719,False,False,False
F home covered last game & F home 2 straight covers,over,822,0.4951338199513382,-0.279032042566062,261,0.4942528735632184,-0.18569533817705164,0.7802202345425719,False,False,False
L |spread| = 3.5 & X early (<14h),fav_cover,206,0.5097087378640777,0.2786932057166469,75,0.4666666666666667,-0.5773502691896256,0.7804802770694985,False,False,False
X late afternoon (15-17h) & F home covered last game,fav_cover,470,0.49361702127659574,-0.2767593624086659,148,0.41216216216216217,-2.1371868349696443,0.7819648868048112,False,False,False
F home won last game by 21+,over,327,0.4923547400611621,-0.2765006318046652,86,0.4069767441860465,-1.7253243712550146,0.7821635744458486,False,False,False
F home won last game by 21+ & F home covered last game,over,327,0.4923547400611621,-0.2765006318046652,86,0.4069767441860465,-1.7253243712550146,0.7821635744458486,False,False,False
L home fav 7.5-9.5 & X grass,fav_cover,210,0.49047619047619045,-0.2760262237369423,45,0.4666666666666667,-0.4472135954999578,0.7825279247400669,False,False,False
L home fav 7.5-9.5 & X grass,home_cover,210,0.49047619047619045,-0.2760262237369423,45,0.4666666666666667,-0.4472135954999578,0.7825279247400669,False,False,False
L |spread| = 2.5,home_cover,212,0.5094339622641509,0.27472112789737796,118,0.4915254237288136,-0.1841149235796642,0.7835304977741095,False,False,False
L |spread| = 2.5,fav_cover,212,0.49056603773584906,-0.27472112789737796,118,0.4491525423728814,-1.1046895414779876,0.7835304977741095,False,False,False
F home failed to cover last game & F away covered last game,fav_cover,848,0.49528301886792453,-0.27472112789737796,256,0.50390625,0.125,0.7835304977741095,False,False,False
F home last game went under & F home revenge (lost to opp earlier this season),home_cover,214,0.49065420560747663,-0.2734343708098654,61,0.45901639344262296,-0.6401843996644797,0.7845193349903645,False,False,False
L home fav 10+ & X grass,over,214,0.49065420560747663,-0.2734343708098654,64,0.421875,-1.25,0.7845193349903645,False,False,False
L home fav 3.5-6.5 & X dome/closed,over,216,0.5092592592592593,0.2721655269759099,80,0.475,-0.44721359549995837,0.7854947471183533,False,False,False
L total half-point & M ML likes home less than spread (bottom 20%),home_cover,216,0.5092592592592593,0.2721655269759099,115,0.4956521739130435,-0.09325048082403083,0.7854947471183533,False,False,False
L home fav & X weeks 14-16,home_cover,486,0.49382716049382713,-0.2721655269759099,144,0.5,0.0,0.7854947471183533,False,False,False
L home fav & X weeks 14-16,fav_cover,486,0.49382716049382713,-0.2721655269759099,144,0.5,0.0,0.7854947471183533,False,False,False
L total half-point & M ML likes home less than spread (bottom 20%),fav_cover,216,0.49074074074074076,-0.27216552697590823,114,0.5350877192982456,0.7492686492653551,0.7854947471183547,False,False,False
L away fav & F home revenge (lost to opp earlier this season),home_cover,218,0.4908256880733945,-0.2709141845914385,70,0.45714285714285713,-0.7171371656006365,0.7864570351373765,False,False,False
L away fav & F home revenge (lost to opp earlier this season),fav_cover,218,0.5091743119266054,0.2709141845914369,70,0.5428571428571428,0.7171371656006355,0.7864570351373776,False,False,False
F home covered last game & F away covered last game,home_cover,872,0.4954128440366973,-0.2709141845914369,279,0.5089605734767025,0.29934217004462577,0.7864570351373776,False,False,False
X weeks 2-4 & F home covered last game,fav_cover,341,0.49266862170087977,-0.27076518053694093,111,0.43243243243243246,-1.423736993628748,0.7865716417032691,False,False,False
L total 0-36.5 & F away failed to cover last game,home_cover,222,0.509009009009009,0.2684624220856103,5,0.8,1.341640786499874,0.7883433963343043,False,False,False
F home last game went over & F home revenge (lost to opp earlier this season),over,222,0.509009009009009,0.2684624220856103,55,0.4909090909090909,-0.13483997249264845,0.7883433963343043,False,False,False
F home failed to cover last game & F away last game went over,home_cover,896,0.5044642857142857,0.2672612419124234,285,0.39649122807017545,-3.4948583787786442,0.7892680261342819,False,False,False
X divisional & X dome/closed,over,353,0.5070821529745042,0.2661231477061732,112,0.48214285714285715,-0.3779644730092271,0.7901443683110294,False,False,False
X late afternoon (15-17h) & F home 2 straight non-covers,fav_cover,228,0.49122807017543857,-0.2649064714130096,67,0.5522388059701493,0.8551861104941372,0.7910815129207809,False,False,False
L home fav 7.5-9.5,fav_cover,357,0.49299719887955185,-0.2646280620124806,89,0.4606741573033708,-0.7419985160044517,0.7912960002114706,False,False,False
L home fav 7.5-9.5,home_cover,357,0.49299719887955185,-0.2646280620124806,89,0.4606741573033708,-0.7419985160044517,0.7912960002114706,False,False,False
X weeks 10-13 & F home 2 straight non-covers,over,230,0.508695652173913,0.2637521893583133,71,0.5352112676056338,0.5933908290969259,0.7919708776587353,False,False,False
L total 37-39.5 & F home failed to cover last game,home_cover,361,0.5069252077562327,0.2631578947368438,43,0.5348837209302325,0.45749571099781333,0.7924288824045986,False,False,False
F home lost last game by 21+ & F home last game went over,over,232,0.5086206896551724,0.262612865719444,48,0.3541666666666667,-2.02072594216369,0.7928489826282057,False,False,False
L total 43-45.5 & F away last game went under,over,363,0.4931129476584022,-0.26243194054073954,172,0.5,0.0,0.7929884503526483,False,False,False
X weeks 14-16 & F away covered last game,home_cover,363,0.5068870523415978,0.26243194054073954,114,0.5087719298245614,0.18731716231633938,0.7929884503526483,False,False,False
J home spread juiced,home_cover,234,0.49145299145299143,-0.26148818018424613,119,0.5294117647058824,0.6416889479197481,0.7937160633795732,False,False,False
X late afternoon (15-17h) & X weeks 10-13,fav_cover,236,0.4915254237288136,-0.26037782196164705,67,0.5074626865671642,0.12216944435630557,0.7945723486232799,False,False,False
F away won last game by 21+,over,369,0.4932249322493225,-0.2602896031476761,98,0.4897959183673469,-0.20203050891044239,0.7946403917742288,False,False,False
X weeks 2-4 & F home last game went under,home_cover,369,0.5067750677506775,0.2602896031476761,114,0.5,0.0,0.7946403917742288,False,False,False
X grass & F home lost last game by 21+,over,238,0.5084033613445378,0.2592814894208648,63,0.3492063492063492,-2.393774995725106,0.7954180604830272,False,False,False
X weeks 5-9 & F home last game went over,fav_cover,538,0.4944237918215613,-0.25867836813553696,170,0.4294117647058823,-1.8407159732336895,0.7958834113364153,False,False,False
F home ATS to date <= 30% (4+ games),fav_cover,375,0.5066666666666667,0.25819888974716276,119,0.46218487394957986,-0.8250286473253896,0.7962534147376379,False,False,False
F home last game went under & F away 2 straight non-covers,fav_cover,375,0.49333333333333335,-0.25819888974716065,139,0.5035971223021583,0.08481889296799656,0.7962534147376397,False,False,False
F home last game went over & F away 2 straight covers,home_cover,377,0.493368700265252,-0.2575131013123027,122,0.4672131147540984,-0.7242859683401478,0.7967827028651213,False,False,False
L total half-point & F home 2 straight non-covers,fav_cover,379,0.5065963060686016,0.25683274846875853,109,0.5045871559633027,0.09578262852211457,0.7973078882024913,False,False,False
X weeks 5-9 & F home 2 straight non-covers,home_cover,244,0.5081967213114754,0.2560737598657922,77,0.5324675324675324,0.569802882298189,0.7978938831986564,False,False,False
L home fav exactly 3 & X grass,over,244,0.4918032786885246,-0.2560737598657922,64,0.578125,1.25,0.7978938831986564,False,False,False
X turf & F home last game went under,home_cover,751,0.5046604527296937,0.2554336278090888,255,0.5333333333333333,1.0645812948447537,0.7983882007608529,False,False,False
X weeks 5-9 & F away 2 straight covers,fav_cover,246,0.508130081300813,0.2550306852253367,80,0.525,0.44721359549995837,0.7986993992675895,False,False,False
F away 2 straight non-covers & F away last game went under,home_cover,385,0.5064935064935064,0.2548235957188107,144,0.4722222222222222,-0.666666666666667,0.7988593499960512,False,False,False
X turf & F home covered last game,fav_cover,755,0.5046357615894039,0.2547560838363913,249,0.5421686746987951,1.3308209261014026,0.7989114963014972,False,False,False
F home lost last game by 21+ & F home failed to cover last game,fav_cover,387,0.4935400516795866,-0.2541642838876734,96,0.4375,-1.224744871391589,0.7993686420636552,False,False,False
L total 37-39.5,home_cover,759,0.5046113306982872,0.2540839030242203,94,0.5106382978723404,0.20628424925175792,0.799430738912895,False,False,False
F away 2 straight covers & F away last game went over,home_cover,389,0.506426735218509,0.25351006328169723,134,0.3880597014925373,-2.59160527674408,0.7998740857285407,False,False,False
F home 2 straight covers & F away covered last game,over,395,0.4936708860759494,-0.2515773027133129,126,0.4603174603174603,-0.8908708063747486,0.8013678042649466,False,False,False
X early (<14h) & F home covered last game,fav_cover,1018,0.4960707269155206,-0.2507356563228895,303,0.5247524752475248,0.8617274844321399,0.8020184913075328,False,False,False
L away fav & F home last game went over,fav_cover,576,0.5052083333333334,0.2500000000000018,203,0.4827586206896552,-0.49130368444051686,0.8025873486341513,False,False,False
L away fav & F home last game went over,home_cover,576,0.4947916666666667,-0.2499999999999991,203,0.5172413793103449,0.4913036844405184,0.8025873486341533,False,False,False
F home 2 straight covers & F home last game went under,fav_cover,401,0.4937655860349127,-0.2496880847194612,137,0.49635036496350365,-0.085435765771676,0.8028285734235872,False,False,False
F home 2 straight covers & F away last game went under,over,401,0.4937655860349127,-0.2496880847194612,139,0.460431654676259,-0.9330078226479674,0.8028285734235872,False,False,False
X dome/closed & F home failed to cover last game,home_cover,403,0.49379652605459057,-0.24906774069335907,128,0.515625,0.35355339059327373,0.8033083824512044,False,False,False
L home fav 3.5-6.5 & F away last game went over,over,409,0.4938875305623472,-0.2472340882170744,142,0.5140845070422535,0.3356725433186752,0.804727065405304,False,False,False
L total half-point & X dome/closed,home_cover,409,0.4938875305623472,-0.2472340882170744,129,0.5116279069767442,0.2641352718976876,0.804727065405304,False,False,False
L total 43-45.5 & F home failed to cover last game,over,409,0.5061124694376528,0.24723408821707216,163,0.44785276073619634,-1.3315427649795268,0.8047270654053058,False,False,False
L away fav 3.5-6.5 & X grass,over,262,0.5076335877862596,0.2471208252860866,98,0.4489795918367347,-1.0101525445522108,0.8048147172132509,False,False,False
L total 46-48.5 & F away covered last game,over,262,0.49236641221374045,-0.2471208252860866,148,0.4594594594594595,-0.9863939238321431,0.8048147172132509,False,False,False
L total 40-42.5 & F away last game went under,over,415,0.4939759036144578,-0.24544034683690877,131,0.5190839694656488,0.43685202833051845,0.806115491922726,False,False,False
F home 2 straight covers,fav_cover,815,0.49570552147239266,-0.24519930543641913,253,0.4743083003952569,-0.8173029975005115,0.8063021141580229,False,False,False
F home covered last game & F home 2 straight covers,fav_cover,815,0.49570552147239266,-0.24519930543641913,253,0.4743083003952569,-0.8173029975005115,0.8063021141580229,False,False,False
X outdoors & F away won last game by 21+,over,268,0.5074626865671642,0.24433888871261114,71,0.5492957746478874,0.8307471607356981,0.8069683671707375,False,False,False
L away fav exactly 3 & X early (<14h),over,151,0.5099337748344371,0.2441365376313491,40,0.45,-0.6324555320336757,0.8071250755827686,False,False,False
X rest home - away <= -3 & F away last game went under,home_cover,151,0.5099337748344371,0.2441365376313491,75,0.4533333333333333,-0.8082903768654764,0.8071250755827686,False,False,False
L home fav 7.5-9.5 & X divisional,over,151,0.4900662251655629,-0.24413653763134774,29,0.4482758620689655,-0.5570860145311555,0.8071250755827697,False,False,False
L total 37-39.5 & F away 2 straight covers,home_cover,151,0.4900662251655629,-0.24413653763134774,23,0.6086956521739131,1.0425720702853742,0.8071250755827697,False,False,False
X turf & F away ATS to date >= 70% (4+ games),fav_cover,151,0.4900662251655629,-0.24413653763134774,48,0.3958333333333333,-1.4433756729740648,0.8071250755827697,False,False,False
F home 2 straight non-covers & F home last game went under,home_cover,423,0.4940898345153664,-0.24310831916315798,119,0.5042016806722689,0.0916698497028208,0.8079214867571762,False,False,False
X Monday & X night (>=19h),over,153,0.5098039215686274,0.2425356250363321,85,0.43529411764705883,-1.1931175180026088,0.8083651559145109,False,False,False
L away fav exactly 3 & F away covered last game,over,153,0.5098039215686274,0.2425356250363321,41,0.3902439024390244,-1.4055638569974545,0.8083651559145109,False,False,False
X outdoors & F away revenge (lost to opp earlier this season),over,272,0.49264705882352944,-0.2425356250363321,81,0.49382716049382713,-0.1111111111111116,0.8083651559145109,False,False,False
X turf & F home won last game by 21+,home_cover,153,0.5098039215686274,0.2425356250363321,35,0.4,-1.183215956619923,0.8083651559145109,False,False,False
X rest home - away <= -3 & F away last game went under,over,153,0.5098039215686274,0.2425356250363321,76,0.5263157894736842,0.458831467741123,0.8083651559145109,False,False,False
X early (<14h) & X home off bye,fav_cover,155,0.5096774193548387,0.24096579867074888,40,0.625,1.5811388300841895,0.8095816242642286,False,False,False
X rest home - away >= 3 & F home covered last game,fav_cover,157,0.49044585987261147,-0.2394260653402866,61,0.5573770491803278,0.8962581595302711,0.8107752204450995,False,False,False
X outdoors & X late afternoon (15-17h),fav_cover,855,0.504093567251462,0.2393949488198722,242,0.44214876033057854,-1.799908170293029,0.8107993464146022,False,False,False
L total half-point & F home last game went under,fav_cover,857,0.4959159859976663,-0.23911544498980375,251,0.5179282868525896,0.5680749627880224,0.8110160657466015,False,False,False
L home fav 3.5-6.5 & F away failed to cover last game,fav_cover,439,0.5056947608200456,0.23863697995167593,139,0.41007194244604317,-2.1204723241999273,0.811387087560548,False,False,False
L home fav 3.5-6.5 & F away failed to cover last game,home_cover,439,0.5056947608200456,0.23863697995167593,139,0.41007194244604317,-2.1204723241999273,0.811387087560548,False,False,False
X late afternoon (15-17h) & X weeks 5-9,fav_cover,282,0.4929078014184397,-0.2381965336701658,75,0.3466666666666667,-2.6558112382722783,0.811728665491132,False,False,False
X divisional & F home revenge (lost to opp earlier this season),home_cover,441,0.5056689342403629,0.23809523809523991,117,0.46153846153846156,-0.832050294337843,0.8118072280034314,False,False,False
F home revenge (lost to opp earlier this season),home_cover,441,0.5056689342403629,0.23809523809523991,117,0.46153846153846156,-0.832050294337843,0.8118072280034314,False,False,False
L home fav 3.5-6.5 & X weeks 2-4,fav_cover,159,0.5094339622641509,0.23791547571544316,65,0.36923076923076925,-2.1085904880165436,0.8119466522247989,False,False,False
L home fav 3.5-6.5 & X weeks 2-4,home_cover,159,0.5094339622641509,0.23791547571544316,65,0.36923076923076925,-2.1085904880165436,0.8119466522247989,False,False,False
L total half-point & F home won last game by 21+,home_cover,159,0.5094339622641509,0.23791547571544316,36,0.4722222222222222,-0.3333333333333335,0.8119466522247989,False,False,False
X outdoors & F home lost last game by 21+,over,286,0.506993006993007,0.23652495839563256,73,0.3561643835616438,-2.4578640911187426,0.813025342617578,False,False,False
L away fav & X away travels west 2+ h,over,161,0.4906832298136646,-0.23643312187173066,57,0.543859649122807,0.6622661785325222,0.8130965970880868,False,False,False
F home covered last game & F home last game went over,fav_cover,881,0.5039727582292849,0.23583599218522233,257,0.4474708171206226,-1.6842137261898737,0.8135599380440077,False,False,False
L total on key 41/44/37/47 & X divisional,home_cover,288,0.4930555555555556,-0.235702260395515,72,0.5277777777777778,0.4714045207910319,0.8136637157667925,False,False,False
F home last game went over & F away revenge (lost to opp earlier this season),over,163,0.49079754601226994,-0.23497813499638726,52,0.5,0.0,0.8142257038823608,False,False,False
F home won last game by 21+ & F home 2 straight covers,over,163,0.49079754601226994,-0.23497813499638726,45,0.37777777777777777,-1.6397831834998458,0.8142257038823608,False,False,False
L total 0-36.5 & F home last game went under,home_cover,290,0.49310344827586206,-0.23488808780588188,3,1.0,1.7320508075688774,0.8142955955008915,False,False,False
X grass & X night (>=19h),home_cover,290,0.49310344827586206,-0.23488808780588188,146,0.4794520547945205,-0.49656353316142143,0.8142955955008915,False,False,False
X weeks 10-13 & F home failed to cover last game,over,455,0.4945054945054945,-0.23440361546924687,134,0.4701492537313433,-0.6910947404650875,0.8146716520893333,False,False,False
F home last game went over & F away failed to cover last game,fav_cover,897,0.5039018952062431,0.23372319715296433,268,0.417910447761194,-2.6877277758387152,0.8151998777447389,False,False,False
L total 40-42.5 & F home 2 straight non-covers,over,165,0.4909090909090909,-0.23354968324845699,52,0.4423076923076923,-0.8320502943378439,0.8153345943552275,False,False,False
X late afternoon (15-17h) & F away covered last game,home_cover,459,0.5054466230936819,0.23338001400466907,144,0.4444444444444444,-1.333333333333334,0.8154663312412369,False,False,False
R ref prior home cover <= 45% (60+),over,461,0.4945770065075922,-0.23287321641631178,117,0.42735042735042733,-1.5716505559714828,0.8158598569179041,False,False,False
L total 40-42.5 & F away 2 straight non-covers,over,167,0.5089820359281437,0.23214696976024146,53,0.5849056603773585,1.2362450755382008,0.8164238645923902,False,False,False
X grass & X home off bye,home_cover,167,0.49101796407185627,-0.23214696976024146,38,0.3684210526315789,-1.6222142113076257,0.8164238645923902,False,False,False
L total 40-42.5 & F home 2 straight covers,fav_cover,167,0.49101796407185627,-0.23214696976024146,41,0.4634146341463415,-0.4685212856658179,0.8164238645923902,False,False,False
L total 40-42.5 & X outdoors,over,678,0.504424778761062,0.23042861179277094,200,0.52,0.5656854249492386,0.8177587302750979,False,False,False
L home fav 10+ & X outdoors,over,304,0.506578947368421,0.22941573387056055,97,0.44329896907216493,-1.1168807816469815,0.8185458083820443,False,False,False
X grass & F away 2 straight non-covers,home_cover,477,0.4947589098532495,-0.22893427324781418,163,0.43558282208588955,-1.6448469449747107,0.8189200016767204,False,False,False
X late afternoon (15-17h) & F home failed to cover last game,fav_cover,479,0.49478079331941544,-0.22845583119247753,137,0.4744525547445255,-0.5980503604017332,0.8192918897876451,False,False,False
X rest home - away <= -3 & F home covered last game,fav_cover,173,0.4913294797687861,-0.22808577638091226,77,0.4025974025974026,-1.7094086468945688,0.819579557488082,False,False,False
L total half-point & F away ATS to date >= 70% (4+ games),fav_cover,173,0.4913294797687861,-0.22808577638091226,54,0.3148148148148148,-2.721655269759087,0.819579557488082,False,False,False
F home last game went over & F away won last game by 21+,over,173,0.5086705202312138,0.22808577638091082,43,0.3953488372093023,-1.3724871329934423,0.8195795574880833,False,False,False
X late afternoon (15-17h) & F away last game went under,over,481,0.5051975051975052,0.22798037629377538,149,0.5167785234899329,0.409615960259521,0.8196614962832189,False,False,False
L home fav 0.5-2.5 & F away last game went over,fav_cover,175,0.5085714285714286,0.22677868380553612,66,0.5,0.0,0.8205958397554411,False,False,False
L home fav & F home lost last game by 21+,fav_cover,175,0.49142857142857144,-0.22677868380553612,39,0.358974358974359,-1.7614096918559585,0.8205958397554411,False,False,False
L home fav 0.5-2.5 & F away last game went over,home_cover,175,0.5085714285714286,0.22677868380553612,66,0.5,0.0,0.8205958397554411,False,False,False
F away failed to cover last game & F away revenge (lost to opp earlier this season),over,175,0.5085714285714286,0.22677868380553612,58,0.4827586206896552,-0.2626128657194448,0.8205958397554411,False,False,False
L home fav & F home lost last game by 21+,home_cover,175,0.49142857142857144,-0.22677868380553612,39,0.358974358974359,-1.7614096918559585,0.8205958397554411,False,False,False
X divisional & F away last game went under,fav_cover,702,0.49572649572649574,-0.22645540682891832,218,0.5045871559633027,0.13545709229571845,0.8208472385419292,False,False,False
L away fav & M ML likes home more than spread (top 20%),over,177,0.5084745762711864,0.22549380840084807,179,0.45251396648044695,-1.2706396576782903,0.8215951415328104,False,False,False
L away fav & M ML likes home more than spread (top 20%),fav_cover,177,0.5084745762711864,0.22549380840084807,175,0.5314285714285715,0.8315218406203011,0.8215951415328104,False,False,False
L away fav & M ML likes home more than spread (top 20%),home_cover,177,0.4915254237288136,-0.22549380840084807,175,0.4685714285714286,-0.8315218406202997,0.8215951415328104,False,False,False
X turf & F home revenge (lost to opp earlier this season),over,179,0.49162011173184356,-0.22423052782558126,42,0.5,0.0,0.8225779304211251,False,False,False
X turf & F home revenge (lost to opp earlier this season),fav_cover,179,0.49162011173184356,-0.22423052782558126,42,0.4523809523809524,-0.6172133998483676,0.8225779304211251,False,False,False
X rest home - away >= 3,fav_cover,322,0.4937888198757764,-0.22291128503014154,120,0.5333333333333333,0.7302967433402213,0.8236045531753549,False,False,False
F home won last game by 21+ & F home covered last game,fav_cover,324,0.5061728395061729,0.2222222222222232,84,0.4880952380952381,-0.21821789023599264,0.8241408957418843,False,False,False
L total 40-42.5 & X turf,over,324,0.49382716049382713,-0.2222222222222232,93,0.4731182795698925,-0.5184758473652121,0.8241408957418843,False,False,False
X rest home - away >= 3,over,324,0.49382716049382713,-0.2222222222222232,124,0.5645161290322581,1.4368424162142004,0.8241408957418843,False,False,False
F home won last game by 21+,fav_cover,324,0.5061728395061729,0.2222222222222232,84,0.4880952380952381,-0.21821789023599264,0.8241408957418843,False,False,False
L total 37-39.5 & X divisional,fav_cover,328,0.49390243902439024,-0.2208630521496933,37,0.43243243243243246,-0.8219949365267861,0.825199067091841,False,False,False
X weeks 14-16,home_cover,738,0.5040650406504065,0.2208630521496913,232,0.47413793103448276,-0.7878385971583353,0.8251990670918425,False,False,False
X dome/closed & F away 2 straight covers,fav_cover,185,0.5081081081081081,0.2205643866281431,74,0.4594594594594595,-0.6974858324629152,0.825431633465191,False,False,False
X early (<14h) & F away won last game by 21+,fav_cover,185,0.5081081081081081,0.2205643866281431,51,0.5686274509803921,0.9801960588196066,0.825431633465191,False,False,False
F home 2 straight covers & F away 2 straight non-covers,over,185,0.4918918918918919,-0.2205643866281416,63,0.6190476190476191,1.8898223650461363,0.8254316334651921,False,False,False
X turf & F home failed to cover last game,over,740,0.504054054054054,0.22056438662814007,212,0.47641509433962265,-0.6868028197434449,0.8254316334651934,False,False,False
X weeks 2-4 & F away last game went over,fav_cover,330,0.49393939393939396,-0.22019275302527153,121,0.4628099173553719,-0.8181818181818179,0.825721040382237,False,False,False
F home ATS to date <= 30% (4+ games) & F away failed to cover last game,over,187,0.5080213903743316,0.21938172723814006,59,0.423728813559322,-1.1717001988274152,0.82635270289715,False,False,False
L home fav 10+ & F away last game went over,over,187,0.5080213903743316,0.21938172723814006,56,0.4107142857142857,-1.336306209562122,0.82635270289715,False,False,False
L home fav 3.5-6.5 & F away 2 straight non-covers,home_cover,187,0.5080213903743316,0.21938172723814006,75,0.4,-1.7320508075688767,0.82635270289715,False,False,False
L home fav 3.5-6.5 & F away 2 straight non-covers,fav_cover,187,0.5080213903743316,0.21938172723814006,75,0.4,-1.7320508075688767,0.82635270289715,False,False,False
L away fav exactly 3 & X grass,over,187,0.4919786096256685,-0.21938172723813854,56,0.5178571428571429,0.26726124191242506,0.8263527028971511,False,False,False
F home 2 straight covers & F away 2 straight non-covers,fav_cover,187,0.4919786096256685,-0.21938172723813854,60,0.4,-1.5491933384829666,0.8263527028971511,False,False,False
X outdoors & F home revenge (lost to opp earlier this season),home_cover,334,0.5059880239520959,0.21887026206583482,92,0.4673913043478261,-0.6255432421712238,0.8267511122613496,False,False,False
L total on key 41/44/37/47 & F away failed to cover last game,home_cover,334,0.4940119760479042,-0.2188702620658328,87,0.4827586206896552,-0.32163376045133807,0.8267511122613511,False,False,False
L total half-point & F home ATS to date >= 70% (4+ games),fav_cover,189,0.5079365079365079,0.2182178902359916,47,0.40425531914893614,-1.3127849234810514,0.8272593465627118,False,False,False
L total on key 41/44/37/47 & F home last game went under,over,336,0.49404761904761907,-0.2182178902359916,94,0.48936170212765956,-0.20628424925175898,0.8272593465627118,False,False,False
F home lost last game by 21+ & F away covered last game,over,193,0.5077720207253886,0.21594472522460914,46,0.41304347826086957,-1.179535649239177,0.8290308337872736,False,False,False
L total 40-42.5 & X weeks 10-13,fav_cover,197,0.49238578680203043,-0.2137411499637296,49,0.5306122448979592,0.42857142857142905,0.830748919769762,False,False,False
X early (<14h) & F home ATS to date <= 30% (4+ games),fav_cover,197,0.49238578680203043,-0.2137411499637296,67,0.5074626865671642,0.12216944435630557,0.830748919769762,False,False,False
X outdoors & X away off bye,over,197,0.5076142131979695,0.21374114996372803,67,0.4925373134328358,-0.12216944435630557,0.8307489197697633,False,False,False
L home fav 7.5-9.5,over,352,0.4943181818181818,-0.21320071635561025,88,0.5113636363636364,0.21320071635561025,0.8311704095417625,False,False,False
L total 43-45.5 & F away 2 straight non-covers,fav_cover,199,0.49246231155778897,-0.21266436150250012,76,0.4868421052631579,-0.2294157338705615,0.8315887662695152,False,False,False
F home last game went over,over,1805,0.49750692520775625,-0.2118380189210316,577,0.48353552859618715,-0.7909803495314467,0.8322334067529609,False,False,False
L home fav 3.5-6.5 & X weeks 10-13,fav_cover,201,0.4925373134328358,-0.2116036847575801,63,0.3968253968253968,-1.6378460497066516,0.8324162344076109,False,False,False
L home fav 3.5-6.5 & X weeks 10-13,home_cover,201,0.4925373134328358,-0.2116036847575801,63,0.3968253968253968,-1.6378460497066516,0.8324162344076109,False,False,False
L total 43-45.5 & F away last game went under,fav_cover,358,0.49441340782122906,-0.21140656903267577,171,0.47368421052631576,-0.688247201611686,0.8325700312350133,False,False,False
F home ATS to date <= 30% (4+ games) & F away last game went over,fav_cover,207,0.5072463768115942,0.2085144140570757,56,0.4642857142857143,-0.5345224838248485,0.8348273291852384,False,False,False
L home fav 7.5-9.5 & X grass,over,207,0.4927536231884058,-0.20851441405707408,44,0.4318181818181818,-0.9045340337332908,0.8348273291852397,False,False,False
L total 46-48.5,home_cover,579,0.49568221070811747,-0.20779290873084463,310,0.45806451612903226,-1.4767007690423684,0.8353906697824245,False,False,False
F home last game went over & F away covered last game,home_cover,836,0.4964114832535885,-0.20751433915982187,269,0.4646840148698885,-1.1584504456144156,0.8356081953650438,False,False,False
L total half-point & X grass,over,1151,0.49695916594265854,-0.20632904982764935,330,0.48484848484848486,-0.5504818825631799,0.8365338882143738,False,False,False
L total 40-42.5,over,848,0.5035377358490566,0.20604084592303268,250,0.508,0.2529822128134706,0.8367590053252185,False,False,False
X outdoors & X night (>=19h),over,378,0.5052910052910053,0.20573779994945804,189,0.48148148148148145,-0.5091750772173163,0.8369957300480471,False,False,False
X night (>=19h) & F away last game went under,over,213,0.5070422535211268,0.20555661294825922,125,0.464,-0.8049844718999237,0.8371372715413528,False,False,False
X grass & F away ATS to date <= 30% (4+ games),over,213,0.5070422535211268,0.20555661294825922,81,0.4567901234567901,-0.7777777777777782,0.8371372715413528,False,False,False
F home failed to cover last game & F home last game went over,over,856,0.49649532710280375,-0.20507577810739822,287,0.4878048780487805,-0.4131969352706691,0.8375129205098901,False,False,False
X grass & F away revenge (lost to opp earlier this season),over,215,0.5069767441860465,0.20459830184114308,58,0.4827586206896552,-0.2626128657194448,0.8378859822713618,False,False,False
F home 2 straight non-covers & F away covered last game,fav_cover,384,0.5052083333333334,0.20412414523193295,113,0.5486725663716814,1.0347929552219564,0.8382564863858253,False,False,False
L away fav exactly 3 & X outdoors,fav_cover,217,0.5069124423963134,0.20365326999063996,55,0.4,-1.4832396974191322,0.838624461942691,False,False,False
L away fav exactly 3 & X outdoors,home_cover,217,0.4930875576036866,-0.20365326999063996,55,0.6,1.4832396974191322,0.838624461942691,False,False,False
F home lost last game by 21+,fav_cover,388,0.4948453608247423,-0.20306923302672308,96,0.4375,-1.224744871391589,0.8390809191750228,False,False,False
F home 2 straight non-covers & F away covered last game,over,390,0.5051282051282051,0.20254787341673258,118,0.3813559322033898,-2.577608930115306,0.8394884363242661,False,False,False
F home lost last game by 21+,home_cover,392,0.49489795918367346,-0.20203050891044239,96,0.4479166666666667,-1.0206207261596572,0.8398928732712687,False,False,False
L home fav & R ref prior over >= 55% (60+ games),fav_cover,221,0.5067873303167421,0.20180183819889302,91,0.5164835164835165,0.3144854510165765,0.840071644440278,False,False,False
L home fav & R ref prior over >= 55% (60+ games),home_cover,221,0.5067873303167421,0.20180183819889302,91,0.5164835164835165,0.3144854510165765,0.840071644440278,False,False,False
F home covered last game & F away last game went under,fav_cover,890,0.503370786516854,0.2011204569461991,294,0.4489795918367347,-1.7496355305594131,0.8406043864771906,False,False,False
X away travels west 2+ h & F away failed to cover last game,fav_cover,223,0.5067264573991032,0.20089485905472812,70,0.38571428571428573,-1.9123657749350296,0.8407807876477362,False,False,False
F home 2 straight covers & F away failed to cover last game,home_cover,404,0.504950495049505,0.199007438041998,120,0.425,-1.6431676725154987,0.8422569262528312,False,False,False
L away fav & F away 2 straight non-covers,over,229,0.49344978165938863,-0.1982455801365274,71,0.5211267605633803,0.3560344974581555,0.8428529273104584,False,False,False
X night (>=19h) & F home last game went under,fav_cover,229,0.5065502183406113,0.1982455801365257,118,0.5423728813559322,0.9205746178983234,0.8428529273104597,False,False,False
L home fav & X rest home - away >= 3,fav_cover,231,0.4935064935064935,-0.19738550848793077,85,0.5058823529411764,0.10846522890932771,0.8435258690926943,False,False,False
L home fav & X rest home - away >= 3,home_cover,231,0.4935064935064935,-0.19738550848793077,85,0.5058823529411764,0.10846522890932771,0.8435258690926943,False,False,False
L total 0-36.5 & F away covered last game,home_cover,233,0.49356223175965663,-0.1965365346241261,1,1.0,1.0,0.8441902397400831,False,False,False
F away 2 straight non-covers & F away last game went over,over,416,0.4951923076923077,-0.19611613513818332,120,0.55,1.0954451150103333,0.8445192674729405,False,False,False
L home fav 10+,over,422,0.504739336492891,0.1947169534044962,125,0.432,-1.520526224699857,0.8456145390475085,False,False,False
L total 43-45.5 & F home last game went over,over,422,0.504739336492891,0.1947169534044962,174,0.5,0.0,0.8456145390475085,False,False,False
L total half-point & X dome/closed,over,422,0.495260663507109,-0.19471695340449394,132,0.4621212121212121,-0.8703882797784896,0.8456145390475103,False,False,False
L total 37-39.5 & X early (<14h),fav_cover,424,0.49528301886792453,-0.1942571724714528,58,0.603448275862069,1.5756771943166705,0.8459745182192813,False,False,False
L total 37-39.5 & X early (<14h),home_cover,426,0.5046948356807511,0.1938006332446019,58,0.5344827586206896,0.5252257314388896,0.8463319911558431,False,False,False
L home fav & M ML likes home more than spread (top 20%),fav_cover,245,0.49387755102040815,-0.19166296949998254,58,0.41379310344827586,-1.3130643285972259,0.8480062142193092,False,False,False
L home fav & M ML likes home more than spread (top 20%),home_cover,245,0.49387755102040815,-0.19166296949998254,58,0.41379310344827586,-1.3130643285972259,0.8480062142193092,False,False,False
X weeks 10-13 & F home failed to cover last game,fav_cover,436,0.4954128440366973,-0.19156525704422914,129,0.4806201550387597,-0.4402254531628114,0.8480827592882234,False,False,False
X outdoors & F away last game went under,fav_cover,1347,0.4974016332590943,-0.19072790664367723,442,0.4660633484162896,-1.4269544824634817,0.8487387736835963,False,False,False
X grass & X weeks 14-16,over,442,0.49547511312217196,-0.19026059766179693,146,0.4520547945205479,-1.1586482440433157,0.8491049281482188,False,False,False
L away fav & X early (<14h),fav_cover,697,0.4964131994261119,-0.18938850476964322,244,0.5081967213114754,0.2560737598657922,0.8497883333030827,False,False,False
L away fav & X early (<14h),home_cover,697,0.503586800573888,0.18938850476964028,244,0.4918032786885246,-0.2560737598657922,0.8497883333030851,False,False,False
L home fav 3.5-6.5 & X weeks 5-9,fav_cover,251,0.4940239043824701,-0.1893583209293408,83,0.46987951807228917,-0.5488212999484515,0.8498119885321904,False,False,False
L home fav 3.5-6.5 & X weeks 5-9,home_cover,251,0.4940239043824701,-0.1893583209293408,83,0.46987951807228917,-0.5488212999484515,0.8498119885321904,False,False,False
X away off bye,over,253,0.49407114624505927,-0.18860838403858013,86,0.4883720930232558,-0.2156655464068772,0.8503997612438288,False,False,False
X late afternoon (15-17h),fav_cover,1020,0.4970588235294118,-0.18786728732554417,313,0.44089456869009586,-2.0913636500936192,0.8509806870320562,False,False,False
X weeks 10-13 & F away covered last game,over,458,0.49563318777292575,-0.18690772540639952,132,0.4393939393939394,-1.3926212476455826,0.8517329819443331,False,False,False
X early (<14h) & F home 2 straight covers,fav_cover,458,0.5043668122270742,0.18690772540639952,136,0.5073529411764706,0.1714985851425082,0.8517329819443331,False,False,False
X grass & F away covered last game,fav_cover,1034,0.5029013539651838,0.18659112407133746,320,0.496875,-0.1118033988749891,0.8519812264905613,False,False,False
X outdoors & F home won last game by 21+,home_cover,259,0.4942084942084942,-0.18641092980035964,63,0.5079365079365079,0.12598815766974195,0.852122521911375,False,False,False
X grass & F away 2 straight covers,fav_cover,464,0.4956896551724138,-0.18569533817705103,142,0.49295774647887325,-0.1678362716593376,0.8526836843346433,False,False,False
X outdoors & F away won last game by 21+,fav_cover,265,0.49433962264150944,-0.1842885350501853,71,0.49295774647887325,-0.11867816581938517,0.8537871075965993,False,False,False
X weeks 10-13 & F away last game went over,over,484,0.5041322314049587,0.1818181818181812,147,0.43537414965986393,-1.5670935878004133,0.855725415320072,False,False,False
X turf & F home last game went over,home_cover,759,0.49670619235836627,-0.1814885021601569,215,0.5023255813953489,0.06819943394704878,0.8559841572419722,False,False,False
X late afternoon (15-17h) & X weeks 5-9,home_cover,283,0.49469964664310956,-0.1783314894833286,75,0.38666666666666666,-1.9629909152447276,0.8584626501256494,False,False,False
L total on key 41/44/37/47 & X divisional,over,283,0.49469964664310956,-0.1783314894833286,74,0.43243243243243246,-1.1624763874381923,0.8584626501256494,False,False,False
L total 0-36.5,home_cover,506,0.49604743083003955,-0.1778216897897538,7,0.8571428571428571,1.889822365046136,0.8588630128278896,False,False,False
X night (>=19h),home_cover,508,0.5039370078740157,0.17747130188322244,248,0.4879032258064516,-0.38100038100057115,0.8591382051891985,False,False,False
R ref prior home cover >= 55% (60+),over,293,0.5051194539249146,0.1752618713510946,135,0.5333333333333333,0.7745966692414832,0.8608738702640641,False,False,False
L total 46-48.5 & X early (<14h),fav_cover,301,0.4950166112956811,-0.17291712531126968,174,0.5114942528735632,0.303239217431561,0.8627165703720459,False,False,False
L total half-point & F away last game went under,fav_cover,847,0.4970484061393152,-0.17180203318601273,247,0.4493927125506073,-1.5907119074394438,0.8635931670417178,False,False,False
L total half-point & F home covered last game,fav_cover,867,0.497116493656286,-0.1698089027028326,251,0.46215139442231074,-1.1992693658858269,0.8651604252719554,False,False,False
L total 37-39.5 & F home covered last game,home_cover,321,0.4953271028037383,-0.1674436716557843,47,0.48936170212765956,-0.14586499149789475,0.8670209651823457,False,False,False
F home covered last game & F home last game went over,over,897,0.5027870680044593,0.16694514082354214,266,0.4774436090225564,-0.7357672073819589,0.8674132142795681,False,False,False
X rest home - away >= 3,home_cover,323,0.4953560371517028,-0.1669244652223971,120,0.475,-0.5477225575051666,0.867429482757228,False,False,False
F home covered last game & F away failed to cover last game,fav_cover,899,0.5027808676307007,0.16675933649126484,268,0.4664179104477612,-1.0995249992067466,0.8675594153624555,False,False,False
X turf & F away 2 straight covers,over,331,0.4954682779456193,-0.16489491297879447,121,0.4628099173553719,-0.8181818181818179,0.869026696446642,False,False,False
X divisional & F away 2 straight non-covers,over,333,0.4954954954954955,-0.16439898730535762,106,0.5566037735849056,1.1655430348287168,0.869417060741239,False,False,False
L total 46-48.5 & X weeks 10-13,home_cover,150,0.5066666666666667,0.16329931618554624,68,0.4264705882352941,-1.2126781251816652,0.8702827722810351,False,False,False
X early (<14h) & X away off bye,home_cover,150,0.49333333333333335,-0.16329931618554488,45,0.4222222222222222,-1.043498389499902,0.870282772281036,False,False,False
L total 37-39.5 & F home 2 straight covers,home_cover,150,0.49333333333333335,-0.16329931618554488,13,0.5384615384615384,0.27735009811261435,0.870282772281036,False,False,False
X rest home - away >= 3 & F away last game went under,home_cover,150,0.49333333333333335,-0.16329931618554488,65,0.5846153846153846,1.3643820804812936,0.870282772281036,False,False,False
X weeks 10-13,fav_cover,941,0.5026567481402763,0.1629953416597006,280,0.5107142857142857,0.35856858280031684,0.8705221024406129,False,False,False
X divisional & F home lost last game by 21+,home_cover,152,0.4934210526315789,-0.16222142113076304,41,0.3902439024390244,-1.4055638569974545,0.871131491597158,False,False,False
L |spread| = 3.5 & F away covered last game,fav_cover,152,0.4934210526315789,-0.16222142113076304,62,0.4838709677419355,-0.2540002540003808,0.871131491597158,False,False,False
X divisional & F away ATS to date <= 30% (4+ games),over,152,0.506578947368421,0.16222142113076166,42,0.47619047619047616,-0.30860669992418416,0.8711314915971591,False,False,False
X outdoors & F away failed to cover last game,fav_cover,1376,0.49781976744186046,-0.16174915980515792,425,0.45647058823529413,-1.7947636252688635,0.871503390298682,False,False,False
X outdoors & F home 2 straight covers,fav_cover,616,0.5032467532467533,0.1611645928050775,174,0.4827586206896552,-0.4548588261473415,0.8719637673702072,False,False,False
L total on key 41/44/37/47 & X dome/closed,fav_cover,154,0.4935064935064935,-0.1611645928050761,35,0.5142857142857142,0.16903085094570272,0.8719637673702083,False,False,False
X early (<14h) & X away off bye,over,156,0.4935897435897436,-0.16012815380508658,46,0.45652173913043476,-0.5897678246195889,0.8727801237939121,False,False,False
X late afternoon (15-17h) & X away travels west 2+ h,fav_cover,355,0.504225352112676,0.15922346773028234,112,0.4732142857142857,-0.5669467095138412,0.8734928151433523,False,False,False
L away fav & F home 2 straight non-covers,over,355,0.504225352112676,0.15922346773028234,123,0.3821138211382114,-2.614841940535553,0.8734928151433523,False,False,False
X rest home - away >= 3 & F home covered last game,home_cover,158,0.5063291139240507,0.15911145683514685,61,0.5245901639344263,0.38411063979868837,0.8735810619624442,False,False,False
L |spread| = 3.5 & F home failed to cover last game,fav_cover,158,0.4936708860759494,-0.15911145683514544,64,0.453125,-0.75,0.8735810619624453,False,False,False
L home fav & X away off bye,over,158,0.4936708860759494,-0.15911145683514544,52,0.5192307692307693,0.2773500981126152,0.8735810619624453,False,False,False
L total 40-42.5 & X weeks 14-16,home_cover,158,0.4936708860759494,-0.15911145683514544,49,0.3673469387755102,-1.857142857142857,0.8735810619624453,False,False,False
L away fav & X late afternoon (15-17h),fav_cover,359,0.5041782729805014,0.15833394419077967,117,0.5213675213675214,0.462250163521025,0.8741936618934325,False,False,False
L away fav & X late afternoon (15-17h),home_cover,359,0.4958217270194986,-0.15833394419077756,117,0.47863247863247865,-0.46225016352102377,0.8741936618934343,False,False,False
X rest home - away >= 3 & F away covered last game,home_cover,160,0.50625,0.1581138830084184,58,0.4482758620689655,-0.7878385971583353,0.8743670611628922,False,False,False
X turf & F away ATS to date <= 30% (4+ games),fav_cover,162,0.49382716049382713,-0.15713484026367794,39,0.48717948717948717,-0.16012815380508727,0.8751385800804026,False,False,False
X rest home - away >= 3 & F home last game went over,over,162,0.5061728395061729,0.15713484026367794,56,0.5178571428571429,0.26726124191242506,0.8751385800804026,False,False,False
L total 37-39.5 & F away 2 straight non-covers,over,162,0.5061728395061729,0.15713484026367794,23,0.7391304347826086,2.2936585546278216,0.8751385800804026,False,False,False
L |spread| = 2.5 & X outdoors,home_cover,162,0.49382716049382713,-0.15713484026367794,81,0.5061728395061729,0.1111111111111116,0.8751385800804026,False,False,False
"X away travels east 2+ h, early game & F home last game went under",fav_cover,162,0.5061728395061729,0.15713484026367794,50,0.5,0.0,0.8751385800804026,False,False,False
X grass & X away travels west 2+ h,fav_cover,365,0.5041095890410959,0.1570271767770656,127,0.4566929133858268,-0.9760921603577247,0.8752234298200487,False,False,False
L total 40-42.5 & F home last game went over,over,365,0.4958904109589041,-0.15702717677706346,89,0.5056179775280899,0.10599978800063625,0.8752234298200505,False,False,False
L total 37-39.5 & X outdoors,fav_cover,652,0.5030674846625767,0.15665208999759056,79,0.4810126582278481,-0.33752637027780696,0.8755190474171661,False,False,False
L total half-point & F home won last game by 21+,over,164,0.49390243902439024,-0.1561737618886062,37,0.40540540540540543,-1.1507929111375008,0.8758960579229407,False,False,False
X early (<14h) & F home won last game by 21+,home_cover,164,0.49390243902439024,-0.1561737618886062,42,0.4523809523809524,-0.6172133998483676,0.8758960579229407,False,False,False
L total 40-42.5 & F home failed to cover last game,over,371,0.49595687331536387,-0.15575223949535008,128,0.5,0.0,0.8762283184279589,False,False,False
L total 37-39.5 & F home 2 straight non-covers,fav_cover,166,0.4939759036144578,-0.15523010514126706,20,0.5,0.0,0.8766399154718756,False,False,False
X rest home - away <= -3 & F away failed to cover last game,over,166,0.5060240963855421,0.15523010514126562,73,0.4794520547945205,-0.35112344158839215,0.8766399154718769,False,False,False
L total 40-42.5 & F away covered last game,over,377,0.5039787798408488,0.15450786078738207,105,0.5333333333333333,0.683130051063973,0.8772093136340116,False,False,False
F home 2 straight covers & F away covered last game,fav_cover,387,0.49612403100775193,-0.15249857033260492,126,0.49206349206349204,-0.1781741612749502,0.8787937179592975,False,False,False
F home lost last game by 21+ & F home failed to cover last game,home_cover,391,0.4961636828644501,-0.15171652122725252,96,0.4479166666666667,-1.0206207261596572,0.8794105259657916,False,False,False
F home covered last game & F away 2 straight covers,fav_cover,391,0.5038363171355499,0.15171652122725252,135,0.5333333333333333,0.7745966692414832,0.8794105259657916,False,False,False
X turf & X weeks 10-13,fav_cover,391,0.5038363171355499,0.15171652122725252,117,0.5641025641025641,1.3867504905630725,0.8794105259657916,False,False,False
F away 2 straight covers & F away last game went under,over,393,0.4961832061068702,-0.15132998169159573,125,0.488,-0.268328157299975,0.8797154196525023,False,False,False
L home fav & F home lost last game by 21+,over,176,0.4943181818181818,-0.15075567228888168,40,0.475,-0.3162277660168382,0.8801684549067255,False,False,False
F away lost last game by 21+ & F away last game went over,over,178,0.5056179775280899,0.14990633779917267,52,0.36538461538461536,-1.9414506867883021,0.8808385113831287,False,False,False
L total 43-45.5 & F home 2 straight non-covers,home_cover,178,0.4943820224719101,-0.14990633779917267,80,0.5125,0.2236067977499782,0.8808385113831287,False,False,False
F home ATS to date >= 70% (4+ games) & F away covered last game,fav_cover,178,0.4943820224719101,-0.14990633779917267,55,0.4,-1.4832396974191322,0.8808385113831287,False,False,False
F home 2 straight covers & F home last game went over,fav_cover,401,0.49625935162094764,-0.14981285083167628,112,0.44642857142857145,-1.1338934190276813,0.8809122702885577,False,False,False
L total 43-45.5 & X weeks 2-4,home_cover,180,0.5055555555555555,0.14907119849998546,72,0.4444444444444444,-0.9428090415820638,0.8814974521910139,False,False,False
L home fav 10+ & F home failed to cover last game,over,180,0.5055555555555555,0.14907119849998546,48,0.4583333333333333,-0.5773502691896261,0.8814974521910139,False,False,False
L total half-point & F home ATS to date <= 30% (4+ games),fav_cover,184,0.4945652173913043,-0.14744195615489777,60,0.4666666666666667,-0.5163977794943222,0.8827831911528254,False,False,False
X early (<14h) & X rest home - away >= 3,over,184,0.5054347826086957,0.14744195615489777,69,0.5942028985507246,1.5650160901149992,0.8827831911528254,False,False,False
X early (<14h) & X rest home - away >= 3,fav_cover,184,0.5054347826086957,0.14744195615489777,68,0.5882352941176471,1.4552137502179983,0.8827831911528254,False,False,False
X late afternoon (15-17h) & X weeks 14-16,fav_cover,184,0.5054347826086957,0.14744195615489777,61,0.5081967213114754,0.1280368799328961,0.8827831911528254,False,False,False
F home ATS to date <= 30% (4+ games) & F away failed to cover last game,fav_cover,186,0.4946236559139785,-0.14664711502135314,56,0.48214285714285715,-0.26726124191242423,0.8834105632597353,False,False,False
L total 37-39.5 & X late afternoon (15-17h),fav_cover,186,0.4946236559139785,-0.14664711502135314,22,0.18181818181818182,-2.9848100289785457,0.8834105632597353,False,False,False
L home fav 0.5-2.5 & F home covered last game,over,186,0.5053763440860215,0.14664711502135314,65,0.5538461538461539,0.8682431421244597,0.8834105632597353,False,False,False
X late afternoon (15-17h) & X weeks 14-16,over,188,0.5053191489361702,0.14586499149789553,63,0.47619047619047616,-0.37796447300922764,0.8840279686806813,False,False,False
X early (<14h) & F home 2 straight non-covers,over,423,0.49645390070921985,-0.14586499149789478,145,0.4,-2.4083189157584584,0.884027968680682,False,False,False
X grass & X rest home - away >= 3,fav_cover,188,0.4946808510638298,-0.145864991497894,74,0.527027027027027,0.4649905549752762,0.8840279686806827,False,False,False
F home covered last game & F away won last game by 21+,fav_cover,192,0.5052083333333334,0.1443375672974075,55,0.5272727272727272,0.4045199174779445,0.8852339144732009,False,False,False
X early (<14h) & F away 2 straight non-covers,over,435,0.503448275862069,0.14383899044561554,155,0.567741935483871,1.6867605906952479,0.8856276130821867,False,False,False
F home covered last game & F away won last game by 21+,home_cover,194,0.4948453608247423,-0.14359163172354714,55,0.5454545454545454,0.6741998624632415,0.8858229490911622,False,False,False
X late afternoon (15-17h) & X weeks 2-4,fav_cover,196,0.49489795918367346,-0.14285714285714302,58,0.3793103448275862,-1.8382900600361163,0.8864030063670634,False,False,False
X early (<14h) & F away 2 straight covers,over,441,0.4965986394557823,-0.14285714285714302,142,0.4647887323943662,-0.8391813582966893,0.8864030063670634,False,False,False
F away won last game by 21+ & F away 2 straight covers,home_cover,196,0.49489795918367346,-0.14285714285714302,46,0.41304347826086957,-1.179535649239177,0.8864030063670634,False,False,False
F home failed to cover last game & F home revenge (lost to opp earlier this season),over,196,0.5051020408163265,0.14285714285714146,57,0.47368421052631576,-0.3973597071195135,0.8864030063670647,False,False,False
L total on key 41/44/37/47 & X weeks 5-9,over,196,0.5051020408163265,0.14285714285714146,43,0.5116279069767442,0.15249857033260494,0.8864030063670647,False,False,False
L total 43-45.5 & X weeks 10-13,fav_cover,198,0.494949494949495,-0.14213381090373964,80,0.5875,1.5652475842498532,0.8869743120400599,False,False,False
F away covered last game,over,1792,0.5016741071428571,0.1417366773784562,571,0.47285464098073554,-1.2973096234879309,0.8872880030303554,False,False,False
L home fav 10+ & F home last game went over,fav_cover,204,0.4950980392156863,-0.1400280084028005,64,0.4375,-1.0,0.8886378608950083,False,False,False
L home fav 10+ & F home last game went over,home_cover,204,0.4950980392156863,-0.1400280084028005,64,0.4375,-1.0,0.8886378608950083,False,False,False
L |spread| = 3.5 & X early (<14h),home_cover,206,0.5048543689320388,0.13934660285832345,75,0.5066666666666667,0.11547005383792588,0.8891762653209236,False,False,False
X early (<14h) & F away ATS to date <= 30% (4+ games),over,206,0.49514563106796117,-0.13934660285832345,70,0.6285714285714286,2.1514114968019085,0.8891762653209236,False,False,False
X weeks 5-9 & F away ATS to date <= 30% (4+ games),over,208,0.5048076923076923,0.1386750490563068,72,0.5277777777777778,0.4714045207910319,0.8897069355331015,False,False,False
X grass & F home 2 straight non-covers,home_cover,471,0.4968152866242038,-0.13823270327522738,158,0.4430379746835443,-1.4320031115163145,0.8900565097140085,False,False,False
X late afternoon (15-17h) & F home 2 straight covers,home_cover,210,0.49523809523809526,-0.13801311186847035,65,0.3230769230769231,-2.8527988955517944,0.8902300549434978,False,False,False
X grass & F away 2 straight non-covers,fav_cover,475,0.5031578947368421,0.13764944032233847,162,0.3950617283950617,-2.6712922844825138,0.8905174796760376,False,False,False
L total half-point & F home last game went over,home_cover,846,0.5023640661938534,0.137522832834506,256,0.47265625,-0.875,0.8906175462123411,False,False,False
F home failed to cover last game & F home last game went over,home_cover,846,0.5023640661938534,0.137522832834506,280,0.44642857142857145,-1.7928429140015898,0.8906175462123411,False,False,False
X weeks 5-9 & F home ATS to date >= 70% (4+ games),over,212,0.5047169811320755,0.1373605639486906,61,0.47540983606557374,-0.38411063979868837,0.890745800932065,False,False,False
X grass & F home ATS to date >= 70% (4+ games),home_cover,212,0.49528301886792453,-0.13736056394868898,39,0.4358974358974359,-0.8006407690254356,0.8907458009320663,False,False,False
X outdoors & F away covered last game,fav_cover,1337,0.5018698578908003,0.1367427471861047,415,0.5156626506024097,0.6381449017759624,0.891234139507022,False,False,False
X early (<14h) & F home lost last game by 21+,fav_cover,214,0.5046728971962616,0.13671718540493105,56,0.4642857142857143,-0.5345224838248485,0.8912543450994417,False,False,False
L away fav 3.5-6.5 & F away covered last game,home_cover,216,0.49537037037037035,-0.13608276348795495,73,0.5068493150684932,0.11704114719613104,0.8917558535067938,False,False,False
L away fav 3.5-6.5 & F away covered last game,fav_cover,216,0.5046296296296297,0.13608276348795495,73,0.4931506849315068,-0.11704114719613104,0.8917558535067938,False,False,False
F away covered last game & F away last game went over,fav_cover,872,0.49770642201834864,-0.13545709229571845,279,0.5412186379928315,1.3769739822052742,0.8922504869036527,False,False,False
X weeks 10-13 & F away 2 straight covers,fav_cover,220,0.5045454545454545,0.13483997249264762,71,0.5633802816901409,1.0681034923744683,0.8927384009443486,False,False,False
F home revenge (lost to opp earlier this season) & F away covered last game,fav_cover,222,0.4954954954954955,-0.13423121104280514,67,0.5074626865671642,0.12216944435630557,0.8932197463938025,False,False,False
L total 46-48.5 & F away last game went under,fav_cover,226,0.504424778761062,0.13303802104754806,136,0.41911764705882354,-1.8864844365675968,0.8941633112963694,False,False,False
X weeks 10-13 & F away 2 straight non-covers,over,228,0.5043859649122807,0.1324532357065048,66,0.5303030303030303,0.49236596391733045,0.8946258095467279,False,False,False
L total 46-48.5 & X divisional,home_cover,234,0.5042735042735043,0.1307440900921222,111,0.40540540540540543,-1.9932317910802475,0.8959777528329083,False,False,False
L total 40-42.5 & X late afternoon (15-17h),home_cover,238,0.5042016806722689,0.1296407447104324,51,0.5686274509803921,0.9801960588196066,0.8968506656319677,False,False,False
X night (>=19h) & F away last game went over,over,240,0.5041666666666667,0.1290994448735801,112,0.4642857142857143,-0.7559289460184542,0.8972789612600833,False,False,False
X night (>=19h) & F away failed to cover last game,over,244,0.5040983606557377,0.1280368799328944,118,0.4661016949152542,-0.7364596943186592,0.8981197872537423,False,False,False
L away fav 3.5-6.5 & X early (<14h),over,244,0.5040983606557377,0.1280368799328944,79,0.5316455696202531,0.562543950463011,0.8981197872537423,False,False,False
L home fav 10+ & F away failed to cover last game,over,244,0.5040983606557377,0.1280368799328944,72,0.4583333333333333,-0.7071067811865478,0.8981197872537423,False,False,False
X week 1,home_cover,246,0.4959349593495935,-0.12751534261266834,76,0.4342105263157895,-1.1470786693528086,0.8985325306585512,False,False,False
L total 46-48.5 & F home last game went under,over,246,0.4959349593495935,-0.12751534261266834,143,0.5034965034965035,0.08362420100071022,0.8985325306585512,False,False,False
X weeks 5-9 & F away 2 straight covers,home_cover,248,0.5040322580645161,0.1270001270001904,80,0.475,-0.44721359549995837,0.8989402980321264,False,False,False
L away fav & F away last game went under,home_cover,559,0.49731663685152055,-0.1268864803313449,209,0.5598086124401914,1.7292861596651876,0.8990302472787517,False,False,False
L away fav & F away last game went under,fav_cover,559,0.5026833631484794,0.12688648033134228,209,0.44019138755980863,-1.729286159665186,0.8990302472787539,False,False,False
L total half-point & X night (>=19h),home_cover,250,0.504,0.1264911064067353,116,0.49137931034482757,-0.18569533817705225,0.8993431885613661,False,False,False
X outdoors & F home won last game by 21+,fav_cover,258,0.49612403100775193,-0.12451456127293828,63,0.5238095238095238,0.37796447300922764,0.9009078718705938,False,False,False
X home off bye,fav_cover,270,0.5037037037037037,0.12171612389003526,68,0.5735294117647058,1.2126781251816643,0.9031238431673481,False,False,False
F home failed to cover last game,over,1787,0.4986010072747622,-0.11827902287547759,575,0.4747826086956522,-1.2093836015310324,0.9058465780348592,False,False,False
L home fav & X away travels west 2+ h,fav_cover,288,0.5034722222222222,0.1178511301977575,96,0.40625,-1.8371173070873836,0.9061856157549286,False,False,False
L home fav & X away travels west 2+ h,home_cover,288,0.5034722222222222,0.1178511301977575,96,0.40625,-1.8371173070873836,0.9061856157549286,False,False,False
L total 46-48.5 & X turf,over,294,0.4965986394557823,-0.116642368703961,135,0.4740740740740741,-0.6024640760767088,0.9071434614955938,False,False,False
L total half-point,over,1923,0.50130005200208,0.11401982292917426,568,0.49119718309859156,-0.41959067914834397,0.9092220794950268,False,False,False
L home fav & M ML likes home less than spread (bottom 20%),over,308,0.5032467532467533,0.11396057645963896,228,0.5,0.0,0.9092690452142209,False,False,False
L away fav & X weeks 10-13,over,326,0.49693251533742333,-0.11076975512434163,107,0.42990654205607476,-1.4501047335684956,0.9117989296364533,False,False,False
L total 40-42.5 & X turf,home_cover,326,0.49693251533742333,-0.11076975512434163,91,0.5054945054945055,0.10482848367219146,0.9117989296364533,False,False,False
F home won last game by 21+,home_cover,326,0.49693251533742333,-0.11076975512434163,84,0.4523809523809524,-0.8728715609439696,0.9117989296364533,False,False,False
F home won last game by 21+ & F home covered last game,home_cover,326,0.49693251533742333,-0.11076975512434163,84,0.4523809523809524,-0.8728715609439696,0.9117989296364533,False,False,False
L home fav & F away failed to cover last game,over,1318,0.4984825493171472,-0.11017987775824782,390,0.5358974358974359,1.4178351139171326,0.9122667203261878,False,False,False
X turf & F home last game went under,fav_cover,749,0.5020026702269693,0.10961761428628176,254,0.5511811023622047,1.6313850933592127,0.9127126406627608,False,False,False
L total 37-39.5 & F home last game went over,home_cover,334,0.5029940119760479,0.10943513103291538,34,0.47058823529411764,-0.34299717028501775,0.9128573705327379,False,False,False
X turf & F away failed to cover last game,home_cover,755,0.5019867549668874,0.10918117878702398,219,0.5616438356164384,1.8244909216786127,0.9130587882102088,False,False,False
L total 37-39.5 & F away failed to cover last game,fav_cover,358,0.5027932960893855,0.10570328451633894,38,0.47368421052631576,-0.32444284226152537,0.9158177742866456,False,False,False
L total 37-39.5 & F away failed to cover last game,home_cover,358,0.5027932960893855,0.10570328451633894,38,0.5789473684210527,0.9733285267845755,0.9158177742866456,False,False,False
X weeks 2-4 & F away last game went under,over,360,0.49722222222222223,-0.1054092553389456,113,0.584070796460177,1.7873696499288354,0.9160510722818966,False,False,False
L total half-point & F home failed to cover last game,home_cover,811,0.5018495684340321,0.10534424808309335,248,0.4717741935483871,-0.8890008890013327,0.9161026533861842,False,False,False
F home last game went over & F away last game went under,fav_cover,841,0.4982164090368609,-0.10344827586206928,280,0.41785714285714287,-2.749025801469105,0.9176071990405232,False,False,False
X weeks 14-16 & F home last game went over,over,378,0.4973544973544973,-0.10286889997472902,116,0.4396551724137931,-1.2998673672393632,0.9180670209468018,False,False,False
F home failed to cover last game & F away failed to cover last game,home_cover,863,0.4982618771726535,-0.10212118763547032,284,0.4859154929577465,-0.4747126632775407,0.9186604836311145,False,False,False
F home failed to cover last game & F away 2 straight covers,home_cover,384,0.4973958333333333,-0.10206207261596648,116,0.39655172413793105,-2.228344058124622,0.9187074054282882,False,False,False
F home covered last game & F away 2 straight non-covers,fav_cover,384,0.5026041666666666,0.1020620726159643,123,0.4715447154471545,-0.6311687442672024,0.91870740542829,False,False,False
X dome/closed & F away covered last game,home_cover,396,0.49747474747474746,-0.10050378152592185,134,0.4925373134328358,-0.1727736851162725,0.9199443808170069,False,False,False
F home covered last game & F away last game went under,home_cover,893,0.5016797312430011,0.1003911722115392,294,0.48299319727891155,-0.5832118435198049,0.9200337779160344,False,False,False
X early (<14h) & X weeks 14-16,home_cover,398,0.49748743718592964,-0.10025094142341753,123,0.4959349593495935,-0.09016696346674372,0.9201451042730995,False,False,False
F home last game went over & F away failed to cover last game,home_cover,899,0.4983314794215795,-0.10005560189476156,269,0.45724907063197023,-1.4023347499542933,0.920300182941145,False,False,False
X dome/closed & F home last game went under,fav_cover,400,0.4975,-0.10000000000000009,141,0.5177304964539007,0.4210759605332588,0.920344325445942,False,False,False
F home 2 straight covers & F away failed to cover last game,over,402,0.5024875621890548,0.09975093361076506,127,0.5196850393700787,0.4436782547080561,0.9205420629817715,False,False,False
L total 40-42.5 & F away failed to cover last game,over,402,0.4975124378109453,-0.09975093361076284,116,0.47413793103448276,-0.5570860145311555,0.9205420629817733,False,False,False
L total 43-45.5 & F home last game went over,fav_cover,412,0.5024271844660194,0.09853292781642928,170,0.4764705882352941,-0.6135719910778971,0.9215091265496016,False,False,False
L total half-point & X weeks 10-13,fav_cover,426,0.5023474178403756,0.09690031662230324,125,0.52,0.4472135954999583,0.9228055573635536,False,False,False
L total 43-45.5 & F away covered last game,over,426,0.5023474178403756,0.09690031662230324,163,0.4601226993865031,-1.0182385849843443,0.9228055573635536,False,False,False
X turf & X early (<14h),over,991,0.5015136226034309,0.09529814069847133,333,0.4984984984984985,-0.054799662435119884,0.9240780194421068,False,False,False
X early (<14h) & F away failed to cover last game,over,997,0.5015045135406219,0.09501095328293047,313,0.5143769968051118,0.5087100770498001,0.9243061268188004,False,False,False
X grass & F home failed to cover last game,fav_cover,1019,0.4985279685966634,-0.0939797234514972,352,0.46875,-1.1726039399558574,0.925125263779468,False,False,False
L total half-point & X early (<14h),home_cover,1031,0.498545101842871,-0.0934311989796458,288,0.5138888888888888,0.47140452079103,0.9255610057131447,False,False,False
X weeks 10-13 & F away last game went over,fav_cover,470,0.4978723404255319,-0.09225312080288864,142,0.528169014084507,0.6713450866373504,0.9264969336497237,False,False,False
X late afternoon (15-17h) & F away last game went over,home_cover,490,0.5020408163265306,0.0903507902905262,144,0.3958333333333333,-2.5000000000000004,0.9280084603415841,False,False,False
X grass & F home 2 straight covers,home_cover,490,0.49795918367346936,-0.0903507902905262,130,0.4461538461538462,-1.2278812270298405,0.9280084603415841,False,False,False
L total half-point & X grass,fav_cover,1117,0.5013428827215757,0.0897624438696621,316,0.47468354430379744,-0.9000703207408199,0.9284759931204332,False,False,False
X grass & X weeks 10-13,fav_cover,550,0.5018181818181818,0.08528028654224472,163,0.4723926380368098,-0.7049344049891617,0.9320385634920312,False,False,False
"L total half-point & X away travels east 2+ h, early game",fav_cover,151,0.5033112582781457,0.08137884587711636,39,0.5128205128205128,0.16012815380508658,0.9351406718490265,False,False,False
L |spread| = 3.5 & F away last game went under,fav_cover,151,0.5033112582781457,0.08137884587711636,61,0.45901639344262296,-0.6401843996644797,0.9351406718490265,False,False,False
X grass & X Monday,fav_cover,153,0.49673202614379086,-0.08084520834544404,52,0.4423076923076923,-0.8320502943378439,0.9355650546514995,False,False,False
L total half-point & X rest home - away >= 3,fav_cover,153,0.49673202614379086,-0.08084520834544404,51,0.5294117647058824,0.42008402520840304,0.9355650546514995,False,False,False
X rest home - away >= 3 & F away failed to cover last game,over,155,0.4967741935483871,-0.0803219328902501,61,0.5573770491803278,0.8962581595302711,0.9359812146459983,False,False,False
X outdoors & F home 2 straight covers,over,622,0.4983922829581994,-0.08019269397646174,179,0.5027932960893855,0.07474350927519424,0.9360840008112596,False,False,False
L total half-point & X rest home - away >= 3,over,157,0.4968152866242038,-0.0798086884467622,54,0.6111111111111112,1.6329931618554527,0.9363894139883056,False,False,False
"X away travels east 2+ h, early game & F home covered last game",home_cover,159,0.5031446540880503,0.07930515857181439,49,0.5306122448979592,0.42857142857142905,0.9367899032803852,False,False,False
F home ATS to date <= 30% (4+ games) & F away last game went under,fav_cover,159,0.4968553459119497,-0.07930515857181439,61,0.45901639344262296,-0.6401843996644797,0.9367899032803852,False,False,False
L total half-point & F away won last game by 21+,fav_cover,161,0.4968944099378882,-0.07881104062391021,44,0.5227272727272727,0.30151134457776335,0.937182922216937,False,False,False
L total half-point & X rest home - away <= -3,fav_cover,161,0.5031055900621118,0.07881104062390881,77,0.45454545454545453,-0.7977240352174659,0.9371829222169381,False,False,False
X early (<14h) & F home won last game by 21+,fav_cover,163,0.5030674846625767,0.07832604499879528,42,0.4523809523809524,-0.6172133998483676,0.9375687001882698,False,False,False
L total 40-42.5 & X dome/closed,over,163,0.5030674846625767,0.07832604499879528,48,0.4791666666666667,-0.28867513459481264,0.9375687001882698,False,False,False
F home covered last game & F away lost last game by 21+,over,165,0.503030303030303,0.0778498944161528,33,0.45454545454545453,-0.5222329678670936,0.9379474568429387,False,False,False
L away fav & X night (>=19h),over,169,0.4970414201183432,-0.07692307692307732,88,0.4090909090909091,-1.7056057308448829,0.9386847392067748,False,False,False
X weeks 14-16 & F away 2 straight covers,home_cover,171,0.49707602339181284,-0.07647191129018797,55,0.5272727272727272,0.4045199174779445,0.9390436600655758,False,False,False
"X grass & X away travels east 2+ h, early game",fav_cover,171,0.49707602339181284,-0.07647191129018797,55,0.43636363636363634,-0.9438798074485392,0.9390436600655758,False,False,False
L |spread| = 3.5 & F away failed to cover last game,home_cover,171,0.5029239766081871,0.07647191129018653,61,0.47540983606557374,-0.38411063979868837,0.9390436600655769,False,False,False
X weeks 2-4,over,706,0.5014164305949008,0.07527099294949653,235,0.5063829787234042,0.19569842191603123,0.9399991002649102,False,False,False
L home fav 0.5-2.5 & F away failed to cover last game,home_cover,177,0.5028248587570622,0.07516460280028368,63,0.47619047619047616,-0.37796447300922764,0.9400837475282016,False,False,False
X outdoors & X weeks 10-13,fav_cover,708,0.4985875706214689,-0.07516460280028368,205,0.4975609756097561,-0.06984302957695789,0.9400837475282016,False,False,False
L home fav 0.5-2.5 & F away failed to cover last game,fav_cover,177,0.5028248587570622,0.07516460280028368,63,0.47619047619047616,-0.37796447300922764,0.9400837475282016,False,False,False
F home ATS to date <= 30% (4+ games) & F home last game went over,fav_cover,185,0.5027027027027027,0.07352146220938002,58,0.41379310344827586,-1.3130643285972259,0.9413911659170016,False,False,False
L total half-point & X turf,home_cover,752,0.5013297872340425,0.07293249574894624,231,0.5281385281385281,0.8553372034476994,0.9418598349236542,False,False,False
X early (<14h) & F away won last game by 21+,home_cover,189,0.5026455026455027,0.07273929674533156,52,0.5384615384615384,0.5547001962252287,0.9420135770779492,False,False,False
L total half-point & F home ATS to date >= 70% (4+ games),home_cover,189,0.5026455026455027,0.07273929674533156,47,0.40425531914893614,-1.3127849234810514,0.9420135770779492,False,False,False
L home fav & X home off bye,fav_cover,189,0.4973544973544973,-0.07273929674533156,44,0.5,0.0,0.9420135770779492,False,False,False
L home fav & X home off bye,home_cover,189,0.4973544973544973,-0.07273929674533156,44,0.5,0.0,0.9420135770779492,False,False,False
F home won last game by 21+ & F home last game went over,over,191,0.4973821989528796,-0.07235746052924147,43,0.3488372093023256,-1.9824814143238605,0.942317437595013,False,False,False
F home 2 straight non-covers & F away 2 straight covers,fav_cover,191,0.5026178010471204,0.07235746052924147,57,0.543859649122807,0.6622661785325222,0.942317437595013,False,False,False
F home 2 straight non-covers & F away 2 straight covers,home_cover,193,0.49740932642487046,-0.07198157507486971,57,0.47368421052631576,-0.3973597071195135,0.9426165707702017,False,False,False
F home covered last game & F away won last game by 21+,over,193,0.5025906735751295,0.07198157507486971,54,0.48148148148148145,-0.27216552697590907,0.9426165707702017,False,False,False
F away won last game by 21+ & F away 2 straight covers,fav_cover,195,0.5025641025641026,0.07161148740394303,46,0.5434782608695652,0.5897678246195881,0.9429110979224855,False,False,False
X away travels west 2+ h & F home last game went over,over,197,0.5025380710659898,0.0712470499879083,66,0.5606060606060606,0.9847319278346609,0.9432011360562926,False,False,False
F home 2 straight covers & F away 2 straight covers,over,201,0.4975124378109453,-0.07053456158585951,64,0.453125,-0.75,0.9437681928745767,False,False,False
L |spread| = 3.5 & X grass,fav_cover,207,0.4975845410628019,-0.0695048046856919,84,0.4523809523809524,-0.8728715609439696,0.9445878083185457,False,False,False
L away fav & F away won last game by 21+,over,207,0.5024154589371981,0.0695048046856919,53,0.5094339622641509,0.13736056394868898,0.9445878083185457,False,False,False
X outdoors & X turf,fav_cover,830,0.5012048192771085,0.06942101345006446,238,0.5294117647058824,0.9074852129730303,0.944654502953514,False,False,False
L home fav 10+ & F away last game went under,over,209,0.5023923444976076,0.06917144638660622,65,0.4461538461538462,-0.8682431421244589,0.9448531511357281,False,False,False
L away fav & F home lost last game by 21+,home_cover,213,0.5023474178403756,0.06851887098275415,57,0.5087719298245614,0.1324532357065048,0.9453725985053547,False,False,False
L away fav & F home lost last game by 21+,fav_cover,213,0.49765258215962443,-0.06851887098275253,57,0.49122807017543857,-0.1324532357065048,0.945372598505356,False,False,False
X dome/closed & X weeks 10-13,over,221,0.497737556561086,-0.06726727939963101,73,0.4794520547945205,-0.35112344158839215,0.9463689251242402,False,False,False
X night (>=19h) & F home last game went over,home_cover,225,0.49777777777777776,-0.0666666666666671,110,0.4909090909090909,-0.19069251784911853,0.9468470713992694,False,False,False
X night (>=19h) & F home covered last game,fav_cover,225,0.49777777777777776,-0.0666666666666671,115,0.5130434782608696,0.2797514424720949,0.9468470713992694,False,False,False
F home covered last game & F away last game went under,over,904,0.5011061946902655,0.0665190105237757,304,0.5164473684210527,0.5735393346764052,0.9469646230191342,False,False,False
F home ATS to date <= 30% (4+ games) & F home 2 straight non-covers,over,227,0.5022026431718062,0.0663723311599977,69,0.3188405797101449,-3.0096463271442304,0.9470813981513468,False,False,False
X grass & F home ATS to date <= 30% (4+ games),home_cover,231,0.5021645021645021,0.06579516949597636,78,0.46153846153846156,-0.679366220486757,0.9475409020884775,False,False,False
X outdoors & F away lost last game by 21+,fav_cover,231,0.5021645021645021,0.06579516949597636,59,0.4406779661016949,-0.9113223768657672,0.9475409020884775,False,False,False
X early (<14h) & F home revenge (lost to opp earlier this season),home_cover,235,0.502127659574468,0.0652328073053426,63,0.4444444444444444,-0.8819171036881972,0.9479886402956095,False,False,False
L home fav 10+ & X early (<14h),over,235,0.502127659574468,0.0652328073053426,68,0.4411764705882353,-0.9701425001453321,0.9479886402956095,False,False,False
X late afternoon (15-17h) & X weeks 10-13,over,241,0.4979253112033195,-0.06441566264008286,65,0.4307692307692308,-1.1163126113028758,0.948639258943984,False,False,False
X outdoors & X rest home - away >= 3,home_cover,243,0.49794238683127573,-0.06415002990995812,93,0.41935483870967744,-1.5554275420956376,0.948850765742693,False,False,False
X early (<14h) & F away failed to cover last game,home_cover,982,0.4989816700610998,-0.0638225646272613,305,0.521311475409836,0.7443778346080271,0.9491115109106045,False,False,False
X weeks 5-9 & F home 2 straight covers,over,255,0.5019607843137255,0.06262242910851472,83,0.5180722891566265,0.3292927799690711,0.9500671686227162,False,False,False
L total 46-48.5 & F home failed to cover last game,home_cover,259,0.5019305019305019,0.06213697660011988,135,0.42962962962962964,-1.6352596350653537,0.9504537508086346,False,False,False
L total 46-48.5 & F away covered last game,fav_cover,259,0.4980694980694981,-0.06213697660011988,142,0.5352112676056338,0.8391813582966879,0.9504537508086346,False,False,False
L total 37-39.5 & X turf,over,261,0.5019157088122606,0.06189844605901781,36,0.6111111111111112,1.333333333333334,0.950643704992171,False,False,False
L total 0-36.5 & F away last game went under,fav_cover,273,0.5018315018315018,0.06052275326688003,6,0.3333333333333333,-0.8164965809277261,0.9517392945782026,False,False,False
L home fav 7.5-9.5 & X outdoors,over,275,0.5018181818181818,0.06030226891555311,61,0.5409836065573771,0.6401843996644806,0.9519148949033645,False,False,False
L home fav & F home won last game by 21+,fav_cover,277,0.5018050541516246,0.06008417681261182,73,0.4657534246575342,-0.5852057359806533,0.9520885922673505,False,False,False
L home fav & F home won last game by 21+,home_cover,277,0.5018050541516246,0.06008417681261182,73,0.4657534246575342,-0.5852057359806533,0.9520885922673505,False,False,False
L total on key 41/44/37/47 & F home last game went over,over,305,0.49836065573770494,-0.057259833431386103,80,0.5125,0.2236067977499782,0.9543382161077452,False,False,False
L total 0-36.5 & X early (<14h),home_cover,315,0.4984126984126984,-0.0563436169819009,5,0.8,1.341640786499874,0.9550680726736847,False,False,False
X turf & F home 2 straight covers,over,329,0.49848024316109424,-0.05513178464199663,130,0.43846153846153846,-1.403292830891247,0.9560334741614946,False,False,False
X weeks 2-4 & F away last game went over,home_cover,331,0.4984894259818731,-0.054964970992930816,121,0.4214876033057851,-1.7272727272727275,0.9561663706840839,False,False,False
X outdoors & F away covered last game,over,1368,0.4992690058479532,-0.05407380704358905,424,0.4882075471698113,-0.48564293117863316,0.9568763606582287,False,False,False
L total half-point & X weeks 14-16,fav_cover,343,0.49854227405247814,-0.05399492471560366,105,0.5142857142857142,0.29277002188455886,0.9569392078349801,False,False,False
X outdoors & F away last game went over,fav_cover,1382,0.4992764109985528,-0.053799219378991826,421,0.5130641330166271,0.536107196711439,0.9570951314658938,False,False,False
X outdoors & F away last game went over,over,1400,0.5007142857142857,0.05345224838248136,433,0.48498845265588914,-0.6247401307318771,0.9573715764906161,False,False,False
L total 43-45.5 & F away last game went under,home_cover,359,0.4986072423398329,-0.052777981396925154,171,0.4853801169590643,-0.382359556450937,0.9579088053441782,False,False,False
F away won last game by 21+,fav_cover,363,0.4986225895316804,-0.052486388108148326,96,0.53125,0.6123724356957945,0.9581411411014569,False,False,False
X weeks 14-16 & F away covered last game,over,365,0.5013698630136987,0.052342392259023277,117,0.4444444444444444,-1.2018504251546636,0.9582558754548745,False,False,False
L total half-point & X outdoors,over,1462,0.5006839945280438,0.05230657809659574,426,0.5023474178403756,0.09690031662230324,0.958284411931061,False,False,False
X weeks 2-4 & F home last game went under,fav_cover,367,0.5013623978201635,0.0521995750971867,113,0.4778761061946903,-0.4703604341917982,0.9583696714970431,False,False,False
L total 40-42.5 & F away covered last game,home_cover,371,0.5013477088948787,0.051917413165115264,101,0.4752475247524752,-0.497518595104995,0.9585944992876281,False,False,False
X early (<14h) & X weeks 2-4,over,381,0.49868766404199477,-0.051231551957855184,130,0.5461538461538461,1.0524696231684338,0.9591410100221098,False,False,False
F home 2 straight covers & F home last game went under,over,405,0.5012345679012346,0.04969039949999465,142,0.5211267605633803,0.5035088149780128,0.9603691070989708,False,False,False
F home 2 straight non-covers & F away last game went over,fav_cover,407,0.4987714987714988,-0.04956815970966026,123,0.5284552845528455,0.6311687442672024,0.9604665202988907,False,False,False
F home last game went under & F away 2 straight covers,home_cover,411,0.49878345498783455,-0.04932636236669895,136,0.47794117647058826,-0.5144957554275259,0.9606592109537901,False,False,False
L home fav & F away 2 straight covers,fav_cover,447,0.4988814317673378,-0.04729837698404092,138,0.4927536231884058,-0.1702513061517492,0.96227542161587,False,False,False
L home fav & F away 2 straight covers,home_cover,447,0.4988814317673378,-0.04729837698404092,138,0.4927536231884058,-0.1702513061517492,0.96227542161587,False,False,False
X weeks 10-13 & F away last game went under,fav_cover,449,0.49888641425389757,-0.04719291781830003,135,0.4962962962962963,-0.08606629658238717,0.9623594719970241,False,False,False
X turf & X weeks 5-9,home_cover,453,0.4988962472406181,-0.0469840985734942,139,0.5179856115107914,0.4240944648399855,0.9625259010319849,False,False,False
X early (<14h) & F home 2 straight covers,over,459,0.5010893246187363,0.046676002800931905,143,0.48951048951048953,-0.2508726030021267,0.9627714564853711,False,False,False
L total 0-36.5 & X outdoors,home_cover,477,0.4989517819706499,-0.04578685464956381,6,0.8333333333333334,1.6329931618554523,0.9634801362928502,False,False,False
X grass & F home 2 straight non-covers,over,479,0.5010438413361169,0.04569116623849502,166,0.41566265060240964,-2.1732214719777314,0.9635564047779086,False,False,False
X late afternoon (15-17h) & F home last game went over,home_cover,487,0.5010266940451745,0.045314325442943816,134,0.39552238805970147,-2.418831591627809,0.9638567691156097,False,False,False
X grass & F home 2 straight covers,fav_cover,487,0.4989733059548255,-0.045314325442943816,129,0.43410852713178294,-1.4967665407535606,0.9638567691156097,False,False,False
X weeks 5-9 & F away covered last game,over,521,0.5009596928982726,0.043810795433833566,163,0.50920245398773,0.23497813499638584,0.9650552218360893,False,False,False
L total 43-45.5 & X grass,over,523,0.5009560229445507,0.04372694694466222,229,0.462882096069869,-1.1233916207736518,0.9651220591997156,False,False,False
X weeks 5-9 & F away covered last game,home_cover,523,0.5009560229445507,0.04372694694466222,156,0.46794871794871795,-0.8006407690254356,0.9651220591997156,False,False,False
L away fav & F home last game went under,fav_cover,625,0.4992,-0.040000000000001146,211,0.5355450236966824,1.0326425862322706,0.9680931262943375,False,False,False
L away fav & F home last game went under,home_cover,625,0.5008,0.040000000000001146,211,0.46445497630331756,-1.0326425862322706,0.9680931262943375,False,False,False
L away fav & F away covered last game,home_cover,673,0.49925705794947994,-0.03854716722458485,217,0.46543778801843316,-1.0182663499531965,0.9692514254003439,False,False,False
L away fav & F away covered last game,fav_cover,673,0.5007429420505201,0.03854716722458485,217,0.5345622119815668,1.0182663499531965,0.9692514254003439,False,False,False
X grass & X late afternoon (15-17h),fav_cover,705,0.49929078014184397,-0.037662178857735526,236,0.4322033898305085,-2.0830225756931817,0.9699570314876811,False,False,False
L total half-point & F away covered last game,fav_cover,817,0.49938800489596086,-0.03498557142706454,234,0.48717948717948717,-0.3922322702763683,0.9720912461638211,False,False,False
L total half-point & F away covered last game,over,841,0.4994054696789536,-0.034482758620690834,240,0.44166666666666665,-1.8073922282301285,0.9724921907995379,False,False,False
F home last game went under & F away covered last game,fav_cover,901,0.49944506104328523,-0.033314830232638856,283,0.519434628975265,0.6538821281055414,0.9734235275091596,False,False,False
F home last game went over & F away failed to cover last game,over,909,0.49944994499449946,-0.03316790634033226,276,0.4963768115942029,-0.12038585308576974,0.973540691064259,False,False,False
X early (<14h) & F home failed to cover last game,home_cover,955,0.5005235602094241,0.03235924008453111,315,0.4793650793650794,-0.7324670207647137,0.9741855671524642,False,False,False
X grass & F away last game went over,fav_cover,1073,0.4995340167753961,-0.030528125543631865,332,0.5060240963855421,0.2195285199793794,0.975645862890343,False,False,False
X grass & F away last game went over,over,1095,0.4995433789954338,-0.03021989426077607,342,0.4502923976608187,-1.8385094394819765,0.9758916824507959,False,False,False
X outdoors & F home last game went under,over,1449,0.4996549344375431,-0.026270346874638615,450,0.49333333333333335,-0.28284271247461845,0.9790417065112897,False,False,False
X outdoors & F home covered last game,over,1400,0.5,0.0,431,0.4965197215777262,-0.14450491525772613,1.0,False,False,False
F home 2 straight covers & F away failed to cover last game,fav_cover,402,0.5,0.0,120,0.425,-1.6431676725154987,1.0,False,False,False
X outdoors & F home 2 straight non-covers,over,602,0.5,0.0,199,0.4321608040201005,-1.9139792535225073,1.0,False,False,False
F home failed to cover last game & F away won last game by 21+,fav_cover,166,0.5,0.0,39,0.5128205128205128,0.16012815380508658,1.0,False,False,False
X weeks 2-4 & F away covered last game,fav_cover,322,0.5,0.0,116,0.49137931034482757,-0.18569533817705225,1.0,False,False,False
X night (>=19h) & F home last game went over,over,222,0.5,0.0,115,0.4782608695652174,-0.46625240412015656,1.0,False,False,False
L total 37-39.5 & F away failed to cover last game,over,368,0.5,0.0,38,0.5526315789473685,0.6488856845230507,1.0,False,False,False
L total 37-39.5 & F away 2 straight covers,fav_cover,150,0.5,0.0,23,0.4782608695652174,-0.2085144140570746,1.0,False,False,False
L |spread| = 3.5 & F home last game went under,over,166,0.5,0.0,67,0.5970149253731343,1.588202776631967,1.0,False,False,False
L home fav 7.5-9.5 & F home failed to cover last game,fav_cover,150,0.5,0.0,33,0.5454545454545454,0.5222329678670931,1.0,False,False,False
L home fav 7.5-9.5 & F home failed to cover last game,home_cover,150,0.5,0.0,33,0.5454545454545454,0.5222329678670931,1.0,False,False,False
L home fav 7.5-9.5 & F home covered last game,fav_cover,184,0.5,0.0,49,0.42857142857142855,-1.0000000000000004,1.0,False,False,False
L home fav 7.5-9.5 & F home covered last game,home_cover,184,0.5,0.0,49,0.42857142857142855,-1.0000000000000004,1.0,False,False,False
F home failed to cover last game & F home last game went under,over,900,0.5,0.0,285,0.4631578947368421,-1.243932643294094,1.0,False,False,False
L total 0-36.5 & X grass,home_cover,352,0.5,0.0,3,0.6666666666666666,0.5773502691896256,1.0,False,False,False
"X outdoors & X away travels east 2+ h, early game",fav_cover,234,0.5,0.0,79,0.4936708860759494,-0.11250879009260199,1.0,False,False,False
F away ATS to date >= 70% (4+ games) & F away last game went over,home_cover,204,0.5,0.0,51,0.49019607843137253,-0.14002800840280127,1.0,False,False,False
X dome/closed & X weeks 5-9,home_cover,246,0.5,0.0,73,0.547945205479452,0.8192880303729135,1.0,False,False,False
X weeks 2-4 & F away last game went over,over,332,0.5,0.0,121,0.4380165289256198,-1.363636363636364,1.0,False,False,False
X dome/closed & F away 2 straight covers,home_cover,186,0.5,0.0,74,0.4864864864864865,-0.2324952774876381,1.0,False,False,False
L |spread| = 3.5 & F away last game went over,over,168,0.5,0.0,64,0.484375,-0.25,1.0,False,False,False
F home lost last game by 21+ & F away last game went over,home_cover,204,0.5,0.0,43,0.4418604651162791,-0.7624928516630233,1.0,False,False,False
L total 43-45.5 & X grass,fav_cover,518,0.5,0.0,224,0.47767857142857145,-0.6681531047810603,1.0,False,False,False
X late afternoon (15-17h) & F home 2 straight non-covers,over,232,0.5,0.0,70,0.42857142857142855,-1.195228609334394,1.0,False,False,False
L total 40-42.5 & F home 2 straight covers,over,164,0.5,0.0,42,0.4523809523809524,-0.6172133998483676,1.0,False,False,False
X weeks 5-9 & X rest home - away >= 3,home_cover,152,0.5,0.0,46,0.5434782608695652,0.5897678246195881,1.0,False,False,False
L away fav & F away last game went over,fav_cover,636,0.5,0.0,203,0.5862068965517241,2.4565184222025858,1.0,False,False,False
L away fav & F away last game went over,home_cover,636,0.5,0.0,203,0.41379310344827586,-2.4565184222025875,1.0,False,False,False
L home fav 3.5-6.5 & X late afternoon (15-17h),home_cover,224,0.5,0.0,66,0.3787878787878788,-1.9694638556693238,1.0,False,False,False
L home fav 3.5-6.5 & X late afternoon (15-17h),fav_cover,224,0.5,0.0,66,0.3787878787878788,-1.9694638556693238,1.0,False,False,False
F home last game went over & F away last game went under,home_cover,842,0.5,0.0,280,0.48214285714285715,-0.5976143046671966,1.0,False,False,False
F home last game went over & F away 2 straight non-covers,home_cover,426,0.5,0.0,122,0.4426229508196721,-1.2675004445952596,1.0,False,False,False
X away travels west 2+ h & F away last game went under,fav_cover,198,0.5,0.0,61,0.39344262295081966,-1.6644794391276478,1.0,False,False,False
L home fav exactly 3 & F home failed to cover last game,over,158,0.5,0.0,44,0.6136363636363636,1.5075567228888183,1.0,False,False,False
L away fav 0.5-2.5 & X early (<14h),home_cover,164,0.5,0.0,82,0.47560975609756095,-0.4417261042993866,1.0,False,False,False
X away travels west 2+ h & F away last game went over,home_cover,222,0.5,0.0,75,0.4533333333333333,-0.8082903768654764,1.0,False,False,False
F away won last game by 21+ & F away covered last game,fav_cover,362,0.5,0.0,96,0.53125,0.6123724356957945,1.0,False,False,False
L total half-point & X away travels west 2+ h,over,210,0.5,0.0,81,0.5061728395061729,0.1111111111111116,1.0,False,False,False
L total half-point & F away 2 straight covers,home_cover,368,0.5,0.0,120,0.4583333333333333,-0.9128709291752773,1.0,False,False,False
F home ATS to date >= 70% (4+ games),over,388,0.5,0.0,98,0.45918367346938777,-0.8081220356417684,1.0,False,False,False
F home failed to cover last game & F away 2 straight covers,over,384,0.5,0.0,121,0.4049586776859504,-2.0909090909090913,1.0,False,False,False
F home ATS to date >= 70% (4+ games) & F home 2 straight covers,over,220,0.5,0.0,57,0.38596491228070173,-1.7218920641845572,1.0,False,False,False
F home ATS to date >= 70% (4+ games) & F away last game went under,home_cover,160,0.5,0.0,54,0.4074074074074074,-1.3608276348795436,1.0,False,False,False
L home fav 10+ & F home covered last game,home_cover,216,0.5,0.0,72,0.4722222222222222,-0.4714045207910319,1.0,False,False,False
L |spread| = 3.5 & F home failed to cover last game,over,158,0.5,0.0,63,0.49206349206349204,-0.12598815766974283,1.0,False,False,False
X outdoors & F away ATS to date >= 70% (4+ games),fav_cover,282,0.5,0.0,79,0.4177215189873418,-1.4626142712038308,1.0,False,False,False
L home fav 10+ & F home covered last game,fav_cover,216,0.5,0.0,72,0.4722222222222222,-0.4714045207910319,1.0,False,False,False
L home fav 7.5-9.5 & F home last game went over,over,170,0.5,0.0,40,0.525,0.3162277660168382,1.0,False,False,False
L home fav 0.5-2.5 & F home covered last game,home_cover,188,0.5,0.0,65,0.47692307692307695,-0.37210420376762493,1.0,False,False,False
X weeks 10-13 & F away last game went under,home_cover,450,0.5,0.0,135,0.5333333333333333,0.7745966692414832,1.0,False,False,False
L total half-point & M ML likes home more than spread (top 20%),over,202,0.5,0.0,110,0.4909090909090909,-0.19069251784911853,1.0,False,False,False
"X away travels east 2+ h, early game & F away covered last game",fav_cover,152,0.5,0.0,45,0.4444444444444444,-0.7453559924999302,1.0,False,False,False
L total 46-48.5 & F home covered last game,over,278,0.5,0.0,148,0.5202702702702703,0.4931969619160722,1.0,False,False,False
X weeks 10-13 & F home covered last game,fav_cover,468,0.5,0.0,141,0.524822695035461,0.5895063447465628,1.0,False,False,False
L home fav & F away last game went over,over,1212,0.5,0.0,368,0.4945652173913043,-0.2085144140570757,1.0,False,False,False
X rest home - away <= -3 & F home last game went under,fav_cover,184,0.5,0.0,83,0.42168674698795183,-1.426935379865974,1.0,False,False,False
F home last game went over & F away ATS to date <= 30% (4+ games),over,190,0.5,0.0,59,0.5254237288135594,0.3905667329424723,1.0,False,False,False
L away fav 0.5-2.5 & X early (<14h),fav_cover,164,0.5,0.0,82,0.524390243902439,0.4417261042993866,1.0,False,False,False
L home fav 3.5-6.5 & X turf,over,382,0.5,0.0,128,0.5,0.0,1.0,False,False,False
X grass & X away off bye,over,152,0.5,0.0,47,0.44680851063829785,-0.729324957489473,1.0,False,False,False
X weeks 10-13 & F home 2 straight covers,fav_cover,220,0.5,0.0,67,0.5074626865671642,0.12216944435630557,1.0,False,False,False
X early (<14h) & F home revenge (lost to opp earlier this season),fav_cover,234,0.5,0.0,63,0.5079365079365079,0.12598815766974195,1.0,False,False,False
R ref prior over <= 45% (60+ games),over,374,0.5,0.0,193,0.46113989637305697,-1.0797236261230425,1.0,False,False,False
L home fav 0.5-2.5 & F home covered last game,fav_cover,188,0.5,0.0,65,0.47692307692307695,-0.37210420376762493,1.0,False,False,False
X weeks 14-16 & F home covered last game,fav_cover,360,0.5,0.0,110,0.5363636363636364,0.7627700713964741,1.0,False,False,False
X rest home - away >= 3 & F away last game went over,home_cover,170,0.5,0.0,54,0.35185185185185186,-2.1773242158072694,1.0,False,False,False
X rest home - away >= 3 & F home failed to cover last game,fav_cover,158,0.5,0.0,54,0.5,0.0,1.0,False,False,False
L away fav,fav_cover,1306,0.5,0.0,446,0.5134529147982063,0.5682164685724558,1.0,False,False,False
L away fav,home_cover,1306,0.5,0.0,446,0.48654708520179374,-0.5682164685724533,1.0,False,False,False
M ML likes home more than spread (top 20%),fav_cover,422,0.5,0.0,233,0.5021459227467812,0.06551217820804316,1.0,False,False,False
