path_state,driver,driver_col,bet_side,disc_n,disc_roi,disc_win,val_n,val_roi,val_win,oos_n,oos_roi,oos_win,disc_p,verdict
COMPRESSED_LOW,Temperature,temperature,over,182,0.15808206525902488,0.6043956043956044,277,0.05842479027228576,0.5451263537906137,239,-0.0614667196696441,0.4769874476987448,0.006431686475420994,MONITOR
LATE_HEAVY,Temperature,temperature,over,81,-0.0028803972127517184,0.48148148148148145,38,-0.11631372312201674,0.4473684210526316,27,-0.04156465596325965,0.48148148148148145,0.07406233430934232,REJECT
