group,cell,n_D,games_D,rate_D,ref_D,z_D,roi_over_med_D,roi_under_med_D,n_V,games_V,rate_V,ref_V,z_V,roi_over_med_V,roi_under_med_V,p_D,bh_pass,same_sign_V,V_onesided_p,DV_survivor
assists,line=0.5,10211,631,0.3412985995495054,0.3547066582448356,-2.4359398743052223,-0.10127023528655026,-0.04276878660618711,8829,520,0.3371842790803036,0.34947256670584886,-2.1298117714075677,-0.09890255627037482,-0.04452638861917751,0.01485315317628647,True,True,0.016593578229274295,True
assists,ref_0.20-0.35,5419,631,0.2694224026573169,0.28895101383617644,-2.9576053759554237,-0.12440948514486067,-0.035567529473312126,4931,520,0.2731697424457514,0.2827774944469686,-1.418359285724631,-0.09780571892111133,-0.049703901038686986,0.0031003875800997807,True,True,0.0780429479953051,True
assists,ref_0.35-0.50,4035,631,0.40049566294919453,0.4078726472726262,-0.8422003814460707,-0.07720647631735397,-0.049668052049248894,3202,520,0.38757026858213617,0.40745086632105787,-2.069810946699958,-0.11126029392038408,-0.03198173050085795,0.3996758003342171,False,True,0.019235025933473586,False
assists,ref_0.50-0.65,737,427,0.5400271370420624,0.5445616855895337,-0.23533002837990988,-0.07096838114034601,-0.053028136101996054,681,379,0.5580029368575624,0.5512782360787803,0.32173644505094806,-0.05199611724326183,-0.07722912906115359,0.8139525901901674,False,False,0.6261738172488975,False
assists,avg_below_line_0-0.5,5568,556,0.3004669540229885,0.3141331513456848,-1.9693446625341697,-0.10532094850614518,-0.04346066324216532,6475,520,0.29127413127413126,0.30792494267930964,-2.784598117433864,-0.112459449430878,-0.03878567963976397,0.04891352569745166,False,True,0.002679705169870471,False
assists,avg_above_line_0-0.5,2933,554,0.4101602454824412,0.4278991377269443,-1.7437172521742654,-0.10863727246488046,-0.03683032652305303,2315,515,0.4587473002159827,0.4586395890493317,0.009295095971245192,-0.0608047365759111,-0.06186409261428018,0.08120840554451625,False,False,0.503708153386569,False
assists,hot_l5,2341,518,0.3421614694574968,0.3488378563923798,-0.6321303877967692,-0.0829926653538565,-0.05243115108994103,2805,517,0.3358288770053476,0.35123309939625763,-1.6896339020165478,-0.10767875959414193,-0.03925357751264717,0.5273016800293413,False,True,0.045549007916641446,False
assists,cold_l5,2763,533,0.33297140788997465,0.3444705389274636,-1.1845115999791576,-0.10107695959375193,-0.048566101900765726,3019,520,0.31831732361709175,0.33027212580265675,-1.3467035905437088,-0.10133575225836283,-0.04708153735717738,0.23621060718229037,False,True,0.08903785771422507,False
assists,toi_up,895,386,0.329608938547486,0.3476485496979222,-1.0828996490332699,-0.10795405441568642,-0.03539577527029876,1451,463,0.33769813921433495,0.3458338001113571,-0.6401531543983009,-0.09088252899864571,-0.0503167513582969,0.2788529676967665,False,True,0.26103651741742984,False
assists,toi_down,511,300,0.34833659491193736,0.3532213799042004,-0.21709174052329444,-0.09751862589174438,-0.06207218284471828,1011,422,0.2997032640949555,0.3204689649882081,-1.3927337751952307,-0.13422111613267443,-0.031935587367530154,0.8281368505921795,False,True,0.08185015554368247,False
assists,hitrate_hi,371,266,0.4636118598382749,0.5052326435410505,-1.5571796604289099,-0.14540236527525843,0.016404322269400067,216,162,0.5324074074074074,0.5864811126397853,-1.4765227173490603,-0.14614507017120582,0.07228818424369952,0.11942783602765787,False,True,0.06990181065277555,False
assists,hitrate_lo,4975,478,0.302713567839196,0.31584770203597506,-1.7493155060843277,-0.10798966730229774,-0.04557740816753262,6467,520,0.29379928869645894,0.3091241552972558,-2.580346150791449,-0.10876629066516187,-0.040607107838275605,0.08023649708768818,False,True,0.004935066243527354,False
assists,hitrate_above_mkt,875,386,0.35428571428571426,0.3867380030385626,-2.008039264793107,-0.14355074534931203,-0.009747441146341549,314,235,0.3821656050955414,0.3554012018983027,1.0229831504666698,0.030427654684343386,-0.0975374366330316,0.044639119377624,False,False,0.8468420937209726,False
assists,hitrate_below_mkt,1057,418,0.3282876064333018,0.3295135564771847,-0.0831101637895962,-0.08402670083722871,-0.0658545442634238,588,327,0.3843537414965986,0.33586130161781624,2.315085635873777,0.07545145256482211,-0.13209583733975136,0.9337639442727048,False,False,0.9896958770167408,False
assists,defense,2330,630,0.35278969957081546,0.36841676510255134,-1.5372246875402873,-0.10501567092291146,-0.03979148089037451,2141,520,0.3582438113031294,0.3579759173217451,0.026291780289220537,-0.07203150348671042,-0.0676584873434214,0.12423829677500144,False,False,0.5104876944871966,False
assists,forward,7902,631,0.33763604150847887,0.3506376337390349,-2.2227471889790236,-0.10084521124532791,-0.04329474526259906,6727,520,0.33045934294633567,0.3467675938999584,-2.6015527650631682,-0.10743068534950087,-0.03710777528775976,0.026232851971271707,False,True,0.004640139389353852,False
assists,home,5230,631,0.3468451242829828,0.36001597722445133,-1.7069363120183683,-0.09796987064294982,-0.04245132326041342,4521,520,0.3381995133819951,0.35391966797954244,-1.9265214559408694,-0.1090429302409844,-0.03912086384631365,0.08783389062852603,False,True,0.027019647704043963,False
assists,away,5002,631,0.3350659736105558,0.3491135712936661,-1.7810548832766735,-0.10579427210082712,-0.04254474348014157,4347,520,0.3360938578329883,0.3448496029941029,-1.0652565457522114,-0.08831897439421416,-0.05006105367238121,0.07490348520273657,False,True,0.1433799256347364,False
assists,b2b,1518,154,0.3194993412384717,0.3508401112286449,-2.140315131047898,-0.14266891066826187,-0.012923954913029652,1475,160,0.33559322033898303,0.34589476653256596,-0.711711382341585,-0.08664482642061365,-0.04501361639614249,0.03232930798054327,False,True,0.23832175890231722,False
assists,opp_allows_many,2236,243,0.35912343470483005,0.36189127962866235,-0.24171589990362097,-0.06748617826505549,-0.05732840184414287,1290,143,0.35038759689922483,0.35556203641561046,-0.35143193827276864,-0.07958034820315833,-0.055613378967784545,0.8090003084977713,False,True,0.3626321626180499,False
assists,opp_allows_few,2273,247,0.34007919049714036,0.35067376407590145,-0.9275363345245018,-0.09787587089367111,-0.04744742168433913,1774,195,0.33032694475760993,0.346936571532767,-1.311039335909635,-0.10884579371669144,-0.036200633440869025,0.3536481357668487,False,True,0.09492223714865333,False
assists,game_total_high,2818,173,0.35770049680624555,0.3628288759676283,-0.46842817401250647,-0.08506277421792655,-0.058002280918122186,3696,210,0.3446969696969697,0.35455688367818666,-1.1020183223852649,-0.08776580164689504,-0.046269774378975136,0.6394784241135851,False,True,0.1352268530542834,False
assists,game_total_low,3057,186,0.3245011449133137,0.3431197816478475,-1.9122309525946701,-0.117225792668299,-0.035097483860710946,1495,91,0.3505016722408027,0.3400534432939606,0.7862508984207065,-0.04412507525424726,-0.0816153062807229,0.055846577651136646,False,False,0.7841397437612658,False
assists,early_gp<5,1423,179,0.3443429374560787,0.34810951678516505,-0.2704617555586694,-0.07298328234391883,-0.055887992289236056,7,7,0.2857142857142857,0.3948773732621301,-0.6448998003896218,-0.39285714285714285,0.11107331821617536,0.7868050355161003,False,True,0.25949606054928887,False
assists,books<=3,10232,631,0.34108678655199376,0.3546862435980061,-2.4729455564565725,-0.10179489567151728,-0.042496992527329,8868,520,0.33716734325665315,0.34947361785643627,-2.1402545619819553,-0.09888426582218532,-0.04448362942749494,0.013400455575758401,True,True,0.01616709994653198,True
assists,line=0.5 & ref_0.20-0.35,5403,631,0.2696650009254118,0.28879854286781587,-2.891715576376724,-0.12334443827503239,-0.03613409868709843,4908,520,0.27241238793806033,0.2825217560132325,-1.4920636458001735,-0.09924816625916871,-0.04900442798342382,0.0038314463410919577,True,True,0.06784123056606461,True
assists,line=0.5 & ref_0.35-0.50,4030,631,0.40049627791563275,0.4079337944048873,-0.8481217978421979,-0.07736430072965837,-0.04957849864127821,3186,520,0.38857501569365976,0.40765159097933046,-1.9841395947447522,-0.10914327091433453,-0.03315265659088566,0.39637014323719677,False,True,0.023620140104318624,False
assists,line=0.5 & ref_0.50-0.65,737,427,0.5400271370420624,0.5445616855895337,-0.23533002837990988,-0.07096838114034601,-0.053028136101996054,681,379,0.5580029368575624,0.5512782360787803,0.32173644505094806,-0.05199611724326183,-0.07722912906115359,0.8139525901901674,False,False,0.6261738172488975,False
assists,line=0.5 & avg_below_line_0-0.5,5554,556,0.3010442924018725,0.3140648812651499,-1.873573661599011,-0.10354736069179266,-0.04437901799115789,6439,520,0.29119428482683646,0.30768883123854546,-2.74486009401513,-0.11213774422502486,-0.03903610713651852,0.060989211101834556,False,True,0.0030268349745799844,False
assists,line=0.5 & avg_above_line_0-0.5,2933,554,0.4101602454824412,0.4278991377269443,-1.7437172521742654,-0.10863727246488046,-0.03683032652305303,2315,515,0.4587473002159827,0.4586395890493317,0.009295095971245192,-0.0608047365759111,-0.06186409261428018,0.08120840554451625,False,False,0.503708153386569,False
assists,line=0.5 & hot_l5,2337,518,0.3427471116816431,0.3488550260361538,-0.5779602216110127,-0.08142311920983229,-0.05323846717482568,2796,517,0.3361945636623748,0.35120022213379,-1.6462398498771427,-0.10655898449984552,-0.0398141982384239,0.5632909755724637,False,True,0.04985719392696878,False
assists,line=0.5 & cold_l5,2763,533,0.33297140788997465,0.3444705389274636,-1.1845115999791576,-0.10107695959375193,-0.048566101900765726,3015,520,0.31807628524046433,0.33026599287827924,-1.3750161015764706,-0.10198594894460943,-0.0467470603939536,0.23621060718229037,False,True,0.08456322643711917,False
assists,line=0.5 & toi_up,895,386,0.329608938547486,0.3476485496979222,-1.0828996490332699,-0.10795405441568642,-0.03539577527029876,1444,463,0.3379501385041551,0.3457786468122205,-0.6146903053220686,-0.09001076840514884,-0.05072764320112161,0.2788529676967665,False,True,0.26937963171734414,False
assists,line=0.5 & toi_down,511,300,0.34833659491193736,0.3532213799042004,-0.21709174052329444,-0.09751862589174438,-0.06207218284471828,1011,422,0.2997032640949555,0.3204689649882081,-1.3927337751952307,-0.13422111613267443,-0.031935587367530154,0.8281368505921795,False,True,0.08185015554368247,False
assists,line=0.5 & hitrate_hi,371,266,0.4636118598382749,0.5052326435410505,-1.5571796604289099,-0.14540236527525843,0.016404322269400067,216,162,0.5324074074074074,0.5864811126397853,-1.4765227173490603,-0.14614507017120582,0.07228818424369952,0.11942783602765787,False,True,0.06990181065277555,False
assists,line=0.5 & hitrate_lo,4964,478,0.3029814665592264,0.31578912918612234,-1.7018893987201529,-0.10707062748366869,-0.04603571163306216,6428,520,0.29355942750466707,0.3088779030184219,-2.56630106458217,-0.10885136927996292,-0.04064231887769467,0.08877610346084998,False,True,0.005139478405556193,False
assists,line=0.5 & hitrate_above_mkt,875,386,0.35428571428571426,0.3867380030385626,-2.008039264793107,-0.14355074534931203,-0.009747441146341549,314,235,0.3821656050955414,0.3554012018983027,1.0229831504666698,0.030427654684343386,-0.0975374366330316,0.044639119377624,False,False,0.8468420937209726,False
assists,line=0.5 & hitrate_below_mkt,1056,418,0.32765151515151514,0.32948109445274465,-0.12411557246310305,-0.08559774884938517,-0.06496993682427932,588,327,0.3843537414965986,0.33586130161781624,2.315085635873777,0.07545145256482211,-0.13209583733975136,0.9012237684544895,False,False,0.9896958770167408,False
assists,line=0.5 & defense,2330,630,0.35278969957081546,0.36841676510255134,-1.5372246875402873,-0.10501567092291146,-0.03979148089037451,2141,520,0.3582438113031294,0.3579759173217451,0.026291780289220537,-0.07203150348671042,-0.0676584873434214,0.12423829677500144,False,False,0.5104876944871966,False
assists,line=0.5 & forward,7881,631,0.3379012815632534,0.35065329585700694,-2.1778240937249667,-0.10016290562880106,-0.043649020373201876,6688,520,0.3304425837320574,0.34675042650419907,-2.5910964089334336,-0.10750466811394922,-0.03712121168009166,0.029419135407366907,False,True,0.0047835342737742445,False
assists,line=0.5 & home,5222,631,0.3468019915741095,0.36003613276897617,-1.7140436500354488,-0.09813910828468549,-0.042358999397372164,4493,520,0.3385265969285555,0.35391751749506856,-1.883302027580442,-0.10822570389928565,-0.03960873014584841,0.0865207095643968,False,True,0.029829724406409505,False
assists,line=0.5 & away,4989,631,0.33553818400481056,0.3491282826254605,-1.7190402095862427,-0.10454759451760616,-0.043197712002946316,4336,520,0.33579335793357934,0.3448666709733848,-1.1003201424351938,-0.08924183157095224,-0.049622108065825954,0.08560705054428284,False,True,0.13559632950002437,False
assists,line=0.5 & b2b,1515,154,0.3201320132013201,0.35085628097938004,-2.0921780245661368,-0.14097122534285247,-0.01379881622705198,1471,160,0.33514615907545886,0.34589942308149496,-0.7438646026588696,-0.08781517265153306,-0.04435031607990548,0.03642259353606982,False,True,0.22847919597860455,False
assists,line=0.5 & opp_allows_many,2232,243,0.35976702508960573,0.361930668118134,-0.18862548990046532,-0.06581500654151616,-0.058187527980615585,1281,143,0.34972677595628415,0.3555392776306443,-0.3925299841749936,-0.0813104209071618,-0.05469051556042274,0.8503863533761085,False,True,0.34733333059883464,False
assists,line=0.5 & opp_allows_few,2270,247,0.34008810572687226,0.35068035300433414,-0.9247952040304576,-0.09786205045872882,-0.04744531798711318,1767,195,0.33050367855121676,0.34691797449701445,-1.291256597227479,-0.10838564688930989,-0.03650119248941324,0.3550724458027259,False,True,0.09830735771948107,False
assists,line=0.5 & game_total_high,2809,173,0.3584905660377358,0.3628945213426653,-0.4017029299568188,-0.08304802340552403,-0.05903203934597948,3662,210,0.3446204259967231,0.3546134658629951,-1.1089521012679169,-0.08824751580746153,-0.046099391826156966,0.6879026679690485,False,True,0.1337254228958734,False
assists,line=0.5 & game_total_low,3057,186,0.3245011449133137,0.3431197816478475,-1.9122309525946701,-0.117225792668299,-0.035097483860710946,1493,91,0.35097119892833223,0.3400014600138637,0.8267956112742624,-0.04284459980247801,-0.08241890802158575,0.055846577651136646,False,False,0.7958235410095269,False
assists,line=0.5 & early_gp<5,1418,179,0.3441466854724965,0.348095486357962,-0.28432207148992483,-0.07357913312792419,-0.055655410813268524,7,7,0.2857142857142857,0.3948773732621301,-0.6448998003896218,-0.39285714285714285,0.11107331821617536,0.7761635732031253,False,True,0.25949606054928887,False
assists,line=0.5 & books<=3,10211,631,0.3412985995495054,0.3547066582448356,-2.4359398743052223,-0.10127023528655026,-0.04276878660618711,8829,520,0.3371842790803036,0.34947256670584886,-2.1298117714075677,-0.09890255627037482,-0.04452638861917751,0.01485315317628647,True,True,0.016593578229274295,True
assists,ref_0.20-0.35 & avg_below_line_0-0.5,4055,556,0.26831072749691737,0.2868552153868006,-2.4652502015319957,-0.12177065351418004,-0.03697824239990076,4823,520,0.27057847812564795,0.28207395411665365,-1.6871213966396108,-0.10287684014099108,-0.04700118248244322,0.013691760690945787,True,True,0.04579000578841214,True
assists,ref_0.20-0.35 & avg_above_line_0-0.5,446,293,0.2556053811659193,0.311825162054011,-2.736713161833552,-0.2275336322869955,0.01621978936299188,95,80,0.4,0.3201284902489607,1.5280897563119302,0.1570526315789474,-0.17555810714115777,0.006205637604149771,True,False,0.9367548727708914,False
assists,ref_0.20-0.35 & hot_l5,1335,487,0.2786516853932584,0.28926051349467163,-0.8420124660341183,-0.09951310861423218,-0.0479650170970565,1578,500,0.27313054499366285,0.2861806801422115,-1.2230944861071122,-0.1101996197718631,-0.04509322285599299,0.3997809756842562,False,True,0.11064700549171241,False
assists,ref_0.20-0.35 & cold_l5,1593,510,0.26239799121155055,0.2871690736479952,-2.141831233812576,-0.1390269930947897,-0.028266996877456253,1929,514,0.263867288750648,0.2797368324536671,-1.5064794704068303,-0.11535251425609123,-0.04107892558405577,0.03220706506758082,False,True,0.06597206669482718,False
assists,ref_0.20-0.35 & toi_up,502,303,0.26693227091633465,0.2877775082476361,-1.042354107322043,-0.11784860557768924,-0.0319067717833096,892,410,0.27914798206278024,0.2871264228403249,-0.49916612689008805,-0.09398542600896859,-0.05171346562006867,0.2972475352612606,False,True,0.3088311777110412,False
assists,ref_0.20-0.35 & hitrate_lo,3580,477,0.26424581005586595,0.2864151665849296,-2.690190109882001,-0.1344217877094972,-0.032303296766151395,4762,520,0.26984460310793784,0.2817882085440225,-1.7563425605438372,-0.10393952120957581,-0.04633169522671117,0.007141132465662589,True,True,0.03951496710320483,True
assists,ref_0.20-0.35 & hitrate_above_mkt,310,226,0.25806451612903225,0.2946184225067361,-1.3693964247939314,-0.18275806451612903,-0.012870150468419966,158,135,0.35443037974683544,0.28656833620402533,1.818181741104712,0.1666772151898734,-0.15198956022026777,0.17087539122140405,False,False,0.9654818201144456,False
assists,ref_0.20-0.35 & hitrate_below_mkt,692,368,0.2586705202312139,0.2848392420854344,-1.525177503205177,-0.151864161849711,-0.02739077433420972,352,250,0.3465909090909091,0.28600396226820846,2.297623590919735,0.13001420454545454,-0.14267240666796185,0.12721483021598687,False,False,0.9892083891089788,False
assists,ref_0.20-0.35 & defense,1156,569,0.27854671280276816,0.30326183427304665,-1.9182057619154635,-0.132621107266436,-0.02735494462063233,1212,493,0.28052805280528054,0.2915856053153139,-0.9093301468988151,-0.09975247524752476,-0.04733849803458867,0.055084925923112586,False,True,0.18158794097681386,False
assists,ref_0.20-0.35 & forward,4263,631,0.26694815857377435,0.2850703409708183,-2.5064355326979975,-0.12218273516303073,-0.03779454051945283,3719,520,0.2707717128260285,0.2799069834568007,-1.179494846827027,-0.09717128260285023,-0.050474771821415444,0.012195529477927899,True,True,0.11910059373266568,False
assists,ref_0.20-0.35 & home,2657,624,0.2754986827248777,0.2908647577353784,-1.6424703345134293,-0.11029544599171999,-0.040891491708700566,2436,519,0.26929392446633826,0.28397310388653496,-1.5276592216319964,-0.11523399014778324,-0.04300448760717299,0.10049256916368775,False,True,0.06329858484577196,False
assists,ref_0.20-0.35 & away,2762,628,0.2635771180304127,0.2871100226920131,-2.502477279351165,-0.1379869659666908,-0.030445962616169803,2495,520,0.2769539078156313,0.2816101579360333,-0.4977591965004927,-0.08078957915831662,-0.056244891467211275,0.012332754116048705,True,True,0.3093268893942215,False
assists,ref_0.20-0.35 & b2b,816,154,0.25980392156862747,0.28672553260861877,-1.4904191971780631,-0.1460110294117647,-0.02539206943558224,838,159,0.28162291169451076,0.282209041667064,-0.03705913499570369,-0.06334128878281622,-0.06118196318108772,0.13611404796255963,False,True,0.48521892758946483,False
assists,ref_0.20-0.35 & opp_allows_many,1109,242,0.29666366095581603,0.29027574201918077,0.4109079859091422,-0.04366546438232643,-0.07039871559949601,693,143,0.2886002886002886,0.2837147491108768,0.2713524289892551,-0.05596681096681096,-0.06975805098500275,0.6811400064377535,False,True,0.39305999299703454,False
assists,ref_0.20-0.35 & opp_allows_few,1257,245,0.2680986475735879,0.2886955158951205,-1.5900827804374764,-0.1301750198886237,-0.03438341912346905,1009,195,0.26362735381565905,0.28268171575009843,-1.4033642914512288,-0.1297918731417245,-0.03727414297891474,0.1118161468598387,False,True,0.08025411776644564,False
assists,ref_0.20-0.35 & game_total_high,1442,173,0.2711511789181692,0.2911630320194083,-1.4784148599426996,-0.12429958391123436,-0.034459845410720086,2041,210,0.2822146006859383,0.2839968769309224,-0.1697355936552016,-0.07257226849583537,-0.06017228155682372,0.13929677038071842,False,True,0.4326090402628177,False
assists,ref_0.20-0.35 & game_total_low,1735,186,0.26051873198847264,0.28627871378644915,-2.3182723735880133,-0.14614697406340058,-0.027678150231168163,870,91,0.28045977011494255,0.2804444642476658,0.0008944177919625419,-0.061580459770114955,-0.061677598337796076,0.0204345228578686,False,False,0.500356821025982,False
assists,ref_0.20-0.35 & early_gp<5,799,157,0.2828535669586984,0.28870807999360903,-0.32209670976670485,-0.08002503128911138,-0.05396041074963118,2,2,0.0,0.2315860629451197,-1.4108760270821559,-1.0,0.22023809523809523,0.7473794307990802,False,True,0.0791405859864952,False
assists,ref_0.20-0.35 & books<=3,5419,631,0.2694224026573169,0.28895101383617644,-2.9576053759554237,-0.12440948514486067,-0.035567529473312126,4931,520,0.2731697424457514,0.2827774944469686,-1.418359285724631,-0.09780571892111133,-0.049703901038686986,0.0031003875800997807,True,True,0.0780429479953051,True
assists,ref_0.35-0.50 & avg_below_line_0-0.5,1469,522,0.38529611980939416,0.3875653608715131,-0.16702934940232123,-0.06495162846644185,-0.057591043345921154,1629,509,0.35359116022099446,0.38627898540842687,-2.6140793665809565,-0.14487411606196138,-0.013568582423438412,0.8673469558246023,False,True,0.00447341253695061,False
assists,ref_0.35-0.50 & avg_above_line_0-0.5,1954,539,0.4053224155578301,0.42282814428608306,-1.45531601474877,-0.09953936492653061,-0.03302690872980599,1569,492,0.4225621414913958,0.42932328696160305,-0.5241584496168088,-0.07680403191085709,-0.05083691960281233,0.14558179506294866,False,True,0.30008416889017253,False
assists,ref_0.35-0.50 & hot_l5,822,403,0.3978102189781022,0.40325350732888765,-0.29853122972806856,-0.06984235976301986,-0.051267269343737085,994,451,0.3853118712273642,0.40772174752111223,-1.367280778793919,-0.11419854814942736,-0.026383098850466462,0.7652977442550446,False,True,0.08576865704209269,False
assists,ref_0.35-0.50 & cold_l5,1019,455,0.40922473012757604,0.40803185628428706,0.07406584397989556,-0.05724643776527549,-0.06323344578863334,927,435,0.39050701186623515,0.40221330748098755,-0.7090694068947291,-0.0929066702726475,-0.045208897938582286,0.9409579931414292,False,False,0.7608592966451768,False
assists,ref_0.35-0.50 & toi_up,342,224,0.39473684210526316,0.4073938976652043,-0.4497719702749617,-0.09035310883709052,-0.041941597573120624,432,289,0.40046296296296297,0.40848421071830604,-0.3450404812263164,-0.08658925783019986,-0.05220869364555264,0.6528748707388758,False,True,0.36503196886676015,False
assists,ref_0.35-0.50 & hitrate_lo,1339,457,0.3988050784167289,0.3909792267168253,0.5303471540456451,-0.04426869528389156,-0.0750180344212647,1681,508,0.3622843545508626,0.38821980121930194,-2.1441444951974584,-0.12686789712369725,-0.022978751893910097,0.5958712587321774,False,False,0.9839893445962055,False
assists,ref_0.35-0.50 & hitrate_above_mkt,483,289,0.39337474120082816,0.41884788668962575,-1.1188404782269081,-0.11454249878905563,-0.01838892631153042,144,126,0.4166666666666667,0.41680793655056664,-0.0036720554515569195,-0.08312710437710438,-0.07261317310773698,0.26320819958912234,False,True,0.49853506511659096,False
assists,ref_0.35-0.50 & hitrate_below_mkt,301,210,0.43853820598006643,0.39890756260019455,1.3123397226807465,0.03781190185422455,-0.12193405471992111,218,179,0.42660550458715596,0.4033587615269346,0.6744756287717926,-0.009280054807577758,-0.09862300418796974,0.1894055350551549,False,True,0.2500044874791829,False
assists,ref_0.35-0.50 & defense,971,580,0.39855818743563337,0.40934561289070637,-0.6710779403630923,-0.089341590289291,-0.04640329321875037,709,451,0.4132581100141044,0.40964907171346177,0.19123533619517957,-0.06104152547029839,-0.07114947071045588,0.502170879150431,False,False,0.5758293899116669,False
assists,ref_0.35-0.50 & forward,3064,631,0.40110966057441255,0.40740585562277115,-0.6514429554845372,-0.07336078582559455,-0.05070267372823522,2493,518,0.3802647412755716,0.4068257048195679,-2.513512631911862,-0.12554232634361343,-0.02084256972724988,0.5147605894266485,False,True,0.005976774851497939,False
assists,ref_0.35-0.50 & home,2132,629,0.39634146341463417,0.40869792049416953,-1.0119082090022387,-0.08888047662835574,-0.04193958063569668,1687,509,0.3888559573206876,0.4086985213982243,-1.5535737984187905,-0.11078565108164862,-0.031660449998725804,0.31158194389936134,False,True,0.06014305663230576,False
assists,ref_0.35-0.50 & away,1903,618,0.4051497635312664,0.40694806371596276,-0.14200957783605053,-0.06412766987328891,-0.058326539203055174,1515,508,0.38613861386138615,0.4060615632747346,-1.436322629218531,-0.1117888236028572,-0.032339486413133146,0.8870724403436897,False,True,0.07545527887362234,False
assists,ref_0.35-0.50 & b2b,607,151,0.3805601317957166,0.4085338008035022,-1.2606442492654852,-0.12656137800074482,-0.017481009810564083,518,158,0.3841698841698842,0.4057878827339066,-0.9092416736062148,-0.11656512727941301,-0.029976786887473204,0.20743704858336365,False,True,0.1816112854850091,False
assists,ref_0.35-0.50 & opp_allows_many,947,241,0.39704329461457233,0.41089039163067587,-0.8089048982211764,-0.09522011916736678,-0.04092854620650514,466,142,0.3776824034334764,0.4091614651699756,-1.30485102454723,-0.137354200038936,-0.013252172155035396,0.41856985122793233,False,True,0.09597179035114728,False
assists,ref_0.35-0.50 & opp_allows_few,857,244,0.4130688448074679,0.4072047071803821,0.29673215009548487,-0.04760675417795807,-0.07099243813830713,635,191,0.4,0.4074446638811196,-0.3457562233393253,-0.07596117530763201,-0.048212149490509955,0.7666710096886544,False,False,0.6352370365085146,False
assists,ref_0.35-0.50 & game_total_high,1106,173,0.41862567811934903,0.41180671369404653,0.41771173656219623,-0.045862330923263375,-0.07299716510702543,1283,210,0.38113795791114574,0.4070693936292872,-1.7197752026763717,-0.12662752826601145,-0.023182420751209083,0.6761578902113292,False,False,0.9572633441088323,False
assists,ref_0.35-0.50 & game_total_low,1174,186,0.39608177172061326,0.40552318703679935,-0.5569493475276962,-0.08021667626993159,-0.04510201650924852,539,91,0.4322820037105751,0.4076363842874955,1.0460504139467814,-0.016482347879863406,-0.10713943132802886,0.5775620372396384,False,False,0.8522311214482665,False
assists,ref_0.35-0.50 & early_gp<5,540,109,0.4148148148148148,0.40703955594515256,0.342290798141509,-0.04773991118918655,-0.07651267778810478,4,4,0.5,0.45024237173616777,0.19458491320169638,0.0625,-0.1347883597883598,0.7321320598320192,False,True,0.42285895740848,False
assists,ref_0.35-0.50 & books<=3,4035,631,0.40049566294919453,0.4078726472726262,-0.8422003814460707,-0.07720647631735397,-0.049668052049248894,3202,520,0.38757026858213617,0.40745086632105787,-2.069810946699958,-0.11126029392038408,-0.03198173050085795,0.3996758003342171,False,True,0.019235025933473586,False
assists,ref_0.50-0.65 & avg_above_line_0-0.5,526,331,0.5551330798479087,0.5421363281083735,0.5618766087574487,-0.04338671763366638,-0.09344637659689733,640,367,0.5546875,0.5476287917610044,0.3326542553951231,-0.05108715827554418,-0.07726441776068135,0.5742000917725223,False,True,0.3696976417932768,False
assists,ref_0.50-0.65 & forward,535,379,0.5345794392523364,0.5442236358191381,-0.4414223821393698,-0.0814072295718744,-0.04494859725131973,465,322,0.5333333333333333,0.5472312880329508,-0.5604052667131001,-0.08697184358050288,-0.03375365556992485,0.658907241594324,False,True,0.2876015200296953,False
assists,ref_0.50-0.65 & home,423,291,0.541371158392435,0.5463084724248044,-0.20390674987489052,-0.07180546065414763,-0.052613436688367314,373,261,0.546916890080429,0.5503167418073838,-0.12346290992015803,-0.06889973610142626,-0.054575882213135994,0.8384263702602055,False,True,0.45087027156735776,False
assists,ref_0.50-0.65 & away,314,224,0.5382165605095541,0.5422085300757774,-0.13240557214790816,-0.0698407230692056,-0.05358679168150229,308,213,0.5714285714285714,0.5524426431022574,0.6283706428259802,-0.03152517622347178,-0.10466309358813594,0.8946635075454574,False,False,0.7351194179943839,False
assists,ref_0.50-0.65 & books<=3,737,427,0.5400271370420624,0.5445616855895337,-0.23533002837990988,-0.07096838114034601,-0.053028136101996054,681,379,0.5580029368575624,0.5512782360787803,0.32173644505094806,-0.05199611724326183,-0.07722912906115359,0.8139525901901674,False,False,0.6261738172488975,False
assists,avg_below_line_0-0.5 & hot_l5,1693,507,0.3106910809214412,0.312129412698891,-0.12410856528594248,-0.06989374058753459,-0.0601408925545761,2138,516,0.29466791393826003,0.31317640052026424,-1.9395325482480164,-0.119687625283977,-0.03619035295244224,0.9012293164776498,False,True,0.026218262607529456,False
assists,avg_below_line_0-0.5 & cold_l5,2006,518,0.29561316051844466,0.311099220143911,-1.418691013606652,-0.1125884165851361,-0.04179315214924544,2373,518,0.27686472819216185,0.29818242934172645,-2.19377228794673,-0.12584882598789043,-0.03248330483685742,0.15598911826579595,False,True,0.014125892002540087,False
assists,avg_below_line_0-0.5 & toi_up,638,339,0.30877742946708464,0.31061581712683595,-0.09696331507601891,-0.07018867359019315,-0.06113229342402038,1173,443,0.29923273657289,0.31227911791435836,-0.9663645831276835,-0.1040407177363699,-0.043666482254020825,0.9227555274578538,False,True,0.166930889875202,False
assists,avg_below_line_0-0.5 & toi_down,336,235,0.29464285714285715,0.3074631144753918,-0.4832769589503649,-0.11336309523809525,-0.04605667283132099,791,391,0.26169405815423513,0.29149151233438664,-1.887843043924555,-0.1680530973451327,-0.023211002279631597,0.628899097812998,False,True,0.029523512337087828,False
assists,avg_below_line_0-0.5 & hitrate_lo,4514,478,0.292645104120514,0.30865496996087227,-2.036648716868478,-0.11328206307463635,-0.040302954637442184,6182,520,0.28938854739566483,0.30498406253406596,-2.5745909678295997,-0.11028145180603932,-0.040538752804371844,0.041685257088483675,False,True,0.005017934599864009,False
assists,avg_below_line_0-0.5 & hitrate_below_mkt,971,410,0.3079299691040165,0.3189163386102779,-0.70866696095156,-0.10471702648703246,-0.04881415352296956,563,321,0.3783303730017762,0.32827476908123204,2.3126664016979417,0.08271216350257203,-0.1324613669395986,0.47853117218476915,False,False,0.9896295061818631,False
assists,avg_below_line_0-0.5 & defense,1238,519,0.3182552504038772,0.3280092257752913,-0.7284852584901647,-0.08865981332420533,-0.04893449567912763,1563,513,0.29366602687140114,0.3118420935059042,-1.6080354600796605,-0.11221826158486427,-0.035916506828571615,0.46631658939355247,False,True,0.0539137063881652,False
assists,avg_below_line_0-0.5 & forward,4330,556,0.2953810623556582,0.3101658118205456,-1.9580444611099477,-0.11008457099003469,-0.04189562754771743,4912,520,0.2905130293159609,0.3066785040103423,-2.3903774877499,-0.1125361954820424,-0.039698651362869354,0.0502247958217244,False,True,0.008415531734218095,False
assists,avg_below_line_0-0.5 & home,2905,548,0.30774526678141134,0.31986438784634946,-1.2462207950602109,-0.09714144881238855,-0.0451338729186053,3324,520,0.2909145607701564,0.31260933906392097,-2.4874359847550256,-0.12837150514948348,-0.03181284981648663,0.21268334665995847,False,True,0.0064333803775770354,False
assists,avg_below_line_0-0.5 & away,2663,551,0.2925272249342846,0.30788108899704386,-1.522343531973899,-0.11424375985062997,-0.04163540071491856,3151,520,0.29165344335131704,0.30298335791813913,-1.3246350941199474,-0.0956737708499054,-0.04614134017057129,0.12792302579786685,False,True,0.09264610511517751,False
assists,avg_below_line_0-0.5 & b2b,874,140,0.28489702517162474,0.3106976562292532,-1.4258092517831833,-0.13204141885044282,-0.024489579366049584,1060,160,0.29339622641509433,0.30382363612520896,-0.698460139078954,-0.09003301886792453,-0.046927145513448724,0.1539234096262276,False,True,0.242444738898155,False
assists,avg_below_line_0-0.5 & opp_allows_many,1350,239,0.3125925925925926,0.3188671235614799,-0.4330574167296752,-0.07929956373010137,-0.05221156720712818,932,143,0.3165236051502146,0.3116269813840588,0.3128645629375688,-0.053031046207011864,-0.06988742926717752,0.6649730578848322,False,False,0.6228082191953962,False
assists,avg_below_line_0-0.5 & opp_allows_few,1381,244,0.2990586531498914,0.3120175360719291,-0.9767727273577066,-0.10756384323064244,-0.04618319583269616,1283,195,0.2813717848791894,0.3058277219440279,-1.9299631390879564,-0.13602883865939205,-0.02798162420976754,0.3286816807552041,False,True,0.026805702581161713,False
assists,avg_below_line_0-0.5 & game_total_high,1538,161,0.30624187256176855,0.3133597308121394,-0.5075148985937742,-0.09004121457528465,-0.05330231609902551,2622,210,0.2932875667429443,0.3080158368254403,-1.606711733493438,-0.10177480096816478,-0.04036466547747753,0.6117935854346528,False,True,0.05405880924550285,False
assists,avg_below_line_0-0.5 & game_total_low,1863,165,0.2882447665056361,0.312160074129757,-2.0312520977420983,-0.13871989809702812,-0.030081971015062398,1163,91,0.3000859845227859,0.30599941400314695,-0.41585201407085687,-0.07984092863284607,-0.0538558715780543,0.042229427945561775,False,True,0.3387591474637336,False
assists,avg_below_line_0-0.5 & books<=3,5568,556,0.3004669540229885,0.3141331513456848,-1.9693446625341697,-0.10532094850614518,-0.04346066324216532,6475,520,0.29127413127413126,0.30792494267930964,-2.784598117433864,-0.112459449430878,-0.03878567963976397,0.04891352569745166,False,True,0.002679705169870471,False
assists,avg_above_line_0-0.5 & hot_l5,618,367,0.4223300970873786,0.43839847248151786,-0.7857463641142862,-0.11241666527172453,-0.04419625271083213,640,368,0.4609375,0.466414853138129,-0.2523130729688672,-0.06914507553017689,-0.04900204736039655,0.4320160948508823,False,True,0.40039954209465606,False
assists,avg_above_line_0-0.5 & cold_l5,734,391,0.4305177111716621,0.43052812847972105,-0.0005571142373316495,-0.07058484979473659,-0.06959109479998343,644,368,0.468944099378882,0.4475483580358014,1.0879659805765347,-0.012770103756009654,-0.09791347655816125,0.999555487174424,False,False,0.8616949369527973,False
assists,avg_above_line_0-0.5 & hitrate_lo,438,284,0.4063926940639269,0.3928744992095067,0.5735488571703516,-0.05968804134708385,-0.09558535724730291,281,219,0.3879003558718861,0.4000973449436656,-0.4276634164935858,-0.08205219454329776,-0.037875583436387195,0.5662731285014788,False,False,0.6655519059018458,False
assists,avg_above_line_0-0.5 & hitrate_above_mkt,646,346,0.3560371517027864,0.40270528956068125,-2.433429796362789,-0.17664009812349887,0.012698722423604095,200,169,0.425,0.39944305928015467,0.7812670642780982,0.002296417854419115,-0.10127307671803358,0.014956535490154172,True,False,0.7826772814932612,False
assists,avg_above_line_0-0.5 & defense,739,453,0.4181326116373478,0.4317758543678262,-0.7544244197489532,-0.10672546067573707,-0.04620711195969318,574,417,0.5331010452961672,0.48180946013861303,2.4068921534216066,0.038517080143643294,-0.15617477566064078,0.4505944129203895,False,False,0.9919555398805397,False
assists,avg_above_line_0-0.5 & forward,2194,549,0.4074749316317229,0.4265933521309499,-1.6546082094494348,-0.10928122365548071,-0.03367196533906166,1741,507,0.43423319931074095,0.45100058502564,-1.2747350898925363,-0.0935507002732254,-0.0307702775260487,0.09800399716931778,False,True,0.10120151118118925,False
assists,avg_above_line_0-0.5 & home,1442,514,0.42579750346740636,0.43597149744456726,-0.7177280415777445,-0.08696620226348237,-0.04814174149482974,1162,458,0.47074010327022375,0.4679214351412165,0.17959649869658245,-0.05126366724547306,-0.06422343654215482,0.47292498963264806,False,False,0.5712653231881469,False
assists,avg_above_line_0-0.5 & away,1491,522,0.3950368879946345,0.4200920668263325,-1.8474450711072032,-0.1295961478709274,-0.025890648193541272,1153,468,0.44666088464874243,0.4492852914268079,-0.16719004383867442,-0.0704202808620941,-0.05948633229841691,0.06468266208910242,False,True,0.43361025901330397,False
assists,avg_above_line_0-0.5 & b2b,470,134,0.3893617021276596,0.4227500225357442,-1.4510123749642045,-0.13305187157866946,-0.0031648290625823196,399,145,0.44611528822055135,0.4480660852927639,-0.07140472490957195,-0.06357489760391136,-0.05853637504701311,0.14677641434576807,False,True,0.4715378246383618,False
assists,avg_above_line_0-0.5 & opp_allows_many,755,231,0.433112582781457,0.43345613229965824,-0.017812305286595508,-0.05893346120391371,-0.05914288764927978,344,132,0.4418604651162791,0.46816643526071106,-0.9698697171808696,-0.13538511001700954,-0.028218157390418563,0.985788588118735,False,True,0.16605571819638731,False
assists,avg_above_line_0-0.5 & opp_allows_few,742,231,0.4137466307277628,0.41827571397576246,-0.22410266679322668,-0.07142298928609095,-0.05403888706096296,471,171,0.4564755838641189,0.44929430818461763,0.2812350859634813,-0.03341043786816388,-0.06646845588134342,0.8226774174531678,False,False,0.6107349522683274,False
assists,avg_above_line_0-0.5 & game_total_high,958,161,0.42379958246346555,0.43359909846478106,-0.5364070317087684,-0.09515751445247878,-0.05256603717111983,1027,210,0.46932814021421615,0.4639784590316358,0.3015698017393523,-0.047409636581400155,-0.0689717558125481,0.591677272695007,False,False,0.6185099842445382,False
assists,avg_above_line_0-0.5 & game_total_low,730,164,0.4054794520547945,0.4214426141833817,-0.7834936117477231,-0.09862342090067096,-0.03646715320698335,330,89,0.5242424242424243,0.4583550177209459,2.301896730964052,0.07841268191133088,-0.17388031589213207,0.43333730361240663,False,False,0.9893295016906792,False
assists,avg_above_line_0-0.5 & books<=3,2933,554,0.4101602454824412,0.4278991377269443,-1.7437172521742654,-0.10863727246488046,-0.03683032652305303,2315,515,0.4587473002159827,0.4586395890493317,0.009295095971245192,-0.0608047365759111,-0.06186409261428018,0.08120840554451625,False,False,0.503708153386569,False
assists,hot_l5 & toi_up,307,214,0.32247557003257327,0.3352516907610063,-0.5012762283780375,-0.1036501874888326,-0.0462879178127217,633,338,0.292259083728278,0.33810083266180885,-2.4918071202324064,-0.20284978127807396,0.0050978210342892665,0.6161767328277066,False,True,0.00635475174173009,False
assists,hot_l5 & hitrate_lo,1544,458,0.3089378238341969,0.31421608339970125,-0.42038601014690646,-0.08431457487384061,-0.05600766760282315,2136,514,0.2949438202247191,0.31395340677603284,-1.9680021825835705,-0.11988240146245763,-0.035128953322672206,0.6742034863651553,False,True,0.02453389329163415,False
assists,hot_l5 & hitrate_below_mkt,366,250,0.34153005464480873,0.3280122312199983,0.5403609465030198,-0.04610647444688111,-0.08838625035233702,300,207,0.36,0.33335932483132885,0.9020971351190873,0.016462730635221686,-0.09903048468314143,0.5889481349904316,False,True,0.18350263530822708,False
assists,hot_l5 & defense,544,355,0.3805147058823529,0.3760308225998684,0.21181359436339553,-0.04769485261514573,-0.06669954852788218,675,402,0.38074074074074077,0.36505259273556234,0.826716388080755,-0.020436034048199034,-0.08758475387866152,0.8322524623839487,False,True,0.20419891521479655,False
assists,hot_l5 & forward,1797,511,0.330550918196995,0.34060581765177117,-0.8867538347081603,-0.09367825808054468,-0.04811172526565612,2130,513,0.3215962441314554,0.3468536824929568,-2.529825675437401,-0.13532610219672947,-0.023937359650177837,0.37521144738278556,False,True,0.005705960507851103,False
assists,hot_l5 & home,1204,473,0.34551495016611294,0.35256359557667877,-0.4837858831516452,-0.08355914792042171,-0.05153576992218388,1429,484,0.34009797060881736,0.35445014582532847,-1.1013141587796393,-0.10130524376643815,-0.03802005762912021,0.6285378347461272,False,True,0.13537997550639713,False
assists,hot_l5 & away,1137,470,0.3386103781882146,0.3448925705718909,-0.4182324867200455,-0.08239280166859306,-0.0533792943845581,1376,478,0.3313953488372093,0.3478921405683926,-1.2360701396531026,-0.11429776694718607,-0.04053460942657161,0.6757771456611704,False,True,0.10821624656764306,False
assists,hot_l5 & b2b,387,123,0.31266149870801035,0.33974378894043117,-1.0735079997589383,-0.13619328851368442,-0.023894804614070467,455,144,0.31868131868131866,0.35189678732287993,-1.5745543936333632,-0.14412579552107857,-0.005427717305395444,0.2830432513132176,False,True,0.057679668437264485,False
assists,hot_l5 & opp_allows_many,542,204,0.3874538745387454,0.3522193618951171,1.7242079492399627,0.033547159407632005,-0.11502375261551394,400,137,0.3375,0.35128787874186485,-0.5796246760851312,-0.08718928546574663,-0.036355864145703805,0.08467030960518589,False,False,0.7189161256324924,False
assists,hot_l5 & opp_allows_few,592,210,0.32432432432432434,0.3439732079134222,-0.9824597902210712,-0.12191696950030013,-0.035616526081557916,545,176,0.3412844036697248,0.3574434294245004,-0.7803506914061291,-0.12725698699814383,-0.03786974821137754,0.3258733830304762,False,True,0.21759224145786277,False
assists,hot_l5 & game_total_high,722,154,0.34349030470914127,0.3593800215090876,-0.8557923285086386,-0.12710439879175098,-0.043717634933856,1153,208,0.33738074588031225,0.35741012109445125,-1.4035543099052068,-0.11269673666103713,-0.028398362231039725,0.39211265931697625,False,True,0.08022580440985716,False
assists,hot_l5 & game_total_low,722,157,0.33102493074792244,0.3365751405030654,-0.29206513649963745,-0.06105847230208186,-0.05199291999531273,509,90,0.3418467583497053,0.3432562951034086,-0.06348102393998095,-0.05711927752862919,-0.05769303543585565,0.7702368221169702,False,True,0.4746917347325914,False
assists,hot_l5 & books<=3,2341,518,0.3421614694574968,0.3488378563923798,-0.6321303877967692,-0.0829926653538565,-0.05243115108994103,2805,517,0.3358288770053476,0.35123309939625763,-1.6896339020165478,-0.10767875959414193,-0.03925357751264717,0.5273016800293413,False,True,0.045549007916641446,False
assists,cold_l5 & hitrate_lo,1895,470,0.3007915567282322,0.3141852070043266,-1.1613031025641563,-0.1122123875685881,-0.046119899690887665,2382,518,0.28001679261125106,0.29964327531472146,-2.018494727982606,-0.12241152983596308,-0.03518321620655045,0.2455186582430673,False,True,0.02176988133910351,False
assists,cold_l5 & hitrate_below_mkt,438,296,0.2831050228310502,0.31741617948889944,-1.6090222714429014,-0.18000520282103236,-0.019031726348179942,140,119,0.40714285714285714,0.31345142934017706,2.267704222970046,0.20286898595231925,-0.19621184203888217,0.10761147181231137,False,False,0.9883263798502954,False
assists,cold_l5 & defense,617,374,0.34521880064829824,0.3510959190519852,-0.3218086317971192,-0.09443739729615985,-0.0595321509814012,724,408,0.31767955801104975,0.3287943926877024,-0.6410606855601287,-0.09312124439631966,-0.047643227960694055,0.7475976746575348,False,True,0.2607416279093637,False
assists,cold_l5 & forward,2146,527,0.3294501397949674,0.3425656649587638,-1.190680792067199,-0.10298591110242589,-0.04541323504021023,2295,518,0.31851851851851853,0.33073830391822406,-1.2321349035648628,-0.10392716998913376,-0.046904341715806534,0.23377892123292177,False,True,0.10894934753913382,False
assists,cold_l5 & home,1446,505,0.3437067773167358,0.3509751653722299,-0.5332745783294925,-0.08385589020654399,-0.053837738330055,1551,502,0.3301096067053514,0.33486595026462496,-0.3929511460447602,-0.0869618006705744,-0.05979516853102994,0.5938435226404672,False,True,0.3471777823238743,False
assists,cold_l5 & away,1317,492,0.3211845102505695,0.3373287850632783,-1.1912415611117513,-0.1199848307660394,-0.042778109283641744,1468,495,0.305858310626703,0.32541856875871084,-1.5478199836864204,-0.11652240001903032,-0.033649083712323606,0.2335587680640533,False,True,0.06083282188484869,False
assists,cold_l5 & b2b,437,129,0.32265446224256294,0.3429998891986796,-0.8683050419995622,-0.09940614643275038,-0.026514192949452748,488,152,0.35655737704918034,0.3258059788849763,1.3671056142616769,0.02525748202511823,-0.1085472906719313,0.38522736271685554,False,False,0.9142038981070963,False
assists,cold_l5 & opp_allows_many,710,219,0.3323943661971831,0.35377008370517654,-1.123031887473278,-0.12790513437681406,-0.0322254706159059,455,138,0.34065934065934067,0.33893982104333126,0.07609417651195335,-0.07674311154470223,-0.07411084051628918,0.26142395186178236,False,False,0.530327913410077,False
assists,cold_l5 & opp_allows_few,643,221,0.3203732503888025,0.33893592710223913,-0.9081801079257253,-0.12262387707573635,-0.03804124916018314,611,189,0.29296235679214405,0.32277849430840905,-1.5262191697856033,-0.1352418438951389,-0.016355576606794073,0.36378307198427684,False,True,0.06347764545087196,False
assists,cold_l5 & game_total_high,797,156,0.35131744040150564,0.3480656343665239,0.16913360642250497,-0.05815994801990654,-0.06850105073495638,1228,210,0.3298045602605863,0.33345304739435466,-0.258817328297939,-0.07253992036192501,-0.058548452543012205,0.8656915516028455,False,False,0.6021119063644195,False
assists,cold_l5 & game_total_low,875,160,0.30057142857142854,0.33257855010687076,-2.0682833411341024,-0.16507561109564317,-0.01849773014290976,503,91,0.3499005964214712,0.3243294037782776,1.105798650894242,-0.013047029778170897,-0.1079341411056498,0.03861338732210965,False,False,0.8655931604555309,False
assists,cold_l5 & books<=3,2763,533,0.33297140788997465,0.3444705389274636,-1.1845115999791576,-0.10107695959375193,-0.048566101900765726,3019,520,0.31831732361709175,0.33027212580265675,-1.3467035905437088,-0.10133575225836283,-0.04708153735717738,0.23621060718229037,False,True,0.08903785771422507,False
assists,toi_up & hitrate_lo,638,341,0.3103448275862069,0.3122663550108499,-0.10586022342037218,-0.0737961072365461,-0.06201564771164373,1146,441,0.30279232111692844,0.31147282042310015,-0.6339367812579552,-0.09236017618216573,-0.04986997655372234,0.9156932537892674,False,True,0.2630610401898694,False
assists,toi_up & forward,653,342,0.3215926493108729,0.33906067584272886,-0.9227584443077641,-0.10493401500140584,-0.03571776366537204,1021,419,0.31145935357492655,0.3424238362821928,-2.0909453120112933,-0.15326302206388565,-0.015045956013522495,0.35613310116715247,False,True,0.018266483299243946,False
assists,toi_up & home,448,278,0.35044642857142855,0.35311584323650624,-0.11125631429825508,-0.07033930835885496,-0.06036818853477138,734,364,0.3310626702997275,0.34700307587799256,-0.8843713230716709,-0.11517944411252495,-0.04041257324620005,0.9114130964113463,False,True,0.1882478990398675,False
assists,toi_up & away,447,255,0.3087248322147651,0.34216902507759644,-1.4666924168485085,-0.14565294979255552,-0.010367495309485034,717,352,0.34449093444909346,0.34463680093045,-0.007945696235174871,-0.06600953639950015,-0.06045575656649646,0.14245974666297706,False,True,0.49683015917876594,False
assists,toi_up & books<=3,895,386,0.329608938547486,0.3476485496979222,-1.0828996490332699,-0.10795405441568642,-0.03539577527029876,1451,463,0.33769813921433495,0.3458338001113571,-0.6401531543983009,-0.09088252899864571,-0.0503167513582969,0.2788529676967665,False,True,0.26103651741742984,False
assists,toi_down & hitrate_lo,326,229,0.3067484662576687,0.3085779804073452,-0.0659669919142898,-0.09866564417177914,-0.06624752177775052,778,390,0.2570694087403599,0.2914058308537398,-2.19781294926308,-0.18373393316195372,-0.017653470485377024,0.9474041048279593,False,True,0.013981219135493071,False
assists,toi_down & forward,376,247,0.3617021276595745,0.35574996285664867,0.23068733291509858,-0.06383724570869133,-0.07801667513662533,733,365,0.30013642564802184,0.3203798010155682,-1.0986282889932033,-0.1293586707099296,-0.032260727401018645,0.817557715002303,False,False,0.8640348833551179,False
assists,toi_down & books<=3,511,300,0.34833659491193736,0.3532213799042004,-0.21709174052329444,-0.09751862589174438,-0.06207218284471828,1011,422,0.2997032640949555,0.3204689649882081,-1.3927337751952307,-0.13422111613267443,-0.031935587367530154,0.8281368505921795,False,True,0.08185015554368247,False
assists,hitrate_hi & forward,300,225,0.45,0.4986769269531009,-1.6767210677463515,-0.1598726380558025,0.028836565667616595,160,142,0.54375,0.5906572405693236,-1.1452703024061848,-0.1340122988176012,0.05742615752398361,0.09359703889775955,False,True,0.12604860198604262,False
assists,hitrate_hi & books<=3,371,266,0.4636118598382749,0.5052326435410505,-1.5571796604289099,-0.14540236527525843,0.016404322269400067,216,162,0.5324074074074074,0.5864811126397853,-1.4765227173490603,-0.14614507017120582,0.07228818424369952,0.11942783602765787,False,True,0.06990181065277555,False
assists,hitrate_lo & defense,1093,451,0.32479414455626715,0.32987924116645845,-0.3626180042479404,-0.08219496302724738,-0.05789365270119662,1549,512,0.2989025177533893,0.31262957028885285,-1.2009289166109558,-0.10176703864244213,-0.042900043773955156,0.7168902589974163,False,True,0.11488938809445798,False
assists,hitrate_lo & forward,3882,478,0.2964966512107161,0.31189703942144176,-1.8905478535351,-0.11525231845444356,-0.04210969686529286,4918,520,0.29219194794631964,0.30802007074622206,-2.3627731456043617,-0.11097081310989403,-0.03988491227821711,0.05868472687863069,False,True,0.009069384553513313,False
assists,hitrate_lo & home,2558,469,0.3057075840500391,0.32116176896404136,-1.496668369125143,-0.11004172044665364,-0.041257719666112004,3318,520,0.29566003616636527,0.31352753776903924,-2.0755688553264213,-0.11759449963337848,-0.03715892065597864,0.13447957059517238,False,True,0.01896692221654245,False
assists,hitrate_lo & away,2417,473,0.29954489035995036,0.3102236295485966,-1.004051650605036,-0.10581790398278496,-0.0501490933916261,3149,520,0.29183867894569704,0.3044844528388952,-1.474212490876061,-0.09946429086949887,-0.044240351747726635,0.31535371834784987,False,True,0.07021219389023177,False
assists,hitrate_lo & b2b,789,119,0.2826362484157161,0.3136008390700655,-1.5863124440075391,-0.1507255918894206,-0.017804479795035,1047,160,0.2922636103151863,0.30436229630984435,-0.791345690308049,-0.0932808022922636,-0.044169998229355814,0.1126684508306947,False,True,0.21437114642199678,False
assists,hitrate_lo & opp_allows_many,1219,204,0.32157506152584087,0.32189307444676835,-0.020821889985882747,-0.07090190620398189,-0.0632883218215291,930,143,0.3225806451612903,0.3130936951876106,0.5956648914948719,-0.039408532327887165,-0.07618471912044524,0.983387735839775,False,False,0.7243004416397981,False
assists,hitrate_lo & opp_allows_few,1224,203,0.30310457516339867,0.3151410102926121,-0.8737146488355448,-0.10839610346943905,-0.04820454390323148,1287,195,0.2812742812742813,0.30690621174184174,-2.0108416479835998,-0.139996114996115,-0.026458213301985452,0.3822736713635677,False,True,0.02217109272604011,False
assists,hitrate_lo & game_total_high,1452,148,0.30785123966942146,0.31627430725820643,-0.5787821509862076,-0.09753216136789601,-0.05316029847672512,2578,210,0.29712955779674166,0.30831956191557364,-1.2507700700335114,-0.09257506909950665,-0.04551876783116843,0.562736176238932,False,True,0.10550918876693877,False
assists,hitrate_lo & game_total_low,1667,145,0.2897420515896821,0.31297426853205423,-1.8000587586866525,-0.14060460102737413,-0.03189056885530133,1161,91,0.3049095607235142,0.3069479399830514,-0.14212155924419817,-0.06965546942291127,-0.059661342947129034,0.07185136070126166,False,True,0.4434919946069912,False
assists,hitrate_lo & books<=3,4975,478,0.302713567839196,0.31584770203597506,-1.7493155060843277,-0.10798966730229774,-0.04557740816753262,6467,520,0.29379928869645894,0.3091241552972558,-2.580346150791449,-0.10876629066516187,-0.040607107838275605,0.08023649708768818,False,True,0.004935066243527354,False
assists,hitrate_above_mkt & forward,672,342,0.35119047619047616,0.3878916293287893,-1.9552916880983835,-0.15321130581559664,-0.0029935151698583995,227,180,0.3832599118942731,0.35789233646941265,0.7930803167768526,0.0274568811469983,-0.09190784669004315,0.05054865170553816,False,False,0.7861344850441034,False
assists,hitrate_above_mkt & home,366,253,0.3989071038251366,0.3941482410962955,0.18517376177919545,-0.027136357497261572,-0.06005687408596898,109,106,0.45871559633027525,0.34888580581714496,2.212982580676374,0.2748607966956591,-0.21891046268052314,0.8530927482476383,False,True,0.01344942330576331,False
assists,hitrate_above_mkt & away,509,304,0.32220039292730845,0.3814096196807429,-2.7634635552908464,-0.22725932286178843,0.02642790749001138,205,168,0.34146341463414637,0.35886548566828413,-0.5287312114868257,-0.0995392354582586,-0.03300251058826779,0.005719147877289101,True,True,0.29849596122232,False
assists,hitrate_above_mkt & game_total_high,335,130,0.3641791044776119,0.39351763783833843,-1.1384090586711542,-0.14203321831112609,-0.014585226771060613,187,131,0.40641711229946526,0.3467090873267473,1.7390465533904003,0.11271218756703626,-0.15044298731431288,0.2549497132149591,False,False,0.958986712693234,False
assists,hitrate_above_mkt & books<=3,875,386,0.35428571428571426,0.3867380030385626,-2.008039264793107,-0.14355074534931203,-0.009747441146341549,314,235,0.3821656050955414,0.3554012018983027,1.0229831504666698,0.030427654684343386,-0.0975374366330316,0.044639119377624,False,False,0.8468420937209726,False
assists,hitrate_below_mkt & forward,793,383,0.31904161412358134,0.3248370682777678,-0.3599372905923386,-0.09391448028990002,-0.057410481303208666,462,296,0.37662337662337664,0.3329318282238015,1.9018393998906675,0.06143422339885823,-0.1266281208409428,0.7188940295184945,False,False,0.9714039231802996,False
assists,hitrate_below_mkt & home,614,345,0.34039087947882735,0.33706439218361617,0.17494177962766816,-0.06645351728113019,-0.07378144747490853,376,242,0.35904255319148937,0.3392082155592369,0.7814507191157748,-0.012636193478177585,-0.0913467421758839,0.8611253810585404,False,True,0.21726872527388558,False
assists,hitrate_below_mkt & away,443,273,0.3115124153498871,0.31904806409851916,-0.3427168428423006,-0.10838321258315312,-0.054867820624932555,212,162,0.42924528301886794,0.32992526557076834,2.85713748869846,0.23168237196184044,-0.20436781744170493,0.7318114905314688,False,False,0.9978625968679978,False
assists,hitrate_below_mkt & opp_allows_many,323,161,0.3188854489164087,0.33179639827832075,-0.5026756012869287,-0.13563511689898766,-0.05236393432135461,102,61,0.4215686274509804,0.3477102370998895,1.4992892534500935,0.13014276981676298,-0.1790594485728191,0.6151923664431086,False,False,0.9331006954667884,False
assists,hitrate_below_mkt & game_total_high,317,134,0.3312302839116719,0.32939144473056486,0.07098246678678724,-0.09462014458935401,-0.0771833932699388,216,127,0.39351851851851855,0.33948542626698547,1.570052001672598,0.06438078843594576,-0.1463452243067382,0.943411709764979,False,True,0.058201506919464505,False
assists,hitrate_below_mkt & game_total_low,333,125,0.3063063063063063,0.3241352963133997,-0.6755123355856644,-0.11537068209669638,-0.03362284084753773,115,65,0.41739130434782606,0.32206197191169994,1.9312281940290736,0.23813043478260865,-0.1860700567067386,0.49935031682907616,False,False,0.9732725805911359,False
assists,hitrate_below_mkt & books<=3,1057,418,0.3282876064333018,0.3295135564771847,-0.0831101637895962,-0.08402670083722871,-0.0658545442634238,588,327,0.3843537414965986,0.33586130161781624,2.315085635873777,0.07545145256482211,-0.13209583733975136,0.9337639442727048,False,False,0.9896958770167408,False
assists,defense & home,1202,622,0.34941763727121466,0.37313549565009674,-1.687867695855727,-0.1250103496174433,-0.026786500261075236,1094,513,0.36654478976234006,0.3654780338369406,0.07467598498125991,-0.06787936878417544,-0.06737696891469219,0.09143662900545628,False,False,0.5297637422407034,False
assists,defense & away,1128,618,0.35638297872340424,0.3633884724446174,-0.4958235842511386,-0.0837092845835256,-0.053649625142517886,1047,515,0.3495702005730659,0.35013702957807386,-0.039761602942959176,-0.07637002819021876,-0.06795264318012605,0.6200188838193134,False,True,0.48414159421004127,False
assists,defense & b2b,348,151,0.33620689655172414,0.36394719510773593,-1.0948532720297728,-0.13023218682559404,-0.019169984754762507,351,156,0.3504273504273504,0.35084552570416483,-0.01647746831419184,-0.07390105990656405,-0.06509555010136692,0.27358092344159013,False,True,0.4934267386645425,False
assists,defense & opp_allows_many,519,241,0.3699421965317919,0.37125207733892,-0.062745653436741,-0.06737931214312716,-0.061818158102948405,306,141,0.3562091503267974,0.3626962318152424,-0.23054574477127251,-0.09304436027229998,-0.0551446585838682,0.949969042805618,False,True,0.4088338607316433,False
assists,defense & opp_allows_few,526,244,0.3593155893536122,0.3632535692591242,-0.1859652479736678,-0.07465151213767891,-0.056242869055322,427,192,0.3629976580796253,0.35933042628554374,0.1650034340189977,-0.05117485646754029,-0.07038465685648818,0.8524720140057174,False,False,0.5655293604244869,False
assists,defense & game_total_high,661,173,0.37065052950075644,0.38028832036138094,-0.4846579291090971,-0.09835736715687418,-0.05232688992588804,936,210,0.3717948717948718,0.36481076901124654,0.46893240715450035,-0.05494734154900386,-0.07836486328765319,0.6279190141996263,False,False,0.6804410243924148,False
assists,defense & game_total_low,664,185,0.3192771084337349,0.3529969065634035,-1.77433788458951,-0.1518480691571925,-0.011913642441301784,352,91,0.35511363636363635,0.3467149860138236,0.3340959687019871,-0.0701343793545388,-0.08295383212325567,0.07600727764221664,False,False,0.6308464290086048,False
assists,defense & books<=3,2330,630,0.35278969957081546,0.36841676510255134,-1.5372246875402873,-0.10501567092291146,-0.03979148089037451,2141,520,0.3582438113031294,0.3579759173217451,0.026291780289220537,-0.07203150348671042,-0.0676584873434214,0.12423829677500144,False,False,0.5104876944871966,False
assists,forward & home,4028,631,0.346077457795432,0.35610096700905264,-1.1899866597362083,-0.08990069096883335,-0.04712588066984849,3427,520,0.32915086081120515,0.3502298949278957,-2.3302917912855885,-0.12218355943087321,-0.030100677401958195,0.23405163535842632,False,True,0.009895367161762054,False
assists,forward & away,3874,631,0.3288590604026846,0.34495712098435455,-1.8730467693005195,-0.11222480021634494,-0.03931131381696127,3300,520,0.33181818181818185,0.3431720467415521,-1.2845441774755084,-0.09211004914439085,-0.04438454027401489,0.061061926942756674,False,True,0.09947580821032581,False
assists,forward & b2b,1170,154,0.3145299145299145,0.3469415939722998,-2.0383897708269543,-0.1463680387855682,-0.011066161421642453,1124,160,0.3309608540925267,0.3443487554389439,-0.8753414639998279,-0.09062441898861313,-0.038742478735525256,0.041510968471568176,False,True,0.1906940697429414,False
assists,forward & opp_allows_many,1717,243,0.35585323238206173,0.3590617781658646,-0.25195019746289615,-0.06751848083772921,-0.05597127691792269,984,143,0.3485772357723577,0.35334347565109087,-0.2950613311478281,-0.07539336884019358,-0.055759139574978044,0.801079558820132,False,True,0.383973514293043,False
assists,forward & opp_allows_few,1747,247,0.3342873497424156,0.34688614099268733,-0.9949353970567818,-0.1048684368385205,-0.04479922173177073,1347,195,0.31997030438010393,0.3430077103750568,-1.6635519525412146,-0.12712752363902813,-0.025364272640223617,0.3197676857216958,False,True,0.04810100023925296,False
assists,forward & game_total_high,2157,173,0.35373203523412144,0.3574785316262883,-0.3209355738445571,-0.08098872417961205,-0.05974147120364226,2760,210,0.3355072463768116,0.35107947908697507,-1.590646318641217,-0.0988955402887886,-0.035385352922988667,0.7482592147178344,False,True,0.05584459711041027,False
assists,forward & game_total_low,2393,186,0.325950689511074,0.3403791168154492,-1.4438788784866166,-0.1076189428611008,-0.04153044278360592,1143,91,0.34908136482939633,0.3380019445735829,0.7495826519403704,-0.0361152108244112,-0.08120309184802688,0.14877304892312396,False,False,0.7732469488322602,False
assists,forward & early_gp<5,1134,170,0.34832451499118167,0.34200802736390373,0.44245164006864385,-0.048146864317269625,-0.0714061969545058,7,7,0.2857142857142857,0.3948773732621301,-0.6448998003896218,-0.39285714285714285,0.11107331821617536,0.6581624176936544,False,False,0.7405039394507111,False
assists,forward & books<=3,7902,631,0.33763604150847887,0.3506376337390349,-2.2227471889790236,-0.10084521124532791,-0.04329474526259906,6727,520,0.33045934294633567,0.3467675938999584,-2.6015527650631682,-0.10743068534950087,-0.03710777528775976,0.026232851971271707,False,True,0.004640139389353852,False
assists,home & opp_allows_many,1199,142,0.38448707256046705,0.3657156173200093,1.102422892783566,-0.008443872728750036,-0.08928258232295945,642,73,0.367601246105919,0.36113783287331275,0.32041854466691705,-0.03805258514218205,-0.06883816441957614,0.2702778635090247,False,True,0.3743255346992659,False
assists,home & opp_allows_few,1209,146,0.3424317617866005,0.355051126886961,-0.8153905406338596,-0.09612551338331594,-0.04338680081989491,914,107,0.3479212253829322,0.3516038319437171,-0.1985594136497336,-0.07372377956723566,-0.054820078408558535,0.4148487972117906,False,True,0.42130370229377745,False
assists,home & game_total_high,1440,173,0.3770833333333333,0.3677584184588724,0.6055492309431895,-0.03889521158955321,-0.07908565314205888,1870,210,0.34010695187165774,0.36206803727574627,-1.6749204685587304,-0.11821673051688689,-0.026154448675905027,0.5448141238351811,False,False,0.9530250814834741,False
assists,home & game_total_low,1569,186,0.331421287444232,0.3493867451544071,-1.3103837906762945,-0.10823774662680892,-0.03326482853907853,770,91,0.35584415584415585,0.3409828940596258,0.8682916223211684,-0.037607642675683464,-0.0883973295374534,0.19006603432669744,False,False,0.8073826463618881,False
assists,home & early_gp<5,727,131,0.3342503438789546,0.3532265039779831,-0.9354230210757476,-0.1136925563821226,-0.03189855673309063,4,4,0.0,0.35768095661150356,-1.8845277277042285,-1.0,0.5184523809523809,0.3495703375074608,False,True,0.02974681392549069,False
assists,home & books<=3,5230,631,0.3468451242829828,0.36001597722445133,-1.7069363120183683,-0.09796987064294982,-0.04245132326041342,4521,520,0.3381995133819951,0.35391966797954244,-1.9265214559408694,-0.1090429302409844,-0.03912086384631365,0.08783389062852603,False,True,0.027019647704043963,False
assists,away & b2b,912,115,0.32127192982456143,0.34499560054972866,-1.2832427330063547,-0.12220387031456333,-0.023576082229529123,990,122,0.32222222222222224,0.34407175108777993,-1.3674537788531813,-0.12829480877890762,-0.03057958014803698,0.19940704893463934,False,True,0.0857415577727137,False
assists,away & opp_allows_many,1037,130,0.32979749276759884,0.3574695044194772,-1.7339626365900969,-0.13575206480124669,-0.020382343604894004,648,76,0.3333333333333333,0.3500378677028869,-0.7738220199381843,-0.12072359493949597,-0.042511045233139165,0.08292471283758789,False,True,0.21951802444811364,False
assists,away & opp_allows_few,1064,136,0.337406015037594,0.34569986215995124,-0.492317825419877,-0.09986476396699762,-0.052061416632753654,860,105,0.3116279069767442,0.34197625058438513,-1.728143470419318,-0.1461731436383223,-0.016412060533347858,0.6224946807249623,False,True,0.041981252797528984,False
assists,away & game_total_high,1378,173,0.3374455732946299,0.35767753983744577,-1.3678450439077805,-0.13330754213146617,-0.03597030994390678,1826,210,0.3493975903614458,0.34686473842767385,0.2052942711834755,-0.05658111545473476,-0.06686980672549273,0.17136058486929961,False,False,0.5813288901627657,False
assists,away & game_total_low,1488,186,0.3172043010752688,0.3365116729504067,-1.4025747859563924,-0.12670310734511211,-0.03702990066154513,725,91,0.3448275862068966,0.3390663024807714,0.2737357179569947,-0.051047038130790895,-0.07441232985633327,0.16074367496757214,False,False,0.6078561366068527,False
assists,away & early_gp<5,696,133,0.35488505747126436,0.34276461780646,0.6534666496722019,-0.030460807881599668,-0.08094592281986496,3,3,0.6666666666666666,0.4444725954629654,0.732724505099252,0.4166666666666667,-0.43209876543209874,0.5134554830376201,False,True,0.2318632374010709,False
assists,away & books<=3,5002,631,0.3350659736105558,0.3491135712936661,-1.7810548832766735,-0.10579427210082712,-0.04254474348014157,4347,520,0.3360938578329883,0.3448496029941029,-1.0652565457522114,-0.08831897439421416,-0.05006105367238121,0.07490348520273657,False,True,0.1433799256347364,False
assists,b2b & books<=3,1518,154,0.3194993412384717,0.3508401112286449,-2.140315131047898,-0.14266891066826187,-0.012923954913029652,1475,160,0.33559322033898303,0.34589476653256596,-0.711711382341585,-0.08664482642061365,-0.04501361639614249,0.03232930798054327,False,True,0.23832175890231722,False
assists,opp_allows_many & game_total_high,1000,102,0.375,0.3714757356866234,0.19213555244596037,-0.06622827085489472,-0.0708674855344975,773,79,0.35316946959896506,0.35808191356453595,-0.31326559961560135,-0.07726897165303863,-0.0558176969427737,0.8476360268600751,False,False,0.6229605583747105,False
assists,opp_allows_many & books<=3,2236,243,0.35912343470483005,0.36189127962866235,-0.24171589990362097,-0.06748617826505549,-0.05732840184414287,1290,143,0.35038759689922483,0.35556203641561046,-0.35143193827276864,-0.07958034820315833,-0.055613378967784545,0.8090003084977713,False,True,0.3626321626180499,False
assists,opp_allows_few & books<=3,2273,247,0.34007919049714036,0.35067376407590145,-0.9275363345245018,-0.09787587089367111,-0.04744742168433913,1774,195,0.33032694475760993,0.346936571532767,-1.311039335909635,-0.10884579371669144,-0.036200633440869025,0.3536481357668487,False,True,0.09492223714865333,False
assists,game_total_high & books<=3,2818,173,0.35770049680624555,0.3628288759676283,-0.46842817401250647,-0.08506277421792655,-0.058002280918122186,3696,210,0.3446969696969697,0.35455688367818666,-1.1020183223852649,-0.08776580164689504,-0.046269774378975136,0.6394784241135851,False,True,0.1352268530542834,False
assists,game_total_low & books<=3,3057,186,0.3245011449133137,0.3431197816478475,-1.9122309525946701,-0.117225792668299,-0.035097483860710946,1495,91,0.3505016722408027,0.3400534432939606,0.7862508984207065,-0.04412507525424726,-0.0816153062807229,0.055846577651136646,False,False,0.7841397437612658,False
assists,early_gp<5 & books<=3,1423,179,0.3443429374560787,0.34810951678516505,-0.2704617555586694,-0.07298328234391883,-0.055887992289236056,7,7,0.2857142857142857,0.3948773732621301,-0.6448998003896218,-0.39285714285714285,0.11107331821617536,0.7868050355161003,False,True,0.25949606054928887,False
goals,line=0.5,5390,619,0.28534322820037106,0.28649178801920805,-0.20009108685813612,-0.06992098111885157,-0.06417072466174152,3502,501,0.3003997715591091,0.30104685260670894,-0.08826361298379902,-0.0678507552793675,-0.06407979112322457,0.8414093440699877,False,True,0.4648335793400475,False
goals,ref_0.00-0.20,332,197,0.16566265060240964,0.1791013077300907,-0.6213515571139893,-0.1055722891566265,-0.04457010796707821,78,61,0.21794871794871795,0.18790976373979537,0.6689883031204147,0.07692307692307693,-0.09652518798446397,0.5343683380765714,False,False,0.7482485302771612,False
goals,ref_0.20-0.35,4212,619,0.2751661918328585,0.2743284769081879,0.12638197740284476,-0.0648741690408357,-0.06712762819814654,2719,499,0.27951452739977933,0.2807882771314162,-0.15901182151487941,-0.07247149687385068,-0.06408747125868068,0.8994295677048367,False,False,0.563170219943398,False
goals,ref_0.35-0.50,834,467,0.3800959232613909,0.38744723504611206,-0.43574587788543967,-0.08312207376955578,-0.05488249632262561,693,388,0.3939393939393939,0.38943756060292134,0.2372878961484382,-0.055073461891643714,-0.07246484270115142,0.6630211154907937,False,False,0.5937832742641025,False
goals,avg_below_line_0-0.5,3367,545,0.27264627264627267,0.27387647723844494,-0.16230176396629964,-0.0726017226017226,-0.06393784684359029,2894,500,0.28507256392536284,0.28525858711241175,-0.023526972616612976,-0.06799412577747065,-0.06557205620991265,0.8710682256542646,False,True,0.4906149616999998,False
goals,avg_above_line_0-0.5,993,457,0.34944612286002014,0.3479829963278407,0.09813394516266878,-0.06531200821887805,-0.06826453980456303,603,344,0.3747927031509121,0.37717436840513363,-0.12116993977972254,-0.06490604475679103,-0.0575765896456566,0.9218259332627092,False,False,0.5482217833838406,False
goals,hot_l5,1268,475,0.277602523659306,0.2862747488627523,-0.6654164804199343,-0.09605678233438485,-0.05291574835037031,1096,450,0.2755474452554745,0.29877189161469486,-1.717814274322667,-0.13385036496350364,-0.03357545907036035,0.5057841468417493,False,True,0.042915248519578175,False
goals,cold_l5,1428,497,0.26820728291316526,0.28501119445906103,-1.373575110140858,-0.11971288515406162,-0.04244742392453871,1178,468,0.31239388794567063,0.297095663014702,1.1767631543117179,-0.011749498379379535,-0.0835617409197293,0.1695736283902075,False,False,0.8803549735965202,False
goals,toi_up,365,242,0.27123287671232876,0.2832503222070354,-0.5211949220323511,-0.11984010629037431,-0.05262432319150725,455,258,0.29010989010989013,0.2961797137831109,-0.2891199458782539,-0.07932067932067931,-0.055600275812652304,0.602230991222604,False,True,0.38624479524293487,False
goals,hitrate_lo,2935,470,0.26814310051107326,0.2762910295198397,-1.0339608691914979,-0.09938671209540036,-0.05525515923570128,2900,500,0.28793103448275864,0.28619945520269024,0.22130988839830568,-0.06302586206896552,-0.06828561837674466,0.3011544570109276,False,False,0.5875744244797805,False
goals,hitrate_above_mkt,527,305,0.2884250474383302,0.3113786658749147,-1.192462389223468,-0.13785578747628086,-0.03386459827568181,177,151,0.288135593220339,0.3037830161253763,-0.45248130134043973,-0.08700564971751414,-0.03833279260089676,0.2330799896947977,False,True,0.3254611444194181,False
goals,hitrate_below_mkt,396,270,0.28535353535353536,0.2810239322261154,0.19626278401435074,-0.0268939393939394,-0.06802112183051781,115,105,0.30434782608695654,0.31605999773329,-0.2738710243890801,-0.09173913043478261,-0.048604421311672745,0.8444044889221647,False,False,0.6079081301425082,False
goals,forward,5298,619,0.28633446583616456,0.2883685988772213,-0.3494118715805591,-0.07621254968490185,-0.06328201711365602,3487,501,0.30083166045311155,0.3013703845125595,-0.07331000740939482,-0.06738266274400488,-0.06422154152590197,0.7267801220785364,False,True,0.47077971418447845,False
goals,home,2696,588,0.2852373887240356,0.29416926703608937,-1.060835510475109,-0.09672900611408546,-0.054477090952897135,1753,464,0.3017683970336566,0.3075889520864662,-0.5318798038659047,-0.08702078488159491,-0.05685725906576031,0.2887646611199396,False,True,0.2974046229746417,False
goals,away,2694,592,0.285449146250928,0.2788086093148605,0.7696874984199975,-0.04309305410060712,-0.07387155483213664,1749,463,0.2990280160091481,0.2944897912070439,0.43277551694760436,-0.04863688341389885,-0.0713188412642965,0.4414852876459433,False,True,0.3325889307900275,False
goals,b2b,775,143,0.24387096774193548,0.28161957714255037,-2.6119207588596103,-0.2197166900420757,-0.01935948929247503,619,145,0.308562197092084,0.29025917938259715,0.9871505561613685,-0.009450726978998375,-0.0894926844623646,0.009003512013063385,True,False,0.8382155817081047,False
goals,opp_allows_many,1148,225,0.30052264808362367,0.30124778054890483,-0.05515504163557111,-0.07993796147295616,-0.06716635248361431,523,132,0.3078393881453155,0.31430592323720014,-0.3170949450579945,-0.0838432122370937,-0.05392445766036257,0.9560149459570623,False,True,0.3755857801916891,False
goals,opp_allows_few,1167,232,0.29220222793487577,0.2770934133372028,1.1571126515607932,-0.0277895756491934,-0.08592577800393929,685,170,0.28905109489051095,0.2924893865439805,-0.19512009156076196,-0.07665075800112296,-0.060162363286502714,0.2472263383963198,False,False,0.5773505329630957,False
goals,game_total_high,1437,169,0.30410577592205984,0.30129772227643675,0.23695122333515548,-0.06149046761736243,-0.07042990202668774,1453,204,0.3041982105987612,0.31305815461526143,-0.7614820745611245,-0.09465818650264624,-0.05218582119316193,0.8126946308328385,False,False,0.7768154092186951,False
goals,game_total_low,1519,181,0.2666227781435155,0.27390556437025054,-0.6815376462121272,-0.09247860434496381,-0.055572201574885925,602,89,0.3089700996677741,0.285266481029642,1.4160655326119385,0.0051495016611295555,-0.09893717243590491,0.495531354348532,False,False,0.9216218407814233,False
goals,early_gp<5,916,123,0.2652838427947598,0.269272203695259,-0.3142216484331553,-0.06699701317605249,-0.06075510079405887,3,3,0.0,0.3025012217335288,-1.7305284249367532,-1.0,0.3422619047619048,0.7533527016962851,False,True,0.04176795360038686,False
goals,books<=3,5390,619,0.28534322820037106,0.28649178801920805,-0.20009108685813612,-0.06992098111885157,-0.06417072466174152,3502,501,0.3003997715591091,0.30104685260670894,-0.08826361298379902,-0.0678507552793675,-0.06407979112322457,0.8414093440699877,False,True,0.4648335793400475,False
goals,line=0.5 & ref_0.00-0.20,332,197,0.16566265060240964,0.1791013077300907,-0.6213515571139893,-0.1055722891566265,-0.04457010796707821,78,61,0.21794871794871795,0.18790976373979537,0.6689883031204147,0.07692307692307693,-0.09652518798446397,0.5343683380765714,False,False,0.7482485302771612,False
goals,line=0.5 & ref_0.20-0.35,4212,619,0.2751661918328585,0.2743284769081879,0.12638197740284476,-0.0648741690408357,-0.06712762819814654,2719,499,0.27951452739977933,0.2807882771314162,-0.15901182151487941,-0.07247149687385068,-0.06408747125868068,0.8994295677048367,False,False,0.563170219943398,False
goals,line=0.5 & ref_0.35-0.50,834,467,0.3800959232613909,0.38744723504611206,-0.43574587788543967,-0.08312207376955578,-0.05488249632262561,693,388,0.3939393939393939,0.38943756060292134,0.2372878961484382,-0.055073461891643714,-0.07246484270115142,0.6630211154907937,False,False,0.5937832742641025,False
goals,line=0.5 & avg_below_line_0-0.5,3367,545,0.27264627264627267,0.27387647723844494,-0.16230176396629964,-0.0726017226017226,-0.06393784684359029,2894,500,0.28507256392536284,0.28525858711241175,-0.023526972616612976,-0.06799412577747065,-0.06557205620991265,0.8710682256542646,False,True,0.4906149616999998,False
goals,line=0.5 & avg_above_line_0-0.5,993,457,0.34944612286002014,0.3479829963278407,0.09813394516266878,-0.06531200821887805,-0.06826453980456303,603,344,0.3747927031509121,0.37717436840513363,-0.12116993977972254,-0.06490604475679103,-0.0575765896456566,0.9218259332627092,False,False,0.5482217833838406,False
goals,line=0.5 & hot_l5,1268,475,0.277602523659306,0.2862747488627523,-0.6654164804199343,-0.09605678233438485,-0.05291574835037031,1096,450,0.2755474452554745,0.29877189161469486,-1.717814274322667,-0.13385036496350364,-0.03357545907036035,0.5057841468417493,False,True,0.042915248519578175,False
goals,line=0.5 & cold_l5,1428,497,0.26820728291316526,0.28501119445906103,-1.373575110140858,-0.11971288515406162,-0.04244742392453871,1178,468,0.31239388794567063,0.297095663014702,1.1767631543117179,-0.011749498379379535,-0.0835617409197293,0.1695736283902075,False,False,0.8803549735965202,False
goals,line=0.5 & toi_up,365,242,0.27123287671232876,0.2832503222070354,-0.5211949220323511,-0.11984010629037431,-0.05262432319150725,455,258,0.29010989010989013,0.2961797137831109,-0.2891199458782539,-0.07932067932067931,-0.055600275812652304,0.602230991222604,False,True,0.38624479524293487,False
goals,line=0.5 & hitrate_lo,2935,470,0.26814310051107326,0.2762910295198397,-1.0339608691914979,-0.09938671209540036,-0.05525515923570128,2900,500,0.28793103448275864,0.28619945520269024,0.22130988839830568,-0.06302586206896552,-0.06828561837674466,0.3011544570109276,False,False,0.5875744244797805,False
goals,line=0.5 & hitrate_above_mkt,527,305,0.2884250474383302,0.3113786658749147,-1.192462389223468,-0.13785578747628086,-0.03386459827568181,177,151,0.288135593220339,0.3037830161253763,-0.45248130134043973,-0.08700564971751414,-0.03833279260089676,0.2330799896947977,False,True,0.3254611444194181,False
goals,line=0.5 & hitrate_below_mkt,396,270,0.28535353535353536,0.2810239322261154,0.19626278401435074,-0.0268939393939394,-0.06802112183051781,115,105,0.30434782608695654,0.31605999773329,-0.2738710243890801,-0.09173913043478261,-0.048604421311672745,0.8444044889221647,False,False,0.6079081301425082,False
goals,line=0.5 & forward,5298,619,0.28633446583616456,0.2883685988772213,-0.3494118715805591,-0.07621254968490185,-0.06328201711365602,3487,501,0.30083166045311155,0.3013703845125595,-0.07331000740939482,-0.06738266274400488,-0.06422154152590197,0.7267801220785364,False,True,0.47077971418447845,False
goals,line=0.5 & home,2696,588,0.2852373887240356,0.29416926703608937,-1.060835510475109,-0.09672900611408546,-0.054477090952897135,1753,464,0.3017683970336566,0.3075889520864662,-0.5318798038659047,-0.08702078488159491,-0.05685725906576031,0.2887646611199396,False,True,0.2974046229746417,False
goals,line=0.5 & away,2694,592,0.285449146250928,0.2788086093148605,0.7696874984199975,-0.04309305410060712,-0.07387155483213664,1749,463,0.2990280160091481,0.2944897912070439,0.43277551694760436,-0.04863688341389885,-0.0713188412642965,0.4414852876459433,False,True,0.3325889307900275,False
goals,line=0.5 & b2b,775,143,0.24387096774193548,0.28161957714255037,-2.6119207588596103,-0.2197166900420757,-0.01935948929247503,619,145,0.308562197092084,0.29025917938259715,0.9871505561613685,-0.009450726978998375,-0.0894926844623646,0.009003512013063385,True,False,0.8382155817081047,False
goals,line=0.5 & opp_allows_many,1148,225,0.30052264808362367,0.30124778054890483,-0.05515504163557111,-0.07993796147295616,-0.06716635248361431,523,132,0.3078393881453155,0.31430592323720014,-0.3170949450579945,-0.0838432122370937,-0.05392445766036257,0.9560149459570623,False,True,0.3755857801916891,False
goals,line=0.5 & opp_allows_few,1167,232,0.29220222793487577,0.2770934133372028,1.1571126515607932,-0.0277895756491934,-0.08592577800393929,685,170,0.28905109489051095,0.2924893865439805,-0.19512009156076196,-0.07665075800112296,-0.060162363286502714,0.2472263383963198,False,False,0.5773505329630957,False
goals,line=0.5 & game_total_high,1437,169,0.30410577592205984,0.30129772227643675,0.23695122333515548,-0.06149046761736243,-0.07042990202668774,1453,204,0.3041982105987612,0.31305815461526143,-0.7614820745611245,-0.09465818650264624,-0.05218582119316193,0.8126946308328385,False,False,0.7768154092186951,False
goals,line=0.5 & game_total_low,1519,181,0.2666227781435155,0.27390556437025054,-0.6815376462121272,-0.09247860434496381,-0.055572201574885925,602,89,0.3089700996677741,0.285266481029642,1.4160655326119385,0.0051495016611295555,-0.09893717243590491,0.495531354348532,False,False,0.9216218407814233,False
goals,line=0.5 & early_gp<5,916,123,0.2652838427947598,0.269272203695259,-0.3142216484331553,-0.06699701317605249,-0.06075510079405887,3,3,0.0,0.3025012217335288,-1.7305284249367532,-1.0,0.3422619047619048,0.7533527016962851,False,True,0.04176795360038686,False
goals,line=0.5 & books<=3,5390,619,0.28534322820037106,0.28649178801920805,-0.20009108685813612,-0.06992098111885157,-0.06417072466174152,3502,501,0.3003997715591091,0.30104685260670894,-0.08826361298379902,-0.0678507552793675,-0.06407979112322457,0.8414093440699877,False,True,0.4648335793400475,False
goals,ref_0.00-0.20 & books<=3,332,197,0.16566265060240964,0.1791013077300907,-0.6213515571139893,-0.1055722891566265,-0.04457010796707821,78,61,0.21794871794871795,0.18790976373979537,0.6689883031204147,0.07692307692307693,-0.09652518798446397,0.5343683380765714,False,False,0.7482485302771612,False
goals,ref_0.20-0.35 & avg_below_line_0-0.5,2907,545,0.2731338149294806,0.2700807892637974,0.36410003069734115,-0.0564327485380117,-0.06972161424691746,2527,498,0.27542540561931145,0.2777267923617565,-0.2789177952399625,-0.0758013454689355,-0.06274324951451812,0.7157833139030119,False,False,0.6098460441777546,False
goals,ref_0.20-0.35 & avg_above_line_0-0.5,520,322,0.31346153846153846,0.3083144669040562,0.2536386578382433,-0.05557692307692309,-0.07282685033843883,188,158,0.3351063829787234,0.3215726846352807,0.40837802268980594,-0.02553191489361704,-0.08366185395452755,0.7997747283582971,False,True,0.3414980829007345,False
goals,ref_0.20-0.35 & hot_l5,1016,454,0.2736220472440945,0.27250669602011995,0.07621311256442065,-0.06599409448818896,-0.06731621122064443,860,406,0.2534883720930233,0.28085137944964217,-1.7981355395491911,-0.15680232558139534,-0.029582778100949815,0.9392495507138058,False,False,0.9639222342454928,False
goals,ref_0.20-0.35 & cold_l5,1163,472,0.2596732588134136,0.2752778508568307,-1.159026681054539,-0.11797076526225278,-0.04501404355433452,956,441,0.3043933054393305,0.2795848560645399,1.7283001899351287,0.019665271966527204,-0.09765427487703078,0.2464453096120729,False,False,0.9580327904798905,False
goals,ref_0.20-0.35 & toi_up,309,221,0.2621359223300971,0.2738904529248857,-0.4814602477182252,-0.10307443365695794,-0.04959557626915096,351,230,0.25925925925925924,0.27181073679790846,-0.5367541035220372,-0.10341880341880343,-0.0487331216308313,0.6301894260822025,False,True,0.29571873925365044,False
goals,ref_0.20-0.35 & hitrate_lo,2529,470,0.2653222617635429,0.2709744344416751,-0.6485843624847177,-0.0852510873863187,-0.058262092037175375,2516,499,0.2762321144674086,0.2777499336222257,-0.18389308912976987,-0.07352941176470588,-0.06383295989514415,0.5166070657226618,False,True,0.42704866321585,False
goals,ref_0.20-0.35 & hitrate_above_mkt,377,246,0.27851458885941643,0.295590462309518,-0.7461372510874009,-0.133289124668435,-0.04447810053319412,138,124,0.3188405797101449,0.28681852486871984,0.8039717327634012,0.045652173913043465,-0.10651092398984134,0.4555845087047452,False,False,0.7892933498502259,False
goals,ref_0.20-0.35 & hitrate_below_mkt,341,250,0.2727272727272727,0.2719947558244767,0.031182148141468618,-0.05146627565982405,-0.06449031377545975,89,81,0.25842696629213485,0.2946778090240322,-0.7671850930500631,-0.150561797752809,-0.01175495491372097,0.9751242767108231,False,False,0.7785142626711401,False
goals,ref_0.20-0.35 & forward,4179,619,0.2754247427614262,0.274662735187763,0.11398912464349571,-0.06531466858100025,-0.06705094610186474,2708,499,0.2795420974889217,0.28093379467328033,-0.17333573294170349,-0.07326440177252586,-0.06397393217102205,0.9092464145268071,False,False,0.5688062310258534,False
goals,ref_0.20-0.35 & home,2066,585,0.26524685382381413,0.2772660014561322,-1.2495208457731783,-0.10753872216844144,-0.05019187269770395,1308,452,0.27446483180428133,0.2837467764686686,-0.7466537081500376,-0.10172018348623854,-0.05375551764501833,0.21147463391777932,False,True,0.22763630980015132,False
goals,ref_0.20-0.35 & away,2146,591,0.2847157502329916,0.2715004593331399,1.3447213419176482,-0.023800093196644927,-0.08343204146185314,1411,454,0.2841956059532247,0.2780457419555649,0.5486859712283909,-0.04535790219702339,-0.07366521422584606,0.17871523991361604,False,True,0.29161048763201086,False
goals,ref_0.20-0.35 & b2b,598,142,0.225752508361204,0.27186892909958843,-2.8313978732552347,-0.23377926421404685,-0.007019586358517482,509,144,0.29469548133595286,0.27650623075780506,0.8862524637030273,-0.003438113948919464,-0.08922151367105385,0.004634503105986858,True,False,0.8122592507742402,False
goals,ref_0.20-0.35 & opp_allows_many,847,224,0.2715466351829988,0.2784722295635941,-0.4116543979139393,-0.09445100354191265,-0.05754308997870079,385,127,0.2779220779220779,0.28796575799189933,-0.4701253577400469,-0.1003896103896104,-0.05230757166974209,0.680592753966774,False,True,0.31913272914239477,False
goals,ref_0.20-0.35 & opp_allows_few,964,232,0.2894190871369295,0.2716111007447893,1.2375697970300483,-0.01135892116182573,-0.0892273576018834,553,168,0.28390596745027125,0.27727584556982077,0.36679161379395764,-0.0464737793851718,-0.07461132872000638,0.21587561923380172,False,True,0.35688723177619375,False
goals,ref_0.20-0.35 & game_total_high,1067,169,0.2736644798500469,0.2789303980920379,-0.37014339578780475,-0.07563261480787255,-0.05752199923369174,1061,204,0.2714420358152686,0.2856687911019329,-1.1043766584393202,-0.11814326107445806,-0.0472856487529119,0.7112756495140997,False,True,0.13471489087528216,False
goals,ref_0.20-0.35 & game_total_low,1250,181,0.2688,0.26871992302993775,0.006581263689388074,-0.07152,-0.06655268212009063,502,88,0.2868525896414343,0.27281625333830584,0.7467870740271577,-0.03047808764940239,-0.08536125772817936,0.9947489492181804,False,True,0.22759604965191044,False
goals,ref_0.20-0.35 & early_gp<5,704,115,0.2528409090909091,0.26679945871838845,-0.9482200085968844,-0.11896306818181818,-0.04947071713658208,3,3,0.0,0.3025012217335288,-1.7305284249367532,-1.0,0.3422619047619048,0.3430174631480635,False,True,0.04176795360038686,False
goals,ref_0.20-0.35 & books<=3,4212,619,0.2751661918328585,0.2743284769081879,0.12638197740284476,-0.0648741690408357,-0.06712762819814654,2719,499,0.27951452739977933,0.2807882771314162,-0.15901182151487941,-0.07247149687385068,-0.06408747125868068,0.8994295677048367,False,False,0.563170219943398,False
goals,ref_0.35-0.50 & avg_above_line_0-0.5,452,300,0.3893805309734513,0.39263393562872395,-0.1424377529368178,-0.07235518905872888,-0.06083204783320131,402,267,0.40049751243781095,0.39931423132697175,0.049456213974557836,-0.06204206241519675,-0.06651146184137413,0.8867342438461492,False,False,0.5197221346710881,False
goals,ref_0.35-0.50 & forward,834,467,0.3800959232613909,0.38744723504611206,-0.43574587788543967,-0.08312207376955578,-0.05488249632262561,693,388,0.3939393939393939,0.38943756060292134,0.2372878961484382,-0.055073461891643714,-0.07246484270115142,0.6630211154907937,False,False,0.5937832742641025,False
goals,ref_0.35-0.50 & home,499,339,0.3907815631262525,0.38909985161752764,0.0789175775339875,-0.06285970208815898,-0.0692980131604946,400,279,0.4025,0.3900756121750725,0.4771295623608511,-0.032249999999999994,-0.08271143428402372,0.9370981819957088,False,True,0.316634932439085,False
goals,ref_0.35-0.50 & away,335,252,0.3641791044776119,0.384985576332272,-0.8057222341769493,-0.11330393487109906,-0.03340983094323268,293,221,0.3822525597269625,0.38856650043616214,-0.22572740399316693,-0.08623177164132796,-0.05847632176890254,0.42040302634327553,False,True,0.41070672140423725,False
goals,ref_0.35-0.50 & game_total_high,315,151,0.4253968253968254,0.38946585424316116,1.2995803659224732,0.024531024531024535,-0.11936599168776103,357,176,0.40896358543417366,0.39511419230109696,0.5102495057060765,-0.027985739750445646,-0.08409101857533202,0.19374483260601327,False,True,0.30493833663641223,False
goals,ref_0.35-0.50 & books<=3,834,467,0.3800959232613909,0.38744723504611206,-0.43574587788543967,-0.08312207376955578,-0.05488249632262561,693,388,0.3939393939393939,0.38943756060292134,0.2372878961484382,-0.055073461891643714,-0.07246484270115142,0.6630211154907937,False,False,0.5937832742641025,False
goals,avg_below_line_0-0.5 & hot_l5,1053,451,0.2678062678062678,0.2728896169239901,-0.3681259633049064,-0.08960113960113959,-0.058944996369114704,932,419,0.2553648068669528,0.2844617568392247,-2.0314204579412665,-0.1525214592274678,-0.025945318466323298,0.7127793122414272,False,True,0.02110618043807794,False
goals,avg_below_line_0-0.5 & cold_l5,1192,474,0.2600671140939597,0.2734170984130649,-1.0047670158488533,-0.11266778523489934,-0.04794192501468613,1036,452,0.305984555984556,0.28511066174779326,1.4886506434485762,0.0025579150579150395,-0.09279742868288561,0.3150090499338619,False,False,0.9317103058476749,False
goals,avg_below_line_0-0.5 & toi_up,312,221,0.25,0.27139796128285526,-0.8583696247388747,-0.14711538461538462,-0.03809223447287492,393,238,0.28498727735368956,0.2816051382184464,0.15010374872205096,-0.0589058524173028,-0.07164419214341927,0.3906883948024801,False,False,0.5596586187781708,False
goals,avg_below_line_0-0.5 & hitrate_lo,2741,470,0.26267785479751915,0.2729119390265655,-1.2207610474159776,-0.1077344035023714,-0.05262361392346614,2806,500,0.2833214540270848,0.28395055891245496,-0.07811956922960604,-0.06868317890235211,-0.06481081697832357,0.22217650615485895,False,True,0.4688664703843582,False
goals,avg_below_line_0-0.5 & hitrate_below_mkt,384,268,0.28125,0.2827544181192785,-0.06738768064795128,-0.054296875000000015,-0.06115648591825887,115,105,0.30434782608695654,0.31605999773329,-0.2738710243890801,-0.09173913043478261,-0.048604421311672745,0.9462730763143631,False,True,0.3920918698574918,False
goals,avg_below_line_0-0.5 & forward,3319,545,0.273275082856282,0.2749076439342451,-0.2122946205068247,-0.07500753238927388,-0.06351854023851358,2879,500,0.28551580409864535,0.28556818481067026,-0.00661259314402164,-0.0674279263633206,-0.0657515170054793,0.8318771920012162,False,True,0.4973619762369796,False
goals,avg_below_line_0-0.5 & home,1668,505,0.2697841726618705,0.2820248269601338,-1.1186865082045006,-0.10485611510791368,-0.04897171594101491,1460,459,0.28698630136986303,0.29160456837708765,-0.39825523605767504,-0.08773972602739726,-0.06037809304530467,0.2632739029904344,False,True,0.3452210267951874,False
goals,avg_below_line_0-0.5 & away,1699,514,0.27545615067686874,0.2658768025263925,0.8818670159965404,-0.04093584461447911,-0.07863090531651305,1434,456,0.28312412831241285,0.27879754621532193,0.3750257354096249,-0.0478905160390516,-0.07086019164947166,0.37784872581307605,False,True,0.3538206635302935,False
goals,avg_below_line_0-0.5 & b2b,532,131,0.22180451127819548,0.2678142022359538,-2.5668150176306592,-0.24812030075187969,-0.008890868602918328,510,144,0.28823529411764703,0.27550579416785087,0.6474582275273808,-0.024117647058823532,-0.08221693147145648,0.010263734981814727,True,False,0.741332289308117,False
goals,avg_below_line_0-0.5 & opp_allows_many,833,222,0.2845138055222089,0.28400422892348437,0.0307300361980803,-0.07118847539015606,-0.06732426725962508,431,132,0.2900232018561485,0.2982424068112326,-0.4001867515426064,-0.09791183294663573,-0.05557121782527649,0.9754848370469285,False,False,0.6554905140580178,False
goals,avg_below_line_0-0.5 & opp_allows_few,847,228,0.27036599763872493,0.2621058839477696,0.536463731037179,-0.050472255017709564,-0.07729625040171029,558,170,0.2724014336917563,0.2768593798343947,-0.24416064887631095,-0.0807795698924731,-0.058826227562891346,0.5916380957062033,False,False,0.5964467987466798,False
goals,avg_below_line_0-0.5 & game_total_high,899,157,0.2914349276974416,0.28147104025453973,0.6198844803507627,-0.030978865406006684,-0.0783426778570173,1150,204,0.28,0.2921796374964677,-0.9708079761683294,-0.10978260869565219,-0.05011574348198527,0.5353338440928196,False,False,0.8341780450283298,False
goals,avg_below_line_0-0.5 & game_total_low,1051,160,0.2597526165556613,0.2649796798878547,-0.3969678654165617,-0.0905803996194101,-0.058828257077122005,517,89,0.29593810444874274,0.2735784520475757,1.2072833346427072,0.005029013539651835,-0.09621355536421376,0.6913911574854983,False,False,0.8863384767557096,False
goals,avg_below_line_0-0.5 & books<=3,3367,545,0.27264627264627267,0.27387647723844494,-0.16230176396629964,-0.0726017226017226,-0.06393784684359029,2894,500,0.28507256392536284,0.28525858711241175,-0.023526972616612976,-0.06799412577747065,-0.06557205620991265,0.8710682256542646,False,True,0.4906149616999998,False
goals,avg_above_line_0-0.5 & hitrate_above_mkt,380,258,0.30526315789473685,0.333331017249718,-1.2026849527211305,-0.14381578947368423,-0.025080808141354865,115,103,0.2782608695652174,0.3301462314142666,-1.2334393755824753,-0.2,0.011343536244389232,0.22909825899510816,False,True,0.10870594098890085,False
goals,avg_above_line_0-0.5 & forward,992,456,0.3497983870967742,0.3481829188403228,0.10824813319613036,-0.06436978242071158,-0.06843416131646278,603,344,0.3747927031509121,0.37717436840513363,-0.12116993977972254,-0.06490604475679103,-0.0575765896456566,0.9137988644723144,False,False,0.5482217833838406,False
goals,avg_above_line_0-0.5 & home,503,334,0.35785288270377735,0.3559264950599408,0.08973918798959316,-0.06394062905429489,-0.06976163595696264,291,211,0.37800687285223367,0.3884871536111356,-0.3584931873326989,-0.07713895497400652,-0.0409824816263775,0.92849447404414,False,False,0.6400128673545558,False
goals,avg_above_line_0-0.5 & away,490,328,0.3408163265306122,0.3398287517110115,0.04832847118870461,-0.06671977091231751,-0.06672772477465073,312,233,0.3717948717948718,0.36662302066492025,0.19183600426777073,-0.0534965034965035,-0.07305378654825345,0.9614544643314624,False,True,0.4239353336900456,False
goals,avg_above_line_0-0.5 & game_total_high,367,149,0.3569482288828338,0.35927025638087867,-0.09354386517860931,-0.08368338410395039,-0.06471184920376179,303,163,0.39603960396039606,0.3923000512707496,0.14059355355632014,-0.037255263987937264,-0.06004255178013606,0.925471503071261,False,False,0.5559044794155796,False
goals,avg_above_line_0-0.5 & books<=3,993,457,0.34944612286002014,0.3479829963278407,0.09813394516266878,-0.06531200821887805,-0.06826453980456303,603,344,0.3747927031509121,0.37717436840513363,-0.12116993977972254,-0.06490604475679103,-0.0575765896456566,0.9218259332627092,False,False,0.5482217833838406,False
goals,hot_l5 & hitrate_lo,936,406,0.2638888888888889,0.27480792203816395,-0.786243877467146,-0.12323717948717951,-0.05335164483344607,925,418,0.25513513513513514,0.28457967478021307,-2.031332401772058,-0.15172972972972973,-0.02506865017556507,0.4317246249120691,False,True,0.02111064330454513,False
goals,hot_l5 & forward,1249,475,0.27942353883106485,0.2876132980574387,-0.6200564990813128,-0.09327461969575661,-0.05348104943669447,1091,450,0.2758936755270394,0.29913416948861515,-1.7165743428310374,-0.13400549954170485,-0.033571112826302374,0.5352205904067434,False,True,0.04302848686550161,False
goals,hot_l5 & home,594,371,0.30303030303030304,0.29515502177046754,0.41621787610356165,-0.031902356902356904,-0.07363714576920803,546,330,0.25457875457875456,0.30388261553766754,-2.5996042190863173,-0.21474358974358973,0.0032284604827126353,0.677250580081227,False,False,0.995333433329527,False
goals,hot_l5 & away,674,385,0.2551928783382789,0.2784485142823623,-1.3205063561865449,-0.15259643916913945,-0.034653863978278895,550,346,0.2963636363636364,0.2936983365929802,0.13330755970197336,-0.05354545454545455,-0.07011171375395645,0.18666601527263604,False,False,0.5530249254070818,False
goals,hot_l5 & opp_allows_many,306,168,0.3137254901960784,0.29806471966589315,0.6042450112633299,-0.010620915032679756,-0.0862633886764353,147,92,0.2857142857142857,0.3124677623612171,-0.6885884750396767,-0.1608843537414966,-0.028596417275518808,0.5456807593873054,False,False,0.7544588621370857,False
goals,hot_l5 & opp_allows_few,320,171,0.303125,0.2772516950100056,0.9376403661535964,-0.00078125,-0.10044637844021129,225,123,0.27111111111111114,0.2921775045688365,-0.7321038104983187,-0.13066666666666668,-0.03777847061898699,0.34842925955845916,False,False,0.7679473958916969,False
goals,hot_l5 & game_total_high,386,144,0.2979274611398964,0.2944312698169603,0.1447037211949795,-0.06658031088082901,-0.07084973249790581,475,192,0.2694736842105263,0.31355979493187586,-2.137684518977698,-0.19273684210526318,-0.003683778852393363,0.8849448009965629,False,False,0.9837288215959322,False
goals,hot_l5 & game_total_low,363,140,0.2809917355371901,0.27614511796286806,0.2036840080700519,-0.041597796143250695,-0.06940876038373862,174,77,0.28160919540229884,0.28076057385995856,0.025148653697678106,-0.04770114942528737,-0.06493416483779572,0.838600439933788,False,True,0.48996819619968257,False
goals,hot_l5 & books<=3,1268,475,0.277602523659306,0.2862747488627523,-0.6654164804199343,-0.09605678233438485,-0.05291574835037031,1096,450,0.2755474452554745,0.29877189161469486,-1.717814274322667,-0.13385036496350364,-0.03357545907036035,0.5057841468417493,False,True,0.042915248519578175,False
goals,cold_l5 & hitrate_lo,1113,424,0.25067385444743934,0.2758095383501702,-1.8294552873978063,-0.14815813117699908,-0.031745787776824186,1055,456,0.31469194312796206,0.28723946557874863,1.9889442918805225,0.020379146919431285,-0.10226327133850827,0.06733143169619465,False,False,0.9766463238937789,False
goals,cold_l5 & forward,1412,497,0.2698300283286119,0.2858577882277699,-1.3014827905863229,-0.11689093484419265,-0.043401796744757484,1172,468,0.31313993174061433,0.29743686123563023,1.204432774745085,-0.00988985417313063,-0.08405432306511787,0.1930932513898591,False,False,0.88578882467047,False
goals,cold_l5 & home,716,399,0.24162011173184358,0.29216571694754934,-3.0459099265270506,-0.22597765363128494,0.0032499087945129738,587,358,0.3492333901192504,0.3045904292264716,2.233843780979372,0.06984667802385008,-0.12458429902615241,0.002319773182684312,True,False,0.9872533231411333,False
goals,cold_l5 & away,712,408,0.2949438202247191,0.2778164780240082,0.985971229439554,-0.012851123595505626,-0.08840148323189967,591,362,0.27580372250423013,0.28965162280098167,-0.7522764684042202,-0.09279341639747732,-0.04281683126072703,0.32414723123780775,False,False,0.7740575919941894,False
goals,cold_l5 & opp_allows_many,371,187,0.2560646900269542,0.2957521066146002,-1.6774089886217796,-0.19582210242587603,-0.010969782483774528,183,99,0.30601092896174864,0.30961977920260175,-0.11202239136306612,-0.04754098360655738,-0.05180857877311228,0.09346253287816496,False,True,0.4554028262869966,False
goals,cold_l5 & opp_allows_few,353,180,0.24079320113314448,0.27279503365099644,-1.3821516085661971,-0.17492917847025496,-0.023415829676408994,233,136,0.296137339055794,0.2867823340535001,0.3195798898433071,-0.024678111587982818,-0.07403679901038356,0.1669251549760754,False,False,0.6253565894504215,False
goals,cold_l5 & game_total_high,378,140,0.2724867724867725,0.2965797939270318,-1.0018574325127478,-0.13875661375661374,-0.03152797294138678,487,193,0.3141683778234086,0.30893512653251404,0.2693467674416359,-0.045463879036774325,-0.06828975182547742,0.3164124540931629,False,False,0.6061685768812983,False
goals,cold_l5 & game_total_low,449,153,0.24721603563474387,0.2700666167950796,-1.0226928989160178,-0.15890868596881957,-0.03710381839568436,200,83,0.345,0.28346465118852965,1.9628890065655786,0.14075,-0.14735172517300157,0.30645306993101873,False,False,0.9751704637770432,False
goals,cold_l5 & books<=3,1428,497,0.26820728291316526,0.28501119445906103,-1.373575110140858,-0.11971288515406162,-0.04244742392453871,1178,468,0.31239388794567063,0.297095663014702,1.1767631543117179,-0.011749498379379535,-0.0835617409197293,0.1695736283902075,False,False,0.8803549735965202,False
goals,toi_up & hitrate_lo,315,223,0.25396825396825395,0.27260848662310166,-0.7578318530611714,-0.1334920634920635,-0.04084404578757455,381,236,0.2677165354330709,0.2783267296459766,-0.46712979224360035,-0.09396325459317587,-0.05065647114867234,0.4485516507964912,False,True,0.32020351015468557,False
goals,toi_up & forward,364,241,0.27197802197802196,0.28363085374577657,-0.5040716177868474,-0.11742208460435886,-0.05304362078269272,455,258,0.29010989010989013,0.2961797137831109,-0.2891199458782539,-0.07932067932067931,-0.055600275812652304,0.6142110507708323,False,True,0.38624479524293487,False
goals,toi_up & books<=3,365,242,0.27123287671232876,0.2832503222070354,-0.5211949220323511,-0.11984010629037431,-0.05262432319150725,455,258,0.29010989010989013,0.2961797137831109,-0.2891199458782539,-0.07932067932067931,-0.055600275812652304,0.602230991222604,False,True,0.38624479524293487,False
goals,hitrate_lo & forward,2891,470,0.2687651331719128,0.2773952766905446,-1.0829017072103637,-0.1016949152542373,-0.05472470268190528,2885,500,0.28838821490467936,0.28651330088540794,0.23942027911264863,-0.062435008665511264,-0.06847881458573563,0.27885205404666935,False,False,0.5946101466293351,False
goals,hitrate_lo & home,1453,435,0.26083964211975225,0.2834208217942638,-1.9338476896888945,-0.14002064693737096,-0.03534572175497873,1460,462,0.29041095890410956,0.2925879737668768,-0.1887190696355895,-0.08037671232876711,-0.0634501423167742,0.05313185731230365,False,True,0.4251565023708338,False
goals,hitrate_lo & away,1482,441,0.27530364372469635,0.26930075409828896,0.5223242733272355,-0.05954790823211876,-0.07477500583454734,1440,457,0.28541666666666665,0.27972220721400115,0.4961690679660483,-0.045434027777777775,-0.07318825382643693,0.6014445714267013,False,True,0.30988756631695047,False
goals,hitrate_lo & b2b,469,112,0.21535181236673773,0.2693618329722932,-2.747702527681243,-0.2767590618336887,0.001807764079195546,516,144,0.3003875968992248,0.2769915166823335,1.210658964612024,0.005329457364341082,-0.09766151102563914,0.006001443125849751,True,False,0.8869869322087615,False
goals,hitrate_lo & opp_allows_many,715,190,0.2755244755244755,0.28804347749866754,-0.7393305933790673,-0.1274125874125874,-0.05179268293938811,422,132,0.2938388625592417,0.2984465304171522,-0.22035185288612744,-0.08720379146919433,-0.06019394182087726,0.45970627650962037,False,True,0.41279856982098073,False
goals,hitrate_lo & opp_allows_few,728,192,0.2651098901098901,0.2646202453522101,0.030241281029665782,-0.07245879120879122,-0.0661984226121351,565,170,0.2743362831858407,0.27833779097427497,-0.2198442557731147,-0.07747787610619468,-0.059069624079011396,0.9758746260736875,False,False,0.5870037742220793,False
goals,hitrate_lo & game_total_high,842,144,0.2862232779097387,0.28597821334112516,0.016423609917738058,-0.07404988123515441,-0.0673074349893321,1156,204,0.2880622837370242,0.29442530795333655,-0.5075874591447329,-0.09329584775086505,-0.05816067840408362,0.9868964442978209,False,False,0.6941286563416258,False
goals,hitrate_lo & game_total_low,956,143,0.2583682008368201,0.26528544892044464,-0.5068560345038335,-0.10564853556485355,-0.057820781090522196,522,89,0.29310344827586204,0.2741152420304063,1.0333678559209194,-0.007854406130268209,-0.09209667670945175,0.6122558361240226,False,False,0.8492841083962079,False
goals,hitrate_lo & books<=3,2935,470,0.26814310051107326,0.2762910295198397,-1.0339608691914979,-0.09938671209540036,-0.05525515923570128,2900,500,0.28793103448275864,0.28619945520269024,0.22130988839830568,-0.06302586206896552,-0.06828561837674466,0.3011544570109276,False,False,0.5875744244797805,False
goals,hitrate_above_mkt & forward,515,300,0.2912621359223301,0.3141653824111786,-1.1640462326347514,-0.13854368932038832,-0.033918769345256776,174,149,0.28160919540229884,0.3053179306061905,-0.6866024455794543,-0.1206896551724138,-0.02854438202400523,0.2444052762805734,False,True,0.24616664347377937,False
goals,hitrate_above_mkt & away,305,227,0.26885245901639343,0.3056778304530818,-1.4458394251208002,-0.17180327868852457,-0.013045973111767284,105,95,0.2857142857142857,0.3043736950008388,-0.4211236956089017,-0.0961904761904762,-0.033340322509036895,0.14822224524445837,False,True,0.33683237971301966,False
goals,hitrate_above_mkt & books<=3,527,305,0.2884250474383302,0.3113786658749147,-1.192462389223468,-0.13785578747628086,-0.03386459827568181,177,151,0.288135593220339,0.3037830161253763,-0.45248130134043973,-0.08700564971751414,-0.03833279260089676,0.2330799896947977,False,True,0.3254611444194181,False
goals,hitrate_below_mkt & forward,391,269,0.28388746803069054,0.28225176458816176,0.07402726847649096,-0.04258312020460358,-0.06506403911314822,115,105,0.30434782608695654,0.31605999773329,-0.2738710243890801,-0.09173913043478261,-0.048604421311672745,0.9409886876771512,False,False,0.6079081301425082,False
goals,hitrate_below_mkt & books<=3,396,270,0.28535353535353536,0.2810239322261154,0.19626278401435074,-0.0268939393939394,-0.06802112183051781,115,105,0.30434782608695654,0.31605999773329,-0.2738710243890801,-0.09173913043478261,-0.048604421311672745,0.8444044889221647,False,False,0.6079081301425082,False
goals,forward & home,2648,588,0.28700906344410876,0.2961610476472818,-1.0776070174144203,-0.10114478870225618,-0.0544377659987702,1746,464,0.30126002290950743,0.30789516458661026,-0.6055164436910834,-0.09043381208329662,-0.05587962006959926,0.2812091692308023,False,True,0.2724179510606447,False
goals,forward & away,2650,592,0.2856603773584906,0.2805820312005722,0.581121501606987,-0.05129912745171154,-0.07211959332204007,1741,463,0.30040206777713957,0.29482686583978956,0.5288970057901784,-0.04426531251631769,-0.07258742025232617,0.5611585681787701,False,True,0.29843844959343774,False
goals,forward & b2b,761,143,0.2457293035479632,0.28379576910940935,-2.5822076668017075,-0.2188967605553334,-0.01895598674253595,617,145,0.3079416531604538,0.29052582177929925,0.9496686672632534,-0.013533225283630478,-0.08845670966616183,0.009817049275107717,True,False,0.8288596823609901,False
goals,forward & opp_allows_many,1131,225,0.3032714412024757,0.302772690233457,0.03703765003295953,-0.0731819449787389,-0.06868190361528803,522,132,0.30842911877394635,0.31459226568624615,-0.3022796083211668,-0.082088122605364,-0.05426722482063146,0.9704549859382593,False,False,0.6187805390530164,False
goals,forward & opp_allows_few,1148,232,0.2926829268292683,0.27853910304471674,1.0657211052522886,-0.03286623238903197,-0.0848843542061957,681,170,0.28928046989721,0.2928560392837459,-0.20042752110051387,-0.07673387552242178,-0.059945464896440585,0.286549734152553,False,False,0.5794268812898355,False
goals,forward & game_total_high,1411,169,0.30474840538625086,0.3030751375015709,0.13736497185070082,-0.06708844930272842,-0.06919685098581822,1444,204,0.3047091412742382,0.3134825655510897,-0.754594786948933,-0.09472877076755193,-0.05231885086238762,0.8907423169593621,False,False,0.7747539237337875,False
goals,forward & game_total_low,1507,181,0.26741871267418715,0.2748471466575318,-0.692249743530525,-0.09620106171201064,-0.05551377297491089,602,89,0.3089700996677741,0.285266481029642,1.4160655326119385,0.0051495016611295555,-0.09893717243590491,0.48878050489902025,False,False,0.9216218407814233,False
goals,forward & early_gp<5,880,123,0.26590909090909093,0.2739608313895729,-0.6282783487373306,-0.09746507280598189,-0.056645406064922535,3,3,0.0,0.3025012217335288,-1.7305284249367532,-1.0,0.3422619047619048,0.5298216125803115,False,True,0.04176795360038686,False
goals,forward & books<=3,5298,619,0.28633446583616456,0.2883685988772213,-0.3494118715805591,-0.07621254968490185,-0.06328201711365602,3487,501,0.30083166045311155,0.3013703845125595,-0.07331000740939482,-0.06738266274400488,-0.06422154152590197,0.7267801220785364,False,True,0.47077971418447845,False
goals,home & opp_allows_many,601,129,0.30782029950083195,0.30844867118533925,-0.03399263427919454,-0.08816696337495006,-0.06959761490971561,242,65,0.3347107438016529,0.3265221188209562,0.2657215478189689,-0.03243801652892561,-0.07030363833174252,0.9728830243020418,False,False,0.6047731664783308,False
goals,home & opp_allows_few,587,132,0.30664395229982966,0.28517838546153046,1.11617495220045,-0.012147248351973925,-0.09512988676302148,351,94,0.2792022792022792,0.30100297750028177,-0.8524357047173386,-0.12601358755204908,-0.033712170497673784,0.26434725393347347,False,False,0.8030138448854391,False
goals,home & game_total_high,714,159,0.3081232492997199,0.3103012157619343,-0.12937448998825518,-0.08191940909332213,-0.0654018955459276,731,192,0.31053351573187415,0.32336473484712547,-0.7234039522858,-0.10410045950401628,-0.0448386444121093,0.8970613320627384,False,True,0.23471587188306947,False
goals,home & game_total_low,747,169,0.2744310575635877,0.28340221673102406,-0.5694457700021295,-0.10468540829986611,-0.05438428058515049,300,82,0.3433333333333333,0.2903166602842732,2.113560395401059,0.09733333333333331,-0.13843014114097932,0.5690536631908191,False,False,0.9827235842491854,False
goals,home & early_gp<5,468,103,0.26495726495726496,0.2753753508392412,-0.5444852807231347,-0.11083176083176084,-0.056521215559644164,1,1,0.0,0.31147540983606553,-1.0,-1.0,0.3571428571428572,0.5861075746501803,False,True,0.15865525393145707,False
goals,home & books<=3,2696,588,0.2852373887240356,0.29416926703608937,-1.060835510475109,-0.09672900611408546,-0.054477090952897135,1753,464,0.3017683970336566,0.3075889520864662,-0.5318798038659047,-0.08702078488159491,-0.05685725906576031,0.2887646611199396,False,True,0.2974046229746417,False
goals,away & b2b,466,102,0.24034334763948498,0.2762419779599774,-1.9940869776952053,-0.2188421347266281,-0.02196707962138789,422,110,0.2962085308056872,0.2883825448535124,0.3537478179202713,-0.03554502369668247,-0.07457904709137479,0.04614255011027149,False,False,0.6382360584176865,False
goals,away & opp_allows_many,547,123,0.29250457038391225,0.29333601588254815,-0.04278427260734641,-0.07089659009617677,-0.06449507511965295,281,72,0.2846975088967972,0.3037852138732535,-0.7130776164150482,-0.12811387900355872,-0.03981854405725245,0.9658735011506964,False,True,0.23789886477849465,False
goals,away & opp_allows_few,580,131,0.2775862068965517,0.2689108639630987,0.5027627923816169,-0.04362068965517242,-0.07661058517362683,334,91,0.2994011976047904,0.28354246910187947,0.6645480577551988,-0.024775449101796403,-0.08795882337296662,0.6151310561616659,False,True,0.2531698006042966,False
goals,away & game_total_high,723,162,0.30013831258644535,0.29240630547333124,0.4772993005034547,-0.04131582831745199,-0.07539531921515628,722,190,0.29778393351800553,0.30262309900654594,-0.2978201764986408,-0.08509821203727022,-0.05962458328034957,0.6331490089993538,False,False,0.6170797928330262,False
goals,away & game_total_low,772,173,0.25906735751295334,0.2647164460885177,-0.3613803952607035,-0.08066709844559586,-0.056721653620653255,302,82,0.27483443708609273,0.28024974667073693,-0.23958230265951783,-0.08642384105960267,-0.05970574656993695,0.7178151014880773,False,True,0.40532704284237764,False
goals,away & books<=3,2694,592,0.285449146250928,0.2788086093148605,0.7696874984199975,-0.04309305410060712,-0.07387155483213664,1749,463,0.2990280160091481,0.2944897912070439,0.43277551694760436,-0.04863688341389885,-0.0713188412642965,0.4414852876459433,False,True,0.3325889307900275,False
goals,b2b & books<=3,775,143,0.24387096774193548,0.28161957714255037,-2.6119207588596103,-0.2197166900420757,-0.01935948929247503,619,145,0.308562197092084,0.29025917938259715,0.9871505561613685,-0.009450726978998375,-0.0894926844623646,0.009003512013063385,True,False,0.8382155817081047,False
goals,opp_allows_many & books<=3,1148,225,0.30052264808362367,0.30124778054890483,-0.05515504163557111,-0.07993796147295616,-0.06716635248361431,523,132,0.3078393881453155,0.31430592323720014,-0.3170949450579945,-0.0838432122370937,-0.05392445766036257,0.9560149459570623,False,True,0.3755857801916891,False
goals,opp_allows_few & books<=3,1167,232,0.29220222793487577,0.2770934133372028,1.1571126515607932,-0.0277895756491934,-0.08592577800393929,685,170,0.28905109489051095,0.2924893865439805,-0.19512009156076196,-0.07665075800112296,-0.060162363286502714,0.2472263383963198,False,False,0.5773505329630957,False
goals,game_total_high & books<=3,1437,169,0.30410577592205984,0.30129772227643675,0.23695122333515548,-0.06149046761736243,-0.07042990202668774,1453,204,0.3041982105987612,0.31305815461526143,-0.7614820745611245,-0.09465818650264624,-0.05218582119316193,0.8126946308328385,False,False,0.7768154092186951,False
goals,game_total_low & books<=3,1519,181,0.2666227781435155,0.27390556437025054,-0.6815376462121272,-0.09247860434496381,-0.055572201574885925,602,89,0.3089700996677741,0.285266481029642,1.4160655326119385,0.0051495016611295555,-0.09893717243590491,0.495531354348532,False,False,0.9216218407814233,False
goals,early_gp<5 & books<=3,916,123,0.2652838427947598,0.269272203695259,-0.3142216484331553,-0.06699701317605249,-0.06075510079405887,3,3,0.0,0.3025012217335288,-1.7305284249367532,-1.0,0.3422619047619048,0.7533527016962851,False,True,0.04176795360038686,False
goals_oneway,line=1.5,19699,618,0.017615107365856135,0.035718274540259595,-15.961007701989393,-0.6457561297527793,,15775,518,0.01774960380348653,0.03776092461050894,-14.72424842764129,-0.6286877971473851,,2.3884371110706243e-57,True,True,2.252248385806262e-49,True
goals_oneway,line=2.5,18057,619,0.0016060253641247161,0.009375244860961337,-18.00281070495894,-0.8908456554244891,,14857,520,0.002826950259137107,0.009708042384684822,-12.640805523225817,-0.7730362791949923,,1.8517827008125404e-72,True,True,6.287945939639431e-37,True
goals_oneway,ref_0.00-0.20,37751,619,0.00990702233053429,0.023095433570423655,-17.98591830691995,-0.7631970014039363,,30617,520,0.01048437142763824,0.024059671924369055,-15.381060386715609,-0.6987115001469771,,2.5119260626009263e-72,True,True,1.0966301616450905e-53,True
goals_oneway,avg_below_line_0.5+,31897,549,0.010251747813273976,0.023459562364796873,-16.464152656698968,-0.7543217230460545,,30499,520,0.010492147283517493,0.024190165921651383,-15.54660325024474,-0.7059756057575658,,6.63857167249402e-61,True,True,8.388549573713087e-55,True
goals_oneway,hot_l5,8622,517,0.009626536766411505,0.024009933157793737,-10.932754483340617,-0.7419392252377639,,9466,518,0.009718994295372914,0.024367855816946924,-11.188037390633598,-0.6920769068244242,,8.037108693498989e-28,True,True,2.3332410978855548e-29,True
goals_oneway,cold_l5,11437,525,0.01014251989157996,0.022556292227513545,-11.314858017157016,-0.747241409460523,,14088,519,0.008375922771152754,0.021050671058608462,-12.600105310860165,-0.7573005394662125,,1.1078150828047493e-29,True,True,1.054313920908609e-36,True
goals_oneway,toi_up,3041,455,0.009865175928970734,0.021549461392050117,-5.791145825540653,-0.665965143045051,,4650,508,0.01096774193548387,0.022141168626354672,-6.0236370723940125,-0.6236129032258065,,6.99078462105368e-09,True,True,8.527027382478178e-10,True
goals_oneway,toi_down,2201,423,0.008632439800090867,0.02264292358301523,-6.321321728561882,-0.8596092685143116,,4170,508,0.006474820143884892,0.021273171614982378,-10.282993520608647,-0.8547961630695443,,2.593354440966104e-10,True,True,4.203746506454571e-25,True
goals_oneway,hitrate_lo,26057,473,0.010170011896995049,0.023893496158666254,-15.361921169735092,-0.7551905438078059,,30272,520,0.01050475687103594,0.024238138230945422,-15.50967823404043,-0.7048774445031712,,2.947101823628473e-53,True,True,1.4918515529036332e-54,True
goals_oneway,defense,11458,618,0.0020946063885494853,0.010338449385585095,-14.846944105272483,-0.8879385582126026,,9464,518,0.0029585798816568047,0.010820457280434456,-11.089254512722288,-0.8462595097210481,,7.281292503744367e-50,True,True,7.073085808939904e-29,True
goals_oneway,forward,26298,619,0.013385048292645828,0.028688308371850282,-16.280001345896242,-0.7085234618602175,,21168,520,0.013888888888888888,0.030116504333806183,-14.130423914801508,-0.6327262849584278,,1.3686593531552734e-59,True,True,1.2332751666719459e-45,True
goals_oneway,home,18983,618,0.010166991518727282,0.024060603548522685,-14.698033012313813,-0.7808328504451351,,15371,520,0.010864615184438228,0.025047063058330977,-12.512123854749957,-0.6848285732873594,,6.635942819431548e-49,True,True,3.204372805076439e-36,True
goals_oneway,away,18773,618,0.009748042401321046,0.02216804183994815,-13.7411749546648,-0.7449102434347201,,15261,520,0.010156608348076798,0.023256180143531587,-12.605125483619325,-0.7126695498329073,,5.7534437265505605e-43,True,True,9.89287252950073e-37,True
goals_oneway,b2b,5509,150,0.007623888182973317,0.023017053646452054,-8.507071413198304,-0.8435741513886368,,5256,160,0.01293759512937595,0.02332185314712368,-5.501911543664089,-0.6453576864535768,,1.783816709936548e-17,True,True,1.878477234102549e-08,True
goals_oneway,opp_allows_many,8129,238,0.009718292532906877,0.02508596488001631,-10.230120385697479,-0.7736991019805634,,4326,143,0.012944983818770227,0.025874678101722632,-6.291389885404635,-0.6484049930651873,,1.4533859569948341e-24,True,True,1.5731798451945532e-10,True
goals_oneway,opp_allows_few,8256,241,0.011143410852713179,0.021609769346769173,-7.554843867301823,-0.7063953488372093,,6186,195,0.008406078241189783,0.0229696244752854,-8.597927477453274,-0.7691561590688651,,4.193626069936926e-14,True,True,4.058428131061928e-18,True
goals_oneway,game_total_high,10228,167,0.009874853343762221,0.024707490250794394,-10.203224522107517,-0.8046098944075087,,12541,210,0.011881030220875529,0.02556847579527666,-9.983270993456037,-0.6730802966270633,,1.9179685345734276e-24,True,True,9.020949028952852e-24,True
goals_oneway,game_total_low,11414,185,0.010513404590853337,0.021661682061405528,-8.940219528930143,-0.7243385316278255,,5314,91,0.009032743695897629,0.02190057742702608,-6.5608169838353465,-0.7608204742190441,,3.883980168497627e-19,True,True,2.6756883942196067e-11,True
goals_oneway,early_gp<5,5854,412,0.008370345063204646,0.021203775062442972,-7.944595561648692,-0.8098992142125042,,132,60,0.015151515151515152,0.015930628265751753,-0.051271532428039675,0.9848484848484849,,1.948253847350087e-15,True,True,0.47955457604532414,False
goals_oneway,books<=3,37756,619,0.009958682063777943,0.023119585936618094,-17.93122009179851,-0.7629714482466363,,30632,520,0.010511882998171846,0.024154837145470124,-15.445389349595562,-0.6986990728649778,,6.728678041176732e-72,True,True,4.0518400157484075e-54,True
goals_oneway,line=1.5 & ref_0.00-0.20,19694,618,0.017518025794658273,0.03567517600602643,-16.016515344020224,-0.6461587285467656,,15760,518,0.017703045685279188,0.03758899680197621,-14.638151678890413,-0.628645304568528,,9.799004904260027e-58,True,True,8.018439557044813e-49,True
goals_oneway,line=1.5 & avg_below_line_0.5+,16628,548,0.018101996632186673,0.03627312394433772,-14.632856488568528,-0.6386576858311283,,15709,518,0.017760519447450506,0.03781198020188732,-14.740208156130384,-0.6310108854796613,,1.7335341805685494e-48,True,True,1.7784337757733315e-49,True
goals_oneway,line=1.5 & hot_l5,4430,516,0.016930022573363433,0.03770357613288696,-9.665441507698173,-0.6406320541760723,,4818,516,0.01639684516396845,0.03857095458986063,-10.663958715037246,-0.6293482772934827,,4.227928912106491e-22,True,True,7.503528818297858e-27,True
goals_oneway,line=1.5 & cold_l5,5880,524,0.018537414965986394,0.03525556050201718,-9.06268457177036,-0.5927210884353741,,7335,518,0.014178595773687798,0.03250304993352043,-11.74853471901183,-0.6966394001363327,,1.2727867797270584e-19,True,True,3.592699065831835e-32,True
goals_oneway,line=1.5 & toi_up,1601,448,0.016864459712679577,0.03298727242205995,-4.897445234307417,-0.5485321673953779,,2409,504,0.017434620174346202,0.03442333007528385,-6.075706599935223,-0.6288086342880863,,9.709068139952077e-07,True,True,6.172146682937346e-10,True
goals_oneway,line=1.5 & toi_down,1145,410,0.014847161572052401,0.034988000588904625,-5.622836115271211,-0.7956331877729258,,2166,504,0.012003693444136657,0.033033162404128964,-8.47062015532594,-0.7439981532779316,,1.8784759395026075e-08,True,True,1.2204499191654532e-17,True
goals_oneway,line=1.5 & hitrate_lo,13575,472,0.017826887661141804,0.03697472127886439,-13.882017919804978,-0.6531123388581952,,15593,518,0.017764381453216186,0.03788644957790945,-14.714802859482452,-0.6304142884627717,,8.141904909304847e-44,True,True,2.5898480204978753e-49,True
goals_oneway,line=1.5 & defense,6545,616,0.0035141329258976317,0.014510393884626627,-12.908575090090528,-0.8345301757066463,,5211,516,0.004797543657647284,0.015655268685284263,-10.025823646934798,-0.7981193628862022,,4.026836719523785e-38,True,True,5.868841182708226e-24,True
goals_oneway,line=1.5 & forward,13154,618,0.02463129086209518,0.04627062203084176,-14.105173536984033,-0.5518283411889919,,10564,518,0.024138583869746308,0.04866518180724747,-13.294388029916064,-0.5451107535024612,,3.529200424951791e-45,True,True,1.2475311621231254e-40,True
goals_oneway,line=1.5 & home,9819,616,0.017720745493431105,0.037470147050364784,-13.075076133080366,-0.6761941134535085,,7887,517,0.018384683656650185,0.03931632378016967,-11.873001264177713,-0.6274248763788512,,4.571060632552805e-39,True,True,8.174755569281849e-33,True
goals_oneway,line=1.5 & away,9880,618,0.01751012145748988,0.03397721824706903,-11.28417243199444,-0.6155060728744939,,7888,518,0.017114604462474644,0.036205722626341315,-11.716283751055666,-0.6299505578093306,,1.5711323666529195e-29,True,True,5.259287813299699e-32,True
goals_oneway,line=1.5 & b2b,2867,150,0.01430066271363795,0.03560848176939157,-7.457720200080722,-0.7137251482385769,,2733,160,0.021953896816684963,0.03617927744747757,-4.724157606270791,-0.5448225393340651,,8.803236329294895e-14,True,True,1.1553558347816885e-06,True
goals_oneway,line=1.5 & opp_allows_many,4209,238,0.01805654549774293,0.03909021352376004,-8.714695444947433,-0.6563079116179615,,2200,142,0.022272727272727274,0.04090714478442626,-5.700909051210331,-0.555,,2.915413412069228e-18,True,True,5.958510370851528e-09,True
goals_oneway,line=1.5 & opp_allows_few,4325,240,0.018959537572254336,0.03315960131372757,-6.638312255444217,-0.5863583815028902,,3206,194,0.014660012476606364,0.0356808534638853,-7.732688785838305,-0.6593886462882096,,3.172951491550952e-11,True,True,5.264924880530709e-15,True
goals_oneway,line=1.5 & game_total_high,5293,167,0.018326091063668996,0.0384842060999763,-8.97049898529398,-0.6532306820328736,,6411,209,0.02043362969895492,0.04024868326658035,-9.354211220712903,-0.5836998908126657,,2.951741615322556e-19,True,True,4.211290231757313e-21,True
goals_oneway,line=1.5 & game_total_low,5981,185,0.01855876943654907,0.03328105597351081,-7.540780842176225,-0.579936465474001,,2765,91,0.015913200723327307,0.03384760261826823,-5.774588510542746,-0.6528028933092225,,4.6716565332156424e-14,True,True,3.857068568784381e-09,True
goals_oneway,line=1.5 & early_gp<5,3066,400,0.015003261578604044,0.032608694900404564,-6.887389201240349,-0.683675799086758,,65,58,0.015384615384615385,0.025506625766375503,-0.6460825940972805,-0.06153846153846154,,5.682559989140756e-12,True,True,0.259112933575678,False
goals_oneway,line=1.5 & books<=3,19699,618,0.017615107365856135,0.035718274540259595,-15.961007701989393,-0.6457561297527793,,15775,518,0.01774960380348653,0.03776092461050894,-14.72424842764129,-0.6286877971473851,,2.3884371110706243e-57,True,True,2.252248385806262e-49,True
goals_oneway,line=2.5 & ref_0.00-0.20,18057,619,0.0016060253641247161,0.009375244860961337,-18.00281070495894,-0.8908456554244891,,14857,520,0.002826950259137107,0.009708042384684822,-12.640805523225817,-0.7730362791949923,,1.8517827008125404e-72,True,True,6.287945939639431e-37,True
goals_oneway,line=2.5 & avg_below_line_0.5+,15269,549,0.00170279651581636,0.009505544292584848,-16.575637097387716,-0.8802803065033729,,14790,520,0.0027721433400946585,0.009721938705408897,-12.970613247143959,-0.7855983772819473,,1.0454899674530592e-61,True,True,8.979387301219858e-39,True
goals_oneway,line=2.5 & hot_l5,4192,516,0.0019083969465648854,0.009538836216080239,-10.092530379053574,-0.8489980916030534,,4648,516,0.0027969018932874354,0.00964528053986039,-8.223638134171273,-0.7570998278829604,,5.9612675367304045e-24,True,True,9.871057600578684e-17,True
goals_oneway,line=2.5 & cold_l5,5557,523,0.00125967248515386,0.009118880412850706,-13.154767557770914,-0.9107432067662408,,6753,517,0.002073152672886125,0.008611281298875116,-9.9460223893737,-0.823189693469569,,1.5977409599182435e-39,True,True,1.3123244428665846e-23,True
goals_oneway,line=2.5 & toi_up,1440,436,0.0020833333333333333,0.00883283954549058,-5.399313398103343,-0.7965277777777777,,2241,497,0.004016064257028112,0.00893825611833576,-3.670174051434733,-0.6180276662204373,,6.689642399354186e-08,True,True,0.00012119268477566784,True
goals_oneway,line=2.5 & toi_down,1056,409,0.001893939393939394,0.00925739974613706,-5.230136299618231,-0.9289772727272727,,2004,493,0.000499001996007984,0.008562522887791012,-12.52834588367043,-0.9745508982035929,,1.693851078700262e-07,True,True,2.6120441878296244e-36,True
goals_oneway,line=2.5 & hitrate_lo,12482,473,0.0018426534209261337,0.00966679923456035,-14.846962906234232,-0.8662073385675373,,14679,520,0.002793105797397643,0.009740003560108845,-12.902347170745163,-0.7839771101573677,,7.279251173153309e-50,True,True,2.182967253826371e-38,True
goals_oneway,line=2.5 & defense,4913,614,0.0002035416242621616,0.004780668651567827,-16.3432163340437,-0.9590881335233055,,4253,517,0.0007053844345168116,0.004896591249239457,-9.41272402972515,-0.9052433576299083,,4.8619118910193017e-60,True,True,2.417211196709277e-21,True
goals_oneway,line=2.5 & forward,13144,619,0.002130249543517955,0.011092618028699491,-16.668171473881294,-0.8653377967133292,,10604,520,0.0036778574122972463,0.011637795466451058,-11.63643204781087,-0.7200113164843456,,2.2332228090728742e-62,True,True,1.3451822968716942e-31,True
goals_oneway,line=2.5 & home,9164,618,0.002073330423395897,0.009692608388703006,-13.55319090159304,-0.8929506765604539,,7484,520,0.002939604489577766,0.010009428195538109,-9.893845790382365,-0.7453233564938535,,7.585942980633274e-42,True,True,2.2134365628805488e-23,True
goals_oneway,line=2.5 & away,8893,616,0.0011244799280332846,0.009048210185573429,-16.375698668318307,-0.8886764871247048,,7373,518,0.002712600027126,0.009402119231500776,-10.007743241626157,-0.8011664180116642,,2.852133798792397e-60,True,True,7.046530792916868e-24,True
goals_oneway,line=2.5 & b2b,2642,150,0.0003785011355034065,0.009353304809030549,-10.141238200276923,-0.9844814534443603,,2523,160,0.0031708283789139914,0.00939425084317315,-5.082076392077017,-0.7542608006341657,,3.624756129069757e-24,True,True,1.866656007941306e-07,True
goals_oneway,line=2.5 & opp_allows_many,3920,238,0.0007653061224489796,0.010049260150037388,-11.797933525557044,-0.8997448979591837,,2126,143,0.003292568203198495,0.010318974102687832,-5.282288166834894,-0.7450611476952023,,4.00014183651829e-32,True,True,6.379015645485521e-08,True
goals_oneway,line=2.5 & opp_allows_few,3931,241,0.0025438819638768763,0.008902309856284546,-7.109317588666986,-0.8384634952938184,,2980,194,0.0016778523489932886,0.009294389529831944,-8.07416731897881,-0.887248322147651,,1.1661811803330968e-12,True,True,3.3969331494977633e-16,True
goals_oneway,line=2.5 & game_total_high,4935,167,0.0008105369807497467,0.009931369280233134,-11.078524629419986,-0.9669706180344478,,6130,210,0.002936378466557912,0.010215325697637521,-8.431506761145119,-0.766557911908646,,1.5947877992098652e-28,True,True,1.7062128702601017e-17,True
goals_oneway,line=2.5 & game_total_low,5433,185,0.0016565433462175593,0.008870319026562582,-9.524919993627803,-0.883305724277563,,2549,91,0.001569242840329541,0.008941171913575876,-6.659209484498202,-0.8779913691643781,,1.6516909970187067e-21,True,True,1.3765215222195172e-11,True
goals_oneway,line=2.5 & early_gp<5,2788,397,0.0010760401721664275,0.008661635814526824,-7.907606595273312,-0.9487087517934003,,67,58,0.014925373134328358,0.006640481436788426,0.5565971025139638,2.0,,2.623844410268077e-15,True,False,0.7110986330551826,False
goals_oneway,line=2.5 & books<=3,18057,619,0.0016060253641247161,0.009375244860961337,-18.00281070495894,-0.8908456554244891,,14857,520,0.002826950259137107,0.009708042384684822,-12.640805523225817,-0.7730362791949923,,1.8517827008125404e-72,True,True,6.287945939639431e-37,True
goals_oneway,ref_0.00-0.20 & avg_below_line_0.5+,31892,549,0.010190643421547723,0.02343102617722427,-16.523070296744933,-0.7545873573309921,,30484,520,0.010464505970345098,0.024094602883900147,-15.482468001035246,-0.7059916677601364,,2.5032397826896186e-61,True,True,2.2782585933577138e-54,True
goals_oneway,ref_0.00-0.20 & hot_l5,8621,517,0.00962765340447744,0.0239895190449481,-10.923506016765486,-0.7419092912655144,,9464,518,0.009721048182586645,0.0243279606200702,-11.180898802143139,-0.6920118343195266,,8.899281436804115e-28,True,True,2.5287575250679526e-29,True
goals_oneway,ref_0.00-0.20 & cold_l5,11437,525,0.01014251989157996,0.022556292227513545,-11.314858017157016,-0.747241409460523,,14080,519,0.008309659090909092,0.02094138032909868,-12.559163324733126,-0.757510653409091,,1.1078150828047493e-29,True,True,1.770284367391034e-36,True
goals_oneway,ref_0.00-0.20 & toi_up,3039,455,0.009542612701546561,0.021428557346967733,-5.921185175660986,-0.6673905890095426,,4649,508,0.01097010109701011,0.02210291118790046,-6.009072183487128,-0.6235319423531943,,3.196297085323937e-09,True,True,9.329402105548694e-10,True
goals_oneway,ref_0.00-0.20 & toi_down,2201,423,0.008632439800090867,0.02264292358301523,-6.321321728561882,-0.8596092685143116,,4169,508,0.0064763732309906456,0.02122249160348804,-10.265876687797412,-0.8547613336531542,,2.593354440966104e-10,True,True,5.02023999487132e-25,True
goals_oneway,ref_0.00-0.20 & hitrate_lo,26052,473,0.010095194226930754,0.023858646380334605,-15.42799392915128,-0.7555158912943343,,30257,520,0.010476914433023763,0.02414188202384725,-15.445383982694882,-0.704893082592458,,1.061176877638659e-53,True,True,4.0521772987829865e-54,True
goals_oneway,ref_0.00-0.20 & defense,11458,618,0.0020946063885494853,0.010338449385585095,-14.846944105272483,-0.8879385582126026,,9464,518,0.0029585798816568047,0.010820457280434456,-11.089254512722288,-0.8462595097210481,,7.281292503744367e-50,True,True,7.073085808939904e-29,True
goals_oneway,ref_0.00-0.20 & forward,26293,619,0.01331152778306013,0.028654689828358473,-16.349202902300206,-0.7088369528011258,,21153,520,0.013851463149435068,0.029982989060954746,-14.05762687678281,-0.6326974897177705,,4.407071939565211e-60,True,True,3.458348069348366e-45,True
goals_oneway,ref_0.00-0.20 & home,18979,618,0.010116444491279835,0.024022080365441633,-14.787289574722093,-0.7810343010696033,,15358,520,0.010808699049355384,0.024882133184159373,-12.455720494724273,-0.6848808438598776,,1.7693666133862145e-49,True,True,6.508528664863873e-36,True
goals_oneway,ref_0.00-0.20 & away,18772,618,0.009695290858725761,0.0221585685841331,-13.765251441385319,-0.7451630087364159,,15259,520,0.010157939576643292,0.02323187455705405,-12.600909061880001,-0.7126318893767613,,4.124467663327905e-43,True,True,1.0436243065445477e-36,True
goals_oneway,ref_0.00-0.20 & b2b,5509,150,0.007623888182973317,0.023017053646452054,-8.507071413198304,-0.8435741513886368,,5255,160,0.012940057088487155,0.02328823218673303,-5.492849398526529,-0.645290199809705,,1.783816709936548e-17,True,True,1.9775002232424505e-08,True
goals_oneway,ref_0.00-0.20 & opp_allows_many,8128,238,0.009719488188976378,0.025063942775221396,-10.23510095038807,-0.7736712598425196,,4322,143,0.012956964368347987,0.025696809725881096,-6.2393855312354285,-0.6480795927811198,,1.3805113100177252e-24,True,True,2.1964654030269227e-10,True
goals_oneway,ref_0.00-0.20 & opp_allows_few,8255,241,0.011144760751059964,0.021588159385454424,-7.549936874721108,-0.7063597819503331,,6184,195,0.008408796895213453,0.022903397552016883,-8.555674118383795,-0.7690815006468306,,4.354692559389069e-14,True,True,5.8590953330860325e-18,True
goals_oneway,ref_0.00-0.20 & game_total_high,10225,167,0.009877750611246943,0.024654631035372375,-10.209400734692151,-0.8045525672371637,,12526,210,0.01181542391825004,0.0253375585835008,-9.882415502869724,-0.6730799936132844,,1.799729138571621e-24,True,True,2.4811047649658942e-23,True
goals_oneway,ref_0.00-0.20 & game_total_low,11414,185,0.010513404590853337,0.021661682061405528,-8.940219528930143,-0.7243385316278255,,5314,91,0.009032743695897629,0.02190057742702608,-6.5608169838353465,-0.7608204742190441,,3.883980168497627e-19,True,True,2.6756883942196067e-11,True
goals_oneway,ref_0.00-0.20 & early_gp<5,5854,412,0.008370345063204646,0.021203775062442972,-7.944595561648692,-0.8098992142125042,,132,60,0.015151515151515152,0.015930628265751753,-0.051271532428039675,0.9848484848484849,,1.948253847350087e-15,True,True,0.47955457604532414,False
goals_oneway,ref_0.00-0.20 & books<=3,37751,619,0.00990702233053429,0.023095433570423655,-17.98591830691995,-0.7631970014039363,,30617,520,0.01048437142763824,0.024059671924369055,-15.381060386715609,-0.6987115001469771,,2.5119260626009263e-72,True,True,1.0966301616450905e-53,True
goals_oneway,avg_below_line_0.5+ & hot_l5,8622,517,0.009626536766411505,0.024009933157793737,-10.932754483340617,-0.7419392252377639,,9466,518,0.009718994295372914,0.024367855816946924,-11.188037390633598,-0.6920769068244242,,8.037108693498989e-28,True,True,2.3332410978855548e-29,True
goals_oneway,avg_below_line_0.5+ & cold_l5,11437,525,0.01014251989157996,0.022556292227513545,-11.314858017157016,-0.747241409460523,,14088,519,0.008375922771152754,0.021050671058608462,-12.600105310860165,-0.7573005394662125,,1.1078150828047493e-29,True,True,1.054313920908609e-36,True
goals_oneway,avg_below_line_0.5+ & toi_up,3041,455,0.009865175928970734,0.021549461392050117,-5.791145825540653,-0.665965143045051,,4650,508,0.01096774193548387,0.022141168626354672,-6.0236370723940125,-0.6236129032258065,,6.99078462105368e-09,True,True,8.527027382478178e-10,True
goals_oneway,avg_below_line_0.5+ & toi_down,2201,423,0.008632439800090867,0.02264292358301523,-6.321321728561882,-0.8596092685143116,,4170,508,0.006474820143884892,0.021273171614982378,-10.282993520608647,-0.8547961630695443,,2.593354440966104e-10,True,True,4.203746506454571e-25,True
goals_oneway,avg_below_line_0.5+ & hitrate_lo,26057,473,0.010170011896995049,0.023893496158666254,-15.361921169735092,-0.7551905438078059,,30272,520,0.01050475687103594,0.024238138230945422,-15.50967823404043,-0.7048774445031712,,2.947101823628473e-53,True,True,1.4918515529036332e-54,True
goals_oneway,avg_below_line_0.5+ & defense,9728,548,0.0023643092105263158,0.010440828473720092,-13.066443892037576,-0.8717105263157895,,9435,518,0.00296767355590885,0.010829501651432306,-11.063655607502746,-0.8457869634340223,,5.12037728313035e-39,True,True,9.413236703838361e-29,True
goals_oneway,avg_below_line_0.5+ & forward,22169,549,0.013712842257206008,0.029172325380376955,-14.953495272469738,-0.7028102305020524,,21064,520,0.013862514242309153,0.030174682983440077,-14.154199616788143,-0.6433512153437143,,1.477844480958391e-50,True,True,8.796468210616126e-46,True
goals_oneway,avg_below_line_0.5+ & home,16036,541,0.010476428036916938,0.02444263597413213,-13.547792813950046,-0.7728330007483164,,15315,520,0.010773751224289911,0.02507564171399233,-12.632909417620715,-0.7007835455435847,,8.164845568246233e-42,True,True,6.952029801016177e-37,True
goals_oneway,avg_below_line_0.5+ & away,15861,544,0.01002458861358048,0.022465642158044443,-12.43063533442626,-0.7356062038963496,,15184,520,0.010208113804004215,0.02329705068457936,-12.546687468528457,-0.7112124604847208,,1.7821230160680215e-35,True,True,2.072447579030006e-36,True
goals_oneway,avg_below_line_0.5+ & b2b,4966,138,0.008256141763995167,0.02324669058196412,-7.846105649350382,-0.8276983487716473,,5239,160,0.012979576255010498,0.02333830441279407,-5.479016014270157,-0.6442069097155946,,4.291554447304115e-15,True,True,2.1384882797008103e-08,True
goals_oneway,avg_below_line_0.5+ & opp_allows_many,7748,235,0.010067114093959731,0.025425248747658447,-9.914754610186975,-0.7697986577181207,,4305,143,0.013008130081300813,0.025907627191678894,-6.263955033075345,-0.6466898954703832,,3.591378740414269e-23,True,True,1.87666875152914e-10,True
goals_oneway,avg_below_line_0.5+ & opp_allows_few,7821,238,0.011507479861910242,0.021882217524702086,-7.22994841149442,-0.6970975578570515,,6160,195,0.008441558441558441,0.02299069711872008,-8.580251208086503,-0.7681818181818182,,4.831775448668694e-13,True,True,4.733308545578577e-18,True
goals_oneway,avg_below_line_0.5+ & game_total_high,9216,157,0.009657118055555556,0.02503677057112887,-9.881640803517323,-0.8099392361111111,,12492,210,0.011927633685558757,0.025607919794306225,-9.967523183918361,-0.6717979506884406,,5.000728380079069e-23,True,True,1.0571784555339086e-23,True
goals_oneway,avg_below_line_0.5+ & game_total_low,9731,164,0.010790257938546911,0.02188284222219522,-8.150258019805753,-0.7093412804439421,,5293,91,0.00906858114490837,0.021933008351468115,-6.542258519852203,-0.7598715284337805,,3.631486081651113e-16,True,True,3.029831658746944e-11,True
goals_oneway,avg_below_line_0.5+ & books<=3,31897,549,0.010251747813273976,0.023459562364796873,-16.464152656698968,-0.7543217230460545,,30499,520,0.010492147283517493,0.024190165921651383,-15.54660325024474,-0.7059756057575658,,6.63857167249402e-61,True,True,8.388549573713087e-55,True
goals_oneway,hot_l5 & toi_up,1127,337,0.007985803016858917,0.02109767673716682,-4.329880452481755,-0.637089618456078,,1808,426,0.012168141592920354,0.021535893293168826,-2.812236059939587,-0.42726769911504425,,1.4919031126576674e-05,True,True,0.0024599191139117633,True
goals_oneway,hot_l5 & toi_down,462,187,0.008658008658008658,0.024853807591119378,-3.171726961930806,-0.8571428571428571,,944,326,0.006355932203389831,0.02277187493361041,-5.983825304504001,-0.8792372881355932,,0.0015153540574158793,True,True,1.0897854044151086e-09,True
goals_oneway,hot_l5 & hitrate_lo,7553,472,0.009267840593141797,0.024004356374475892,-10.839540050860935,-0.7382497021051238,,9414,518,0.009666454217123433,0.024367027462134223,-11.192706345572295,-0.6926067558954748,,2.235923403944392e-27,True,True,2.2135557754755126e-29,True
goals_oneway,hot_l5 & defense,2382,487,0.002938706968933669,0.01128510040730369,-6.233576957985412,-0.7791771620486986,,2614,501,0.0034429992348890587,0.011675107781097425,-6.146987370174746,-0.8439173680183627,,4.5590322423307525e-10,True,True,3.948420711820128e-10,True
goals_oneway,hot_l5 & forward,6240,516,0.01217948717948718,0.028867393351971186,-9.843450387321672,-0.7277243589743589,,6852,517,0.012113251605370695,0.02921006880085099,-10.167184947514693,-0.6341506129597198,,7.31578805761798e-23,True,True,1.3891098111759703e-24,True
goals_oneway,hot_l5 & home,4300,506,0.010697674418604652,0.024988481137658135,-7.996009584338985,-0.7633720930232558,,4694,515,0.007669365146996165,0.02513254657192375,-10.39928467674755,-0.765807413719642,,1.2851638274977021e-15,True,True,1.2490067614097978e-25,True
goals_oneway,hot_l5 & away,4322,508,0.008560851457658492,0.023036366218085982,-8.52036403242871,-0.7206154558074965,,4772,517,0.01173512154233026,0.023615664198367466,-6.577060333778687,-0.6195515507124896,,1.5905259370896265e-17,True,True,2.3992005462405653e-11,True
goals_oneway,hot_l5 & b2b,1409,131,0.007097232079488999,0.023618622285928186,-5.336425298141563,-0.8662171753016323,,1666,159,0.01020408163265306,0.022920761046502258,-4.2910248534945055,-0.6716686674669868,,9.479690128744743e-08,True,True,8.892520309201637e-06,True
goals_oneway,hot_l5 & opp_allows_many,2039,226,0.010789602746444336,0.025737308903110843,-5.630497963045902,-0.6662579695929377,,1289,143,0.012412723041117145,0.02576074569333117,-3.5229483659395577,-0.48719937936384794,,1.7969006349049905e-08,True,True,0.00021338724792466438,True
goals_oneway,hot_l5 & opp_allows_few,2119,218,0.010854176498348278,0.022580769007708754,-4.620275749470179,-0.7364322793770647,,1849,192,0.01081665765278529,0.02346994582452332,-4.395523503305098,-0.7160627366143861,,3.832303605054349e-06,True,True,5.525305284791794e-06,True
goals_oneway,hot_l5 & game_total_high,2572,153,0.01010886469673406,0.02543361764177962,-6.74588981526169,-0.8065707620528771,,3934,210,0.011692933401118455,0.02630388324089355,-6.479442203489406,-0.6521860701576003,,1.5209201036459688e-11,True,True,4.603116148361051e-11,True
goals_oneway,hot_l5 & game_total_low,2674,157,0.010471204188481676,0.022501719225591334,-5.386432893280026,-0.662864622288706,,1658,91,0.008443908323281062,0.02165699491749043,-5.466424324558627,-0.8160434258142341,,7.186974516460355e-08,True,True,2.29602167687081e-08,True
goals_oneway,hot_l5 & books<=3,8622,517,0.009626536766411505,0.024009933157793737,-10.932754483340617,-0.7419392252377639,,9466,518,0.009718994295372914,0.024367855816946924,-11.188037390633598,-0.6920769068244242,,8.037108693498989e-28,True,True,2.3332410978855548e-29,True
goals_oneway,cold_l5 & toi_up,1096,322,0.010036496350364963,0.020851907532534776,-3.101729045500171,-0.6400547445255474,,1812,429,0.004415011037527594,0.018967001354892734,-8.322877680545766,-0.8809602649006623,,0.0019239396965219516,True,True,4.292651587465176e-17,True
goals_oneway,cold_l5 & toi_down,1112,310,0.008093525179856115,0.020667864172720304,-4.597002308382431,-0.8579136690647482,,2423,478,0.006603384234420141,0.019405622856360074,-7.372586376024957,-0.8499793644242675,,4.286128726331708e-06,True,True,8.36745476101742e-14,True
goals_oneway,cold_l5 & hitrate_lo,10682,472,0.00926792735442801,0.02241100726285091,-11.84319243928344,-0.7690226549335332,,14061,519,0.008392006258445345,0.02104612715477849,-12.56916477524376,-0.7568345067918356,,2.3339639478201513e-32,True,True,1.5600128811520555e-36,True
goals_oneway,cold_l5 & defense,3560,503,0.0022471910112359553,0.01056290362914695,-9.142803490293522,-0.8969101123595505,,5323,517,0.0026300958106331017,0.010376002389237582,-9.019719594990981,-0.8459515310914898,,6.085390384554603e-20,True,True,9.428567388915593e-20,True
goals_oneway,cold_l5 & forward,7877,524,0.01371080360543354,0.027976688750324906,-9.713421553252976,-0.6795988320426558,,8765,518,0.011865373645179691,0.0275334162185698,-10.791625824190485,-0.7034626354820308,,2.643123491489374e-22,True,True,1.8852959897513083e-27,True
goals_oneway,cold_l5 & home,5695,517,0.008955223880597015,0.02331529065410737,-9.767717470582811,-0.7832660228270413,,7058,517,0.011192972513459904,0.021861435335128982,-7.10268361088503,-0.6660243695097762,,1.5490250518665343e-22,True,True,6.117865308015898e-13,True
goals_oneway,cold_l5 & away,5742,513,0.011320097526994078,0.021803506431719074,-7.293913916522699,-0.7115116684082201,,7030,519,0.0055476529160739686,0.020236677564485866,-12.869058904212855,-0.8489402560455193,,3.0107784881927044e-13,True,True,3.360806331775999e-38,True
goals_oneway,cold_l5 & b2b,1823,133,0.008228195282501372,0.02259999914821953,-5.933946931274325,-0.7913329676357652,,2369,160,0.007176023638666104,0.020379071003996496,-6.383312848637448,-0.8619670747150696,,2.957374565831713e-09,True,True,8.664867784324837e-11,True
goals_oneway,cold_l5 & opp_allows_many,2744,224,0.009475218658892129,0.025030499929849393,-7.449918408083415,-0.7975947521865889,,1998,142,0.009009009009009009,0.022539985978547016,-5.281647367354826,-0.7862862862862863,,9.33979754541995e-14,True,True,6.401372036465082e-08,True
goals_oneway,cold_l5 & opp_allows_few,2631,225,0.010262257696693273,0.021315752388049263,-4.929781699273226,-0.7193082478145192,,2886,193,0.005197505197505198,0.020244823718916644,-8.590277208935376,-0.861053361053361,,8.232155306058475e-07,True,True,4.337987313013911e-18,True
goals_oneway,cold_l5 & game_total_high,3305,153,0.007866868381240545,0.023214296665150465,-7.649028598381465,-0.8367927382753404,,5829,210,0.009607136730142391,0.0221216524130513,-8.010477031408481,-0.722919883341911,,2.0250320473335622e-14,True,True,5.713217789083566e-16,True
goals_oneway,cold_l5 & game_total_low,3580,160,0.0111731843575419,0.021485356462614652,-5.49577887981474,-0.6951396648044692,,2438,91,0.005742411812961444,0.01924328940530294,-5.850213274252969,-0.7758408531583265,,3.889896753808733e-08,True,True,2.4547154564400707e-09,True
goals_oneway,cold_l5 & books<=3,11437,525,0.01014251989157996,0.022556292227513545,-11.314858017157016,-0.747241409460523,,14088,519,0.008375922771152754,0.021050671058608462,-12.600105310860165,-0.7573005394662125,,1.1078150828047493e-29,True,True,1.054313920908609e-36,True
goals_oneway,toi_up & hitrate_lo,2944,438,0.010190217391304348,0.021746617833455096,-5.558864759607929,-0.6549592391304347,,4638,507,0.010996119016817595,0.02217712855417466,-6.0135820442274985,-0.6226390685640363,,2.7153498883915056e-08,True,True,9.073401038452907e-10,True
goals_oneway,toi_up & defense,1114,352,0.003590664272890485,0.010203264024935255,-3.020906855419634,-0.6822262118491921,,1786,432,0.002799552071668533,0.010478711459477246,-5.1653595374989205,-0.8779395296752519,,0.0025201887351815025,True,True,1.1998859260517844e-07,True
goals_oneway,toi_up & forward,1927,403,0.013492475350285417,0.028108705744393635,-4.9785361558453625,-0.6565646081992735,,2864,465,0.01606145251396648,0.029413916007654632,-4.726610936231978,-0.4650139664804469,,6.406697653642825e-07,True,True,1.1414904505939618e-06,True
goals_oneway,toi_up & home,1501,383,0.0073284477015323115,0.022685084805665123,-5.769583312912816,-0.8187874750166556,,2373,450,0.010113780025284451,0.022124712665166406,-5.085463289568662,-0.6835229667088074,,7.946778309037686e-09,True,True,1.8336488183729082e-07,True
goals_oneway,toi_up & away,1540,373,0.012337662337662338,0.02044259727267601,-2.7436535751869306,-0.517012987012987,,2277,449,0.011857707509881422,0.022158318383008056,-4.043910956590234,-0.5611769872639437,,0.006075962013299169,True,True,2.628344516581841e-05,True
goals_oneway,toi_up & b2b,481,101,0.010395010395010396,0.021304909301060927,-2.376938332696514,-0.6798336798336798,,765,139,0.01437908496732026,0.02089477865230569,-1.2756879695425931,-0.3333333333333333,,0.01745700633982709,True,True,0.1010329214937179,False
goals_oneway,toi_up & opp_allows_many,605,153,0.011570247933884297,0.021960564778859947,-2.193237529219965,-0.35702479338842974,,701,127,0.019971469329529243,0.02501457274159131,-0.8668199915954293,-0.23894436519258203,,0.02829026992538143,False,True,0.19302032331172392,False
goals_oneway,toi_up & opp_allows_few,730,170,0.00684931506849315,0.020468694772899653,-4.503304691640247,-0.8698630136986302,,907,171,0.0033076074972436605,0.021309672737599403,-6.703990574230066,-0.9316427783902976,,6.690485401022123e-06,True,True,1.0140167504069665e-11,True
goals_oneway,toi_up & game_total_high,957,142,0.006269592476489028,0.022950271051527776,-5.196931944298941,-0.8636363636363636,,1766,204,0.013023782559456399,0.023050473353163653,-3.112392126847785,-0.6040770101925255,,2.0260449311871603e-07,True,True,0.000927889107623221,True
goals_oneway,toi_up & game_total_low,915,134,0.012021857923497269,0.018879199353053534,-1.8173129147967049,-0.6491803278688525,,890,90,0.006741573033707865,0.020965305704876917,-4.351731337611622,-0.8,,0.0691692135710801,False,True,6.753335341785556e-06,False
goals_oneway,toi_up & books<=3,3041,455,0.009865175928970734,0.021549461392050117,-5.791145825540653,-0.665965143045051,,4650,508,0.01096774193548387,0.022141168626354672,-6.0236370723940125,-0.6236129032258065,,6.99078462105368e-09,True,True,8.527027382478178e-10,True
goals_oneway,toi_down & hitrate_lo,2149,411,0.008841321544904607,0.02272457385249763,-6.142472938553475,-0.8562121917170777,,4169,508,0.0064763732309906456,0.0212767844697415,-10.282460850426286,-0.8547613336531542,,8.124652289236356e-10,True,True,4.227049876862258e-25,True
goals_oneway,toi_down & defense,753,283,0.0,0.010607837300366267,-13.442615178057574,-1.0,,1483,409,0.0,0.01034424863682884,-16.636119014553483,-1.0,,3.401977172540891e-41,True,True,1.9078023199863322e-62,True
goals_oneway,toi_down & forward,1448,352,0.013121546961325966,0.02890150091093973,-4.828467490824207,-0.7866022099447514,,2687,477,0.010048381094157052,0.027305026016397227,-8.085952247048079,-0.7746557499069594,,1.3758778956091584e-06,True,True,3.0840176043372147e-16,True
goals_oneway,toi_down & home,1117,322,0.012533572068039392,0.025000376296620677,-3.513758797138841,-0.7909579230080573,,2001,447,0.005497251374312844,0.021666447585662548,-8.731961907331769,-0.8943028485757122,,0.0004418137994843001,True,True,1.2514626422755161e-18,True
goals_oneway,toi_down & away,1084,329,0.004612546125461255,0.020213703397501136,-6.903761263889769,-0.9303505535055351,,2169,456,0.007376671277086215,0.0209103568536495,-6.575024943317645,-0.8183494698017519,,5.06433832292798e-12,True,True,2.4322506287584816e-11,True
goals_oneway,toi_down & opp_allows_many,475,133,0.008421052631578947,0.026076752598539397,-4.211060599001472,-0.8094736842105263,,600,125,0.01,0.023321240117675106,-3.018090151893008,-0.7941666666666667,,2.5417454679076908e-05,True,True,0.0012718660995572507,True
goals_oneway,toi_down & opp_allows_few,528,155,0.013257575757575758,0.019762074486707856,-1.2570043325733855,-0.7935606060606061,,826,171,0.004842615012106538,0.021449047350361638,-5.127329193234491,-0.8638014527845036,,0.20875206673228575,False,True,1.4694069863070977e-07,False
goals_oneway,toi_down & game_total_high,665,126,0.006015037593984963,0.02438190213548166,-5.396663740101479,-0.9353383458646617,,1873,206,0.007474639615589963,0.021888527933433714,-6.426444593765078,-0.8326214628937534,,6.789145410077601e-08,True,True,6.531150051653441e-11,True
goals_oneway,toi_down & game_total_low,658,133,0.007598784194528876,0.02011675544303713,-3.021282727326741,-0.8670212765957447,,600,88,0.0016666666666666668,0.02043976234179451,-6.174333012804694,-0.9683333333333334,,0.002517062122404423,True,True,3.322168189318144e-10,True
goals_oneway,toi_down & books<=3,2201,423,0.008632439800090867,0.02264292358301523,-6.321321728561882,-0.8596092685143116,,4170,508,0.006474820143884892,0.021273171614982378,-10.282993520608647,-0.8547961630695443,,2.593354440966104e-10,True,True,4.203746506454571e-25,True
goals_oneway,hitrate_lo & defense,7975,473,0.0022570532915360503,0.010558964907563835,-12.236641271929011,-0.8793730407523511,,9375,518,0.0029866666666666665,0.010847269725923517,-11.01413312900515,-0.8448,,1.980603734542831e-34,True,True,1.6333295225296362e-28,True
goals_oneway,hitrate_lo & forward,18082,473,0.013659993363565976,0.029774642421664912,-13.997759315170693,-0.7004203074881097,,20897,520,0.013877590084701153,0.03024567004099377,-14.122592462090859,-0.6421041297793941,,1.6086292365621227e-44,True,True,1.3783035160431921e-45,True
goals_oneway,hitrate_lo & home,13054,464,0.010188447985291865,0.0248859763676573,-12.654364365146039,-0.7853952811398804,,15183,520,0.0108015543700191,0.025133758623484236,-12.589344744601739,-0.6995653032997431,,1.0582862913308331e-36,True,True,1.2083557365540529e-36,True
goals_oneway,hitrate_lo & away,13003,467,0.010151503499192494,0.02289712327178098,-11.791481277733233,-0.7248673383065447,,15089,520,0.010206110411558089,0.023336938388681734,-12.524631512269256,-0.7102226787726158,,4.3187743415071354e-32,True,True,2.7372506846083656e-36,True
goals_oneway,hitrate_lo & b2b,4062,117,0.008370260955194485,0.02364693169019028,-7.497304560997727,-0.831326932545544,,5211,160,0.013049318748800614,0.02335918452413225,-5.432111971485708,-0.6422951448858185,,6.514349890441393e-14,True,True,2.784547886829398e-08,True
goals_oneway,hitrate_lo & opp_allows_many,6245,201,0.010408326661329063,0.026108487180667286,-9.076989338823196,-0.752105684547638,,4281,143,0.013081055828077552,0.025929257292270778,-6.238329221505358,-0.644709180098108,,1.116195389498494e-19,True,True,2.2113455056450798e-10,True
goals_oneway,hitrate_lo & opp_allows_few,6098,200,0.011315185306657921,0.02241025372591475,-6.884658645183497,-0.7051492292554936,,6118,195,0.008336057535142204,0.023042864428174742,-8.623261510905333,-0.7700228832951945,,5.792626708350262e-12,True,True,3.253680909798951e-18,True
goals_oneway,hitrate_lo & game_total_high,7883,144,0.009514144361283776,0.025551392661058256,-9.455146769730371,-0.8232779398706076,,12408,210,0.012008381689232753,0.02565794517149893,-9.921609044264816,-0.6695760799484204,,3.225691167162471e-21,True,True,1.6765326517916682e-23,True
goals_oneway,hitrate_lo & game_total_low,8071,144,0.010531532647751208,0.022208078488941855,-7.852701283625996,-0.7158468591252634,,5241,91,0.00896775424537302,0.021978041750855982,-6.543312803951963,-0.7598740698340012,,4.071706650576395e-15,True,True,3.00853949139019e-11,True
goals_oneway,hitrate_lo & books<=3,26057,473,0.010170011896995049,0.023893496158666254,-15.361921169735092,-0.7551905438078059,,30272,520,0.01050475687103594,0.024238138230945422,-15.50967823404043,-0.7048774445031712,,2.947101823628473e-53,True,True,1.4918515529036332e-54,True
goals_oneway,defense & home,5837,615,0.0027411341442521845,0.010554507529039123,-10.52882905959027,-0.882131231797156,,4796,516,0.00396163469557965,0.01105585308431248,-6.978676353600894,-0.7971226021684737,,6.362093499595054e-26,True,True,1.4898700872657064e-12,True
goals_oneway,defense & away,5621,615,0.0014232342999466287,0.01011408870539631,-12.928331241223338,-0.8939690446539762,,4668,517,0.0019280205655526992,0.010578606750143327,-10.676712004823742,-0.8967437874892887,,3.1150672016862997e-38,True,True,6.541172681710185e-27,True
goals_oneway,defense & b2b,1659,149,0.0006027727546714888,0.010380309514262031,-9.23548757708297,-0.9752863170584689,,1581,159,0.0018975332068311196,0.010546823389532877,-6.645119860328889,-0.9063883617963314,,2.5711232148172872e-20,True,True,1.514852119666392e-11,True
goals_oneway,defense & opp_allows_many,2493,235,0.004011231448054553,0.010717813410050524,-4.582858575889094,-0.7793822703569996,,1370,143,0.0021897810218978104,0.011097022183238265,-4.883004197389073,-0.878102189781022,,4.586622587617437e-06,True,True,5.224082304234169e-07,True
goals_oneway,defense & opp_allows_few,2475,241,0.00202020202020202,0.010088653999790547,-7.718528517276742,-0.8634343434343434,,1884,192,0.0031847133757961785,0.010564298557853355,-5.411001059719856,-0.8614649681528662,,1.176803345500009e-14,True,True,3.1336700579180716e-08,True
goals_oneway,defense & game_total_high,3138,167,0.0031867431485022306,0.010933065392435834,-6.672613433379241,-0.8620140216698534,,3964,210,0.0037840565085771947,0.011376368185283717,-6.377393856046167,-0.7729566094853683,,2.5128768005972523e-11,True,True,9.006340325229785e-11,True
goals_oneway,defense & game_total_low,3415,185,0.0017569546120058566,0.00979062408892023,-8.62059654176614,-0.9013177159590043,,1576,91,0.0019035532994923859,0.01006943052561914,-5.860770052002414,-0.9098984771573604,,6.660620073600964e-18,True,True,2.3036280298519814e-09,True
goals_oneway,defense & early_gp<5,1730,220,0.0005780346820809249,0.009762759345482633,-8.549761486565687,-0.9791907514450867,,29,15,0.0,0.007877917957514188,-3.803432528655178,-1.0,,1.2334313012212211e-17,True,True,7.135243696753086e-05,True
goals_oneway,defense & books<=3,11458,618,0.0020946063885494853,0.010338449385585095,-14.846944105272483,-0.8879385582126026,,9464,518,0.0029585798816568047,0.010820457280434456,-11.089254512722288,-0.8462595097210481,,7.281292503744367e-50,True,True,7.073085808939904e-29,True
goals_oneway,forward & home,13146,618,0.013464171611136467,0.030057491002175935,-13.175906715641421,-0.7358550129316902,,10575,519,0.013995271867612293,0.031392391004940214,-11.338007616283527,-0.6339007092198582,,1.2076773121546495e-39,True,True,4.2529465408534494e-30,True
goals_oneway,forward & away,13152,618,0.01330596107055961,0.02731975036863701,-11.729227332072323,-0.6812043795620438,,10593,520,0.013782686679882942,0.028842785694398805,-10.835536995878954,-0.6315538563202114,,9.027899598475026e-32,True,True,1.1679542483648088e-27,True
goals_oneway,forward & b2b,3850,150,0.01064935064935065,0.028462341572504844,-7.63419128431871,-0.7868181818181819,,3675,160,0.017687074829931974,0.02881772309181785,-4.3364198309241315,-0.5330612244897959,,2.2724231091470125e-14,True,True,7.241110649074746e-06,True
goals_oneway,forward & opp_allows_many,5636,238,0.012242725337118524,0.031441501007522465,-9.861080606827741,-0.7711852377572745,,2956,142,0.017929634641407306,0.03272359170399718,-5.338636397522611,-0.5419485791610285,,6.138514664391131e-23,True,True,4.682412016530093e-08,True
goals_oneway,forward & opp_allows_few,5781,241,0.015049299429164505,0.026542265538392097,-6.258798731311992,-0.6391627746064694,,4302,195,0.010692701069270108,0.028402361348470417,-8.03981369910574,-0.7287308228730823,,3.879541709381854e-10,True,True,4.49875807440616e-16,True
goals_oneway,forward & game_total_high,7090,167,0.012834978843441466,0.030803984638034052,-9.6120527482499,-0.7792031029619181,,8577,210,0.015623178267459485,0.03212758907101549,-9.190290089449164,-0.6269208347907194,,7.111681441190876e-22,True,True,1.9589168282905834e-20,True
goals_oneway,forward & game_total_low,7999,185,0.014251781472684086,0.026729773444833113,-7.746356076156535,-0.6487810976372047,,3738,91,0.012038523274478331,0.026888776334628356,-5.872857294250367,-0.6979668271803103,,9.4567088018563e-15,True,True,2.141735950520252e-09,True
goals_oneway,forward & early_gp<5,4124,366,0.011639185257032008,0.02600323121916979,-7.047515806844231,-0.7388821532492725,,103,48,0.019417475728155338,0.018197896216614766,0.06267217152609444,1.5436893203883495,,1.8214014185942123e-12,True,False,0.5249862211389142,False
goals_oneway,forward & books<=3,26298,619,0.013385048292645828,0.028688308371850282,-16.280001345896242,-0.7085234618602175,,21168,520,0.013888888888888888,0.030116504333806183,-14.130423914801508,-0.6327262849584278,,1.3686593531552734e-59,True,True,1.2332751666719459e-45,True
goals_oneway,home & opp_allows_many,4314,141,0.010199350950394067,0.026196745311774437,-7.975433681517291,-0.8156351414000927,,2151,73,0.01208740120874012,0.026992961151666436,-5.131146589379731,-0.7224546722454672,,1.5184667517803569e-15,True,True,1.4399125877739765e-07,True
goals_oneway,home & opp_allows_few,4241,141,0.011082291912284839,0.022584685520074293,-5.977293721236091,-0.7192879037962745,,3140,107,0.009235668789808917,0.02399620879026342,-6.099350443207072,-0.7242038216560509,,2.2687492763776865e-09,True,True,5.325017557162609e-10,True
goals_oneway,home & game_total_high,5164,167,0.010844306738962044,0.02589602407132322,-8.17362428595261,-0.7824457784663051,,6303,210,0.011581786450896399,0.026907433808694956,-8.62979581914016,-0.6900364905600508,,2.992607727645516e-16,True,True,3.073079611226956e-18,True
goals_oneway,home & game_total_low,5751,185,0.009737436967483916,0.022580284117936937,-8.039837679380136,-0.7701443227264824,,2682,91,0.009321401938851604,0.022384483521072,-5.262903910618716,-0.7173750932140194,,8.995755560725719e-16,True,True,7.089884859317108e-08,True
goals_oneway,home & early_gp<5,2943,289,0.008494733265375467,0.021875894170804176,-6.062786543296457,-0.8241250424736664,,56,25,0.03571428571428571,0.01723131106808747,0.5195142735294959,3.6785714285714284,,1.3378316802494317e-09,True,False,0.6982989190424952,False
goals_oneway,home & books<=3,18983,618,0.010166991518727282,0.024060603548522685,-14.698033012313813,-0.7808328504451351,,15371,520,0.010864615184438228,0.025047063058330977,-12.512123854749957,-0.6848285732873594,,6.635942819431548e-49,True,True,3.204372805076439e-36,True
goals_oneway,away & b2b,3238,111,0.00926497838171711,0.022342594741487126,-5.700292534372032,-0.8004169240271772,,3564,122,0.01122334455667789,0.023172896056329627,-5.837044496624999,-0.6849046015712682,,1.1960200880511145e-08,True,True,2.6567454619941273e-09,True
goals_oneway,away & opp_allows_many,3815,126,0.009174311926605505,0.02382989495010685,-6.864150534300789,-0.7262778505897772,,2175,76,0.013793103448275862,0.02476873472681269,-3.7910626022316856,-0.5751724137931035,,6.688806875123296e-12,True,True,7.500206772643482e-05,True
goals_oneway,away & opp_allows_few,4015,134,0.0112079701120797,0.02057997619832907,-4.671527656325474,-0.6927770859277709,,3046,105,0.0075508864084044645,0.02191135962005526,-6.465593682937387,-0.8154957321076822,,2.9896783490739685e-06,True,True,5.0450933876002344e-11,True
goals_oneway,away & game_total_high,5064,167,0.008886255924170616,0.02349548617314613,-8.634078617897737,-0.8272116903633492,,6238,210,0.012183392112856685,0.024215565830772723,-7.072740181685081,-0.6559474190445655,,5.920227432141468e-18,True,True,7.595187270241053e-13,True
goals_oneway,away & game_total_low,5663,185,0.011301430337277062,0.020728805418793458,-5.714272033493182,-0.6778209429630938,,2632,91,0.008738601823708206,0.02140747858803247,-5.5720495781004695,-0.8050911854103343,,1.1017463326413603e-08,True,True,1.2587987388147131e-08,True
goals_oneway,away & early_gp<5,2911,312,0.008244589488148402,0.02052426749256767,-6.443855238041906,-0.7955170044658193,,76,38,0.0,0.014972230411399126,-5.00861721734845,-1.0,,1.1647618796074492e-10,True,True,2.7411241489377194e-07,True
goals_oneway,away & books<=3,18773,618,0.009748042401321046,0.02216804183994815,-13.7411749546648,-0.7449102434347201,,15261,520,0.010156608348076798,0.023256180143531587,-12.605125483619325,-0.7126695498329073,,5.7534437265505605e-43,True,True,9.89287252950073e-37,True
goals_oneway,b2b & books<=3,5509,150,0.007623888182973317,0.023017053646452054,-8.507071413198304,-0.8435741513886368,,5256,160,0.01293759512937595,0.02332185314712368,-5.501911543664089,-0.6453576864535768,,1.783816709936548e-17,True,True,1.878477234102549e-08,True
goals_oneway,opp_allows_many & early_gp<5,380,105,0.002631578947368421,0.01792456356308262,-3.587678681448558,-0.8526315789473684,,21,11,0.0,0.019120114660687988,-2.591431734497486,-1.0,,0.00033363508803605364,True,True,0.0047788750976190345,True
goals_oneway,opp_allows_many & books<=3,8129,238,0.009718292532906877,0.02508596488001631,-10.230120385697479,-0.7736991019805634,,4326,143,0.012944983818770227,0.025874678101722632,-6.291389885404635,-0.6484049930651873,,1.4533859569948341e-24,True,True,1.5731798451945532e-10,True
goals_oneway,opp_allows_few & early_gp<5,434,119,0.004608294930875576,0.016572602279512044,-3.319356093470698,-0.8732718894009217,,26,12,0.0,0.017977028953837335,-2.962864177339945,-1.0,,0.0009022529494842297,True,True,0.001523955131205552,True
goals_oneway,opp_allows_few & books<=3,8256,241,0.011143410852713179,0.021609769346769173,-7.554843867301823,-0.7063953488372093,,6186,195,0.008406078241189783,0.0229696244752854,-8.597927477453274,-0.7691561590688651,,4.193626069936926e-14,True,True,4.058428131061928e-18,True
goals_oneway,game_total_high & early_gp<5,1012,102,0.011857707509881422,0.02170882678023856,-2.726114812699885,-0.7560770750988142,,49,23,0.0,0.01551267098145346,-4.007217693688775,-1.0,,0.006408470248101615,True,True,3.0719115036627036e-05,True
goals_oneway,game_total_high & books<=3,10228,167,0.009874853343762221,0.024707490250794394,-10.203224522107517,-0.8046098944075087,,12541,210,0.011881030220875529,0.02556847579527666,-9.983270993456037,-0.6730802966270633,,1.9179685345734276e-24,True,True,9.020949028952852e-24,True
goals_oneway,game_total_low & early_gp<5,1681,128,0.00892325996430696,0.020281109377133774,-4.20654212063739,-0.8108268887566924,,21,10,0.0,0.013726440137896664,-2.682510521506526,-1.0,,2.5930777163670628e-05,True,True,0.003653592660364006,True
goals_oneway,game_total_low & books<=3,11414,185,0.010513404590853337,0.021661682061405528,-8.940219528930143,-0.7243385316278255,,5314,91,0.009032743695897629,0.02190057742702608,-6.5608169838353465,-0.7608204742190441,,3.883980168497627e-19,True,True,2.6756883942196067e-11,True
goals_oneway,early_gp<5 & books<=3,5854,412,0.008370345063204646,0.021203775062442972,-7.944595561648692,-0.8098992142125042,,132,60,0.015151515151515152,0.015930628265751753,-0.051271532428039675,0.9848484848484849,,1.948253847350087e-15,True,True,0.47955457604532414,False
points,line=0.5,9776,631,0.47759819967266776,0.47745371318032065,0.021569079036704273,-0.06366238181157431,-0.06416088218381825,8389,520,0.4703778757897246,0.4658466301273729,0.663028116266964,-0.055604243203205686,-0.07221681902815548,0.9827916991453379,False,True,0.2536562735155687,False
points,line=1.5,721,423,0.34535367545076284,0.366837349053852,-1.1067890907690603,-0.12313611385982125,-0.03190886300720535,643,365,0.37791601866251945,0.3829441536093524,-0.2351280836963223,-0.06256668676456495,-0.04834897489371862,0.26838512594453146,False,True,0.4070546609984771,False
points,ref_0.20-0.35,994,487,0.33400402414486924,0.3283241559453674,0.37653104366766,-0.04493460764587524,-0.06870027020410492,1221,475,0.3226863226863227,0.3252946806826493,-0.18417864116531868,-0.06733005733005731,-0.056975452199600755,0.706522141136986,False,False,0.5730633426380942,False
points,ref_0.35-0.50,5460,631,0.4095238095238095,0.4195799601337732,-1.288616838563332,-0.08708772025629516,-0.04687654911894218,4591,520,0.41581354824656935,0.4159389875139722,-0.014959552096053002,-0.0629020692215388,-0.06217174764227141,0.19753132650865168,False,True,0.4940322247601255,False
points,ref_0.50-0.65,3746,631,0.5755472504004271,0.5654167877979527,0.9942178245407163,-0.04502579639946451,-0.08395062671780507,2990,520,0.5816053511705686,0.567221192853309,1.3111851409037538,-0.038252859286011555,-0.09376221241554407,0.32011683212919495,False,True,0.09489761062920149,False
points,avg_below_line_0-0.5,2667,554,0.39407574053243344,0.39228957078339627,0.17137775571449437,-0.05668796227102398,-0.0652100796528737,2848,518,0.3714887640449438,0.37299184948657027,-0.14855263738455798,-0.06591894832918949,-0.059305663560504776,0.8639267443839773,False,False,0.559046675950634,False
points,avg_above_line_0-0.5,5032,557,0.477543720190779,0.48383272725122695,-0.7398463170193691,-0.0794030409128741,-0.05356131632176625,5443,520,0.49145691714128237,0.48709745839737695,0.5302281551081613,-0.055971369359741036,-0.07164795593447452,0.459393251170788,False,False,0.7020231238339764,False
points,avg_above_line_0.5+,1199,482,0.6071726438698916,0.5963225275785963,0.690148459386726,-0.04394572422705545,-0.08563133712716328,668,363,0.6377245508982036,0.6215816363177747,0.8067711184114728,-0.038569893150219595,-0.10328638359981102,0.49010083146865135,False,True,0.20989918084139736,False
points,hot_l5,2037,502,0.4678448699067256,0.4630968524199219,0.4021050058893821,-0.05525130045687115,-0.07339108375500689,2542,513,0.45515342250196694,0.46134295919062895,-0.5541063977028046,-0.07734428286280774,-0.05212000096144138,0.6876067488413536,False,False,0.7102469840204018,False
points,cold_l5,2287,517,0.4529951902055094,0.4575578322505204,-0.3926913405413849,-0.07445231797713386,-0.056039920872403476,2541,512,0.4454939000393546,0.43882891048450934,0.6489317916664522,-0.05330924905513326,-0.0768366758547198,0.6945474671932242,False,False,0.74180876769248,False
points,toi_up,908,387,0.4581497797356828,0.46515315004781205,-0.3655266847014341,-0.06872747550091088,-0.04046077481728522,1467,463,0.4512610770279482,0.45005240310734684,0.08737734925463421,-0.06144503275028914,-0.06697131800007053,0.7147182912960732,False,False,0.5348142134084911,False
points,toi_down,523,302,0.4627151051625239,0.4555544588059882,0.31064051616890076,-0.05925453397201436,-0.07984635163717924,1022,422,0.41291585127201563,0.4345842978500001,-1.2958920753435261,-0.11694380186994151,-0.027496285768221333,0.7560739224874697,False,False,0.9024936650828426,False
points,hitrate_hi,1702,456,0.563454759106933,0.574558833424289,-0.7787974838558139,-0.08267179795663905,-0.040142221703640936,1504,495,0.6043882978723404,0.5971170490128276,0.5140859787623646,-0.049885636835856104,-0.07762389879298494,0.4360990201549443,False,False,0.6964040600467752,False
points,hitrate_lo,2448,478,0.3827614379084967,0.39089360222687564,-0.718993587021196,-0.08038997046599919,-0.04855892733319207,3068,520,0.38037809647979137,0.37651118245384524,0.387713999348074,-0.05079087456453019,-0.06678404551333542,0.4721448710211682,False,False,0.6508861526698094,False
points,hitrate_above_mkt,1284,409,0.45638629283489096,0.4999968715594883,-2.8841194639634486,-0.15553641441453886,0.017418886129644942,670,343,0.4537313432835821,0.4559036452528425,-0.1072080563606669,-0.06950548627458451,-0.058546682215320334,0.003925098207981762,True,True,0.4573119621083965,False
points,hitrate_below_mkt,1040,410,0.4375,0.45206592774295196,-0.847570862686672,-0.09523734380344272,-0.03401435689428693,543,333,0.47697974217311234,0.46003020832990993,0.7772311673389181,-0.023679689862867597,-0.08996248621270954,0.39667700705565356,False,False,0.7814888014991802,False
points,defense,2357,631,0.4234196011879508,0.42732927326974235,-0.36072295077618516,-0.07243127712041537,-0.057416939448988916,2156,520,0.43089053803339517,0.4129482450277171,1.671077553790824,-0.03262083903869477,-0.10070064023149027,0.7183065660340726,False,False,0.952646819838053,False
points,forward,8140,631,0.48157248157248156,0.4821697950395404,-0.08291830443661272,-0.06639116247052365,-0.06325692238033606,6876,520,0.4741128563118092,0.47468063621721734,-0.07654247830023468,-0.06346187417886588,-0.06105362206875572,0.9339164993252727,False,True,0.4694937601406808,False
points,home,5377,631,0.4764738701878371,0.4740815735474908,0.251447273248368,-0.059383378385634907,-0.06837675003670893,4615,520,0.4656554712892741,0.4631292045713794,0.25578513437511463,-0.055747728963199066,-0.06639844147858615,0.8014683226362054,False,True,0.39905837660256577,False
points,away,5120,631,0.46015625,0.4654180874519108,-0.5567454717179657,-0.07653128068424271,-0.05519165810738643,4417,520,0.4618519357029658,0.4566174307929429,0.5359275517283292,-0.056467875629645475,-0.0748214802490791,0.577701344243708,False,False,0.7039956890033653,False
points,b2b,1544,154,0.44430051813471505,0.46999385915622477,-1.410142159522353,-0.11776022329373725,-0.017529079011042815,1507,160,0.46449900464499005,0.4576697910449219,0.3842377209412391,-0.047582480863526705,-0.07409328739936935,0.15849771067519025,False,False,0.649598868564624,False
points,opp_allows_many,2317,243,0.48036253776435045,0.4741776244963494,0.4409738702925541,-0.0518020010416719,-0.0771858617206723,1316,143,0.4696048632218845,0.4631927094611507,0.3563960532225711,-0.0464391268076498,-0.06977276902865238,0.6592319137244613,False,True,0.3607719923338025,False
points,opp_allows_few,2310,247,0.4658008658008658,0.4673912893829639,-0.11353840085525571,-0.06894430928568847,-0.06211415115960826,1800,195,0.45944444444444443,0.4590624396675382,0.02558813829124418,-0.0665115117154708,-0.06415795164229514,0.9096037204173283,False,False,0.5102070763769743,False
points,game_total_high,2924,173,0.48084815321477425,0.4754785435722227,0.40559408838021793,-0.056607990687501344,-0.07711227307038399,3763,210,0.4724953494552219,0.46142741244713525,1.0492319534050796,-0.03880988002381046,-0.0830525320623249,0.685040873203805,False,True,0.147035687766444,False
points,game_total_low,3118,186,0.45606157793457347,0.4623282638461427,-0.5546048610496067,-0.07849036222426777,-0.05441892041239712,1514,91,0.4815059445178336,0.45354612434217856,1.79701832920146,-0.008669854534415456,-0.1173979321064671,0.5791649633633151,False,False,0.9638336450182473,False
points,early_gp<5,1463,184,0.4750512645249487,0.4711346868875596,0.23539764016731327,-0.056676838033915926,-0.07138145013676946,9,8,0.3333333333333333,0.523238229455588,-0.9920032959328504,-0.3644843255954367,0.3913383400225505,0.8139001174962908,False,False,0.8394020411898928,False
points,books<=3,7751,599,0.45645723132499033,0.46593928477996577,-1.1922892008100965,-0.08501317920613038,-0.04687034061439927,9032,520,0.4637953941541187,0.45994469341334643,0.5653893486519072,-0.05609990874903761,-0.07051763570459005,0.23314786747419014,False,False,0.7140955161264264,False
points,line=0.5 & ref_0.20-0.35,641,382,0.35257410296411856,0.3297013971608629,1.2542000621470777,0.004882995319812796,-0.0927899228237159,945,424,0.31534391534391537,0.3241062657309682,-0.5774794839711717,-0.08673544973544972,-0.0487934684617044,0.20976929729987148,False,False,0.7181922030361442,False
points,line=0.5 & ref_0.35-0.50,5122,630,0.41155798516204606,0.42113217968975647,-1.205656079219877,-0.08541583791861954,-0.047333238674981154,4296,520,0.41829608938547486,0.4173438293510089,0.11118201711731675,-0.060411955668126745,-0.06388774883081197,0.2279501265396915,False,False,0.5442639942625732,False
points,line=0.5 & ref_0.50-0.65,3716,631,0.576157158234661,0.565781682403755,1.020410811365301,-0.044585448331449236,-0.08444230226204304,2918,520,0.5839616175462645,0.5679676013170124,1.4520845970874603,-0.03551895405118967,-0.09721951615960157,0.30753366856351794,False,True,0.07323904210351075,False
points,line=0.5 & avg_below_line_0-0.5,2214,548,0.4037940379403794,0.3983491600721902,0.4894401027204043,-0.04655070335483393,-0.07050972614801482,2383,513,0.3747377255560218,0.37499796476131986,-0.02433159148410884,-0.06372392405006459,-0.06146446131589266,0.6245301503347855,False,False,0.5097059428873709,False
points,line=0.5 & avg_above_line_0-0.5,4945,557,0.4782608695652174,0.4848854623134924,-0.773458487722155,-0.08014746510462038,-0.052958643532033396,5328,520,0.4923048048048048,0.48686265174362353,0.6544540559216473,-0.05381284490722277,-0.07373945651782156,0.43925108736665297,False,False,0.7435903410269723,False
points,line=0.5 & avg_above_line_0.5+,1195,482,0.6083682008368201,0.5969768844696534,0.7228215048600277,-0.042594914935765255,-0.08646364926637108,668,363,0.6377245508982036,0.6215816363177747,0.8067711184114728,-0.038569893150219595,-0.10328638359981102,0.469789553564843,False,True,0.20989918084139736,False
points,line=0.5 & hot_l5,1935,502,0.47131782945736433,0.4673308895411145,0.3320155859557737,-0.057807844029725476,-0.07260376826059706,2385,510,0.46247379454926624,0.4667141589197305,-0.37827963733204145,-0.07342370729432517,-0.05575726389968226,0.7398774900615565,False,False,0.6473885647035775,False
points,line=0.5 & cold_l5,2178,517,0.45867768595041325,0.4632659747278237,-0.38581450691751473,-0.07358502844556743,-0.055723521789143124,2448,512,0.44730392156862747,0.4412614503585911,0.5874629924056,-0.05490131201267847,-0.07595565685862521,0.6996340506217369,False,False,0.7215536009265382,False
points,line=0.5 & toi_up,872,386,0.46215596330275227,0.4691967445078499,-0.3683521280105369,-0.06616162771011316,-0.039029162714718055,1369,462,0.4587289992695398,0.4539708163356777,0.33347276443978563,-0.05620489368710292,-0.07449397016358052,0.7126106881092664,False,False,0.630611277556292,False
points,line=0.5 & toi_down,478,296,0.4560669456066946,0.4623311697540262,-0.26733591774885085,-0.08996697108044857,-0.058311628402499135,999,421,0.4164164164164164,0.43581758751481103,-1.1551841291526712,-0.11207864415523544,-0.03150244905622242,0.7892105344137498,False,True,0.12400751625075979,False
points,line=0.5 & hitrate_hi,1696,456,0.5648584905660378,0.5752765939437431,-0.7306974941473054,-0.08107747648714603,-0.041200867181433905,1500,495,0.6053333333333333,0.5972650171828683,0.5714545101162485,-0.04843018783449658,-0.07917140554042881,0.46496394650004647,False,False,0.7161542061069609,False
points,line=0.5 & hitrate_lo,2050,472,0.3921951219512195,0.3998528829898352,-0.6430489065274207,-0.07861759686002345,-0.04896444133852554,2625,517,0.3832380952380952,0.38097473803020043,0.21758838884566353,-0.05721386787199185,-0.06510169804882064,0.5201923661806629,False,False,0.58612508394713,False
points,line=0.5 & hitrate_above_mkt,1237,408,0.465642683912692,0.505906775230881,-2.62341354084146,-0.14610651261783983,0.012946004551992484,656,340,0.45121951219512196,0.4565131601795298,-0.25870582121439717,-0.07611078628654211,-0.05339833927219159,0.008705353680049316,True,True,0.3979311138801324,False
points,line=0.5 & hitrate_below_mkt,974,406,0.4455852156057495,0.4589434283384887,-0.756939636337313,-0.08844790905324694,-0.03408198613569557,507,320,0.48717948717948717,0.4673617938184958,0.8996540859677369,-0.017806847328475536,-0.09455023778907282,0.449086027547866,False,False,0.8158478177043959,False
points,line=0.5 & defense,2311,631,0.4279532669839896,0.42913160873214157,-0.10796516816090976,-0.06525336225565513,-0.06146528866861757,2097,520,0.4334763948497854,0.41492671069640075,1.7262344427458542,-0.03185528324626892,-0.10206062566205504,0.9140233224391789,False,False,0.9578473780112786,False
points,line=0.5 & forward,7465,631,0.49296718017414604,0.4924131751200047,0.07565586552667528,-0.06316984921863784,-0.0649953787161195,6292,520,0.4826764144945963,0.4828172390032071,-0.018681581242596876,-0.06351930503246447,-0.062270464528586596,0.9396928895157061,False,False,0.5074524391345265,False
points,line=0.5 & home,4954,631,0.48748486071861125,0.483318301607137,0.4281550994914289,-0.05432015207169496,-0.07088090612168477,4242,520,0.4735973597359736,0.47003249236868033,0.355559426219542,-0.05538260063745586,-0.06906686629491397,0.668538203703926,False,True,0.36108526680195063,False
points,line=0.5 & away,4822,631,0.46744089589382,0.47142858438180363,-0.4185253862922185,-0.0732603507313923,-0.0572569007262922,4147,520,0.4670846394984326,0.4615648776249312,0.5592459095857354,-0.05583096318485766,-0.07543893127662675,0.6755630296513024,False,False,0.7120030475054617,False
points,line=0.5 & b2b,1454,154,0.4511691884456671,0.4760210041684599,-1.3605412161362251,-0.11548936621752684,-0.01864808102367222,1411,160,0.47058823529411764,0.46307614714699846,0.41101623875244125,-0.04592757356208436,-0.07540596783641344,0.17365871929876953,False,False,0.6594696862613182,False
points,line=0.5 & opp_allows_many,2113,243,0.4926644581164221,0.4850299123957997,0.5298696985705007,-0.04799459394402293,-0.07966808165608676,1193,143,0.47611064543168485,0.4709697093986947,0.2816871495617536,-0.05003689786131551,-0.06786155224953305,0.5962022765083907,False,True,0.38909170440890034,False
points,line=0.5 & opp_allows_few,2188,247,0.47212065813528337,0.47287433128721085,-0.05362104048421939,-0.06759829013691046,-0.06372691028230965,1696,195,0.4675707547169811,0.4634271441889453,0.27720984175968066,-0.05789754359214811,-0.07017986096125602,0.957237092743771,False,False,0.6091905084877756,False
points,line=0.5 & game_total_high,2661,173,0.4922961292747088,0.4855640536098948,0.5086510026026175,-0.05343605600723539,-0.07970986136117522,3433,210,0.4820856393824643,0.46703932177093216,1.4094297775271043,-0.030824386417441615,-0.09033318949719588,0.6109968723520159,False,True,0.0793540620944474,False
points,line=0.5 & game_total_low,2982,186,0.4607645875251509,0.4674117188781502,-0.5754003614827645,-0.08041849410304054,-0.05426468829861499,1437,91,0.4836464857341684,0.45875863827404956,1.6266546553743715,-0.018626415981283926,-0.11398386318075433,0.5650205597250473,False,False,0.9480947678370228,False
points,line=0.5 & early_gp<5,1391,183,0.48166786484543495,0.47606869002825,0.33900575443876635,-0.05215133071972773,-0.0741971554296726,9,8,0.3333333333333333,0.523238229455588,-0.9920032959328504,-0.3644843255954367,0.3913383400225505,0.734605395175878,False,False,0.8394020411898928,False
points,line=0.5 & books<=3,7175,599,0.46606271777003483,0.47437184930714266,-1.0264062652495276,-0.08121373866224636,-0.04828274896366327,8389,520,0.4703778757897246,0.4658466301273729,0.663028116266964,-0.055604243203205686,-0.07221681902815548,0.30470012606182484,False,False,0.7463437264844313,False
points,line=1.5 & ref_0.20-0.35,353,269,0.3002832861189802,0.32582327317162046,-0.9989029629211831,-0.1353966005665722,-0.02495673669370656,276,207,0.34782608695652173,0.3293637101367748,0.6053640335271793,-0.0008876811594202709,-0.08498985304131107,0.3178417007858596,False,False,0.7275314283773124,False
points,line=1.5 & ref_0.35-0.50,338,264,0.378698224852071,0.3960578637854113,-0.6462594166614992,-0.11242316798876453,-0.03995594584665918,295,228,0.37966101694915255,0.39548068062614306,-0.5494293812323832,-0.09916487540953278,-0.03718211677457582,0.5181113657650689,False,True,0.2913554076885876,False
points,line=1.5 & avg_below_line_0-0.5,453,302,0.3465783664459161,0.3626738297560458,-0.6866948721668892,-0.10623297604684027,-0.039308496120329654,465,305,0.3548387096774194,0.36271104798177806,-0.32972169042150257,-0.07716785769941449,-0.04824240538611914,0.4922750290224325,False,True,0.3708051314335753,False
points,line=1.5 & hitrate_lo,398,281,0.3341708542713568,0.34474655307092816,-0.43375696120320506,-0.08951903049677863,-0.04647022454190158,443,310,0.36343115124153497,0.3500623486210408,0.5519675316126806,-0.012731376975169302,-0.07675280870600192,0.6644649381561539,False,False,0.7095147006950971,False
points,line=1.5 & forward,675,416,0.35555555555555557,0.3688855990385537,-0.6651088512380017,-0.10201650087841646,-0.04403088305200507,584,359,0.3818493150684932,0.3870171007215889,-0.23947637544368988,-0.06284311573564255,-0.04794339474468743,0.5059808737551722,False,True,0.40536810662490713,False
points,line=1.5 & home,423,288,0.3475177304964539,0.36590485769054676,-0.7235625152019819,-0.11868177828931924,-0.03904911588784292,373,246,0.3753351206434316,0.384620499916821,-0.3097537637511992,-0.059900207134251766,-0.03605136890254661,0.46933436130595574,False,True,0.37837410726178383,False
points,line=1.5 & books<=3,576,333,0.3368055555555556,0.36089822491452506,-1.1166193762633667,-0.1323412797310744,-0.02927653869431388,643,365,0.37791601866251945,0.3829441536093524,-0.2351280836963223,-0.06256668676456495,-0.04834897489371862,0.2641571033051916,False,True,0.4070546609984771,False
points,ref_0.20-0.35 & avg_below_line_0-0.5,644,374,0.3555900621118012,0.3281669426623242,1.4614209045859552,0.017080745341614936,-0.09930064200946906,958,439,0.32254697286012524,0.32403171178071066,-0.09672208864159208,-0.06599686847599164,-0.05899383368324736,0.1438999672635048,False,False,0.5385264510634359,False
points,ref_0.20-0.35 & hitrate_lo,613,347,0.33278955954323003,0.3264975942354195,0.3151445953477492,-0.041150081566068475,-0.06917662020063713,991,449,0.3340060544904137,0.32427230292236164,0.6373201465610803,-0.03343087790110997,-0.07449813636805068,0.7526518701168111,False,True,0.26195816533337124,False
points,ref_0.20-0.35 & defense,469,341,0.34328358208955223,0.327117064914175,0.763522800625108,-0.010852878464818748,-0.08231971107767257,662,379,0.311178247734139,0.31858008009709066,-0.4219039397202593,-0.08367069486404832,-0.050965859248318916,0.44515166978527476,False,False,0.6634524328615075,False
points,ref_0.20-0.35 & forward,525,351,0.32571428571428573,0.3294024905998992,-0.1761997001384021,-0.07538095238095235,-0.0565335696903845,559,340,0.3363148479427549,0.3332464974762804,0.14339413769074189,-0.04797853309481214,-0.06409235834226366,0.860137056356691,False,False,0.5570105437117095,False
points,ref_0.20-0.35 & home,457,327,0.3347921225382932,0.32815369541875167,0.2921427673118283,-0.044179431072210056,-0.07032067329031483,576,347,0.3524305555555556,0.3271705878845858,1.1526555401105467,0.015156250000000019,-0.0954006701232648,0.7701774686401806,False,True,0.12452589844557838,False
points,ref_0.20-0.35 & away,537,365,0.3333333333333333,0.3284692219801223,0.24005842383682505,-0.04557728119180631,-0.0673212679501051,645,383,0.2961240310077519,0.32361945192557107,-1.4839464014257666,-0.1409922480620155,-0.02266083898404961,0.8102849648222237,False,False,0.9310884297509766,False
points,ref_0.20-0.35 & game_total_low,302,144,0.3509933774834437,0.32897602505680895,0.7900396487756238,0.0038079470198675775,-0.09121498780004503,209,86,0.32057416267942584,0.32540652618482857,-0.1339113009976364,-0.07473684210526318,-0.05412400887673513,0.42950461350524427,False,False,0.5532636430634993,False
points,ref_0.20-0.35 & books<=3,850,429,0.3270588235294118,0.32771330714253094,-0.039521727646749195,-0.06322352941176469,-0.059905726716518906,1221,475,0.3226863226863227,0.3252946806826493,-0.18417864116531868,-0.06733005733005731,-0.056975452199600755,0.9684744308908368,False,True,0.42693665736190584,False
points,ref_0.35-0.50 & avg_below_line_0-0.5,1865,539,0.3908847184986595,0.40228301867601923,-0.9548513401983414,-0.08923642213290259,-0.04420611331422527,1857,509,0.39418416801292405,0.3960164570696401,-0.1485626210256839,-0.06600495767401243,-0.058880564924771416,0.33965288014656725,False,True,0.4409493848612181,False
points,ref_0.35-0.50 & avg_above_line_0-0.5,2679,548,0.4158268010451661,0.43014390770230115,-1.3557379212890341,-0.09848353452867001,-0.041017190149243155,2724,519,0.4313509544787078,0.42953049520728526,0.17225533585718625,-0.05910873472666799,-0.06573643035257809,0.17518256929401899,False,False,0.5683816018780239,False
points,ref_0.35-0.50 & hot_l5,1152,452,0.40625,0.41852623735691036,-0.8239448778860454,-0.09198941861050434,-0.043461054031656406,1384,480,0.4096820809248555,0.4186508027706099,-0.6442185742407899,-0.07926252147765532,-0.04593483116634009,0.4099708791345895,False,True,0.25971685397011857,False
points,ref_0.35-0.50 & cold_l5,1240,467,0.4096774193548387,0.41646683676184065,-0.47741476430771523,-0.08186095476079464,-0.05322341655228356,1328,479,0.41490963855421686,0.4116411238736115,0.23907389959581027,-0.060873000792641165,-0.07038778333450733,0.6330668027868958,False,False,0.5944758599489404,False
points,ref_0.35-0.50 & toi_up,487,291,0.4209445585215606,0.41717638849005667,0.16099548015146825,-0.05574448264866235,-0.0695640247971103,855,413,0.4070175438596491,0.41746699086128547,-0.5718668382386937,-0.08395896313094117,-0.044346786711228936,0.8720969605214082,False,False,0.7162939041062819,False
points,ref_0.35-0.50 & hitrate_lo,1704,463,0.38673708920187794,0.40204197600584085,-1.1893285404210667,-0.09879220888980164,-0.038392593101944636,2029,514,0.4011828486939379,0.3988185929746651,0.20190548908938527,-0.056158120302935856,-0.06550469949540345,0.23431040863466912,False,False,0.5800046946099597,False
points,ref_0.35-0.50 & hitrate_above_mkt,534,296,0.3707865168539326,0.42689086713518354,-2.616949288020867,-0.1942703484532855,0.02616284675488627,325,220,0.42153846153846153,0.42033498012383497,0.04038772223537151,-0.0676843783667313,-0.06763572736602079,0.008871952100530238,True,False,0.516107990749667,False
points,ref_0.35-0.50 & hitrate_below_mkt,619,342,0.3974151857835218,0.41341919131424026,-0.7500296003531387,-0.10076173553828106,-0.03760695130076587,326,233,0.4447852760736196,0.42525805708120507,0.6916035133871259,-0.01805627449686561,-0.0938190612430405,0.4532368774029555,False,False,0.7554068226570332,False
points,ref_0.35-0.50 & defense,1381,608,0.3946415640839971,0.41379647668536196,-1.402003444063664,-0.10920025280096636,-0.03262932893608229,1040,498,0.4201923076923077,0.40693838251529685,0.8547893319073727,-0.03459773121164278,-0.08509614475917604,0.16091421824162433,False,False,0.8036661074196836,False
points,ref_0.35-0.50 & forward,4079,631,0.41456239274331946,0.42153803579993065,-0.78680176044149,-0.07960122664408852,-0.0517001360452794,3551,520,0.41453111799493103,0.4185750419207935,-0.43075358171428957,-0.07119170919064381,-0.055457759187869604,0.4313979227988287,False,True,0.33332377710586014,False
points,ref_0.35-0.50 & home,2775,628,0.4183783783783784,0.4201279900090872,-0.1540096576825411,-0.06832719485026102,-0.06052460223073015,2374,520,0.4123841617523168,0.41655730943844493,-0.34577374596541893,-0.07294754354187503,-0.05583782005495599,0.8776021207097016,False,True,0.36475637860089594,False
points,ref_0.35-0.50 & away,2685,630,0.40037243947858475,0.4190135605419683,-1.6434057073477524,-0.1064770900893472,-0.03277101936653562,2217,520,0.41948579161028415,0.41527687824527654,0.35396300680785786,-0.052145210386862116,-0.06895422129688883,0.10029902006077776,False,False,0.6383166964842608,False
points,ref_0.35-0.50 & b2b,812,153,0.37807881773399016,0.41807135759639813,-1.8134563395342296,-0.15238493906642836,0.003649570386649283,753,160,0.4116865869853918,0.41415363857874976,-0.1185526695667777,-0.06750764869533946,-0.057908011241592686,0.06976146676071171,False,True,0.4528148825083649,False
points,ref_0.35-0.50 & opp_allows_many,1183,241,0.4167371090448014,0.42101097285603045,-0.24295104215171773,-0.07711729502946066,-0.05780890179796306,653,143,0.4211332312404288,0.4170903741514231,0.18526428492172498,-0.0515483495539609,-0.06790508696819832,0.8080433239402257,False,False,0.5734891252110326,False
points,ref_0.35-0.50 & opp_allows_few,1228,247,0.3982084690553746,0.41806731413560555,-1.2041908831343635,-0.10999631820098367,-0.03132364684676728,911,195,0.42151481888035125,0.4153870487811623,0.3430751916292607,-0.05701968381088379,-0.07665041405688978,0.22851580891667922,False,False,0.634229053009058,False
points,ref_0.35-0.50 & game_total_high,1437,173,0.4175365344467641,0.4199526809054075,-0.15158286974330276,-0.07036362069821137,-0.05990244699702019,1849,210,0.41644131963223363,0.414668824467302,0.13002491817881348,-0.05649399493838802,-0.06417586459609403,0.8795159452284769,False,False,0.5517266439068469,False
points,ref_0.35-0.50 & game_total_low,1731,186,0.3951473136915078,0.41784583535415,-1.813821216497195,-0.11673941769619975,-0.027039739601873572,814,91,0.44226044226044225,0.4162613539329118,1.2379006795601117,-0.0021826543892665257,-0.10386557049761244,0.0697052549966192,False,False,0.8921235548300455,False
points,ref_0.35-0.50 & early_gp<5,804,153,0.43407960199004975,0.4221576603931218,0.5937221537533507,-0.03617893247322891,-0.08158562312544666,4,4,0.25,0.39681146740066375,-0.6103820935080856,-0.3375,0.19926126505073866,0.5526979631881016,False,False,0.7291956364456149,False
points,ref_0.35-0.50 & books<=3,3999,563,0.398849712428107,0.41705671076974393,-1.9699657445683525,-0.10721393279966335,-0.03483961674679283,4591,520,0.41581354824656935,0.4159389875139722,-0.014959552096053002,-0.0629020692215388,-0.06217174764227141,0.04884229662496343,False,True,0.4940322247601255,False
points,ref_0.50-0.65 & avg_above_line_0-0.5,2173,547,0.5623561895996319,0.5563766563983877,0.4706584323434785,-0.05213138400892912,-0.07512431486305716,2465,518,0.5716024340770791,0.5597307270777463,1.0018400657761986,-0.04164982276376377,-0.08674220929037027,0.6378846729639494,False,True,0.15821042151952458,False
points,ref_0.50-0.65 & avg_above_line_0.5+,912,438,0.6140350877192983,0.5944336537813104,1.0881775585789795,-0.028224512095025363,-0.10313666611713805,489,298,0.6359918200408998,0.6081243610709105,1.2026068619625967,-0.02011844331543424,-0.1316625585587893,0.27651672974151387,False,True,0.11456424550984956,False
points,ref_0.50-0.65 & hot_l5,692,381,0.5939306358381503,0.5619932429625213,1.5319501170568075,-0.008378844016052083,-0.13121739660756732,824,404,0.5691747572815534,0.5640750996479533,0.2614541612629226,-0.05234726048137627,-0.06990638153424096,0.1255347447805691,False,True,0.3968711471900837,False
points,ref_0.50-0.65 & cold_l5,707,355,0.5572842998585573,0.5663003019505897,-0.4296177763863231,-0.07915464719738767,-0.04488257106469702,683,374,0.5856515373352855,0.5626426158666162,1.1411299403505724,-0.025768077744048053,-0.11616544372712541,0.6674737038875334,False,False,0.8730920732322701,False
points,ref_0.50-0.65 & toi_up,331,222,0.5347432024169184,0.5602376122462431,-0.8543542475135152,-0.09863147857661113,0.0026661390404043254,391,265,0.5831202046035806,0.5673471308233682,0.5965393877589024,-0.033741350550877736,-0.09245214364324113,0.39290873823310135,False,False,0.7245925253932843,False
points,ref_0.50-0.65 & hitrate_hi,1297,439,0.5790285273708559,0.5845520444685364,-0.34435752515172796,-0.07217991393797814,-0.052084466795704935,1244,477,0.6053054662379421,0.5918900377181376,0.8852933732222878,-0.04001715486606786,-0.09225047174152415,0.7305774276918703,False,False,0.8120007884213687,False
points,ref_0.50-0.65 & hitrate_above_mkt,589,312,0.5466893039049237,0.5742431704068849,-1.1911288789252243,-0.10758596508737281,-0.001002102535669648,221,182,0.5610859728506787,0.5607154390881414,0.010637909360498908,-0.05604525761787587,-0.05251820477512145,0.2336029943307153,False,False,0.5042438317765446,False
points,ref_0.50-0.65 & defense,486,396,0.5720164609053497,0.5523902255054804,0.8705432663994903,-0.028168155402363164,-0.10287588173890692,423,341,0.6193853427895981,0.5570689696248772,2.6356343669432927,0.042836787717971114,-0.19700045145901376,0.38400358533573675,False,True,0.004199008446568233,False
points,ref_0.50-0.65 & forward,3260,631,0.5760736196319018,0.567358784507812,0.8328851520862943,-0.04753892938246797,-0.08112925434349355,2567,520,0.5753798208024932,0.5688941147175967,0.5665411971103467,-0.051615118998783155,-0.07675022366782779,0.40490950434531237,False,True,0.2855129678785746,False
points,ref_0.50-0.65 & home,1966,629,0.5737538148524923,0.5669358843376994,0.48615646114869043,-0.05104573226555762,-0.07765740898445261,1532,496,0.5757180156657964,0.5695795650691612,0.4135116734814659,-0.052454896155433105,-0.07662224975340008,0.6268562380517303,False,True,0.33961588576923735,False
points,ref_0.50-0.65 & away,1780,618,0.5775280898876405,0.5637389542040525,0.9671634633290335,-0.038376811055229096,-0.09090145034913703,1458,498,0.5877914951989026,0.5647431227334971,1.4632823747719184,-0.023330005730487696,-0.11177210459551978,0.33346232387637764,False,True,0.0716950642489812,False
points,ref_0.50-0.65 & b2b,558,152,0.557347670250896,0.5665574247365089,-0.37614334216532636,-0.0782313057981917,-0.04378336582886421,503,156,0.5864811133200796,0.5642969465371352,0.8106552777612123,-0.024963094820794368,-0.11072233832614758,0.7068103338850105,False,False,0.7912181685970564,False
points,ref_0.50-0.65 & opp_allows_many,838,241,0.5775656324582339,0.568038311759918,0.44760835225225876,-0.04782635855245277,-0.08673338803868581,442,140,0.5859728506787331,0.5697865583446048,0.5606488294359815,-0.030292771289427638,-0.08996553151758484,0.6544358742520233,False,True,0.2875184785135323,False
points,ref_0.50-0.65 & opp_allows_few,812,243,0.583743842364532,0.565818809222824,0.7999434149666113,-0.030622034916314857,-0.09786542429779152,599,185,0.5709515859766278,0.565268092623622,0.23956667831473322,-0.051249803176210106,-0.07134656733135016,0.4237435823212008,False,True,0.40533309971597836,False
points,ref_0.50-0.65 & game_total_high,1100,173,0.5836363636363636,0.5670670291154941,0.879509078648323,-0.03571279801192161,-0.1001064756334097,1306,210,0.5918836140888208,0.5687307319214864,1.347567466225505,-0.023787534888887508,-0.11349511225686694,0.379125312811054,False,True,0.0888987702049937,False
points,ref_0.50-0.65 & game_total_low,1017,186,0.5703048180924287,0.5641953598201096,0.3073224522518969,-0.04855444753270028,-0.07054127657757864,462,91,0.6060606060606061,0.5655558891062826,1.5783920734831114,0.004290417805898177,-0.15288577265995026,0.7585979476373483,False,True,0.05723778253576093,False
points,ref_0.50-0.65 & early_gp<5,499,111,0.5571142284569138,0.5618896015967852,-0.19316980297729833,-0.07047287513176481,-0.052681319369805045,4,4,0.5,0.6133812610473329,-0.4406964580165599,-0.2325897325897326,0.2250000000000001,0.8468259870486157,False,True,0.3297163805791744,False
points,ref_0.50-0.65 & books<=3,2670,471,0.5681647940074906,0.5660184128487568,0.17423214714671273,-0.057560539196558264,-0.06521854495233825,2990,520,0.5816053511705686,0.567221192853309,1.3111851409037538,-0.038252859286011555,-0.09376221241554407,0.8616830221369032,False,True,0.09489761062920149,False
points,avg_below_line_0-0.5 & hot_l5,721,385,0.42302357836338417,0.39969096242337676,1.225991153978004,-0.0077010383912779175,-0.1007321203726248,879,424,0.3742889647326507,0.38475409354318285,-0.6064960158266467,-0.09062024929718147,-0.04649330634355366,0.22020200393787992,False,False,0.7279072863943195,False
points,avg_below_line_0-0.5 & cold_l5,803,405,0.386052303860523,0.38699070747163083,-0.05325545796714454,-0.06026170769325366,-0.059100043874776444,907,410,0.360529217199559,0.3603825757397486,0.00905120721330258,-0.0634478760390221,-0.062305461086398596,0.9575283691998805,False,False,0.5036108599431,False
points,avg_below_line_0-0.5 & hitrate_lo,1853,472,0.38100377765785215,0.3822582392258768,-0.10079376015022451,-0.06348230460487057,-0.06028905482598609,2472,517,0.3717637540453074,0.37040737705901905,0.1283015006991723,-0.05869142196468852,-0.06340911008972,0.919714180294216,False,False,0.551044811231924,False
points,avg_below_line_0-0.5 & hitrate_below_mkt,698,360,0.4040114613180516,0.4122365579879846,-0.41040874498443664,-0.08645916006266739,-0.05309505151582989,352,255,0.4346590909090909,0.41674554797364927,0.6437020527786732,-0.01845158239054525,-0.08920636633761508,0.6815061323462182,False,False,0.7401156707331342,False
points,avg_below_line_0-0.5 & defense,841,459,0.3816884661117717,0.3728738579959268,0.5347097440888094,-0.034052981748116454,-0.07444555456865022,988,453,0.3441295546558704,0.3472284041732869,-0.19945232067671623,-0.07142442379767341,-0.057351182502397534,0.5928505824757657,False,False,0.5790455317219418,False
points,avg_below_line_0-0.5 & forward,1826,543,0.39978094194961666,0.4012318569029263,-0.11506477436780131,-0.06711294508579137,-0.060956501118280014,1860,511,0.3860215053763441,0.3866769483949164,-0.05473642134562642,-0.06299453447818833,-0.06034385027309078,0.9083937803905286,False,True,0.47817422640324686,False
points,avg_below_line_0-0.5 & home,1425,515,0.40280701754385967,0.3981854930663008,0.314550038068063,-0.04948843640770996,-0.06999132631809545,1569,500,0.38559592096876993,0.37952605458288163,0.4382724469651984,-0.04314556715437847,-0.06965854581458253,0.7531033186061488,False,True,0.3305943983939331,False
points,avg_below_line_0-0.5 & away,1242,494,0.38405797101449274,0.38552492565204444,-0.09647447025403755,-0.06494828783883597,-0.05972434978335596,1279,482,0.35418295543393274,0.36497608107678714,-0.741276664886495,-0.0938559577609944,-0.046605372507613464,0.923143749118585,False,True,0.22926285372666544,False
points,avg_below_line_0-0.5 & b2b,398,130,0.3442211055276382,0.3917210966411975,-1.7937410567702259,-0.1752166534669828,0.013100871762328528,435,145,0.3471264367816092,0.3660474775405296,-0.725851275222679,-0.10544312214472681,-0.03187806754446452,0.07285450888247084,False,True,0.23396497466201882,False
points,avg_below_line_0-0.5 & opp_allows_many,704,223,0.3934659090909091,0.39715912507399787,-0.17666126412771008,-0.07091277734326179,-0.058370318209079564,450,138,0.39555555555555555,0.3798848671171875,0.5796656190900144,-0.022051906774297494,-0.0839877643845333,0.8597744689813664,False,False,0.718929933633302,False
points,avg_below_line_0-0.5 & opp_allows_few,641,221,0.3962558502340094,0.3918433515346417,0.21422246360772185,-0.05061392218892953,-0.07052967025966102,504,181,0.3611111111111111,0.3689178175721759,-0.3402636831287762,-0.08786746756878903,-0.052514585798677134,0.8303735792542026,False,False,0.6331710180813137,False
points,avg_below_line_0-0.5 & game_total_high,745,160,0.38791946308724834,0.3918611326405275,-0.18848151558897555,-0.07547095068152979,-0.05882711497984107,1064,209,0.375,0.3702527644705859,0.2848995406217379,-0.04459572308176897,-0.06671546008029891,0.8504992042589139,False,False,0.6121394460319315,False
points,avg_below_line_0-0.5 & game_total_low,870,165,0.3896551724137931,0.39088554756156424,-0.0736507020800937,-0.0637315474971439,-0.06124947414715734,591,91,0.40609137055837563,0.3761662154757386,1.300447483836162,0.0015168095452875651,-0.11103219383556158,0.9412883262307535,False,False,0.9032761777862741,False
points,avg_below_line_0-0.5 & books<=3,2218,495,0.38277727682596935,0.385098398253046,-0.19919706942202647,-0.0671237056615912,-0.05878150664973637,2848,518,0.3714887640449438,0.37299184948657027,-0.14855263738455798,-0.06591894832918949,-0.059305663560504776,0.8421085917504334,False,True,0.44095332404936605,False
points,avg_above_line_0-0.5 & hot_l5,1152,439,0.4765625,0.48647062708607436,-0.6600582224194785,-0.09054576282707677,-0.04932400257991536,1509,475,0.4923790589794566,0.4935998868371687,-0.0874393073733324,-0.06510869619549771,-0.06145435057888222,0.5092164671265957,False,True,0.4651611631225559,False
points,avg_above_line_0-0.5 & cold_l5,1234,453,0.4708265802269044,0.4802217045525115,-0.6254693043177261,-0.08702525241491883,-0.049013931332230365,1490,489,0.4818791946308725,0.4712197870233335,0.7711544526010359,-0.048178914527250205,-0.08667983329540553,0.5316630885580884,False,False,0.7796923060261862,False
points,avg_above_line_0-0.5 & toi_up,535,318,0.47289719626168225,0.48522761613745563,-0.5195480758633017,-0.08374883747120611,-0.035526073851616824,694,376,0.47982708933717577,0.5000252128569225,-1.0732537535443247,-0.109480295156249,-0.030008175096341624,0.6033785964528056,False,True,0.14157863934352805,False
points,avg_above_line_0-0.5 & hitrate_hi,863,403,0.5168018539976825,0.5420780248831755,-1.3186012594624135,-0.1066786872387407,-0.009777475933637132,898,437,0.579064587973274,0.5779258076326312,0.06484190420722984,-0.057764663871897576,-0.06008082786039212,0.18730245243770216,False,False,0.5258500615497199,False
points,avg_above_line_0-0.5 & hitrate_lo,511,300,0.410958904109589,0.4339319532634126,-1.0279890213676963,-0.11199009250086266,-0.02001736933441796,534,357,0.4157303370786517,0.41109901297460666,0.20976995192087008,-0.04743671922709473,-0.06771025171543987,0.30395499200901666,False,False,0.5830763869203633,False
points,avg_above_line_0-0.5 & hitrate_above_mkt,769,360,0.3966189856957087,0.45054228603019286,-3.025988324180639,-0.180999947813105,0.02980168646048412,516,302,0.43992248062015504,0.4390622921119247,0.03712203229137112,-0.0723045876168951,-0.06864224519356213,0.002478218723015413,True,False,0.5148061475470866,False
points,avg_above_line_0-0.5 & defense,1119,520,0.45933869526362825,0.45911985382758635,0.014121258809630818,-0.07216109101270418,-0.06845342911679991,1050,487,0.48857142857142855,0.4533201885412423,2.4242012254701675,-0.00029420459124417895,-0.1339160700431881,0.9887332400686116,False,True,0.007671050887230345,False
points,avg_above_line_0-0.5 & forward,3913,556,0.4827498083312037,0.4908998638116803,-0.8942909004036104,-0.08147402019687362,-0.049302621147311175,4393,520,0.49214659685863876,0.4951707871815657,-0.3432731982693913,-0.06927913694611065,-0.05676484193170893,0.37116626735764136,False,True,0.3656964709282611,False
points,avg_above_line_0-0.5 & home,2542,548,0.496066089693155,0.4920653695209945,0.33308604760043875,-0.05901568475610352,-0.07331206366317965,2710,520,0.4900369003690037,0.4965499045499212,-0.5469450152113114,-0.07636502256035117,-0.04929181860976654,0.7390693310302782,False,False,0.7077917459050165,False
points,avg_above_line_0-0.5 & away,2490,550,0.45863453815261046,0.47542815831558477,-1.3663532932555786,-0.10021615711789854,-0.03339810357402613,2733,520,0.49286498353457736,0.47772456082204034,1.309819290107232,-0.0357493422197288,-0.09381595159856478,0.17182810121078484,False,False,0.9048715120936148,False
points,avg_above_line_0-0.5 & b2b,787,141,0.45870393900889456,0.48196858895876316,-1.0366633275040649,-0.10922410022821001,-0.01765716154084067,943,159,0.5058324496288441,0.479466687304923,1.220576152709056,-0.006375185442756002,-0.10993626565655788,0.29989278864679203,False,False,0.8888767299784113,False
points,avg_above_line_0-0.5 & opp_allows_many,1201,239,0.4954204829308909,0.4922305025248181,0.1865256576248689,-0.05565550858332261,-0.0670807109105131,750,143,0.5066666666666667,0.4961045238122851,0.5076785377879265,-0.04698130708930825,-0.0851635376674363,0.8520325600323378,False,True,0.30583940110187724,False
points,avg_above_line_0-0.5 & opp_allows_few,1278,243,0.4726134585289515,0.47747977331317887,-0.2913447682120956,-0.07746499237504616,-0.057180214778875575,1128,195,0.4804964539007092,0.47834794373588463,0.12558240033950974,-0.06331964010418938,-0.0676467020899658,0.7707876516201572,False,False,0.5499687524290366,False
points,avg_above_line_0-0.5 & game_total_high,1446,161,0.487551867219917,0.4827082376669814,0.29895871105890004,-0.05790278214766023,-0.07588333536487471,2371,210,0.4964150147617039,0.48387708980719507,1.0011657997372798,-0.037200310707534816,-0.08579444353077903,0.7649715493801218,False,True,0.15837332895422435,False
points,avg_above_line_0-0.5 & game_total_low,1554,165,0.46653796653796653,0.4834291667599189,-1.1342136014026696,-0.09931926220132109,-0.03234773419522082,826,91,0.5060532687651331,0.4917351924918847,0.6983933493194929,-0.039834943377307024,-0.09444833279130296,0.25670496002360044,False,False,0.7575343827823566,False
points,avg_above_line_0-0.5 & books<=3,4269,500,0.4724759896931366,0.48421555548414635,-1.2521508701288744,-0.09129330109832984,-0.04433029149873633,5443,520,0.49145691714128237,0.48709745839737695,0.5302281551081613,-0.055971369359741036,-0.07164795593447452,0.2105148942923556,False,False,0.7020231238339764,False
points,avg_above_line_0.5+ & hitrate_hi,837,384,0.6129032258064516,0.6085312986056445,0.23604041813185672,-0.055727231822182116,-0.07274074146806335,606,359,0.641914191419142,0.6255555552164846,0.7864318755321543,-0.038210114924362305,-0.10362006661058945,0.8134013070015327,False,True,0.2158072576309481,False
points,avg_above_line_0.5+ & hitrate_above_mkt,470,284,0.5765957446808511,0.5971264165963727,-0.8249977863694354,-0.09395701327657477,-0.010088045874787191,111,103,0.5585585585585585,0.5937939071568191,-0.7155569031818231,-0.12202259994282656,0.013728456591007568,0.4093728474470111,False,True,0.23713249639595446,False
points,avg_above_line_0.5+ & forward,1124,473,0.6094306049822064,0.599244690674542,0.621376691433464,-0.044268473733165246,-0.08275409978707154,556,337,0.6348920863309353,0.6221054131015524,0.5882760776880066,-0.04228490142055489,-0.09166855545339271,0.5343518044516409,False,True,0.27817349996628227,False
points,avg_above_line_0.5+ & home,576,355,0.6163194444444444,0.6008836093159798,0.6577364059155354,-0.033439446276174636,-0.09307709175257367,285,216,0.6807017543859649,0.6273888153924836,1.8274741326543968,0.017259076626694094,-0.1955758992675227,0.510707524537632,False,True,0.03381425601554716,False
points,avg_above_line_0.5+ & away,623,367,0.5987158908507223,0.5921055402901002,0.3166247974886045,-0.05365939372899341,-0.07874730074797164,383,263,0.6057441253263708,0.6172603672935136,-0.4155699950378806,-0.08011364350640864,-0.03461141763297598,0.7515283174886782,False,False,0.6611376567309684,False
points,avg_above_line_0.5+ & opp_allows_many,307,164,0.6514657980456026,0.6034417477840365,1.6719323760036977,0.011273555458362387,-0.18185196834923534,96,69,0.5520833333333334,0.620248807067952,-1.3672947700693203,-0.16713075534845911,0.10431593519928917,0.09453765765879434,False,False,0.9142335348332264,False
points,avg_above_line_0.5+ & opp_allows_few,310,166,0.5838709677419355,0.5911937736743139,-0.22436742511399949,-0.07317722889466943,-0.043155543004075904,157,104,0.6242038216560509,0.617532732643641,0.14890338752600837,-0.049496582137911735,-0.07103658487135443,0.8224714155557641,False,False,0.5591850659211517,False
points,avg_above_line_0.5+ & game_total_high,448,151,0.6183035714285714,0.6007488029022562,0.6764548077148769,-0.03267975585181079,-0.09883608318670767,300,162,0.6433333333333333,0.6186268509740634,0.8491674460646819,-0.02716597494343832,-0.12697000486086102,0.4987519296025157,False,True,0.1978940624169236,False
points,avg_above_line_0.5+ & books<=3,880,391,0.6011363636363637,0.6056365643603008,-0.24382499700760868,-0.06501019849199977,-0.045546097462128454,668,363,0.6377245508982036,0.6215816363177747,0.8067711184114728,-0.038569893150219595,-0.10328638359981102,0.8073663596831973,False,False,0.7901008191586026,False
points,hot_l5 & toi_up,300,213,0.43666666666666665,0.4511679100556042,-0.46268253304116247,-0.0914963968735818,-0.034804093348150315,602,336,0.4368770764119601,0.45065913360353593,-0.6366739431997309,-0.10221099181850972,-0.04483304396750163,0.6435919401732049,False,True,0.2621686248035692,False
points,hot_l5 & hitrate_lo,683,358,0.40263543191800877,0.4015315107279115,0.056723262635950955,-0.05431697121089901,-0.0611035464812169,1012,440,0.37549407114624506,0.39019156675028727,-0.8996022611663198,-0.10049930207412161,-0.03972003892975326,0.9547656429431296,False,False,0.8158340232746655,False
points,hot_l5 & hitrate_below_mkt,342,240,0.45614035087719296,0.4595943650448618,-0.12410988741819148,-0.0692035515623332,-0.05284159414090911,271,206,0.47232472324723246,0.46334080436694475,0.2966463785521916,-0.04677569743923229,-0.07685534048071699,0.9012282696619696,False,False,0.6166317506070171,False
points,hot_l5 & defense,550,350,0.45454545454545453,0.4324682748358978,1.0406427758889374,-0.013790099127900603,-0.1026444688380137,627,367,0.4226475279106858,0.42336273743786157,-0.03548872095201173,-0.06853183878908771,-0.06359847195680025,0.2980413706479028,False,False,0.5141549799561428,False
points,hot_l5 & forward,1487,483,0.47276395427034296,0.47442551258886156,-0.12428380949804661,-0.07058664728332295,-0.06257106909753968,1915,501,0.46579634464751957,0.4737782589498902,-0.6507350204073105,-0.08022961050469937,-0.04836177573215155,0.9010905660550379,False,True,0.25760877625126466,False
points,hot_l5 & home,1031,432,0.489815712900097,0.46849572718830984,1.3154937295148597,-0.021900758351943547,-0.10570213095535752,1309,446,0.453781512605042,0.4634503823915364,-0.6425630845716503,-0.08170793885563794,-0.04407744917757258,0.18834402335730038,False,False,0.7397461784946727,False
points,hot_l5 & away,1006,428,0.44532803180914515,0.4575638107835322,-0.6954586112157086,-0.08943063336957531,-0.040277078125224075,1233,445,0.45660989456609896,0.4591056380470865,-0.15230827037716013,-0.07271165861737812,-0.060658281809036076,0.48676794047042504,False,True,0.4394719011032753,False
points,hot_l5 & b2b,335,113,0.4298507462686567,0.46290230470290455,-1.0125843674118324,-0.13113119600482015,-0.004409741732113871,414,133,0.43719806763285024,0.46413951367319944,-0.9529818678259313,-0.12336386519640875,-0.020964909931926363,0.31125872986264436,False,True,0.17029962890311223,False
points,hot_l5 & opp_allows_many,480,187,0.49583333333333335,0.4686365480067689,1.0649772646521172,-0.004688775654603113,-0.11087746223354429,365,126,0.4520547945205479,0.46711892317647485,-0.5260283716781285,-0.07324427893268474,-0.019459152940987757,0.2868862182779479,False,False,0.70056575277913,False
points,hot_l5 & opp_allows_few,502,191,0.4342629482071713,0.45913842909231495,-1.0570169647458285,-0.11592741668287523,-0.017431586233290084,489,169,0.4621676891615542,0.4606140489767142,0.06420069585125981,-0.07593097498191723,-0.07735913042061521,0.2905038450260218,False,False,0.5255947883346899,False
points,hot_l5 & game_total_high,668,152,0.4655688622754491,0.46748482330081526,-0.08738891201049866,-0.07063858243399025,-0.06451793687717426,1029,207,0.4499514091350826,0.466218678385316,-0.936252688103603,-0.09194622681782562,-0.030804279419833377,0.9303623825945023,False,True,0.1745715506909194,False
points,hot_l5 & game_total_low,593,152,0.4300168634064081,0.4578022231631987,-1.3512734021866515,-0.11793586866815296,-0.010569717403598612,467,90,0.4689507494646681,0.4536530085050674,0.6206606952931188,-0.03314006204526952,-0.09178952612085282,0.17660786891908864,False,False,0.7325885522693399,False
points,hot_l5 & books<=3,1763,451,0.46001134429948953,0.4613116374077303,-0.10063887648713055,-0.0680290943190472,-0.06254709964826397,2542,513,0.45515342250196694,0.46134295919062895,-0.5541063977028046,-0.07734428286280774,-0.05212000096144138,0.9198371343840608,False,True,0.28975301597959824,False
points,cold_l5 & hitrate_hi,362,235,0.5828729281767956,0.5843255255450258,-0.05145120663411575,-0.06612511975488856,-0.061653335759959134,329,239,0.5987841945288754,0.5909610676933195,0.2731894040960961,-0.046174564699017824,-0.07293236720562356,0.958965981781375,False,False,0.6076461876966126,False
points,cold_l5 & hitrate_lo,809,383,0.3683559950556242,0.38605370419507107,-1.02134768477103,-0.10514592335422686,-0.03390316362229182,949,426,0.37302423603793466,0.3628693243227492,0.6347570214939835,-0.03987338526344795,-0.07768628589065978,0.3070897418023526,False,False,0.7372065510849776,False
points,cold_l5 & hitrate_below_mkt,367,244,0.40599455040871935,0.43957810336588454,-1.2827907085849979,-0.13485335054295117,-0.0002019712491627817,96,80,0.5208333333333334,0.42807425832423673,1.6695953681301479,0.1589174017483037,-0.2070782282538756,0.19956541019924712,False,False,0.9525002762725994,False
points,cold_l5 & defense,511,343,0.4246575342465753,0.4035111136028492,1.0034289989020622,-0.022753562286002796,-0.103487123558913,676,387,0.378698224852071,0.3842152579520665,-0.28294763607038803,-0.08577234613244526,-0.05984420911614379,0.3156539182598055,False,False,0.611391511173339,False
points,cold_l5 & forward,1776,498,0.46114864864864863,0.47310843654610596,-0.8875168224193857,-0.08932735410222843,-0.0423881637931206,1865,504,0.4697050938337802,0.4586245293112822,0.9058053892587169,-0.04154246427000569,-0.08299587559481492,0.37480071329289133,False,False,0.8174805659936195,False
points,cold_l5 & home,1219,441,0.4593929450369155,0.46293922672457094,-0.2270846439157089,-0.06891165692732677,-0.05308436889042833,1304,462,0.45858895705521474,0.44339788472193126,1.0064300081010453,-0.027147404612148283,-0.08867314918804035,0.8203579245362873,False,False,0.842895617681533,False
points,cold_l5 & away,1068,442,0.44569288389513106,0.45141558518697406,-0.3435364084760177,-0.08077634964353352,-0.059413345840594205,1237,467,0.4316895715440582,0.4340124655325303,-0.15414574598806213,-0.08088810528282317,-0.06435910008539886,0.7311949554859177,False,True,0.4387474096033059,False
points,cold_l5 & b2b,361,116,0.4293628808864266,0.4598059667073937,-0.9547029534689764,-0.12275840129208243,-0.00613264347480324,435,141,0.45517241379310347,0.434638967550371,0.853011257371576,-0.017833063492105315,-0.09726223155355045,0.33972793587243333,False,False,0.8031734692785649,False
points,cold_l5 & opp_allows_many,635,205,0.4566929133858268,0.465776117278651,-0.4158852848539311,-0.09627814455947203,-0.05778778481553106,372,128,0.4596774193548387,0.4390373064083331,0.7262331955906072,-0.04037045302956765,-0.10830527843068072,0.6774939477748461,False,False,0.7661520874804582,False
points,cold_l5 & opp_allows_few,499,191,0.44288577154308617,0.4536816206177997,-0.44521731280255916,-0.08292052967018151,-0.043317756366788286,511,178,0.4520547945205479,0.4371990175251428,0.5878110881679187,-0.024497656955020503,-0.08173317136507917,0.6561627164744939,False,False,0.7216704496853574,False
points,cold_l5 & game_total_high,672,152,0.46130952380952384,0.46204840403660963,-0.03085604821035759,-0.07803734736648764,-0.07004690764004302,1024,207,0.4609375,0.4387132784632389,1.4150402016325476,-0.02150701426707724,-0.10651246933284363,0.9753843416646554,False,False,0.9214716453537722,False
points,cold_l5 & game_total_low,714,156,0.4411764705882353,0.4480570327060676,-0.3668416440327902,-0.07174513003642645,-0.045791462057429524,433,90,0.45958429561200925,0.4326955534485956,1.1879517860553688,-0.015875840952887958,-0.12051662828547452,0.7137371424457981,False,False,0.8825737972927136,False
points,cold_l5 & books<=3,2053,461,0.44471505114466636,0.4571178170040133,-1.0007844514778537,-0.09179761483262845,-0.04236072038130008,2541,512,0.4454939000393546,0.43882891048450934,0.6489317916664522,-0.05330924905513326,-0.0768366758547198,0.3169310281781085,False,False,0.74180876769248,False
points,toi_up & hitrate_lo,322,233,0.422360248447205,0.40577831160286065,0.5594373520795332,-0.018619920867572217,-0.08371719492368392,715,366,0.4111888111888112,0.3918133761882862,0.9425965937201347,-0.01379505261875434,-0.09083117038492676,0.5758632755525015,False,True,0.17294364139915014,False
points,toi_up & forward,667,344,0.4587706146926537,0.47726335589812935,-0.8472145958389171,-0.09362280819186608,-0.019362927297735217,1035,419,0.4454106280193237,0.4650149741329621,-1.2003975180111468,-0.10234794146137623,-0.02726530980578295,0.39687551943238375,False,True,0.1149924961776786,False
points,toi_up & home,456,279,0.4824561403508772,0.47223004962708653,0.376255418877244,-0.03609881911087903,-0.07635115052078732,739,364,0.44248985115020295,0.4531762815241317,-0.540221189692666,-0.075059452762595,-0.03698837670174652,0.7067270188333852,False,False,0.7054777494166771,False
points,toi_up & away,452,256,0.4336283185840708,0.45801362303863247,-0.9449217680343756,-0.1016448810625359,-0.004252785169504312,728,352,0.46016483516483514,0.44688132323096774,0.6621542700533701,-0.04762490034768743,-0.09740729824658349,0.34469881734837016,False,False,0.746063820911291,False
points,toi_up & books<=3,877,371,0.45153933865450396,0.46501446589646966,-0.6901921861206026,-0.08176638804252813,-0.028631837094115636,1467,463,0.4512610770279482,0.45005240310734684,0.08737734925463421,-0.06144503275028914,-0.06697131800007053,0.49007333656173857,False,False,0.5348142134084911,False
points,toi_down & forward,386,248,0.5,0.47369230958480374,0.99299202305462,-0.005646677298471361,-0.10703602112995805,743,366,0.4266487213997308,0.45545898933604284,-1.4560638345938548,-0.13163692979334304,-0.016299056065895105,0.32071384188680163,False,False,0.9273125130212978,False
points,toi_down & books<=3,501,286,0.46506986027944114,0.454266673170582,0.4543569452644778,-0.05240058891230892,-0.0866167674303531,1022,422,0.41291585127201563,0.4345842978500001,-1.2958920753435261,-0.11694380186994151,-0.027496285768221333,0.649571935748247,False,False,0.9024936650828426,False
points,hitrate_hi & forward,1532,453,0.566579634464752,0.5797263459207048,-0.9009400931612013,-0.08545250950872531,-0.035076774525892425,1343,494,0.5934475055845123,0.5967105283924691,-0.2271304462329744,-0.06693872152525147,-0.0532355211528455,0.36762017250361223,False,True,0.4101611549904425,False
points,hitrate_hi & home,820,382,0.5682926829268292,0.5817753902491382,-0.6580226356584615,-0.08504140141849324,-0.03331379185071718,709,386,0.614950634696756,0.6049354648701413,0.5175135009349285,-0.04627056557212569,-0.08570652692655513,0.5105235861781298,False,False,0.6976011265977462,False
points,hitrate_hi & away,882,382,0.5589569160997733,0.5678495629068557,-0.4827623881636611,-0.0804687652596771,-0.04649064855103037,795,419,0.5949685534591195,0.5901443988960533,0.24183900262596483,-0.05310964378678046,-0.07041561785373804,0.629264459492487,False,False,0.5955475419852612,False
points,hitrate_hi & opp_allows_many,431,168,0.6009280742459396,0.5826079812609901,0.7042553043029617,-0.03713730156274702,-0.11282951724288254,196,107,0.5561224489795918,0.6041070449184841,-1.2922834378499743,-0.13626436375700454,0.05390500244818099,0.4812737954305899,False,False,0.9018704972815738,False
points,hitrate_hi & opp_allows_few,419,174,0.5465393794749404,0.5690455218264299,-0.7669633780831868,-0.09814054419304323,-0.009937307468916313,328,159,0.5823170731707317,0.5916659209141173,-0.3142135300863696,-0.07517815594277118,-0.03453485928331539,0.4431032897110546,False,True,0.37667943359690925,False
points,hitrate_hi & game_total_high,617,147,0.5737439222042139,0.5812661095145457,-0.31695498442709763,-0.07658356420278571,-0.050718273246976614,683,203,0.6207906295754027,0.5950305818559338,1.2210937973511475,-0.01951802374385533,-0.11937100960628728,0.7512777596717196,False,False,0.8889747460481208,False
points,hitrate_hi & game_total_low,423,134,0.5839243498817966,0.5703389441519363,0.4645197071806496,-0.04736967618313328,-0.10646978459877082,215,86,0.6558139534883721,0.5992451352600869,1.744724426022907,0.021811357096878252,-0.20630065260205563,0.6422754435499797,False,True,0.040516424684168044,False
points,hitrate_hi & books<=3,1536,420,0.564453125,0.5767731761732786,-0.8168947424550068,-0.08391090175191111,-0.0361681604787763,1504,495,0.6043882978723404,0.5971170490128276,0.5140859787623646,-0.049885636835856104,-0.07762389879298494,0.41398858260981297,False,False,0.6964040600467752,False
points,hitrate_lo & defense,769,400,0.3680104031209363,0.373636396946379,-0.31469491096221847,-0.07474602830085549,-0.054340974630911,1001,456,0.3546453546453546,0.3512590868402284,0.21989669558668604,-0.05464768302907227,-0.0666659743210537,0.7529933085521295,False,False,0.5870241950643138,False
points,hitrate_lo & forward,1679,471,0.3895175699821322,0.3987975872540953,-0.6984608966972562,-0.08297495648445988,-0.04591068768343278,2067,513,0.39283986453797776,0.3887401847321377,0.35062186341154855,-0.04892311197478339,-0.06684122464418883,0.48488900414813485,False,False,0.6370639740103299,False
points,hitrate_lo & home,1328,451,0.3983433734939759,0.3970889313156265,0.0786477039731295,-0.056312204194160845,-0.06249878096966848,1660,502,0.3885542168674699,0.38160619617482655,0.5084556395623318,-0.03977038005712744,-0.07030098376612659,0.9373128427399879,False,True,0.3055669207003784,False
points,hitrate_lo & away,1120,437,0.36428571428571427,0.38354771202164256,-1.2291031677077724,-0.1089393219026075,-0.03203024373565576,1408,500,0.37073863636363635,0.3705042770725747,0.016378009103816316,-0.06378378712297376,-0.06263765524370944,0.21903312764480332,False,False,0.5065335882049466,False
points,hitrate_lo & b2b,361,115,0.31024930747922436,0.3895215323823266,-2.7213521504704037,-0.2464355060219478,0.06815247520160365,485,149,0.3463917525773196,0.3711226563684524,-1.0234861518707077,-0.11662519766684305,-0.02134828691721918,0.006501546098578244,True,True,0.15303902208580983,False
points,hitrate_lo & opp_allows_many,669,199,0.3811659192825112,0.39622394051646126,-0.6555683952933091,-0.0952938794777454,-0.03665803990597888,478,141,0.3891213389121339,0.38119783963214376,0.2942145628094239,-0.03439702823264627,-0.0691040102856591,0.5121018661361404,False,False,0.6157030233231172,False
points,hitrate_lo & opp_allows_few,550,189,0.4090909090909091,0.3900643769870781,0.8610266408534163,-0.013522924261330298,-0.09215163404578396,564,192,0.3723404255319149,0.3731115253726833,-0.03541022834051146,-0.06596423763882277,-0.06129139030045641,0.3892233704538801,False,False,0.5141236856041654,False
points,hitrate_lo & game_total_high,737,148,0.38670284938941657,0.39095867263317285,-0.18424142110265077,-0.07436512006607417,-0.05696624752938795,1119,210,0.38337801608579086,0.3715172814654178,0.7175057209478295,-0.026560392262205062,-0.07729844903031062,0.8538240662916609,False,False,0.7634689461561124,False
points,hitrate_lo & game_total_low,795,145,0.3723270440251572,0.3913474202614427,-1.1003540269383771,-0.10344474956160374,-0.03023091128961876,632,91,0.4177215189873418,0.37967261243849226,1.718986614227541,0.025720567444982807,-0.12249478805251987,0.2711779008485514,False,False,0.9571915953370156,False
points,hitrate_lo & books<=3,2251,457,0.3727232341181697,0.3876102602956014,-1.2443173771164495,-0.09620484267458149,-0.03786754315851894,3068,520,0.38037809647979137,0.37651118245384524,0.387713999348074,-0.05079087456453019,-0.06678404551333542,0.21338277801076488,False,False,0.6508861526698094,False
points,hitrate_above_mkt & forward,1028,380,0.46303501945525294,0.5163573112965834,-3.0560568259730156,-0.17261672746058448,0.03825652468139713,486,296,0.48148148148148145,0.48275196828501643,-0.0534748943207597,-0.06569526961110664,-0.0561325650990163,0.0022426874685246684,True,True,0.47867676672561343,False
points,hitrate_above_mkt & home,529,291,0.45179584120982985,0.4989126757214152,-2.0082410943575884,-0.16109874621568263,0.026760163439831633,239,191,0.4476987447698745,0.4583938562344381,-0.31628988980853767,-0.08998096990264877,-0.049044150070091524,0.044617678082031105,False,True,0.37589124216791653,False
points,hitrate_above_mkt & away,755,340,0.4596026490066225,0.5007565266566283,-2.1403066289469743,-0.15163909849029372,0.0108738057361499,431,264,0.45707656612529,0.45452276259715496,0.10205300554126265,-0.05815133178013589,-0.06381606779005278,0.03232999462175029,False,False,0.5406426988355439,False
points,hitrate_above_mkt & opp_allows_few,364,151,0.4835164835164835,0.5032642432302799,-0.7142555114649334,-0.10726153430964269,-0.027783921595043042,159,98,0.4528301886792453,0.4608027178592711,-0.2004513168650133,-0.09842941234267107,-0.07354732578601192,0.47506919657007185,False,True,0.4205638143689447,False
points,hitrate_above_mkt & game_total_high,467,136,0.4689507494646681,0.5078427886550653,-1.5245369728674518,-0.15040168270063248,0.0026966573747331866,343,162,0.46938775510204084,0.44835534855805437,0.7872686524953553,-0.01889787778499225,-0.10531334731949593,0.12737462819043685,False,False,0.7844376919384072,False
points,hitrate_above_mkt & game_total_low,326,116,0.4754601226993865,0.4930903638162321,-0.5896657155749263,-0.11730102991288473,-0.05071162859443597,65,44,0.47692307692307695,0.4734087709414717,0.058395748001764246,-0.07981085799858828,-0.0798029078962329,0.555414784708212,False,False,0.5232832992011445,False
points,hitrate_above_mkt & books<=3,1158,380,0.459412780656304,0.5001773945054643,-2.527247976687197,-0.15158510480139253,0.011323505011067195,670,343,0.4537313432835821,0.4559036452528425,-0.1072080563606669,-0.06950548627458451,-0.058546682215320334,0.011496029985934854,True,True,0.4573119621083965,False
points,hitrate_below_mkt & forward,754,371,0.45755968169761274,0.4671020766705753,-0.4792508870288651,-0.07547359314215334,-0.03394436791586544,409,281,0.4938875305623472,0.47978224278881326,0.5692699869227921,-0.03280524045203019,-0.08627979350659572,0.6317601568184723,False,False,0.7154135342782293,False
points,hitrate_below_mkt & home,632,337,0.4462025316455696,0.4533313368033465,-0.3248322462662607,-0.07761856579698403,-0.04838152251757748,351,249,0.4586894586894587,0.466176220763912,-0.2686411270568811,-0.08509570340696042,-0.051726842419219196,0.7453080378333554,False,True,0.3941029302250442,False
points,hitrate_below_mkt & away,408,251,0.42401960784313725,0.45010578429645837,-1.0449229169379146,-0.12252917640168264,-0.011759335634680011,192,156,0.5104166666666666,0.44879452934899994,1.632262103389797,0.08859645989742711,-0.15986202252268403,0.29605859710039295,False,False,0.9486878585296663,False
points,hitrate_below_mkt & opp_allows_many,329,153,0.3981762917933131,0.444992562169643,-1.532873018643468,-0.1705752799301965,0.01725207472070697,94,65,0.44680851063829785,0.4695310803062482,-0.4150276581698426,-0.08885071206704666,-0.010259424466385367,0.12530714501003662,False,True,0.3390608280119063,False
points,hitrate_below_mkt & game_total_high,312,126,0.4326923076923077,0.45188639809262665,-0.5587611482669042,-0.10426528239221863,-0.028431068178295462,187,118,0.44919786096256686,0.4563270618548451,-0.1927210952700554,-0.06937738806687324,-0.04343858091633695,0.5763247409981137,False,True,0.4235887007597862,False
points,hitrate_below_mkt & game_total_low,354,124,0.4576271186440678,0.44930856737333413,0.2925222929661312,-0.041949931428007486,-0.07017174005743365,99,66,0.5252525252525253,0.4563416552440285,1.3780575712795435,0.07481511147190117,-0.18582242498808604,0.7698873175805616,False,True,0.08409275694608298,False
points,hitrate_below_mkt & books<=3,914,382,0.4234135667396061,0.4493212492865893,-1.3821870995267453,-0.12164736113613565,-0.016411384761404423,543,333,0.47697974217311234,0.46003020832990993,0.7772311673389181,-0.023679689862867597,-0.08996248621270954,0.16691426012153388,False,False,0.7814888014991802,False
points,defense & home,1217,622,0.42152834839769926,0.4318927030147762,-0.6985084745191119,-0.08771218065766254,-0.04736216171977188,1103,513,0.4460562103354488,0.41887150863661615,1.8012909757426196,-0.010267195713927894,-0.11686042295121479,0.4848592599246503,False,False,0.9641714852679238,False
points,defense & away,1140,618,0.42543859649122806,0.4224576118664914,0.1975786060689999,-0.05611824237933659,-0.06815085567395128,1053,515,0.41500474833808165,0.40674372483719895,0.5572417470440021,-0.056035908922092544,-0.08377353639496976,0.8433747747048012,False,True,0.2886811350891808,False
points,defense & b2b,351,151,0.41025641025641024,0.42303032649482425,-0.47004887075958174,-0.0942288752559291,-0.04075581975545864,355,156,0.4084507042253521,0.40637526439957666,0.07889911611499502,-0.06471445963083383,-0.071361001732959,0.6383201022201457,False,False,0.5314435668552107,False
points,defense & opp_allows_many,524,241,0.4446564885496183,0.4298290540417953,0.646876224599155,-0.03719037485784606,-0.09396613769673146,308,141,0.4383116883116883,0.41662380596084425,0.7197841772638803,-0.01950938520446221,-0.10147785546448614,0.5177120544479553,False,True,0.23582894424259088,False
points,defense & opp_allows_few,531,244,0.4274952919020716,0.4227595601650692,0.21978573961434902,-0.04365164007008957,-0.06471330549298336,427,192,0.42857142857142855,0.4142025716398854,0.6674359761473316,-0.04597426567149717,-0.09893403326272728,0.8260380262342819,False,True,0.2522468462015457,False
points,defense & game_total_high,673,173,0.4457652303120357,0.4346853273267261,0.5291269895756127,-0.04293996091397721,-0.08807046877641297,947,210,0.44456177402323127,0.4142294162471599,1.923276027636212,-0.0006233881298460326,-0.12058901670416308,0.5967173598357609,False,True,0.027222696775370026,False
points,defense & game_total_low,668,186,0.3997005988023952,0.4152949635084261,-0.7633024240375545,-0.09187423914013648,-0.03192177023113908,352,91,0.4431818181818182,0.40657782716362834,1.4493883192033574,-0.01121077225060585,-0.13983301060131834,0.4452830567742563,False,False,0.926385415562425,False
points,defense & books<=3,1733,500,0.4235429890363531,0.42271238858079774,0.06583178298111332,-0.06584779820302628,-0.06796742942131255,2156,520,0.43089053803339517,0.4129482450277171,1.671077553790824,-0.03262083903869477,-0.10070064023149027,0.9475117519530291,False,True,0.04735318016194701,False
points,forward & home,4160,631,0.49254807692307695,0.48642384648939324,0.5809122662757555,-0.05109584175941913,-0.07452452743615902,3512,520,0.4718109339407745,0.47702904472401153,-0.47492264137238815,-0.07003162081227256,-0.050550045816766837,0.5612995848249895,False,False,0.6825789436006887,False
points,forward & away,3980,631,0.4701005025125628,0.47772334930301086,-0.7326369478558907,-0.08237823135449222,-0.051479727146109065,3364,520,0.4765160523186682,0.4722289089057249,0.40411447445333537,-0.05660308994089793,-0.07201930571827563,0.46377988976515916,False,False,0.65693572922667,False
points,forward & b2b,1193,154,0.4543168482816429,0.4838112941638958,-1.496514751322907,-0.1246835285420781,-0.01069539418179725,1152,160,0.4817708333333333,0.47347669812747195,0.4344395703309505,-0.042303095045476344,-0.07493526779136211,0.13451956674573226,False,False,0.6680153659231918,False
points,forward & opp_allows_many,1793,243,0.49079754601226994,0.48713838909098767,0.23310928454287716,-0.056072214159532896,-0.07228186584144473,1008,143,0.4791666666666667,0.4774220966417999,0.0889643583200779,-0.05466765896417934,-0.060085103728814294,0.8156765454678644,False,True,0.46455511785321113,False
points,forward & opp_allows_few,1779,247,0.4772344013490725,0.4807130702793675,-0.22184351530603613,-0.0764937231999566,-0.06133834961322143,1373,195,0.4690458849235251,0.47301376060548983,-0.23673568526568325,-0.07289855036133877,-0.05334266624395245,0.8244357030476097,False,True,0.40643092445276185,False
points,forward & game_total_high,2251,173,0.49133718347401156,0.4876748272386905,0.2562373733197997,-0.060694434062704236,-0.07383601109341484,2816,210,0.48188920454545453,0.47729974994762403,0.39716289979329356,-0.05165171518843557,-0.0704292895353999,0.7977675519433949,False,True,0.3456236693537462,False
points,forward & game_total_low,2450,186,0.4714285714285714,0.475152037162712,-0.30283692900043835,-0.07484120721210438,-0.060552837278144214,1162,91,0.49311531841652323,0.4677740422482453,1.5403765372363156,-0.007900144520560873,-0.11060176375002337,0.7620141387952483,False,False,0.9382657014151676,False
points,forward & early_gp<5,1169,173,0.5004277159965783,0.479842006918246,1.1451706544071925,-0.022562830308989954,-0.10208040445456894,9,8,0.3333333333333333,0.523238229455588,-0.9920032959328504,-0.3644843255954367,0.3913383400225505,0.2521384719828257,False,False,0.8394020411898928,False
points,forward & books<=3,6018,586,0.4659355267530741,0.4783873092254889,-1.4562036941206062,-0.09053222295461481,-0.04079502408027154,6876,520,0.4741128563118092,0.47468063621721734,-0.07654247830023468,-0.06346187417886588,-0.06105362206875572,0.1453363186371779,False,True,0.4694937601406808,False
points,home & opp_allows_many,1249,142,0.5084067253803043,0.47598957112671775,1.5760017318321715,0.004694728355723575,-0.12597316578359435,660,73,0.4893939393939394,0.46766180372156707,0.8804237728558609,-0.01669884621371865,-0.0972257998332459,0.11502540409539336,False,True,0.18931489138138774,False
points,home & opp_allows_few,1227,146,0.46943765281173594,0.4719045414891286,-0.12341484469321559,-0.06874238045854751,-0.059688786827976445,928,107,0.47629310344827586,0.46220341250259084,0.630762025356728,-0.02995319317440541,-0.08270002252820668,0.9017786025710609,False,False,0.735901931655749,False
points,home & game_total_high,1503,173,0.5056553559547572,0.47887216843399244,1.420753993505842,-0.00984645803953179,-0.1155542719866166,1908,210,0.46331236897274636,0.46771455953904784,-0.2766693201852243,-0.0680830009844817,-0.053320421358951015,0.15538828972532231,False,False,0.6089829842291614,False
points,home & game_total_low,1603,186,0.4678727386150967,0.4683566588753497,-0.02853449839775309,-0.06399753493670896,-0.06255020343724832,779,91,0.49550706033376124,0.4519417441815504,1.9697732210157672,0.01845645550165781,-0.1493221341416314,0.9772358534815435,False,False,0.9755678165215589,False
points,home & early_gp<5,749,134,0.465954606141522,0.4753606100910695,-0.385137641359903,-0.07977224565217682,-0.042169151741217874,5,4,0.2,0.4847268353806463,-0.9852395207339015,-0.47000000000000003,0.6745488721804511,0.7001354412011191,False,True,0.16225321612614035,False
points,home & books<=3,3967,557,0.46785984371061257,0.4706883814804011,-0.250453345499812,-0.07159923422452627,-0.059474953451766094,4615,520,0.4656554712892741,0.4631292045713794,0.25578513437511463,-0.055747728963199066,-0.06639844147858615,0.8022367800112782,False,False,0.6009416233974343,False
points,away & b2b,930,115,0.4483870967741935,0.4621110783877625,-0.6134978554120517,-0.096171223340437,-0.040253802568454324,1010,122,0.4495049504950495,0.4554410333259561,-0.2841373790356591,-0.07792625317657174,-0.05102258732781034,0.5395472003724084,False,True,0.38815255129736653,False
points,away & opp_allows_many,1068,130,0.44756554307116103,0.4720585970231939,-1.2806355874790833,-0.11787355068338252,-0.020130297324989114,656,76,0.4496951219512195,0.45869636462597585,-0.34266780238301264,-0.07636075057593417,-0.04215234169476256,0.2003216939772151,False,True,0.36592419385877983,False
points,away & opp_allows_few,1083,136,0.4616805170821791,0.4622779372737634,-0.030295992438680325,-0.06917308737516399,-0.06486200160735732,872,105,0.4415137614678899,0.45571975298069306,-0.692727042489617,-0.10541761218119174,-0.04442510556187554,0.9758309926779678,False,True,0.24424043247283822,False
points,away & game_total_high,1421,173,0.4546094299788881,0.4718890867339115,-0.9813603672340085,-0.10606793690136358,-0.036451946278619314,1855,210,0.48194070080862533,0.45496063258116787,1.8350701147742847,-0.008700384178548614,-0.11363413164293802,0.3264150631859173,False,False,0.9667523493445773,False
points,away & game_total_low,1515,186,0.44356435643564357,0.4559497046172193,-0.7565889214392483,-0.09382501710344714,-0.045815325238247634,735,91,0.4666666666666667,0.45524654902942924,0.46566391588059286,-0.03742005251822642,-0.08356262137804127,0.4492961806232225,False,False,0.6792719575882187,False
points,away & early_gp<5,714,135,0.484593837535014,0.46670161058583853,0.795588682417888,-0.03244930259123047,-0.10202572394386772,4,4,0.5,0.571377472049265,-0.3042607549837505,-0.2325897325897326,0.037325174825174834,0.4262711468993965,False,False,0.6195353791957381,False
points,away & books<=3,3784,542,0.4445031712473573,0.46096051453402853,-1.4499254623349653,-0.09907584298573488,-0.03365614951349172,4417,520,0.4618519357029658,0.4566174307929429,0.5359275517283292,-0.056467875629645475,-0.0748214802490791,0.14707930600028546,False,False,0.7039956890033653,False
points,b2b & books<=3,1207,138,0.43330571665285833,0.46777760041596006,-1.6202027397438987,-0.13890534801640902,-0.002677934726979204,1507,160,0.46449900464499005,0.4576697910449219,0.3842377209412391,-0.047582480863526705,-0.07409328739936935,0.10518873309959965,False,False,0.649598868564624,False
points,opp_allows_many & game_total_high,1051,102,0.48525214081826834,0.47876725383351804,0.2929736155733627,-0.06471864510889525,-0.08785771443491928,787,79,0.4815756035578145,0.4643710316979849,0.8718773895854942,-0.0267009973292221,-0.09176358647226494,0.7695423189814812,False,True,0.1916376348655061,False
points,opp_allows_many & books<=3,1815,223,0.47548209366391186,0.47103580320828714,0.26568613834158716,-0.05570475148670053,-0.07427754799852082,1316,143,0.4696048632218845,0.4631927094611507,0.3563960532225711,-0.0464391268076498,-0.06977276902865238,0.7904809398166008,False,True,0.3607719923338025,False
points,opp_allows_few & books<=3,1832,227,0.4481441048034934,0.46418286862002633,-1.0018378241958967,-0.09681141708477109,-0.03214077450299275,1800,195,0.45944444444444443,0.4590624396675382,0.02558813829124418,-0.0665115117154708,-0.06415795164229514,0.31642192583779516,False,False,0.5102070763769743,False
points,game_total_high & books<=3,2326,171,0.46388650042992263,0.47197770548557655,-0.5166514095113207,-0.08341867275180277,-0.05090153138816382,3763,210,0.4724953494552219,0.46142741244713525,1.0492319534050796,-0.03880988002381046,-0.0830525320623249,0.6053995213204011,False,False,0.852964312233556,False
points,game_total_low & books<=3,2408,179,0.44933554817275745,0.4587230154711636,-0.7155186775712098,-0.08720034958038418,-0.050954017078751655,1514,91,0.4815059445178336,0.45354612434217856,1.79701832920146,-0.008669854534415456,-0.1173979321064671,0.47428860389823746,False,False,0.9638336450182473,False
shots_on_goal,line=1.5,5710,631,0.5542907180385289,0.5463730411896398,1.2377301317709413,-0.05143982532160753,-0.08190614016571286,4804,520,0.5432972522897586,0.5372511666228705,0.8202421273113831,-0.05239723800612831,-0.0757143808863217,0.21581614259019322,False,True,0.2060390453501859,False
shots_on_goal,line=2.5,3898,631,0.4625448948178553,0.4665041089130679,-0.49505069416167446,-0.0718835687072274,-0.0573191684624422,3256,520,0.46007371007371006,0.4650125577595915,-0.5553558680580021,-0.07201004494646666,-0.052895147634932936,0.6205643367421565,False,True,0.2893256361572544,False
shots_on_goal,line=3.5,681,444,0.4185022026431718,0.4398244543172635,-1.0982331948284867,-0.1098735882941693,-0.027953740959926438,642,407,0.4127725856697819,0.4469111159317732,-1.6895796302515427,-0.13613728255076935,-0.004099674617909675,0.27210267473475036,False,True,0.04555420283061607,False
shots_on_goal,ref_0.35-0.50,4438,631,0.42474087426768814,0.43396884086671955,-1.2442962767935977,-0.08313540526672979,-0.047931632223101074,4155,520,0.43513838748495787,0.4357159167663637,-0.07508247222358533,-0.06592099075753131,-0.06315891882888279,0.21339054084302012,False,True,0.4700745467975682,False
shots_on_goal,ref_0.50-0.65,5866,631,0.5753494715308558,0.5660508481327451,1.4298685034063598,-0.04914824500146699,-0.08501334590352358,4570,520,0.563238512035011,0.5650737997165204,-0.2530867230625228,-0.06701779255567335,-0.060374219184331376,0.15275476334111238,False,False,0.5998994007859003,False
shots_on_goal,avg_below_line_0.5+,469,276,0.44136460554371004,0.4211960726118142,0.7982271638426095,-0.0121970683367157,-0.09284683514120422,246,184,0.35365853658536583,0.39948219467130636,-1.5107351770535313,-0.16534526712190942,0.010792764401181324,0.42473867667949705,False,False,0.934572031917268,False
shots_on_goal,avg_below_line_0-0.5,2068,542,0.4497098646034816,0.4472139253007345,0.2295937225207901,-0.061546030680522466,-0.07182701153761506,2396,517,0.4386477462437396,0.43436288586916993,0.43294732727001556,-0.053783797944754116,-0.06980106120656585,0.8184074852863941,False,True,0.33252651813547995,False
shots_on_goal,avg_above_line_0-0.5,3276,554,0.4935897435897436,0.5023440477547944,-1.1006944611331484,-0.07986880442652873,-0.04647222371249715,3864,520,0.5062111801242236,0.5090091861669526,-0.34587314094122756,-0.06915636442216216,-0.058508945360416766,0.2710296577196357,False,True,0.3647190273610409,False
shots_on_goal,avg_above_line_0.5+,3095,555,0.5786752827140549,0.5688430689175838,1.0856740309286588,-0.05190385309058631,-0.09088189565900347,2221,509,0.5812696983340837,0.5796233965075404,0.16169114961521155,-0.06145590166879175,-0.06802065211085698,0.27762323391298604,False,True,0.4357745372064382,False
shots_on_goal,hot_l5,1167,445,0.48500428449014565,0.5097877719984732,-1.556166563534126,-0.10640067694012574,-0.011909264804425819,1510,496,0.5112582781456954,0.5085415355143138,0.20587577720299724,-0.062348333876908454,-0.07257337700171748,0.1196684900404528,False,False,0.5815560264396015,False
shots_on_goal,cold_l5,1050,439,0.5104761904761905,0.5083416696444978,0.1332494723536447,-0.06140050595928746,-0.06999096211259909,1401,477,0.5089221984296931,0.498136666174129,0.7697287418681276,-0.03878000624874837,-0.08008623821546569,0.8939960863721831,False,True,0.22073040848354702,False
shots_on_goal,toi_up,834,354,0.4988009592326139,0.5106461338026013,-0.6498485021204624,-0.08648740208634252,-0.04260874840626421,1316,441,0.5098784194528876,0.5070853324456573,0.19189151715017871,-0.06035253758153567,-0.07156790887599163,0.5157900856850688,False,False,0.5760864088502679,False
shots_on_goal,toi_down,510,287,0.5098039215686274,0.5058611397191796,0.17576411555811944,-0.06410150962247244,-0.07857427113079907,1004,401,0.48406374501992033,0.5004344833870976,-0.9536531573046241,-0.09377162382419324,-0.030798845064252827,0.8604792623294758,False,False,0.8298703806759673,False
shots_on_goal,hitrate_hi,2088,466,0.5775862068965517,0.5724731432731988,0.4976351728986562,-0.057115350022774104,-0.07744217507848797,1836,502,0.5887799564270153,0.5797260733376349,0.809703610880779,-0.04806236932071751,-0.08224947469108833,0.6187412079853789,False,True,0.20905527110940775,False
shots_on_goal,hitrate_lo,1521,461,0.43721236028928334,0.43860715516870535,-0.11327937068539395,-0.06417228803221496,-0.059209749156015117,1622,504,0.43403205918618987,0.4296148956488795,0.3474396144160367,-0.05179629924789653,-0.06908940411397098,0.9098090717638898,False,False,0.6358694616373607,False
shots_on_goal,hitrate_above_mkt,1270,407,0.5204724409448819,0.5205257384383646,-0.003706728322292793,-0.06796305781095961,-0.06740951683800947,693,324,0.48917748917748916,0.513021950471308,-1.2596185477572461,-0.10709878004048673,-0.013467563135538116,0.9970424654732261,False,True,0.10390350064140491,False
shots_on_goal,hitrate_below_mkt,894,394,0.5123042505592841,0.49731509983564626,0.8583112466381358,-0.03685971005692786,-0.09444885386900684,789,354,0.4816223067173637,0.49986796406027906,-1.020727942949232,-0.0980469254059611,-0.028329434254346166,0.3907206208587969,False,False,0.8463083240756104,False
shots_on_goal,defense,2092,625,0.5243785850860421,0.5130323833010344,0.9926737074562803,-0.03844035383507691,-0.08227268847887602,1821,516,0.5172981878088962,0.5073468569640767,0.8549178423668882,-0.04746443605500498,-0.08498079687312333,0.3208689920490069,False,True,0.19629831611128962,False
shots_on_goal,forward,8243,631,0.5072182457843019,0.5080558993160861,-0.14697903988352337,-0.06898042364409064,-0.06615350592134668,6914,520,0.49826439109054094,0.5023580195912182,-0.6380452366495545,-0.07106310247625192,-0.05550434539243667,0.8831485643801011,False,True,0.2617221167245709,False
shots_on_goal,home,5255,631,0.5141769743101808,0.5094015299917652,0.6365165445011554,-0.05665068629666651,-0.07534946699641973,4459,520,0.5081856918591613,0.504039125093046,0.5165213506721337,-0.054184321986463814,-0.06988436766467498,0.5244398009892821,False,True,0.30274516545353014,False
shots_on_goal,away,5080,631,0.5070866141732283,0.5087132842168378,-0.21160300484737138,-0.06915816847091293,-0.06327881191757556,4276,520,0.4960243217960711,0.5027295405040629,-0.8156405745639421,-0.07861439121593258,-0.05306189890843758,0.832416764887158,False,True,0.20735286800930097,False
shots_on_goal,b2b,1547,154,0.4848093083387201,0.5090017428049659,-1.756820771724853,-0.11482409534234238,-0.020644293875224092,1456,159,0.4848901098901099,0.5042820029625622,-1.1797286316436104,-0.10028554754761887,-0.025180208280333436,0.0789483633922367,False,True,0.1190540812535325,False
shots_on_goal,opp_allows_many,2358,243,0.5169635284139101,0.5111714398988378,0.55019614958501,-0.05608068311094091,-0.0782103745367002,1352,143,0.5088757396449705,0.5049532221293037,0.26379306723781043,-0.05827709401660474,-0.07476870180288055,0.5821848442446633,False,True,0.39596968848010927,False
shots_on_goal,opp_allows_few,2220,247,0.49954954954954955,0.5054318105959132,-0.5306562566090398,-0.07789344569337014,-0.05630117167324575,1665,195,0.48348348348348347,0.5008702072898007,-1.3493456523600245,-0.09883906949347217,-0.029952758039995465,0.5956570039758743,False,True,0.08861298424853509,False
shots_on_goal,game_total_high,2934,173,0.5122699386503068,0.5095812100564036,0.2727758641907761,-0.058650290493112135,-0.06867398826175217,3648,210,0.5104166666666666,0.503360966359291,0.8352994203328191,-0.05124135692804985,-0.07809992547101509,0.7850255138077664,False,True,0.20177457185325992,False
shots_on_goal,game_total_low,2976,186,0.5057123655913979,0.5090573107567115,-0.3538739416487014,-0.07373808299442348,-0.06169803925216957,1425,91,0.5017543859649123,0.503595287948596,-0.12180759547246564,-0.06719320275240688,-0.0583413251582586,0.7234333565931859,False,True,0.4515256992152334,False
shots_on_goal,early_gp<5,1427,171,0.5136650315346881,0.5133432162626306,0.022542064870977815,-0.06568507863160986,-0.0643391143095307,8,7,0.25,0.5026025701551678,-1.3155851415088,-0.5635454069660193,0.40421008373001127,0.9820155576002084,False,False,0.9058433383318554,False
shots_on_goal,books<=3,1797,583,0.4852531997774068,0.48224468583942093,0.252284505470969,-0.05780699352447155,-0.07172924328869396,1241,466,0.48831587429492346,0.4845197682260792,0.2911847471148081,-0.051998688556065854,-0.06718479999626258,0.8008211637194738,False,True,0.38545501371578905,False
shots_on_goal,books>=6,6787,631,0.5117135700604096,0.5133667713610041,-0.27645417194566785,-0.0695706737606899,-0.06301799377272543,5232,514,0.5011467889908257,0.5067736067200213,-0.8007515849250756,-0.07372787626348612,-0.05130780472738653,0.7821992539875455,False,True,0.21163773624316562,False
shots_on_goal,line=1.5 & ref_0.35-0.50,1226,527,0.4641109298531811,0.4646050850942,-0.03451836808364343,-0.06608322961192158,-0.06360200646282199,1385,481,0.47653429602888087,0.4604543443906312,1.2095514665434204,-0.030863574928192507,-0.09171780442649118,0.9724637954631873,False,False,0.8867744745040003,False
shots_on_goal,line=1.5 & ref_0.50-0.65,4476,631,0.5788650580875782,0.5687095237886054,1.3775607760885795,-0.047897997198158834,-0.08711081332055422,3416,519,0.5705503512880562,0.5684642725009427,0.24426117216555301,-0.061100784574324885,-0.06963702490472763,0.16833893821699342,False,True,0.40351427645967375,False
shots_on_goal,line=1.5 & avg_below_line_0-0.5,731,378,0.49794801641586867,0.49191468447124176,0.33843838457406333,-0.053737226264719676,-0.07875886142978065,634,339,0.48580441640378547,0.46855236186698307,0.8417239945553725,-0.02751123164526573,-0.0936559302295533,0.73503285218722,False,True,0.19997123208208512,False
shots_on_goal,line=1.5 & avg_above_line_0-0.5,1889,531,0.525145579671784,0.5260163691819076,-0.0804531007689078,-0.06438468537820453,-0.060664399112191646,2362,517,0.5266723116003387,0.5227334376006206,0.3726658648460832,-0.05579211293781226,-0.07075352626126925,0.9358768954293065,False,False,0.6453014274407446,False
shots_on_goal,line=1.5 & avg_above_line_0.5+,2185,552,0.6018306636155606,0.5828184806527325,1.7729687019374942,-0.035184994957748406,-0.10929119480470277,1800,504,0.5866666666666667,0.580872846543466,0.49515420862123993,-0.05485858446837199,-0.07754816428535753,0.07623389321027065,False,True,0.31024563560507323,False
shots_on_goal,line=1.5 & hot_l5,710,381,0.5112676056338028,0.5415040098719014,-1.598940516077605,-0.11556444567739485,0.0007035884359541916,874,434,0.5469107551487414,0.5406300245757559,0.3566477934179599,-0.05647046480204526,-0.08112675753279597,0.10983382036462314,False,False,0.6393222533574003,False
shots_on_goal,line=1.5 & cold_l5,680,385,0.5441176470588235,0.5377498867785594,0.340297571029397,-0.04984909772462344,-0.07429718317049218,901,427,0.5382907880133185,0.5228071693069879,0.904827536564854,-0.028807533263147438,-0.087384979007909,0.7336324461653772,False,True,0.18277838052524747,False
shots_on_goal,line=1.5 & toi_up,489,302,0.558282208588957,0.550337218265531,0.35050113391934035,-0.0496384152251419,-0.08058565149324501,772,380,0.538860103626943,0.5350247594779796,0.20992936306665488,-0.05984930092767962,-0.07588771422058695,0.7259626393137044,False,True,0.41686140221148005,False
shots_on_goal,line=1.5 & hitrate_hi,1537,457,0.5907612231620039,0.5822565709505635,0.7081356385822635,-0.050764588959898216,-0.08419752627257834,1488,492,0.5887096774193549,0.5813279736247641,0.5891684899535461,-0.05132628559764887,-0.07935852677916831,0.4788610298936483,False,True,0.27787412624756863,False
shots_on_goal,line=1.5 & hitrate_lo,508,302,0.484251968503937,0.4892966539699575,-0.23784749892591658,-0.06809685741018,-0.04895288343621154,454,283,0.4911894273127753,0.4704885051692449,0.8639281062674521,-0.01343497393657733,-0.09357498525166273,0.8119993767732756,False,False,0.806186307090815,False
shots_on_goal,line=1.5 & hitrate_above_mkt,666,341,0.5675675675675675,0.5620693238383931,0.29465077579977483,-0.054763433806012424,-0.07512846004090262,477,281,0.5073375262054507,0.5271923893221576,-0.8555571498584578,-0.09092555173780147,-0.012313993766314826,0.7682606696882416,False,False,0.8038786098630355,False
shots_on_goal,line=1.5 & hitrate_below_mkt,532,329,0.5244360902255639,0.5306783185928714,-0.2953495675580052,-0.07954582942698654,-0.05615931862818839,422,260,0.5284360189573459,0.5289920545951625,-0.023263726299867046,-0.06354491171412371,-0.06345892399460554,0.7677268549417173,False,True,0.4907199530485674,False
shots_on_goal,line=1.5 & defense,1450,603,0.5448275862068965,0.5388284974820536,0.46674405781791284,-0.052570203039966026,-0.07443438819901009,1298,502,0.5562403697996918,0.5266143143557337,2.1659739896969348,-0.010017908139381661,-0.12355695942784391,0.6406830042596459,False,True,0.01515658729283749,False
shots_on_goal,line=1.5 & forward,4260,631,0.5575117370892019,0.5489410196816585,1.1760125966016766,-0.05105507234235404,-0.08444934212621028,3506,520,0.5385054192812322,0.5411891684034592,-0.3139226676310182,-0.06808701843026897,-0.058001983012135785,0.23958984243331338,False,False,0.6232101131291053,False
shots_on_goal,line=1.5 & home,2844,629,0.5625879043600562,0.5475579949410587,1.584434013596257,-0.03704860713569067,-0.09403824827774923,2420,520,0.5384297520661157,0.5384636718321061,-0.0033661977123928175,-0.06202943798388243,-0.062289238906916525,0.11309498673716001,False,False,0.5013429160555024,False
shots_on_goal,line=1.5 & away,2866,630,0.5460572226099093,0.5451971833846727,0.09513738809733838,-0.06572057358425497,-0.06986716058768375,2384,519,0.548238255033557,0.5360203517712139,1.1462916490591364,-0.04261958534414636,-0.08934225151977829,0.9242057013375913,False,True,0.12583724855903528,False
shots_on_goal,line=1.5 & b2b,851,154,0.5287896592244419,0.5479114293491065,-1.146121276930161,-0.09659514798390775,-0.02335469320379778,814,159,0.5393120393120393,0.5374958622226641,0.0907726923999635,-0.05880684026191036,-0.06408688809515513,0.2517449750091201,False,False,0.5361633956207869,False
shots_on_goal,line=1.5 & opp_allows_many,1187,243,0.5636057287278854,0.5551582585200511,0.6289178811483556,-0.0514219088383017,-0.08255961917872486,654,142,0.5764525993883792,0.5426368428635242,1.7665181819309657,-0.006811053980160643,-0.1381102560660953,0.5294028190027475,False,True,0.038654476977766625,False
shots_on_goal,line=1.5 & opp_allows_few,1312,246,0.5510670731707317,0.5387497603237793,0.905349998064733,-0.04299203865450962,-0.09099657320653942,998,195,0.5280561122244489,0.528334824897824,-0.01746103810872984,-0.06090546937378126,-0.05846920594056289,0.36527999651187315,False,False,0.5069655924053903,False
shots_on_goal,line=1.5 & game_total_high,1532,173,0.5509138381201044,0.5488881326055314,0.17351975970335212,-0.05857253442741725,-0.06510221414356282,1963,210,0.5578196637799286,0.5363253328040571,1.8604025936888213,-0.024398487783828703,-0.10632059847005623,0.8622428974639624,False,True,0.03141429400603116,False
shots_on_goal,line=1.5 & game_total_low,1791,186,0.5494137353433836,0.5412252665406468,0.7172351280156343,-0.05154863264568776,-0.08375491123875933,799,91,0.5456821026282853,0.5361315037542327,0.5160907944046635,-0.041366224206521904,-0.07610540749168664,0.47322902759155827,False,True,0.3028954985535395,False
shots_on_goal,line=1.5 & early_gp<5,830,152,0.5518072289156627,0.5494039404111879,0.13984887235691895,-0.05999629388838576,-0.06575644363088604,2,2,0.5,0.5246882678547533,-0.06975540650882561,-0.1138938580799046,-0.023809523809523836,0.8887793981279096,False,False,0.5278058294382013,False
shots_on_goal,line=1.5 & books<=3,947,468,0.5237592397043295,0.5308954987978228,-0.426982248319313,-0.07849319893107254,-0.05282939275675937,631,345,0.5309033280507132,0.5354210887465921,-0.23198309030066558,-0.07199420069936396,-0.053351950466495775,0.6693922574084556,False,True,0.4082755737808176,False
shots_on_goal,line=1.5 & books>=6,3419,625,0.5644925416788534,0.5549154930779435,1.1569593997539507,-0.04858294890447417,-0.08489150596250811,2322,509,0.5585701981050818,0.5535727527882469,0.466066951243952,-0.0525895745014887,-0.07042098842010192,0.24728894838508175,False,True,0.32058378915697683,False
shots_on_goal,line=2.5 & ref_0.35-0.50,2588,622,0.4115146831530139,0.42147657658406884,-1.0290998097189343,-0.08395037762338146,-0.04638691463588496,2202,516,0.4191643960036331,0.4215077109541108,-0.21712038810931766,-0.06911289660007178,-0.0597420632422972,0.3034327755828269,False,True,0.4140572627605805,False
shots_on_goal,line=2.5 & ref_0.50-0.65,1293,577,0.5638051044083526,0.5580955433377761,0.40283985011065115,-0.0541703092769509,-0.07556986918611901,1048,471,0.5458015267175572,0.5568201812742357,-0.7120239374022773,-0.08066613361864253,-0.038478665333578674,0.6870660431437732,False,False,0.7617750234174021,False
shots_on_goal,line=2.5 & avg_below_line_0.5+,301,214,0.4418604651162791,0.4071116286883289,1.1186027075250826,0.01852244700159616,-0.11875269718965635,147,122,0.36054421768707484,0.393953256171448,-0.8333664162646948,-0.1392830465519541,-0.010377411642255528,0.263309667887488,False,False,0.7976809453790195,False
shots_on_goal,line=2.5 & avg_below_line_0-0.5,1115,479,0.43228699551569505,0.42293096786432915,0.6310342686096229,-0.04637008251568362,-0.08272717971852585,1519,504,0.4219881500987492,0.4191125600598745,0.22897473221297684,-0.05540330251274044,-0.0661275990491538,0.528018118026356,False,True,0.40944427760203084,False
shots_on_goal,line=2.5 & avg_above_line_0-0.5,1214,502,0.4456342668863262,0.4729294503456759,-1.9819973253417953,-0.1181459731188349,-0.014081578451237243,1195,503,0.4887029288702929,0.4951664502961806,-0.45004737498367614,-0.07749532866545847,-0.053156977249218446,0.04747954000228986,False,True,0.3263381405110253,False
shots_on_goal,line=2.5 & avg_above_line_0.5+,770,437,0.5337662337662338,0.5435929846531279,-0.5369365697579216,-0.08700549390843784,-0.05007030866323881,391,304,0.5601023017902813,0.5771286856670097,-0.6807826186579238,-0.08937337261103385,-0.022622188329515947,0.5913114293036758,False,True,0.24800452488022662,False
shots_on_goal,line=2.5 & hot_l5,411,276,0.45255474452554745,0.46520810399024454,-0.5016087998513525,-0.08437035160719543,-0.03793010352852475,552,337,0.4746376811594203,0.46482106499038695,0.47093326382192136,-0.04402679599549774,-0.08096028584066654,0.6159427281417158,False,False,0.6811558035349604,False
shots_on_goal,line=2.5 & cold_l5,330,243,0.43636363636363634,0.4537382177689634,-0.6313462733886592,-0.10724945204576765,-0.04015702713981251,435,297,0.4459770114942529,0.4562267223775055,-0.4206495293847289,-0.08256747000173481,-0.044886516586147424,0.5278141370837404,False,True,0.3370055103839924,False
shots_on_goal,line=2.5 & toi_up,318,211,0.4276729559748428,0.45469535897225444,-0.9950753340773546,-0.11255224747320222,-0.011761489766726382,461,280,0.4772234273318872,0.4682187247784767,0.3716062242951415,-0.04926469931987958,-0.08318154095750518,0.3196996261567431,False,False,0.6449069729259125,False
shots_on_goal,line=2.5 & hitrate_hi,457,308,0.5470459518599562,0.5548125176392309,-0.332886779936359,-0.08285642195735415,-0.052711815671013254,326,253,0.5858895705521472,0.5736204601846098,0.4535849304541428,-0.040019371207797264,-0.08474908869662016,0.7392197489627991,False,False,0.6749361990810565,False
shots_on_goal,line=2.5 & hitrate_lo,816,397,0.4178921568627451,0.41224141550854687,0.3144701652744176,-0.050177101069277905,-0.07255295449431595,985,454,0.4121827411167513,0.41250770734047587,-0.01932671802088794,-0.061612136531605945,-0.06106395205887638,0.7531639726091457,False,False,0.5077097649957629,False
shots_on_goal,line=2.5 & hitrate_above_mkt,456,280,0.4583333333333333,0.4796070725574327,-0.9326549119741856,-0.11764223247490407,-0.03589495611662649,176,140,0.4772727272727273,0.49034556443096294,-0.3457184150639214,-0.09715441694966974,-0.04545724521378331,0.3509981715827841,False,True,0.3647771717349877,False
shots_on_goal,line=2.5 & defense,585,433,0.4666666666666667,0.45434586160830365,0.6079810924209408,-0.030880076421658978,-0.08110145166972739,477,352,0.43186582809224316,0.4628697955894245,-1.300793173679266,-0.12222024844578187,-0.001285438054689841,0.5432000141675497,False,False,0.9033353704029785,False
shots_on_goal,line=2.5 & forward,3313,631,0.4618170842137036,0.46865097721167553,-0.7999429425397293,-0.07912384730277751,-0.05311976137633841,2779,520,0.4649154372076286,0.46538035105040465,-0.0494598508205837,-0.06339174085536432,-0.06175366921455726,0.42374385604979703,False,True,0.480276416210691,False
shots_on_goal,line=2.5 & home,2025,624,0.45925925925925926,0.46716457935488087,-0.6942267841303219,-0.08101318300094972,-0.05200717396939965,1680,518,0.4720238095238095,0.4664422573605728,0.45600218012927446,-0.052431734063488056,-0.0729623579455015,0.487539998109208,False,False,0.6758057947538364,False
shots_on_goal,line=2.5 & away,1873,621,0.4660971703150027,0.46579003916150824,0.026054457823345725,-0.062013056723891735,-0.06306224846693295,1576,514,0.4473350253807107,0.46348851249966216,-1.2679863265110978,-0.09288032558314434,-0.03150370517189032,0.9792139021102707,False,False,0.8975985832072712,False
shots_on_goal,line=2.5 & b2b,585,152,0.4376068376068376,0.46505136586238144,-1.3494588571148454,-0.12900077371653823,-0.02061425080788697,538,157,0.42379182156133827,0.46529498552722065,-1.767239606175615,-0.14162136372671472,0.017189781900074103,0.1771896268787817,False,True,0.03859405466971444,False
shots_on_goal,line=2.5 & opp_allows_many,957,243,0.48171368861024033,0.47055704176456004,0.6562031298173565,-0.04590325182561351,-0.08891458880750784,568,142,0.448943661971831,0.4738392389452062,-1.1627548021581677,-0.10793946745431236,-0.013433594305559043,0.5116934353727224,False,False,0.8775355000583244,False
shots_on_goal,line=2.5 & opp_allows_few,790,244,0.42658227848101266,0.46041244250065927,-1.902713625271677,-0.13237623170336763,-0.003603600551281443,566,192,0.44346289752650175,0.4643772662659281,-0.9978271567456307,-0.10820544893380836,-0.023632954627537988,0.057077923065820844,False,True,0.15918158958941003,False
shots_on_goal,line=2.5 & game_total_high,1137,173,0.47229551451187335,0.47048947375698263,0.1114209069533718,-0.0646297487252779,-0.07169349331182069,1367,210,0.4630577907827359,0.4671830621928851,-0.3125475810415853,-0.07167952160179278,-0.05593891887894042,0.9112825819327431,False,False,0.6226877958297262,False
shots_on_goal,line=2.5 & game_total_low,1031,186,0.45295829291949563,0.46362716559592426,-0.7172039377182516,-0.08491737398407306,-0.04464438134966246,538,91,0.4591078066914498,0.4664649083611271,-0.31808790954943844,-0.07880055061205332,-0.049513524765836085,0.4732482699454864,False,True,0.3752091272527627,False
shots_on_goal,line=2.5 & early_gp<5,498,102,0.4738955823293173,0.46510328561579484,0.38414209410562344,-0.04749261784639128,-0.07991079822462031,4,4,0.25,0.5391391193352096,-1.1141812891234966,-0.5701438848920863,0.5286413043478261,0.7008731338614952,False,False,0.8673992896143687,False
shots_on_goal,line=2.5 & books<=3,634,393,0.4637223974763407,0.4300436469381334,1.720417486871547,0.009705308616948412,-0.12413859790895838,466,305,0.4570815450643777,0.43822716773441983,0.861483410369776,-0.015263418486953836,-0.09114671225413411,0.08535658058408897,False,True,0.19448592711968915,False
shots_on_goal,line=2.5 & books>=6,2924,629,0.45930232558139533,0.4737460818933383,-1.5959884766402508,-0.09475576874784238,-0.039054187535625916,2445,513,0.46134969325153374,0.47118160858773733,-0.9500319649736811,-0.08189977622305238,-0.043652756548518495,0.11049136611730627,False,True,0.1710480054407324,False
shots_on_goal,line=3.5 & ref_0.35-0.50,594,402,0.4006734006734007,0.4250051340091054,-1.1869891908446173,-0.11608301646501634,-0.022269447481638244,540,368,0.3962962962962963,0.4301098026464489,-1.5492954982276868,-0.13930382779377393,-0.008496666135560226,0.23523188415080198,False,True,0.060655350727028746,False
shots_on_goal,line=3.5 & forward,634,429,0.40536277602523657,0.44067272027482096,-1.7491589258320956,-0.14170988594629957,-0.00565691611414982,597,395,0.4204355108877722,0.4486465162171098,-1.3381935402814853,-0.12272981677551964,-0.013572556983145906,0.08026355181908416,False,True,0.09041667716251067,False
shots_on_goal,line=3.5 & home,356,305,0.43820224719101125,0.4434276969827412,-0.19663475891565016,-0.07281288878184974,-0.05358864450402313,342,291,0.47076023391812866,0.44704085871519966,0.848764444471845,-0.015900744345959394,-0.10529010617398549,0.8441133679291598,False,False,0.8019938107811233,False
shots_on_goal,line=3.5 & away,325,291,0.39692307692307693,0.43587751773600164,-1.3843504838766276,-0.15046930837535624,0.0001263379991456513,300,277,0.3466666666666667,0.446763209158667,-3.56533439671114,-0.27320693610425273,0.11125741735601674,0.1662511628765807,False,True,0.00018169628004363337,False
shots_on_goal,line=3.5 & books>=6,430,329,0.4511627906976744,0.4548163537988215,-0.1470147388336881,-0.06515161090863722,-0.052952437292787695,446,324,0.4304932735426009,0.4606973552468445,-1.2371691994706997,-0.12354552410928138,-0.007220739607557951,0.8831203868209668,False,True,0.10801213683141642,False
shots_on_goal,ref_0.35-0.50 & avg_below_line_0.5+,415,265,0.43614457831325304,0.40820047041163543,1.0377345305684698,0.004728654604402387,-0.10602457740425413,243,183,0.3497942386831276,0.39871986880963173,-1.6216619410589619,-0.17384612281126444,0.015041234743582732,0.2993936641801106,False,False,0.9475621239502595,False
shots_on_goal,ref_0.35-0.50 & avg_below_line_0-0.5,1644,516,0.41545012165450124,0.4242869133110243,-0.7129351353920549,-0.0815610653128474,-0.04818527770222316,2117,516,0.4317430325932924,0.4228437611193593,0.8323587886258439,-0.04585401462048834,-0.07913488108848997,0.475885896175793,False,False,0.7973967717642358,False
shots_on_goal,ref_0.35-0.50 & avg_above_line_0-0.5,1517,515,0.44429795649307846,0.44888108351153905,-0.37013640376446366,-0.0742451123493264,-0.05630134852595797,1670,493,0.45089820359281435,0.4546487088745147,-0.32609795783174794,-0.07191710476494195,-0.057325390451034276,0.711280858977474,False,True,0.3721751210339769,False
shots_on_goal,ref_0.35-0.50 & avg_above_line_0.5+,316,221,0.3670886075949367,0.4503170853883076,-2.9478866261271217,-0.23533470436413914,0.0798966580793326,123,100,0.45528455284552843,0.47375798687143295,-0.423890564578644,-0.10148451093803676,-0.03239932487159295,0.0031995438234811682,True,True,0.33582281282784565,False
shots_on_goal,ref_0.35-0.50 & hot_l5,506,309,0.424901185770751,0.4367370297670158,-0.5209147569598352,-0.08650545892813277,-0.04214530144524907,669,380,0.42750373692077726,0.438970838975353,-0.6019503083835153,-0.09119153612464251,-0.04641642282820905,0.6024261548938519,False,True,0.2736036075230266,False
shots_on_goal,ref_0.35-0.50 & cold_l5,454,301,0.42731277533039647,0.44014835929163243,-0.5672121844976264,-0.09303005896439755,-0.04298583720587791,703,388,0.4822190611664296,0.4385997840942517,2.2195092090201043,0.025468159965895826,-0.1391077196624662,0.5705700307896306,False,False,0.9867739492948817,False
shots_on_goal,ref_0.35-0.50 & toi_up,363,224,0.39669421487603307,0.4367417681322159,-1.524864369233462,-0.14073984965609965,0.008556574729065123,600,334,0.435,0.4407976076052773,-0.2862895705181459,-0.07569339535159518,-0.05376324755695036,0.12729293062926075,False,True,0.3873281727532856,False
shots_on_goal,ref_0.35-0.50 & hitrate_lo,1263,449,0.4180522565320665,0.4190440744467457,-0.07362368700711328,-0.06305728811419023,-0.06046778402615254,1452,496,0.424931129476584,0.41852043746270545,0.4771217676737746,-0.04975193857195769,-0.0743181645114902,0.9413098227794797,False,False,0.6833622924814737,False
shots_on_goal,ref_0.35-0.50 & hitrate_above_mkt,496,286,0.4032258064516129,0.4337039809919168,-1.3961131202291626,-0.1279278785350489,-0.011353928034510415,297,198,0.4175084175084175,0.4468734404910737,-1.0210208384796273,-0.12700247943043555,-0.01418543676587427,0.16268043347242078,False,True,0.1536222829797546,False
shots_on_goal,ref_0.35-0.50 & hitrate_below_mkt,436,291,0.44954128440366975,0.4349420404947338,0.5967312919787121,-0.03382038383362719,-0.08913846526752915,361,244,0.4293628808864266,0.4369064955847597,-0.2874961704941671,-0.08608206478811985,-0.05485137110020499,0.5506867970705447,False,False,0.6131337831308722,False
shots_on_goal,ref_0.35-0.50 & defense,824,507,0.46601941747572817,0.44085364114208225,1.4844501059746285,-0.0067399514389717505,-0.10426131463674944,813,444,0.45510455104551045,0.44274833991497897,0.6863263279792012,-0.04161610136469839,-0.08721879569238382,0.1376895503768095,False,True,0.24625367510682533,False
shots_on_goal,ref_0.35-0.50 & forward,3614,631,0.41532927504150524,0.43239909116364844,-2.14516160324494,-0.10055373784948368,-0.035088339940631166,3342,519,0.4302812687013764,0.434005156736494,-0.437537844801049,-0.07183358054699067,-0.05730593262600237,0.03193992840351062,False,True,0.330860668191051,False
shots_on_goal,ref_0.35-0.50 & home,2255,624,0.4239467849223947,0.4341551860928406,-0.9744387455596877,-0.08414763568791657,-0.045646779883100355,2088,516,0.4525862068965517,0.4362059105242303,1.4876807634106612,-0.030471786687838696,-0.09213404637606108,0.3298387393551656,False,False,0.931582448480256,False
shots_on_goal,ref_0.35-0.50 & away,2183,625,0.4255611543747137,0.43377634957725414,-0.7415690610716701,-0.0820897893254672,-0.050291843870696865,2067,515,0.4175133043057571,0.43522094484259705,-1.6396256520682408,-0.10173034639251834,-0.03388941407875783,0.45834847460486683,False,True,0.050541513043018564,False
shots_on_goal,ref_0.35-0.50 & b2b,671,153,0.4008941877794337,0.43467976439030165,-1.8375690548077879,-0.1474780026658684,-0.01337567863048507,703,158,0.42105263157894735,0.4371733612918449,-0.7890135227585265,-0.10086161258742084,-0.037619056200080506,0.06612593222005794,False,True,0.21505205147209788,False
shots_on_goal,ref_0.35-0.50 & opp_allows_many,997,243,0.42126379137412234,0.4321572449663437,-0.7327786534254616,-0.08725024492884517,-0.04566858302889114,657,142,0.4429223744292237,0.4372853999814594,0.2700986752008167,-0.0528403246779429,-0.07365546274304759,0.46369344291831593,False,False,0.6064578293577062,False
shots_on_goal,ref_0.35-0.50 & opp_allows_few,975,243,0.40512820512820513,0.43332238826700975,-1.6082350518516526,-0.12036663987557521,-0.0135646444009222,803,192,0.41594022415940224,0.4359561180189264,-1.1634447815800262,-0.11329715202242592,-0.03403794853278639,0.10778370905346973,False,True,0.1223245446978381,False
shots_on_goal,ref_0.35-0.50 & game_total_high,1250,173,0.4312,0.4347790706875927,-0.26316552466241394,-0.06950542922733616,-0.05635945556678663,1731,210,0.4459849797804737,0.43694168322172167,0.8025172423845962,-0.04636416669031318,-0.08019758149250873,0.7924230017993211,False,False,0.7888730907420666,False
shots_on_goal,ref_0.35-0.50 & game_total_low,1280,186,0.4171875,0.43493669247569644,-1.2037413480711427,-0.10130307363664806,-0.03343961155506861,666,91,0.4264264264264264,0.4348333204272711,-0.42143607088976187,-0.08384548312168526,-0.0502247566451426,0.2286895654878105,False,True,0.3367183420944171,False
shots_on_goal,ref_0.35-0.50 & early_gp<5,546,121,0.4230769230769231,0.43181324614036415,-0.4095889560688367,-0.09127349239424278,-0.053739900879291376,2,2,0.0,0.4074437740954988,-1.4132403875848847,-1.0,0.5833672500339168,0.6821074996982464,False,True,0.07879252755520855,False
shots_on_goal,ref_0.35-0.50 & books<=3,1050,499,0.40285714285714286,0.4118271117000519,-0.5737918072527777,-0.08042779315073624,-0.04657330137933679,743,388,0.41722745625841184,0.4106334500378929,0.37722699501528706,-0.04667411015458773,-0.07283116939135324,0.5661086934249411,False,False,0.6469975397344887,False
shots_on_goal,ref_0.35-0.50 & books>=6,2715,622,0.42320441988950275,0.44023724020063904,-1.8520761009012585,-0.09964964842469069,-0.03480265203758683,2317,512,0.4346137246439361,0.43897822282208016,-0.4323767621434098,-0.07482165937409498,-0.05727397288493089,0.06401489580473571,False,True,0.33273380228462524,False
shots_on_goal,ref_0.50-0.65 & avg_below_line_0-0.5,417,271,0.5827338129496403,0.5394483020575165,1.7611883238574368,0.006508872726620273,-0.15960430851478755,273,190,0.4908424908424908,0.5256965484930736,-1.0724619537762947,-0.12473637701119808,0.007350865773860147,0.07820653362650176,False,False,0.8582437030701398,False
shots_on_goal,ref_0.50-0.65 & avg_above_line_0-0.5,1756,529,0.5353075170842825,0.548426827993943,-1.1206939945832661,-0.08630059242402624,-0.03635185601837268,2194,515,0.5483135824977211,0.5503865777250071,-0.1935214950638845,-0.06705498047847837,-0.059409828085425304,0.2624181393465571,False,True,0.42327528680096005,False
shots_on_goal,ref_0.50-0.65 & avg_above_line_0.5+,2770,555,0.6028880866425993,0.5820273059618667,2.1929168594087343,-0.030387737065936758,-0.11136707978977793,2095,507,0.5890214797136039,0.5857156709574093,0.31552635789203365,-0.058430053823870134,-0.0714266116367577,0.028313369791963625,False,True,0.3761810208308314,False
shots_on_goal,ref_0.50-0.65 & hot_l5,659,373,0.5311077389984825,0.5654184560143252,-1.6756506313741402,-0.12112801166371039,0.010056768595646609,838,441,0.5775656324582339,0.5638978157600916,0.8214911496643964,-0.040917477907811375,-0.09347638711279423,0.09380664517516105,False,False,0.7943167183806861,False
shots_on_goal,ref_0.50-0.65 & cold_l5,591,357,0.571912013536379,0.5616316032236077,0.48739349733047416,-0.04576094848221508,-0.08526498611408989,695,382,0.5366906474820143,0.5590251698917356,-1.2125163015222056,-0.10357540318060605,-0.020519388718557893,0.625979500860022,False,False,0.8873425968293369,False
shots_on_goal,ref_0.50-0.65 & toi_up,470,294,0.5787234042553191,0.5674225891786153,0.4719745053732039,-0.042642399818820204,-0.0858334740371808,716,374,0.5726256983240223,0.5626337052169257,0.5213416564634056,-0.047497070176457865,-0.0864880161265849,0.6369449862014303,False,True,0.30106439351535663,False
shots_on_goal,ref_0.50-0.65 & hitrate_hi,1886,465,0.5943796394485684,0.5839096144645872,0.9653395309797133,-0.04724097207454826,-0.08812774094783672,1728,498,0.5972222222222222,0.5861560417234568,0.9556316708405916,-0.044448145027407196,-0.0864961412918105,0.33437477793825265,False,True,0.1696291774354462,False
shots_on_goal,ref_0.50-0.65 & hitrate_above_mkt,765,355,0.5986928104575163,0.5768687216763622,1.2134439956834475,-0.027171748472455015,-0.1108129038071741,395,250,0.5443037974683544,0.5631753781812625,-0.7514627036961472,-0.08987270424612136,-0.014043789774211859,0.22496011414717132,False,False,0.773812880783018,False
shots_on_goal,ref_0.50-0.65 & hitrate_below_mkt,456,296,0.5701754385964912,0.5562308373618011,0.586974927629928,-0.04175934521907771,-0.09555461513651184,427,276,0.5245901639344263,0.5534720813523698,-1.2230739048257504,-0.11249039521496966,-0.0036313317552813004,0.5572205457211841,False,False,0.889349108136643,False
shots_on_goal,ref_0.50-0.65 & defense,1259,583,0.5607625099285147,0.5602337718893737,0.03716166229507252,-0.0633158263382595,-0.06459079245734214,1007,477,0.5680238331678252,0.5596580940531648,0.5655900452452993,-0.05124016648129518,-0.08368272158430981,0.9703561065404875,False,True,0.2858362482717851,False
shots_on_goal,ref_0.50-0.65 & forward,4607,631,0.5793357933579336,0.5676405375163796,1.5903077419396583,-0.045276531325968455,-0.09059441705367388,3563,520,0.5618860510805501,0.5666044243595175,-0.5637292065232818,-0.07147697567576844,-0.053786607083074506,0.11176545438611184,False,False,0.7135307812945061,False
shots_on_goal,ref_0.50-0.65 & home,2986,630,0.5813797722705961,0.5660203438490954,1.6568547065152461,-0.03805162193051728,-0.0966804957902861,2367,520,0.5576679340937896,0.564011205294336,-0.6174905762930887,-0.07466531522325094,-0.05107367508483912,0.09754885350927874,False,False,0.7315444024192261,False
shots_on_goal,ref_0.50-0.65 & away,2880,629,0.5690972222222223,0.5660824751435012,0.3327123764825152,-0.060653285449333606,-0.07291678008342883,2203,513,0.5692237857467091,0.5662154978542009,0.27575463220374874,-0.058800958168857116,-0.0703671324314935,0.7393514062427302,False,True,0.3913682656617117,False
shots_on_goal,ref_0.50-0.65 & b2b,869,153,0.5477560414269275,0.5666979735572121,-1.0762219354827212,-0.09551921695695421,-0.023085894434886296,750,158,0.5453333333333333,0.5674042638082062,-1.0884163793020203,-0.0998133914405016,-0.015191382899812434,0.2818280117561788,False,True,0.1382056667667086,False
shots_on_goal,ref_0.50-0.65 & opp_allows_many,1356,243,0.5862831858407079,0.5686062563741994,1.3762405663872064,-0.03365839935264487,-0.10072897188623493,694,143,0.5720461095100865,0.5687803773261284,0.18159780661096267,-0.06206705734443967,-0.07852398532465737,0.16874716662888622,False,True,0.4279491851499856,False
shots_on_goal,ref_0.50-0.65 & opp_allows_few,1235,245,0.5740890688259109,0.5632103292120315,0.8138256125907033,-0.04700931779391863,-0.08914688757655041,860,190,0.5465116279069767,0.5618514453649751,-0.899172026389469,-0.08645283445653854,-0.025540001604254174,0.41574486008086353,False,False,0.8157194810074929,False
shots_on_goal,ref_0.50-0.65 & game_total_high,1678,173,0.5733015494636472,0.5649748214521515,0.7672069513852062,-0.0488876840006485,-0.08017888087097591,1913,210,0.5697856769472034,0.563624388296624,0.5833797276763298,-0.05367072531761302,-0.07797434856867126,0.4429584805487451,False,True,0.2798188508701369,False
shots_on_goal,ref_0.50-0.65 & game_total_low,1687,186,0.5732068761114404,0.565857259856686,0.5805524126712704,-0.0539366005814696,-0.0831324979203695,756,91,0.5661375661375662,0.56437976566628,0.0930025985879717,-0.05794870656499661,-0.06175489474186974,0.5615421525411414,False,True,0.4629507483987967,False
shots_on_goal,ref_0.50-0.65 & early_gp<5,873,144,0.5693012600229095,0.5652217323625142,0.25636697882664744,-0.055838621335194155,-0.0687869272718553,6,6,0.3333333333333333,0.5343221688417242,-0.9598242347130662,-0.41806054262135905,0.3444910282953761,0.7976674830864885,False,False,0.8314281584617657,False
shots_on_goal,ref_0.50-0.65 & books<=3,719,419,0.6022253129346314,0.5860818593979147,0.8902330317473558,-0.038680647394041916,-0.10318016830347965,490,312,0.5959183673469388,0.5975758434258643,-0.07458082826650853,-0.0670643033739164,-0.0605384525864768,0.3733407715340622,False,False,0.5297258857697528,False
shots_on_goal,ref_0.50-0.65 & books>=6,4072,628,0.5707269155206287,0.5621257785074657,1.0960342793825641,-0.049515561724156956,-0.0818305312999605,2915,513,0.5540308747855918,0.5606610525147141,-0.7026223525279578,-0.07285847816150301,-0.04656557089512914,0.2730637733379694,False,False,0.7588544356405063,False
shots_on_goal,avg_below_line_0.5+ & forward,408,264,0.4264705882352941,0.4190829812051443,0.2829952238048316,-0.04531153445596538,-0.07496166905111608,202,157,0.3613861386138614,0.39943618972618694,-1.1309550503197698,-0.14868780055440453,-0.0017936101318961441,0.7771804982692723,False,False,0.8709629944955547,False
shots_on_goal,avg_below_line_0-0.5 & hot_l5,317,234,0.4353312302839117,0.44962135659223157,-0.5118277092363988,-0.09843923794171525,-0.041851301261791075,503,317,0.4433399602385686,0.45378231588992257,-0.49042219467001485,-0.08461215265557295,-0.04413662407225863,0.6087715956984637,False,True,0.31191758717503715,False
shots_on_goal,avg_below_line_0-0.5 & hitrate_lo,1022,411,0.4227005870841487,0.43464505520315694,-0.7815844681876699,-0.08980815189136614,-0.0441838127405381,1253,479,0.44533120510774143,0.4294986579216694,1.138689024280489,-0.027215041551125304,-0.08864213170839566,0.43445881772387196,False,False,0.8725835588933433,False
shots_on_goal,avg_below_line_0-0.5 & hitrate_below_mkt,429,269,0.49184149184149184,0.4827037526844135,0.3823668249756211,-0.05238424264063594,-0.08637739421838384,395,242,0.4860759493670886,0.4855123959240609,0.02282403350904723,-0.06046479884057192,-0.0610140527689128,0.7021892940890055,False,True,0.49089531852429646,False
shots_on_goal,avg_below_line_0-0.5 & defense,416,309,0.44711538461538464,0.456455268254036,-0.40179550442987283,-0.07616239950471669,-0.04423249895435621,352,278,0.46875,0.43557624814068563,1.2354861426416355,-0.004002163874997916,-0.12673866830005942,0.6878345309362935,False,False,0.8916751846910627,False
shots_on_goal,avg_below_line_0-0.5 & forward,1652,530,0.45036319612590797,0.44488680746261494,0.4690675713221763,-0.057865395431814966,-0.07877575078376259,2044,514,0.4334637964774951,0.4341539311139969,-0.06423949798634197,-0.06235676036772585,-0.05999575900651216,0.6390213377378453,False,False,0.5256102362587506,False
shots_on_goal,avg_below_line_0-0.5 & home,1145,476,0.46200873362445416,0.45113806801200973,0.7330371959403089,-0.04285497474234883,-0.08579275604454258,1289,488,0.45771916214119474,0.4376182235615498,1.4390493594604061,-0.01949986504072734,-0.09567956875696725,0.46353574334615777,False,True,0.07506826917842126,False
shots_on_goal,avg_below_line_0-0.5 & away,923,459,0.4344528710725894,0.4423459476144829,-0.47092260775197614,-0.08473266020295887,-0.05450222555664866,1107,459,0.4164408310749774,0.4305723436058657,-1.0034177977131977,-0.09370429434339055,-0.03966791194507768,0.6376960028432712,False,True,0.15782966021108286,False
shots_on_goal,avg_below_line_0-0.5 & b2b,330,127,0.4090909090909091,0.44334040614066544,-1.270563058702506,-0.15469988737780846,-0.019108088454387405,384,141,0.4166666666666667,0.4349255637046296,-0.7080276200741396,-0.1041846475172822,-0.03261675619828205,0.20388413602082556,False,True,0.23946405278347072,False
shots_on_goal,avg_below_line_0-0.5 & opp_allows_many,622,224,0.4565916398713826,0.4515683595990947,0.26030429493025437,-0.06343456043636098,-0.08188888329269815,471,141,0.42462845010615713,0.4485497323553324,-1.097200213548135,-0.10951640354373549,-0.017848942207732418,0.7946290598972513,False,False,0.8637230600783041,False
shots_on_goal,avg_below_line_0-0.5 & opp_allows_few,410,199,0.44634146341463415,0.4427656313729976,0.13987820196430942,-0.05701916251796869,-0.07240502983829131,312,160,0.40064102564102566,0.4175793417890649,-0.6240556538249729,-0.10800019486157975,-0.040368960517909086,0.8887562242604833,False,False,0.7337044819706381,False
shots_on_goal,avg_below_line_0-0.5 & game_total_high,609,159,0.458128078817734,0.44568652448380275,0.5613089044142803,-0.04163190181495743,-0.08862583658129591,986,209,0.4381338742393509,0.4377522104995199,0.023989071481613833,-0.06360666493389307,-0.06378532005256128,0.5745869723989673,False,True,0.4904306629471319,False
shots_on_goal,avg_below_line_0-0.5 & game_total_low,632,160,0.43670886075949367,0.44570334860476113,-0.4979738928591404,-0.08852038018474592,-0.05503017104651634,397,90,0.4534005037783375,0.4306437283920148,0.9120997659551765,-0.014661884005649483,-0.10095330704426568,0.6185024434979128,False,False,0.8191418992269917,False
shots_on_goal,avg_below_line_0-0.5 & books<=3,502,319,0.42828685258964144,0.41599144228743173,0.5597700391203069,-0.03668312515385701,-0.08652645733166395,470,312,0.41914893617021276,0.40461692537619853,0.6540637938786305,-0.02878104427125437,-0.08640581299221423,0.575636302175947,False,True,0.2565353532407144,False
shots_on_goal,avg_below_line_0-0.5 & books>=6,1235,500,0.4647773279352227,0.45718581523692015,0.5440368361547745,-0.055264550427868084,-0.08351110945849477,1379,485,0.4430746918056563,0.4397117284511559,0.25560784774580125,-0.058359486167172514,-0.06952876104153587,0.5864161245783762,False,True,0.3991268290232414,False
shots_on_goal,avg_above_line_0-0.5 & hot_l5,499,313,0.49498997995991983,0.5194562759317766,-1.0953535425562158,-0.1063201972837681,-0.013112496257456805,696,397,0.5431034482758621,0.5324920328879579,0.5756207245829099,-0.04944428963521139,-0.09091635784957827,0.2733617788126218,False,False,0.7175642151303908,False
shots_on_goal,avg_above_line_0-0.5 & cold_l5,439,295,0.49430523917995445,0.4952569925125739,-0.039496503791855715,-0.06493615497681023,-0.06038742580227408,649,370,0.5115562403697997,0.49172239804538137,1.0269217900562941,-0.017373843174993252,-0.09372896296361992,0.9684945409135197,False,False,0.847771353541317,False
shots_on_goal,avg_above_line_0-0.5 & toi_up,340,239,0.5323529411764706,0.5166927871042323,0.5701831383934431,-0.03862973552643258,-0.09838226112793862,559,345,0.5599284436493739,0.5340585716331097,1.2415749555597233,-0.02330064821254485,-0.12316058503367594,0.5685534912125687,False,True,0.10719671342608855,False
shots_on_goal,avg_above_line_0-0.5 & hitrate_hi,372,253,0.5,0.530252721313816,-1.178949190802259,-0.11408680958993894,0.0008285545886594556,291,225,0.5910652920962199,0.547705479540287,1.527526597065809,0.008671116608192532,-0.1570490595335963,0.23841840844031892,False,False,0.9366849406539897,False
shots_on_goal,avg_above_line_0-0.5 & hitrate_above_mkt,413,259,0.4648910411622276,0.4570893118348403,0.33357200245338714,-0.056290707015321434,-0.08429143169209129,228,174,0.4517543859649123,0.45519931333249913,-0.10840208685560787,-0.0742331832265863,-0.059040779553422004,0.7387025480849148,False,False,0.5431616270896481,False
shots_on_goal,avg_above_line_0-0.5 & defense,698,421,0.5143266475644699,0.5028254894887123,0.6203275570759658,-0.03290083441178733,-0.07707789054459988,890,460,0.5123595505617977,0.5056772030560996,0.39891710132107117,-0.05198893080575172,-0.07775330521799488,0.5350421557670435,False,True,0.3449771439444388,False
shots_on_goal,avg_above_line_0-0.5 & forward,2578,553,0.48797517455391776,0.5022136961914605,-1.530951896819753,-0.09258550072997693,-0.038185662250585714,2974,520,0.5043712172158709,0.5100063162841884,-0.6080517087399516,-0.07429389499331392,-0.05274987331157865,0.12578128164660687,False,True,0.271576589650418,False
shots_on_goal,avg_above_line_0-0.5 & home,1713,531,0.4979568009340339,0.5080391610782274,-0.810652376007291,-0.0836647644764119,-0.044790452235871706,2008,516,0.5149402390438247,0.5159698561117737,-0.09369336836012072,-0.06443613918619266,-0.06039407374662629,0.41756532967017346,False,True,0.46267636919319466,False
shots_on_goal,avg_above_line_0-0.5 & away,1563,537,0.4888035828534869,0.4961023784502257,-0.619189356310094,-0.0757085487864456,-0.04831539360338608,1856,516,0.49676724137931033,0.501478461355961,-0.4068186894540518,-0.07426315982831883,-0.056469431459819384,0.5357916228222165,False,True,0.34207057948455,False
shots_on_goal,avg_above_line_0-0.5 & b2b,515,141,0.5029126213592233,0.5021523832545833,0.0409185133096146,-0.06645035952597088,-0.06784966674981391,622,159,0.4742765273311897,0.5039705440232759,-1.2736288842951482,-0.11495046684376745,-0.00048116285785979675,0.9673608583203268,False,False,0.8986025146834586,False
shots_on_goal,avg_above_line_0-0.5 & opp_allows_many,818,231,0.5183374083129584,0.5188471501384182,-0.030081644310783126,-0.0649335087700016,-0.06200255778476491,563,142,0.5452930728241563,0.5295286423015435,0.736093717656712,-0.03506582963256244,-0.09710330793812504,0.9760019398241739,False,False,0.7691631671127879,False
shots_on_goal,avg_above_line_0-0.5 & opp_allows_few,768,238,0.4752604166666667,0.4903328549368457,-0.9383984048946902,-0.09425047434935763,-0.037939139854119196,757,194,0.4900924702774108,0.4845053220211322,0.33166712388519015,-0.05899138911728048,-0.07811953586533074,0.348039705379402,False,False,0.6299296859588122,False
shots_on_goal,avg_above_line_0-0.5 & game_total_high,1055,159,0.5109004739336492,0.5052427703599912,0.39714695550451445,-0.05683240802488111,-0.07778716397849354,1626,210,0.5141451414514145,0.5067885618655628,0.612072723263064,-0.047292955338948915,-0.07485839680720723,0.6912590956430174,False,True,0.27024482172088055,False
shots_on_goal,avg_above_line_0-0.5 & game_total_low,926,165,0.48596112311015116,0.5008402110574539,-1.0115961542025487,-0.09205069660726352,-0.03517352963820321,643,91,0.49922239502332816,0.5091935804676024,-0.500716232834964,-0.08273166033576135,-0.04293805388320659,0.3117311854623642,False,True,0.30828542314652185,False
shots_on_goal,avg_above_line_0-0.5 & books<=3,453,291,0.46799116997792495,0.4818481177784638,-0.6148609149609943,-0.08901837583652586,-0.03771448498891117,341,231,0.49266862170087977,0.4934981829978254,-0.031997163452671014,-0.06561234457336572,-0.06274057340540193,0.5386465766385506,False,True,0.4872371564887827,False
shots_on_goal,avg_above_line_0-0.5 & books>=6,2257,550,0.48515728843597694,0.5062298816787104,-2.1597140273322437,-0.1039514096206201,-0.023854385703845352,2485,513,0.5106639839034205,0.5123601556461045,-0.16568648313534096,-0.06738649972306553,-0.0604372430998383,0.030794814612178457,False,True,0.4342018419594321,False
shots_on_goal,avg_above_line_0.5+ & cold_l5,359,266,0.5821727019498607,0.5707899773505054,0.4276607190498236,-0.0455094066482738,-0.09056458345380212,453,288,0.5496688741721855,0.561289488552661,-0.48545086189096087,-0.08462706820649579,-0.042016096619183985,0.6688981523585125,False,False,0.6863217195752999,False
shots_on_goal,avg_above_line_0.5+ & hitrate_hi,1705,457,0.5958944281524927,0.5824160775159388,1.1639939885783666,-0.04315327213481898,-0.09546438139957518,1545,489,0.5883495145631068,0.5857571366353878,0.21620429680855532,-0.058748093854900575,-0.06816100919648005,0.24442644793791635,False,True,0.414414252193322,False
shots_on_goal,avg_above_line_0.5+ & hitrate_above_mkt,788,350,0.5609137055837563,0.5636977751027876,-0.1535264130174644,-0.07201144850582612,-0.06160216509201653,433,259,0.5242494226327945,0.5510592907173089,-1.119702371871129,-0.10617618658751876,-0.0013540993905920412,0.8779831626360033,False,True,0.13142030698399487,False
shots_on_goal,avg_above_line_0.5+ & defense,631,389,0.5927099841521395,0.5681712869057003,1.228991992611118,-0.025245228723218056,-0.12004911147453784,535,349,0.5738317757009346,0.5661991904704337,0.3653493790615324,-0.05254921113092669,-0.08215870562552312,0.21907480825662062,False,True,0.3574253114677184,False
shots_on_goal,avg_above_line_0.5+ & forward,2464,555,0.5750811688311688,0.5690151040026077,0.600171228923014,-0.058730797885963505,-0.08341253154390518,1686,500,0.5836298932384342,0.5838831534647481,-0.021686697127159527,-0.0642821646805105,-0.06353437771563374,0.5483921259827101,False,False,0.5086510622833686,False
shots_on_goal,avg_above_line_0.5+ & home,1422,511,0.5829817158931083,0.5714247670457672,0.8377609598737233,-0.04800122649848385,-0.09387841811865702,1001,429,0.5834165834165834,0.5822209778599191,0.07749124123532972,-0.061989692936321165,-0.06719898573458898,0.402164968870371,False,True,0.4691163794024291,False
shots_on_goal,avg_above_line_0.5+ & away,1673,536,0.5750149432157801,0.5666487026663726,0.680588910746096,-0.05522096905829085,-0.08833494112366136,1220,474,0.5795081967213115,0.5774921022995642,0.14110475353916227,-0.061017930309122136,-0.06869482263761456,0.49613164565136736,False,True,0.4438935942229837,False
shots_on_goal,avg_above_line_0.5+ & b2b,494,133,0.5364372469635628,0.569133037145845,-1.3022762775129801,-0.11723871826822273,0.009503669723760228,418,148,0.5789473684210527,0.5764675300145418,0.09495923476396587,-0.058503976569074995,-0.06747103081930163,0.19282195807742464,False,False,0.5378263967529475,False
shots_on_goal,avg_above_line_0.5+ & opp_allows_many,688,220,0.5843023255813954,0.5780079954252634,0.3376762528285639,-0.058173501286079614,-0.08345276716385959,230,112,0.6304347826086957,0.596889238445735,1.045597388866215,-0.009798345782904503,-0.14161599846184997,0.7356071721604485,False,True,0.14787347767194964,False
shots_on_goal,avg_above_line_0.5+ & opp_allows_few,897,239,0.5585284280936454,0.5565146102351471,0.11740272416599964,-0.06569786037932518,-0.07426286512243296,587,182,0.524701873935264,0.5677771888118819,-2.144118481295243,-0.13579984386377675,0.031056376801009995,0.9065409254305578,False,False,0.9839883026996711,False
shots_on_goal,avg_above_line_0.5+ & game_total_high,894,160,0.5503355704697986,0.5687120753570106,-1.0948573500194958,-0.09988553907164793,-0.029396538334402,945,206,0.5947089947089947,0.5757884259396239,1.2612440264705913,-0.03308025130430058,-0.1074279898247796,0.27357913658367394,False,False,0.8963895295543949,False
shots_on_goal,avg_above_line_0.5+ & game_total_low,914,164,0.5842450765864332,0.5715403828034052,0.7665022719795659,-0.045536078738692615,-0.09633619875998167,353,87,0.5892351274787535,0.5857045428195401,0.13069390343849654,-0.05629770078198986,-0.06725548116565255,0.4433775005257976,False,True,0.44800872766424094,False
shots_on_goal,avg_above_line_0.5+ & books<=3,427,295,0.6323185011709602,0.5948021694940199,1.56256930405075,-0.0038995743047313277,-0.15479735027852712,341,255,0.6041055718475073,0.6093581162543703,-0.1978805450123114,-0.07103133277099898,-0.04847893897556017,0.118153932989327,False,False,0.5784307369869611,False
shots_on_goal,avg_above_line_0.5+ & books>=6,2085,537,0.5640287769784172,0.5611630239862637,0.2566762230865056,-0.06313462042355321,-0.07384881691711317,1276,458,0.5540752351097179,0.5750647689674924,-1.5730116024583194,-0.09815135553465588,-0.016981235549883896,0.7974287279657236,False,False,0.9421419341607793,False
shots_on_goal,hot_l5 & forward,941,416,0.47396386822529224,0.5093279547781164,-1.9936400028414576,-0.12915470570648788,0.005523714512236386,1168,473,0.5008561643835616,0.5074813167659703,-0.4313743739593644,-0.07738115324251331,-0.051998832762689656,0.046191410410019486,False,True,0.33309808993194334,False
shots_on_goal,hot_l5 & home,568,316,0.46830985915492956,0.5100801040230328,-1.8568270985986248,-0.14214298195572858,0.017226419145711262,780,399,0.4948717948717949,0.5087204177400929,-0.7175639414765181,-0.09003527617079463,-0.03628122243795778,0.06333575702856954,False,True,0.23651309879466925,False
shots_on_goal,hot_l5 & away,599,324,0.5008347245409015,0.509510569010243,-0.38949485892369123,-0.07250814063150732,-0.03953709198919686,730,384,0.5287671232876713,0.5083504010812895,1.0919770043052925,-0.032765025672482136,-0.11135129557669363,0.6969101129887219,False,False,0.8625783955667322,False
shots_on_goal,hot_l5 & game_total_high,376,133,0.523936170212766,0.5110718541202732,0.46105858297723146,-0.03516378086835881,-0.08733805578269911,670,204,0.5283582089552239,0.508105336408682,0.9972096178288602,-0.03483859895215249,-0.11217286099098776,0.6447565753059543,False,True,0.15933138674604902,False
shots_on_goal,hot_l5 & game_total_low,343,136,0.49271137026239065,0.5087468783847561,-0.5505073296184128,-0.083828502567276,-0.02144794811520327,245,83,0.46122448979591835,0.507586947249922,-1.266830338489577,-0.1323275238518497,0.050946840325448696,0.581971450984313,False,True,0.1026079807835032,False
shots_on_goal,hot_l5 & books>=6,728,386,0.489010989010989,0.5106602490800554,-1.140060884916225,-0.09719315270682702,-0.016154027347962986,867,429,0.5201845444059977,0.5094132277164456,0.6278256108002042,-0.04468828062008242,-0.08411518312848597,0.25426093640119785,False,False,0.7349409066083168,False
shots_on_goal,cold_l5 & forward,846,400,0.508274231678487,0.5082116434968524,0.0035260329801530136,-0.0659848867616156,-0.06579877503085296,1081,444,0.5143385753931545,0.49805846636628004,1.0189994342704476,-0.02861394641680903,-0.09006147299110501,0.9971866385539664,False,True,0.15410161755305674,False
shots_on_goal,cold_l5 & home,534,323,0.5337078651685393,0.5132122827004426,0.9454779981904748,-0.025943745014924923,-0.10502964537330642,734,373,0.510899182561308,0.501117221724857,0.5266835815494068,-0.04173949478625607,-0.07998029806110041,0.34441489823234206,False,True,0.299206669514784,False
shots_on_goal,cold_l5 & away,516,296,0.48643410852713176,0.5033011514819504,-0.6975710939068617,-0.09809413065752311,-0.03372999920326244,667,360,0.5067466266866567,0.49485671448862023,0.5624432266679591,-0.03552323775320015,-0.0802028200345123,0.48544546416461287,False,False,0.7130929627177931,False
shots_on_goal,cold_l5 & game_total_high,332,137,0.46987951807228917,0.5125650529316664,-1.5182241582711982,-0.1367671231501791,0.02957997896664982,586,195,0.515358361774744,0.49784870162625244,0.8232067122955453,-0.026548525905331712,-0.09327213624674896,0.1289578993294177,False,False,0.7948047737765676,False
shots_on_goal,cold_l5 & game_total_low,313,128,0.48562300319488816,0.507120591634451,-0.732642713165914,-0.1145617045101284,-0.032884316644453265,231,82,0.47619047619047616,0.5020699376925689,-0.7491192316373666,-0.10589283675124202,-0.005911115176925073,0.463776372488493,False,True,0.22689267228798765,False
shots_on_goal,cold_l5 & books>=6,688,383,0.501453488372093,0.5156516252278157,-0.7395618825887295,-0.09315791497547529,-0.03663321846124974,801,407,0.49563046192259674,0.506979184848666,-0.677007992096443,-0.08056851963677156,-0.03885338857355827,0.45956587767456547,False,True,0.2492004417935123,False
shots_on_goal,toi_up & forward,657,318,0.4809741248097412,0.5119802930933355,-1.553094838524274,-0.12331973330438759,-0.004451318119043484,994,397,0.4919517102615694,0.5060873728541548,-0.8085862172450621,-0.09386079129401312,-0.040022663809265155,0.12040047902933775,False,True,0.20937659764285482,False
shots_on_goal,toi_up & home,429,254,0.4568764568764569,0.5127069541781626,-2.2123599992594984,-0.17289555787424185,0.041552996698262776,668,340,0.5209580838323353,0.5073464227224962,0.6536679805959377,-0.03769941684588517,-0.08788836987600984,0.02694180044941239,False,False,0.7433371317910645,False
shots_on_goal,toi_up & away,405,228,0.5432098765432098,0.5084631907381177,1.3143880728825488,0.005041237007506376,-0.13175785618365204,648,317,0.4984567901234568,0.5068161838269409,-0.40874555080917574,-0.08370482871026179,-0.0547437299438741,0.188715642147944,False,False,0.6586367990458778,False
shots_on_goal,toi_up & books>=6,540,298,0.49074074074074076,0.5085970656264241,-0.8730061541658798,-0.09843029965437824,-0.032969723223846864,769,363,0.5227568270481144,0.5115332919792291,0.6159918712954427,-0.04328807543901001,-0.08514393010043353,0.3826597233277479,False,False,0.731050057633999,False
shots_on_goal,toi_down & forward,396,239,0.5227272727272727,0.5032861786349483,0.7712908027945252,-0.03911439067670226,-0.11293337428554573,744,350,0.47446236559139787,0.4996971839462117,-1.239374649756268,-0.10779129992994026,-0.011782131369219906,0.4405345826114895,False,False,0.8923966075079265,False
shots_on_goal,toi_down & books>=6,323,228,0.5201238390092879,0.5111061957021283,0.3366220697902577,-0.0509144176102396,-0.08446302432567829,486,294,0.48559670781893005,0.5116712685194172,-1.121346100493571,-0.10775253631582678,-0.007623950583884117,0.7364018169446547,False,False,0.8689297152590827,False
shots_on_goal,hitrate_hi & defense,478,317,0.5648535564853556,0.5648939817026724,-0.001725556589091865,-0.06506672900235709,-0.06444231074450843,429,303,0.5734265734265734,0.5687585185239223,0.20325405857278264,-0.05738216425938766,-0.07533436383537939,0.9986232057220166,False,False,0.5805317690438956,False
shots_on_goal,hitrate_hi & forward,1610,463,0.5813664596273292,0.5747233539755041,0.5576220227112633,-0.05475463005243828,-0.08130176212919743,1407,487,0.5934612651030562,0.5830701252317946,0.7977857647994543,-0.045220726087818096,-0.08435792000530237,0.5771025149079909,False,True,0.21249741175182602,False
shots_on_goal,hitrate_hi & home,958,396,0.5866388308977035,0.5760480323996515,0.6753109100930085,-0.04653212113423474,-0.08659129668211524,834,399,0.6007194244604317,0.583292505633957,1.0510665579658898,-0.033469597316307116,-0.10062125743954205,0.4994782538048399,False,True,0.1466140110310239,False
shots_on_goal,hitrate_hi & away,1130,433,0.5699115044247788,0.5694423965624539,0.03236729012744679,-0.06608768035482784,-0.06968566313488185,1002,449,0.5788423153692615,0.5767576057377021,0.13362670131044194,-0.06020844901301121,-0.066957990846567,0.9741791475102938,False,True,0.4468488844748701,False
shots_on_goal,hitrate_hi & b2b,314,104,0.5636942675159236,0.5736238192844867,-0.4027066655034002,-0.08639236052247118,-0.04931676662106854,337,139,0.5637982195845698,0.5784932397538485,-0.5180456843284933,-0.08677563453429192,-0.02773579533881536,0.6871640298372284,False,True,0.3022131976732898,False
shots_on_goal,hitrate_hi & opp_allows_many,457,177,0.5733041575492341,0.5812935298788992,-0.37999891496221727,-0.08018577409306896,-0.048354397375678676,198,107,0.6313131313131313,0.5950710683246333,0.9568581011532038,-0.0036434373131921795,-0.143710638394335,0.7039462205838052,False,False,0.8306805591972458,False
shots_on_goal,hitrate_hi & opp_allows_few,610,192,0.5770491803278689,0.5615483818803297,0.8464137097559874,-0.037513402081978356,-0.09837902676923425,512,176,0.552734375,0.5659978594808114,-0.6087365281795689,-0.08034862327681294,-0.02594164438127399,0.39732199302410887,False,False,0.7286504546068725,False
shots_on_goal,hitrate_hi & game_total_high,666,146,0.5540540540540541,0.5678467753529077,-0.7672422419740262,-0.08868486811738466,-0.035082756430642535,749,205,0.595460614152203,0.5795132717638215,0.9667369599229352,-0.03637419467328277,-0.09790920057348487,0.44293750183737635,False,False,0.8331622271932004,False
shots_on_goal,hitrate_hi & game_total_low,618,142,0.5792880258899676,0.5754597920792602,0.21598295689057495,-0.05949601090327985,-0.07565124378240615,306,87,0.5915032679738562,0.5821396518295084,0.3501358128844122,-0.04700802033200814,-0.08005195903822272,0.829001032470452,False,True,0.36311838756189385,False
shots_on_goal,hitrate_hi & books<=3,318,224,0.610062893081761,0.5927450204308538,0.6164994908486855,-0.04058277366024773,-0.11063771929814513,277,214,0.6064981949458483,0.6059473437420099,0.01854382791184683,-0.06058946581027483,-0.058813187004909784,0.5375649078478071,False,True,0.49260250697494146,False
shots_on_goal,hitrate_hi & books>=6,1343,433,0.5614296351451973,0.5648357899946198,-0.25717625310060505,-0.06998534635196323,-0.05630822514649269,1061,430,0.5702167766258247,0.574728357017709,-0.3007426815167035,-0.0692389160341664,-0.050872474656975926,0.7970427149005337,False,True,0.38180535970814555,False
shots_on_goal,hitrate_lo & forward,1252,452,0.42971246006389774,0.4358977904291829,-0.4586573876202319,-0.0762503085175909,-0.05202589473692825,1348,487,0.43694362017804156,0.43011126836024893,0.4905849804172215,-0.046340347622008185,-0.0729159152609068,0.6464802189594612,False,False,0.6881399942182971,False
shots_on_goal,hitrate_lo & home,850,387,0.43529411764705883,0.4405895196235155,-0.3037015670268435,-0.06806381667107532,-0.048969396309004244,916,437,0.4497816593886463,0.4326643895210813,0.9882733220437983,-0.02444066001909607,-0.09013020691311208,0.7613552640467631,False,False,0.8384905963903062,False
shots_on_goal,hitrate_lo & away,671,364,0.4396423248882265,0.4360959632363826,0.18878688590384196,-0.05924263178328606,-0.07218188018427031,706,395,0.41359773371104813,0.42565832852857227,-0.6545049273219045,-0.08728888498951298,-0.04179000558137427,0.8502598505527529,False,False,0.7436067231494743,False
shots_on_goal,hitrate_lo & opp_allows_many,500,187,0.448,0.4441336626563441,0.18063047076890543,-0.05597949185931664,-0.06882350048449905,375,134,0.42933333333333334,0.4392946775471831,-0.3816709315803369,-0.0780917756779009,-0.04053896413392809,0.8566576370631195,False,False,0.6486472680249833,False
shots_on_goal,hitrate_lo & game_total_high,449,143,0.47216035634743875,0.44107844620101583,1.3253930711201545,0.007850647078787028,-0.11101176600717015,643,206,0.4416796267496112,0.4335298202037355,0.3809812459916761,-0.048183672852329155,-0.07799418814601436,0.18504081393793337,False,True,0.3516085822684123,False
shots_on_goal,hitrate_lo & game_total_low,489,142,0.40899795501022496,0.440006919628267,-1.415191949197913,-0.13083030907452015,-0.01201046726623221,260,88,0.4269230769230769,0.4252485278029882,0.05321845291473783,-0.06144889227931223,-0.06567740549789206,0.15701222437131565,False,False,0.5212210734255323,False
shots_on_goal,hitrate_lo & books<=3,389,260,0.38817480719794345,0.40778437089027614,-0.7746866765215972,-0.10196979764017018,-0.027943337163227628,355,272,0.4253521126760563,0.4037195621008378,0.821975188233619,-0.006918260588559477,-0.09481131154401201,0.43852482576459706,False,False,0.7944544908229719,False
shots_on_goal,hitrate_lo & books>=6,891,414,0.45230078563411896,0.4494773419336104,0.1738094482342256,-0.0603280884907024,-0.07024299612591506,840,420,0.44761904761904764,0.43509258224134284,0.6966657014809328,-0.03972508850226749,-0.08539522105419035,0.8620152188012116,False,True,0.2430060140881507,False
shots_on_goal,hitrate_above_mkt & forward,972,388,0.5082304526748971,0.5204947932206556,-0.7421263605662745,-0.09627311768476389,-0.05017789590772831,515,296,0.5029126213592233,0.5241422827210263,-0.9397504453101732,-0.10187436162136858,-0.0182365628350538,0.4580107798429478,False,True,0.17367279145990605,False
shots_on_goal,hitrate_above_mkt & home,537,284,0.5121042830540037,0.5213261229083203,-0.4047045278962034,-0.08262991534777511,-0.0445353663514117,255,176,0.5098039215686274,0.5157918312207209,-0.19228131681001548,-0.07290417190232835,-0.049290861433395845,0.6856947135099378,False,True,0.4237609261801186,False
shots_on_goal,hitrate_above_mkt & away,733,338,0.5266030013642565,0.5199393721895703,0.3676374603458569,-0.057218033940195756,-0.08416725055056472,438,246,0.4771689497716895,0.511409348665143,-1.404316071933869,-0.1270065998469488,0.007388466695406464,0.7131435787225169,False,False,0.9198876247714216,False
shots_on_goal,hitrate_above_mkt & opp_allows_few,439,171,0.5193621867881549,0.5158691221770796,0.1483769918680332,-0.06171243819735432,-0.07723826191247521,276,130,0.4891304347826087,0.5031827697021004,-0.4594733413641748,-0.08572519961128214,-0.03061509623494397,0.8820452569017868,False,False,0.6770528541900702,False
shots_on_goal,hitrate_above_mkt & game_total_high,423,125,0.475177304964539,0.5121515554339374,-1.489931363609645,-0.13754132632685032,0.006836996036774548,292,142,0.5136986301369864,0.514514493042099,-0.030903805037307674,-0.06483716667045597,-0.06259983438969627,0.1362422838932316,False,True,0.4876731276965264,False
shots_on_goal,hitrate_above_mkt & game_total_low,342,119,0.5321637426900585,0.5266644737762384,0.19602280747657838,-0.05727189841448259,-0.07713575838146919,108,51,0.5370370370370371,0.5132247125725982,0.4606515241503044,-0.03091736749831831,-0.11524058457260779,0.8445923145096658,False,True,0.32252431961037786,False
shots_on_goal,hitrate_above_mkt & books>=6,807,360,0.5030978934324659,0.5161001304465609,-0.7723736291568803,-0.09060710428377358,-0.04020618761036745,396,235,0.49242424242424243,0.5173495692035278,-0.9923912736528446,-0.10438135724172232,-0.00703391471084213,0.4398931680134134,False,True,0.16050334706195507,False
shots_on_goal,hitrate_below_mkt & forward,728,378,0.5068681318681318,0.49412743557255767,0.6843890462581828,-0.043357998307270884,-0.0913140067022142,655,325,0.4854961832061069,0.5020887902225485,-0.8440025110154141,-0.09525994559934785,-0.03130568130837088,0.4937295310094767,False,False,0.8006659987778864,False
shots_on_goal,hitrate_below_mkt & home,531,304,0.4971751412429379,0.49603721334103257,0.051466694685197656,-0.06129282118596753,-0.06600461803495743,505,279,0.48118811881188117,0.49890041500440874,-0.8007081763886226,-0.09459782150021011,-0.025814665391439524,0.9589536404554232,False,False,0.7883496960143607,False
shots_on_goal,hitrate_below_mkt & away,363,234,0.5344352617079889,0.4991844048732218,1.3383332376608013,-0.0011187127855227178,-0.13605736413864936,284,197,0.4823943661971831,0.5015884298110342,-0.6388416644858746,-0.10418001509752538,-0.032801118323951266,0.18078783155205136,False,False,0.7385370296242861,False
shots_on_goal,hitrate_below_mkt & opp_allows_many,334,147,0.5359281437125748,0.5044337700119308,1.1592151288926735,-0.00338791079361346,-0.12224685390100225,234,105,0.45726495726495725,0.49986007345230526,-1.3572451735469542,-0.13802865702288725,0.02482808513714049,0.24636850618522965,False,False,0.91264833921747,False
shots_on_goal,hitrate_below_mkt & game_total_high,306,129,0.545751633986928,0.4983488342709493,1.6676041828237809,0.031173756690314938,-0.15223520215638267,334,148,0.4940119760479042,0.501827342453819,-0.28182489814934303,-0.07615024108847378,-0.04454194835259806,0.09539432737077612,False,False,0.6109611107596247,False
shots_on_goal,hitrate_below_mkt & books>=6,565,330,0.5433628318584071,0.5027487209860415,1.8892714019872932,0.010272771843764884,-0.14436185721571193,434,253,0.511520737327189,0.5076232742268302,0.16229649670643292,-0.05122008110622181,-0.06485129264360472,0.05885547148333041,False,True,0.4355361866656384,False
shots_on_goal,defense & home,1094,587,0.5301645338208409,0.5141871098520916,0.9799951094461901,-0.030483178393023242,-0.09223504480986909,948,485,0.5337552742616034,0.5093893466551925,1.5084036881680911,-0.023026979148782076,-0.11582726961107662,0.3270885327313585,False,True,0.06572561982994493,False
shots_on_goal,defense & away,998,575,0.5180360721442886,0.5117665808492743,0.37073038821169674,-0.04716294895893133,-0.07135202933448083,873,477,0.49942726231386025,0.5051288956500127,-0.33051776819897893,-0.07400133083976937,-0.05148428352194381,0.7108383541737995,False,False,0.6294956153971503,False
shots_on_goal,defense & b2b,305,140,0.5180327868852459,0.5116030291969185,0.23216317859262248,-0.06241305286741263,-0.08384484871141673,304,149,0.4506578947368421,0.5055790378817359,-1.8426206482214933,-0.1665441641683465,0.046872718253825496,0.8164112756736683,False,False,0.9673077914872257,False
shots_on_goal,defense & opp_allows_many,490,232,0.5408163265306123,0.5196392176755249,0.921429006887302,-0.027825782080196024,-0.1058862513863956,292,138,0.5273972602739726,0.5125815735332758,0.5233309971889807,-0.04322319497298666,-0.10113944536324031,0.35682649029699953,False,True,0.3003719668757414,False
shots_on_goal,defense & opp_allows_few,437,224,0.5583524027459954,0.5017633384270924,2.3111340840913788,0.04637207819491281,-0.17383891136016374,333,183,0.5105105105105106,0.4963399456266529,0.49927765642149663,-0.03157365601492567,-0.08523716684742737,0.020825449857616075,False,True,0.30879189676257957,False
shots_on_goal,defense & game_total_high,622,173,0.5112540192926045,0.5152744216854447,-0.19384842668973926,-0.06060238768696264,-0.044555256574684746,815,209,0.5226993865030675,0.5061735434841826,0.9562255238493941,-0.03692115621288428,-0.09875797651099616,0.8462945671198303,False,False,0.8305208463052272,False
shots_on_goal,defense & game_total_low,543,180,0.5340699815837937,0.5108791872748173,1.0396483648135975,-0.023268082042166783,-0.1137557126826208,275,90,0.5272727272727272,0.5097534610213679,0.6208279839283655,-0.03726025406532987,-0.09526803949212825,0.29850329813517873,False,True,0.2673564044182436,False
shots_on_goal,defense & books<=3,354,266,0.4830508474576271,0.47831939895907083,0.18295115888096455,-0.04500903614819176,-0.06840430681337407,216,175,0.5046296296296297,0.4784471018823353,0.7819113388752251,-0.02644931411381592,-0.12323637030001332,0.8548363412701383,False,True,0.2171333403873148,False
shots_on_goal,defense & books>=6,1355,589,0.5269372693726937,0.5206250151895326,0.45876687940094146,-0.05229385284749929,-0.07526842850255992,982,472,0.5315682281059063,0.5178027632216028,0.9427247228060137,-0.0380639600792279,-0.09018710530113294,0.6464015813780103,False,True,0.172910862167037,False
shots_on_goal,forward & home,4161,631,0.509973564047104,0.5081433169739336,0.22232714182820923,-0.06353058383249582,-0.07090995194525086,3511,520,0.5012816861293079,0.5025945195559015,-0.1436152967138141,-0.0625970707788655,-0.05747939157661209,0.824059224656317,False,False,0.5570978695741657,False
shots_on_goal,forward & away,4082,631,0.5044096031357178,0.5079667898417345,-0.42425927269636643,-0.07453573561274478,-0.061305007169395395,3403,520,0.4951513370555392,0.5021140138974176,-0.7611165307402357,-0.07979781810643816,-0.053466617754282145,0.6713767378545277,False,True,0.22329373382128742,False
shots_on_goal,forward & b2b,1242,154,0.47665056360708535,0.5083629405911612,-2.063054094498032,-0.12769476197265928,-0.005124028798703364,1152,159,0.4939236111111111,0.5039397298588912,-0.5582002887105875,-0.0828006348282602,-0.044194175004625386,0.039107488961527374,False,True,0.28835381187487386,False
shots_on_goal,forward & opp_allows_many,1868,243,0.5107066381156317,0.5089502348075228,0.14847262545707182,-0.06349230061900567,-0.0709506423866195,1060,143,0.5037735849056604,0.5028518272142473,0.05221925636797794,-0.062424017149375004,-0.0675043082938003,0.8819697882174515,False,True,0.47917699475134234,False
shots_on_goal,forward & opp_allows_few,1783,247,0.48513740886146944,0.5063309257601166,-1.6809668117617496,-0.10834999865981973,-0.027493548429733037,1332,195,0.4767267267267267,0.5020027727055878,-1.734622052684497,-0.11565542286310879,-0.016131655838137488,0.09276936115567566,False,True,0.04140388539727703,False
shots_on_goal,forward & game_total_high,2312,173,0.5125432525951558,0.5080495588309435,0.4086075268304312,-0.0581251155560122,-0.07516267818794418,2833,210,0.5068831627250264,0.502551841630457,0.4589123023091891,-0.05536100521003358,-0.07215699868048046,0.6828277061029444,False,True,0.3231485719880276,False
shots_on_goal,forward & game_total_low,2433,186,0.499383477188656,0.5086507020640144,-0.8980464030644733,-0.08500204128339815,-0.050079742222685394,1150,91,0.4956521739130435,0.5021226813442375,-0.3726235728188337,-0.07435108178627313,-0.049511023904507144,0.3691608111975515,False,True,0.354714312917623,False
shots_on_goal,forward & early_gp<5,1141,159,0.5153374233128835,0.5128885107436887,0.16057475314329384,-0.0623372356826928,-0.0706488457807514,8,7,0.25,0.5026025701551678,-1.3155851415088,-0.5635454069660193,0.40421008373001127,0.8724283409014607,False,False,0.9058433383318554,False
shots_on_goal,forward & books<=3,1443,569,0.4857934857934858,0.48320764603044236,0.1971875681240677,-0.0609466171635589,-0.07254492417037324,1025,441,0.4848780487804878,0.4857994715726632,-0.06285634824351614,-0.05738275185316438,-0.05537295688835024,0.8436807588234715,False,False,0.5250595524372035,False
shots_on_goal,forward & books>=6,5432,631,0.5079160530191458,0.5115562190068701,-0.5454930561898482,-0.07388033729849793,-0.05996215079427813,4250,514,0.49411764705882355,0.5042252227942441,-1.282853520450415,-0.08196833877947236,-0.0423243992771703,0.5854144549628404,False,True,0.09977169966537347,False
shots_on_goal,home & opp_allows_many,1261,142,0.5194290245836638,0.5101333543790506,0.6414835155010421,-0.04696690899091599,-0.08309108817282089,688,73,0.5290697674418605,0.5055914431343794,1.1236200366756866,-0.01655411458833278,-0.1073830981463692,0.5212085876371213,False,True,0.13058712611734064,False
shots_on_goal,home & opp_allows_few,1170,146,0.4965811965811966,0.5053692108569718,-0.5756609389411109,-0.08672846810018607,-0.051577987671086414,853,107,0.4794841735052755,0.5043276748760618,-1.3723135039874381,-0.11373010456108686,-0.01615820907669585,0.5648443823953855,False,True,0.08498293178022692,False
shots_on_goal,home & game_total_high,1507,173,0.5162574651625746,0.5087925527769086,0.5625684330488445,-0.04713522198436624,-0.07596023199648645,1870,210,0.520855614973262,0.5033275954267321,1.4618653153435412,-0.028752996288359145,-0.09511615066731925,0.573728792372256,False,True,0.07188906065134344,False
shots_on_goal,home & game_total_low,1511,186,0.4990072799470549,0.5112659157220127,-0.884860881984999,-0.09234532916621267,-0.04547782969754992,742,91,0.5,0.5043290633895564,-0.22010502970440893,-0.06940588556910865,-0.05043581759813147,0.37623166828486065,False,True,0.41289467886268755,False
shots_on_goal,home & early_gp<5,709,132,0.5289139633286318,0.5144549161498255,0.689029021059281,-0.04214483326690769,-0.09500081122844009,4,4,0.25,0.49323533862654334,-1.008558802118829,-0.5569469290399522,0.35980753009738514,0.49080500488072687,False,False,0.8434068631741884,False
shots_on_goal,home & books<=3,886,470,0.5146726862302483,0.4929270688889128,1.3121611920381415,-0.025532574788435063,-0.11083415842939875,612,358,0.5098039215686274,0.495156247992682,0.7244615567285857,-0.022165312220147008,-0.0809845555809277,0.1894657528720739,False,True,0.23439121015681025,False
shots_on_goal,home & books>=6,3429,628,0.510936132983377,0.5117132816560753,-0.08926529407223313,-0.06758664745756066,-0.06439905510639164,2644,513,0.504160363086233,0.5056764724647165,-0.15094827133433344,-0.06481222035048323,-0.057300540143703,0.9288710752454525,False,True,0.44000826084729955,False
shots_on_goal,away & b2b,932,115,0.4957081545064378,0.5102444968695377,-0.7824443523227873,-0.09617888528224205,-0.039278710907522794,986,121,0.4918864097363083,0.5054239356028795,-0.7381441950779506,-0.09113698711612547,-0.03801029885273893,0.43395347694061037,False,True,0.23021341494863667,False
shots_on_goal,away & opp_allows_many,1097,130,0.5141294439380127,0.5123647177843909,0.11893674288337747,-0.06655695400004887,-0.07260000088569908,664,76,0.4879518072289157,0.5042919328951289,-0.78814019700988,-0.10150813294228413,-0.04097547185661516,0.905325471743276,False,False,0.7846926475011213,False
shots_on_goal,away & opp_allows_few,1050,136,0.5028571428571429,0.5055015645907337,-0.16156498220255125,-0.06804870644006096,-0.06156414813279471,812,105,0.4876847290640394,0.49723816313822355,-0.5157099744220773,-0.08319614718722175,-0.04444382979577696,0.8716484350994202,False,True,0.303028493567149,False
shots_on_goal,away & game_total_high,1427,173,0.5080588647512263,0.5104140807783368,-0.16225623210510381,-0.0708109129476882,-0.06097926555099913,1778,210,0.49943757030371205,0.5033960640217684,-0.3152507338333236,-0.07489334477744332,-0.06020322068075143,0.8711040796040976,False,True,0.376285643926547,False
shots_on_goal,away & game_total_low,1465,186,0.5126279863481229,0.5067793571030799,0.40807171418750043,-0.054546581994032034,-0.07842755231498887,683,91,0.5036603221083455,0.5027981263421647,0.04077006286752555,-0.06478938042445269,-0.06692973893514637,0.6832210257245044,False,True,0.4837396029389095,False
shots_on_goal,away & early_gp<5,718,125,0.4986072423398329,0.512245451332239,-0.6617818473789439,-0.08893025128282692,-0.03406175620993911,4,3,0.25,0.5119698016837922,-0.8766269817529622,-0.5701438848920863,0.4486126373626374,0.5081110413941092,False,True,0.19034463944493818,False
shots_on_goal,away & books<=3,911,487,0.4566410537870472,0.47185545270896,-0.8840358706958712,-0.08919572568707122,-0.03369745973801944,629,353,0.46740858505564387,0.4741707608856007,-0.37032374287501063,-0.08102575742344637,-0.053758010778750566,0.37667684942062507,False,True,0.3555706425609034,False
shots_on_goal,away & books>=6,3358,630,0.5125074449076832,0.5150552216880443,-0.29742818227019746,-0.07159664939899547,-0.06160773191651892,2588,513,0.49806800618238023,0.5078944811292275,-0.9724109990073554,-0.08283645208805322,-0.04518539651999057,0.766139630322326,False,True,0.1654230611131311,False
shots_on_goal,b2b & books>=6,1011,154,0.4886251236399604,0.512782004049973,-1.5744382783261406,-0.1106833917084949,-0.016927769926754533,888,156,0.481981981981982,0.5077742187299117,-1.3817235173143343,-0.1117593366949571,-0.012559050536167338,0.11538616023098025,False,True,0.08352830529898103,False
shots_on_goal,opp_allows_many & game_total_high,1075,102,0.521860465116279,0.5106407893968054,0.6836855795209245,-0.04178212695641955,-0.08589543803059538,791,79,0.5132743362831859,0.5021390267305248,0.5562021195072432,-0.0467631066718073,-0.08986235241883633,0.49417373136299514,False,True,0.2890363452336113,False
shots_on_goal,opp_allows_many & books<=3,425,206,0.5341176470588235,0.5066862736512885,1.2161024593761425,-0.01954345728595109,-0.1301610591008923,211,103,0.5545023696682464,0.5123591190748014,1.3315592714753106,0.015360158784520189,-0.1468997246173007,0.22394589379938257,False,True,0.09150252798772396,False
shots_on_goal,opp_allows_many & books>=6,1499,242,0.5083388925950634,0.5098968481416294,-0.12428431482582615,-0.06905650396019443,-0.06114875725823064,751,141,0.4940079893475366,0.5058300182350007,-0.5994693560397384,-0.08476898155780802,-0.04150115055799316,0.9010901659637782,False,True,0.2744299695168122,False
shots_on_goal,opp_allows_few & books<=3,413,196,0.4358353510895884,0.4655309544246952,-1.1502518606832208,-0.11439788113005235,-0.004790262306489213,235,133,0.425531914893617,0.4651275945583036,-1.3082512497635983,-0.1359929419676181,0.020414593638148144,0.25004015179808625,False,True,0.09539405215458735,False
shots_on_goal,opp_allows_few & books>=6,1463,246,0.5030758714969241,0.5135609904736765,-0.8532209789225155,-0.08823220205508532,-0.04815046036129824,1056,191,0.49053030303030304,0.5079861691799434,-1.1434304681348246,-0.09878792097908273,-0.029845697859875477,0.39353677159137324,False,True,0.12642995419648395,False
shots_on_goal,game_total_high & books<=3,510,160,0.5196078431372549,0.49534329294984525,1.0309484008874712,-0.020789266789171566,-0.11759208383100352,499,187,0.5110220440881763,0.4768998214193067,1.7159264684157276,0.0020177275299457374,-0.1297627249610226,0.3025650175387652,False,True,0.04308775078303177,False
shots_on_goal,game_total_high & books>=6,1863,173,0.511003757380569,0.5105271182379133,0.0439765346567809,-0.06228115716800281,-0.0634041449949455,2129,207,0.49882573978393613,0.5063862211922294,-0.7403103282259388,-0.0789038419249149,-0.04914919801576627,0.9649231083988814,False,False,0.7704441422822543,False
shots_on_goal,game_total_low & books<=3,504,171,0.4603174603174603,0.47531636842826125,-0.6633292247463219,-0.08085474455551155,-0.022081637246278298,182,75,0.4230769230769231,0.4775964751165854,-1.4522349677409114,-0.1600989984875335,0.0504731273695964,0.5071197233374701,False,True,0.07321814144387158,False
shots_on_goal,game_total_low & books>=6,1961,186,0.5165731769505354,0.5145838296701228,0.17993596023701047,-0.06772713421841983,-0.07604849546320205,917,91,0.504907306434024,0.5085990348061654,-0.20908586823188652,-0.0700876871677586,-0.053287541649021115,0.8572028437342205,False,False,0.5828093967918531,False
shots_on_goal,early_gp<5 & books>=6,953,121,0.5372507869884575,0.5193796485114398,1.1602139610674767,-0.03287666470548433,-0.09944705868909608,2,2,0.0,0.5205909535545927,-1.4132130115456738,-1.0,0.9572826086956521,0.24596170420982577,False,False,0.92120344905506,False
