{
  "EPL": 0.02329,
  "BUN": -0.014438,
  "SEA": 0.005182,
  "LG1": -0.020907
}