{
  "q25": 33.664170870113495,
  "q75": 36.46962724344225,
  "n_qualified": 26
}