{
  "pop_mean_fta": 17.838689964817544,
  "pop_sd_fta": 2.764934010454645
}