actual_H,shuffle_mean,pctl
1.771665363001695,-0.10033635355296978,62.2
