model,R2,RMSE,adj_coef,adj_p,delta_R2
A_market,0.17950183911895856,15.32730182797628,,,
B_market+adj,0.2117358145895325,15.106443914923759,-0.4912110048856264,0.05822846389661933,0.03223397547057394
