{
  "n_clusters": 8,
  "axes": [
    "bs",
    "putt_dep",
    "par5_tilt",
    "vol",
    "cut_rate"
  ],
  "type_remap": {
    "0": 0,
    "7": 1,
    "1": 2,
    "2": 3,
    "4": 4,
    "3": 5,
    "6": 6,
    "5": 7
  },
  "t6_type_id": 7,
  "t6_profile": {
    "bs": -1.5716005866818368,
    "putt_dep": 1.678404232977958,
    "cut_rate": 0.412160428018637
  },
  "rebuilt_at": "2026-04-05T17:18:48.690333"
}