{
  "alpha": 300.0,
  "sigma": 12.990712144175854,
  "impute_vals": {
    "home_pts_scored_rolling": 23.805642484589853,
    "home_pts_allowed_rolling": 22.95113798008535,
    "away_pts_scored_rolling": 22.842887624466567,
    "away_pts_allowed_rolling": 23.94108582266477,
    "is_dome_f": 0.31789737171464333,
    "wind_for_feature": 5.995994993742178,
    "temp_for_feature": 61.95519399249061,
    "wind_bucket": 0.5694618272841051,
    "neutral_site_f": 0.015018773466833541,
    "home_rest_days": 7.446808510638298,
    "away_rest_days": 7.396745932415519,
    "rest_advantage": 0.05006257822277847,
    "is_short_week_home": 0.15519399249061328,
    "is_short_week_away": 0.13516896120150187
  },
  "features": [
    "home_pts_scored_rolling",
    "home_pts_allowed_rolling",
    "away_pts_scored_rolling",
    "away_pts_allowed_rolling",
    "is_dome_f",
    "wind_for_feature",
    "temp_for_feature",
    "wind_bucket",
    "neutral_site_f",
    "home_rest_days",
    "away_rest_days",
    "rest_advantage",
    "is_short_week_home",
    "is_short_week_away"
  ],
  "target": "actual_total - closing_total_line",
  "architecture": "market_anchor_ridge"
}