cell,market,n_D,rate_D,ref_D,z_D,n_V,rate_V,ref_V,z_V,p_D,bh_pass,same_sign_V,V_onesided_p,DV_survivor
HOME:rest3plus,ml,705,0.548936170212766,0.5394904419851412,0.5187406738239878,342,0.5847953216374269,0.532659305652961,1.9881537890899008,0.6039415938025469,False,True,0.023397341989201202,False
HOME:rest3plus,pl,705,0.475177304964539,0.4822044910269805,-0.38764558089010376,339,0.5575221238938053,0.4901713880366854,2.5752122607592356,0.6982783327209626,False,False,0.9949910706261115,False
HOME:rest3plus,tot,667,0.48875562218890556,0.5023120347114625,-0.7009488497330265,325,0.47692307692307695,0.49955459185537054,-0.8167055623280745,0.48333493715784126,False,True,0.2070483559161359,False
HOME:rest_adv2,ml,247,0.5546558704453441,0.5506170090684345,0.13137344128332254,111,0.6486486486486487,0.5572503691825061,1.9922435038249153,0.895479897337733,False,True,0.023172173558344698,False
HOME:rest_adv2,pl,247,0.4898785425101215,0.4679024697647412,0.7163751841762414,110,0.5363636363636364,0.4752454912333752,1.3304239857177156,0.4737597137992273,False,True,0.0916893080556902,False
HOME:rest_adv2,tot,235,0.46382978723404256,0.5032779379190477,-1.210802980541841,107,0.4953271028037383,0.4991838406374932,-0.07986927081758186,0.22597092261625829,False,True,0.46817061503172863,False
HOME:third_in_4,ml,324,0.4691358024691358,0.5280426107970926,-2.2008188272976486,160,0.475,0.5314090301785223,-1.4725788542702,0.027748852198948838,False,True,0.0704323150339958,False
HOME:third_in_4,pl,322,0.43478260869565216,0.47229066566831424,-1.3924384775614052,158,0.44936708860759494,0.4839771317363996,-0.9032827885173337,0.16378965957963276,False,True,0.18318791442378074,False
HOME:third_in_4,tot,306,0.4934640522875817,0.5035150684610323,-0.35201030566505653,154,0.42857142857142855,0.5015174145876149,-1.812063409752163,0.7248305337139993,False,True,0.03498819965078222,False
HOME:dense7_4plus,ml,389,0.532133676092545,0.5399158308965771,-0.3202009499831065,169,0.5325443786982249,0.5258820278100826,0.1779233043823072,0.7488160030964153,False,False,0.5706083957001009,False
HOME:dense7_4plus,pl,388,0.49742268041237114,0.48401234232284607,0.5460984603575809,169,0.4556213017751479,0.4737475081551513,-0.48931755960493395,0.5849982580849007,False,False,0.6876915543720431,False
HOME:dense7_4plus,tot,373,0.4906166219839142,0.5038466438717958,-0.511567354912557,160,0.4125,0.49870054083513693,-2.1828006049632855,0.6089538376030057,False,True,0.014525248558482735,False
HOME:backup,ml,853,0.5228604923798359,0.5298824614414225,-0.4254189799875919,370,0.5054054054054054,0.5145390338179477,-0.3633982506333421,0.6705312723429826,False,True,0.3581537041897402,False
HOME:backup,pl,849,0.46878680800942285,0.48013278832340384,-0.684618494251969,365,0.4904109589041096,0.49304274259187325,-0.10410016664327104,0.4935846935220275,False,True,0.4585449293078543,False
HOME:backup,tot,807,0.5006195786864932,0.5038326787093855,-0.18275765718758155,349,0.47564469914040114,0.5023002113137579,-0.9967429998002257,0.8549881736339144,False,True,0.15944463604609344,False
HOME:backup_vs_primary,ml,456,0.5131578947368421,0.5260088450218603,-0.5690191055800352,195,0.5230769230769231,0.5074802455820508,0.4496905684603622,0.5693431742987457,False,False,0.6735332135334938,False
HOME:backup_vs_primary,pl,452,0.4579646017699115,0.47632339722301437,-0.8099040513997161,194,0.5,0.4923364991087894,0.2213609437175188,0.4179953231729383,False,False,0.5875942997552156,False
HOME:backup_vs_primary,tot,432,0.48842592592592593,0.5032677134272302,-0.6175961895182237,180,0.46111111111111114,0.5016192519185134,-1.0877510093812488,0.5368415570265701,False,True,0.13835252115868008,False
HOME:gsv_top,ml,233,0.5278969957081545,0.5867842163441066,-1.8703392525452256,80,0.55,0.5633339697273749,-0.24663760537780652,0.06143672194496284,False,True,0.4025943492594781,False
HOME:gsv_top,pl,232,0.4051724137931034,0.45534901952884926,-1.5881202834493384,78,0.46153846153846156,0.4632295866345706,-0.030988514192992322,0.1122591425174009,False,True,0.4876393498106158,False
HOME:gsv_top,tot,223,0.4484304932735426,0.5010983657504968,-1.5744770074313514,74,0.4594594594594595,0.49761576017145787,-0.6569905793807321,0.11537721302231341,False,True,0.2555934869538061,False
HOME:gsv_bottom,ml,835,0.5137724550898204,0.5158615709574935,-0.12497500762037114,473,0.572938689217759,0.5238420606603934,2.2004620020473102,0.9005433362221652,False,False,0.9861129334941657,False
HOME:gsv_bottom,pl,832,0.4723557692307692,0.4907382664362124,-1.0989735091862525,467,0.5310492505353319,0.49146719906300296,1.7748216105074162,0.2717796209281199,False,False,0.9620363265480687,False
HOME:gsv_bottom,tot,796,0.5037688442211056,0.503948687982021,-0.010159946151942545,449,0.4521158129175947,0.49914472978510643,-1.9948053776421661,0.9918936752889101,False,True,0.023032055314951207,False
HOME:pts_top,ml,608,0.5953947368421053,0.6156513186924776,-1.0461752108546227,241,0.6016597510373444,0.6110674386218858,-0.30488339990979924,0.2954801457119237,False,True,0.3802274795931606,False
HOME:pts_top,pl,602,0.4335548172757475,0.4380838669348791,-0.22958753278848987,231,0.4458874458874459,0.43460655008570437,0.353582131773747,0.818412295514748,False,False,0.6381739664072809,False
HOME:pts_top,tot,572,0.46503496503496505,0.5034605607644451,-1.83987717804847,232,0.40086206896551724,0.4999961684506121,-3.0221575595921535,0.06578627129192985,False,True,0.0012548993730906218,False
HOME:pts_bottom,ml,627,0.4529505582137161,0.441427964094823,0.5975149890083128,349,0.5071633237822349,0.4624993175138509,1.7128184983787988,0.5501636026624155,False,True,0.043372967930794454,False
HOME:pts_bottom,pl,627,0.5167464114832536,0.5258656085975101,-0.4720223929360367,347,0.5619596541786743,0.5194108236233818,1.6459458145265053,0.6369108050897518,False,False,0.9501125423218038,False
HOME:pts_bottom,tot,592,0.527027027027027,0.5023887892896607,1.2002911921852848,325,0.5138461538461538,0.4995925058649174,0.5143427034585633,0.23002626927802428,False,True,0.30350620525135064,False
HOME:pts_gap15,ml,385,0.6597402597402597,0.6837263981756595,-1.0284728633230478,129,0.6666666666666666,0.6610561379283375,0.13673940846042856,0.3037274493967821,False,False,0.5543816106821898,False
HOME:pts_gap15,pl,379,0.43271767810026385,0.4875644787940634,-2.1693372079785593,118,0.4067796610169492,0.4532529593634848,-1.0264180843834507,0.030057092354242056,False,True,0.15234727866483372,False
HOME:pts_gap15,tot,364,0.489010989010989,0.5023529150635012,-0.5096020022755546,122,0.4098360655737705,0.501721721362746,-2.0311110107471575,0.6103303208291022,False,True,0.02112186738088997,False
HOME:win10_hot,ml,431,0.5661252900232019,0.6029397471079063,-1.596041480592392,184,0.6304347826086957,0.5955290553007412,0.9875478428528411,0.11047953251401355,False,False,0.8383129295351565,False
HOME:win10_hot,pl,428,0.4252336448598131,0.4528692302968111,-1.183609670422495,177,0.4915254237288136,0.4482451948297284,1.1869885312314477,0.23656761057576003,False,False,0.882383927832358,False
HOME:win10_hot,tot,410,0.4682926829268293,0.5016435391926298,-1.3520663081611204,177,0.4293785310734463,0.5026567461877794,-1.9514825593325174,0.17635410417954633,False,True,0.02549983445669906,False
HOME:win10_cold,ml,425,0.4611764705882353,0.45512600400606246,0.2590799826838288,198,0.5252525252525253,0.45428672083977006,2.061282779828075,0.795573529137766,False,True,0.019638035039408638,False
HOME:win10_cold,pl,425,0.5176470588235295,0.5164736814680851,0.049916777500997364,196,0.5663265306122449,0.5185911434585252,1.3838555680564473,0.9601887074576463,False,True,0.08320134205360674,False
HOME:win10_cold,tot,405,0.5333333333333333,0.5038931510520789,1.1861644433942131,186,0.510752688172043,0.4983894243297618,0.33749319879124673,0.23555736499391822,False,True,0.3678725691519471,False
HOME:last_lost_by3,ml,452,0.497787610619469,0.5080438132707559,-0.45181010745739375,218,0.5504587155963303,0.5137840827414001,1.1147353556845567,0.6514057876253384,False,False,0.8675180772850681,False
HOME:last_lost_by3,pl,451,0.4878048780487805,0.49401467497770046,-0.272797389499552,215,0.4883720930232558,0.4958152754506217,-0.22675157184947498,0.7850089663617503,False,True,0.41030846143275634,False
HOME:last_lost_by3,tot,430,0.5023255813953489,0.5018575381424418,0.0194331038151892,201,0.4626865671641791,0.49932330820545195,-1.0397054216897212,0.9844956023645841,False,False,0.8507616095276933,False
HOME:last_won_by3,ml,467,0.5246252676659529,0.5706338380984924,-2.0586101861970567,215,0.5906976744186047,0.560156451407469,0.9261979042311298,0.039531596172788,False,False,0.8228284292510036,False
HOME:last_won_by3,pl,465,0.4258064516129032,0.4643097917036097,-1.7223133815774359,211,0.4928909952606635,0.45734747360909583,1.0689293260383383,0.08501276493541891,False,False,0.8574492417971269,False
HOME:last_won_by3,tot,444,0.5157657657657657,0.5030539382239833,0.5362525237275595,205,0.4878048780487805,0.4974812152164885,-0.2773417894077613,0.5917840376338591,False,False,0.6092411628709602,False
HOME:last_ot_loss,ml,259,0.47876447876447875,0.5270266016956379,-1.6121897558263014,126,0.5079365079365079,0.5121052824733033,-0.09636716146616368,0.1069206537933845,False,True,0.4616144860318455,False
HOME:last_ot_loss,pl,259,0.4362934362934363,0.4836430644062862,-1.5778525927409468,126,0.47619047619047616,0.5033709903310101,-0.6330049371789369,0.11459947819521081,False,True,0.2633652094380414,False
HOME:last_ot_loss,tot,245,0.5102040816326531,0.5054359733880149,0.14941656077126442,117,0.48717948717948717,0.5010661785305272,-0.300677175829384,0.8812249448093334,False,False,0.6181696625474589,False
HOME:xg_top,ml,612,0.5882352941176471,0.61364287736896,-1.316272114201104,307,0.6514657980456026,0.6118074447788421,1.4496234423419885,0.18808272690610106,False,False,0.9264182224077063,False
HOME:xg_top,pl,607,0.4233937397034596,0.44656362171865477,-1.1799158181637612,300,0.47333333333333333,0.4376000534510277,1.2755084107144437,0.23803369789844375,False,False,0.8989353254499235,False
HOME:xg_top,tot,580,0.4413793103448276,0.5036635032844866,-3.003483610185624,295,0.4406779661016949,0.5008620246216903,-2.069509542820396,0.0026690792486973366,False,True,0.019249148385493183,False
HOME:xg_bottom,ml,579,0.42487046632124353,0.42501372548744026,-0.007158043798671044,251,0.4820717131474104,0.4354568569420153,1.524132873396349,0.9942887561392608,False,False,0.9362622388654378,False
HOME:xg_bottom,pl,579,0.5181347150259067,0.5281491047651529,-0.496901757832153,249,0.5823293172690763,0.5430245102023037,1.282527173326015,0.6192583318689954,False,False,0.9001711105197859,False
HOME:xg_bottom,tot,549,0.5100182149362478,0.50166385160588,0.3918781757154531,229,0.5065502183406113,0.5017418120683563,0.14564479478112533,0.6951482291546482,False,True,0.4421009019395524,False
HOME:xg10_top,ml,536,0.5932835820895522,0.606951640668182,-0.6618918626622512,279,0.6451612903225806,0.6003447085481168,1.55716726263838,0.5080405272065859,False,False,0.9402846106291098,False
HOME:xg10_top,pl,532,0.4398496240601504,0.45215485802257643,-0.5869639909847356,274,0.4781021897810219,0.44441067076871016,1.1501188021315525,0.5572278910249754,False,False,0.8749525283592765,False
HOME:xg10_top,tot,510,0.4647058823529412,0.5020141573289999,-1.686932486165098,265,0.4075471698113208,0.500826530835278,-3.0398539331505283,0.09161633460490788,False,True,0.0011834645558764828,False
HOME:xg10_bottom,ml,541,0.4399260628465804,0.4394848172362221,0.02130923446530964,268,0.4626865671641791,0.4675180311352362,-0.16322764241831225,0.9829989774745643,False,False,0.5648303987171215,False
HOME:xg10_bottom,pl,541,0.5027726432532348,0.5145454265604383,-0.5654294791557708,264,0.5492424242424242,0.5168609131322454,1.089547518395894,0.5717816782615612,False,False,0.8620437439708517,False
HOME:xg10_bottom,tot,510,0.5215686274509804,0.5028898036782407,0.8444745451201949,253,0.48221343873517786,0.49999939301137325,-0.5662615956467072,0.39840428175771747,False,False,0.7143920183884508,False
HOME:pdo_high,ml,265,0.5811320754716981,0.5877238254172165,-0.22337325922237988,135,0.5925925925925926,0.5900563087376257,0.06118110424614275,0.8232450146156518,False,False,0.5243925109172184,False
HOME:pdo_high,pl,265,0.44528301886792454,0.4559846432373559,-0.3603813273949871,131,0.44274809160305345,0.45196254848053624,-0.21826052767999868,0.7185619884292234,False,True,0.41361306369325485,False
HOME:pdo_high,tot,249,0.44176706827309237,0.5002793332815191,-1.8483249851763477,126,0.4444444444444444,0.4999631722058908,-1.247386270499653,0.06455534338289247,False,True,0.10612794913852824,False
HOME:pdo_low,ml,258,0.4728682170542636,0.46849154612692545,0.14692736012178886,133,0.5413533834586466,0.5097677823176515,0.747335751073947,0.8831893560248476,False,True,0.22743045861833733,False
HOME:pdo_low,pl,258,0.5155038759689923,0.5022395686716984,0.43882062695561125,133,0.45112781954887216,0.4852770726787428,-0.8171880319125581,0.6607915130273463,False,False,0.7930895095477642,False
HOME:pdo_low,tot,247,0.5141700404858299,0.5042104364967024,0.31336169532868363,128,0.4375,0.4992598697603516,-1.3986611907357775,0.7540058824336263,False,False,0.919042696329538,False
HOME:lucky,ml,495,0.5313131313131313,0.5582771320825448,-1.245280732356737,219,0.589041095890411,0.5692991747243072,0.6049857777199693,0.21302857559054977,False,False,0.7274057766720777,False
HOME:lucky,pl,494,0.4534412955465587,0.46737119734324867,-0.6413199183308186,214,0.5093457943925234,0.4726301925926768,1.1109031398370048,0.5213148506944293,False,False,0.8666949780762843,False
HOME:lucky,tot,461,0.47288503253796094,0.501833598362129,-1.244229946715709,205,0.4634146341463415,0.4998687974352746,-1.0446366104623956,0.21341494507989445,False,True,0.14809547614241947,False
HOME:unlucky,ml,517,0.504835589941973,0.5074151111645502,-0.1218700779709467,210,0.5666666666666667,0.5136421122679453,1.5762674221552058,0.9030019132723122,False,False,0.9425179069130276,False
HOME:unlucky,pl,516,0.47674418604651164,0.49565410497030027,-0.88931752001029,210,0.5238095238095238,0.4922753093976312,0.9508378567340144,0.37383245827274847,False,False,0.8291566540639366,False
HOME:unlucky,tot,492,0.5,0.505091756034732,-0.22611968033734603,201,0.472636815920398,0.5004042191537457,-0.7879757636627764,0.8211083382694193,False,True,0.21535544128819006,False
HOME:revenge,ml,726,0.5192837465564738,0.50616423393526,0.7305218059543336,383,0.5326370757180157,0.5074617131884028,1.014885973035687,0.465071288952003,False,True,0.15508009267545353,False
HOME:revenge,pl,725,0.4910344827586207,0.48263870613530385,0.4692364976158981,379,0.5277044854881267,0.4940129531312931,1.3620609611039758,0.6389006001712989,False,True,0.08658932361931959,False
HOME:revenge,tot,691,0.5007235890014472,0.5024825820829747,-0.09257937957834991,363,0.4765840220385675,0.4999942672272503,-0.8928602629396865,0.9262377260931375,False,True,0.18596600470738173,False
HOME:early_gp10,ml,291,0.5292096219931272,0.5338890153030222,-0.16475718460197974,138,0.5,0.5376896243650358,-0.9120912160042891,0.8691351051413201,False,True,0.18086035099283726,False
HOME:early_gp10,pl,291,0.4639175257731959,0.48411134930178057,-0.7149805413171452,138,0.42028985507246375,0.49586590393354457,-1.8385883451089748,0.4746210671815918,False,True,0.032987878407523444,False
HOME:early_gp10,tot,278,0.48201438848920863,0.5033407721697666,-0.7120150144538498,128,0.5390625,0.5025559135224943,0.8267629084328892,0.4764554785296703,False,False,0.7958142713981059,False
AWAY:b2b_opp_not,ml,367,0.42779291553133514,0.4384485526654189,-0.424771180062725,191,0.3769633507853403,0.43414878258785816,-1.6432534912874543,0.671003488863473,False,True,0.05016524831640133,False
AWAY:b2b_opp_not,pl,366,0.4918032786885246,0.5165071663841306,-0.9780700945626201,187,0.49732620320855614,0.5193889685107025,-0.6241029663568923,0.32803965745265473,False,True,0.2662799829728594,False
AWAY:b2b_opp_not,tot,354,0.4745762711864407,0.5023064779412465,-1.0446990075608544,181,0.4530386740331492,0.49974569345855896,-1.2578718623761018,0.29616210366920015,False,True,0.1042190505942005,False
AWAY:b2b,ml,454,0.43392070484581496,0.44543468191137847,-0.5106086018407477,226,0.37610619469026546,0.43428405687715677,-1.8156993777305614,0.6096251514211493,False,True,0.03470824978916687,False
AWAY:b2b,pl,453,0.4900662251655629,0.515883273645076,-1.136805540670189,222,0.49099099099099097,0.5245511872022672,-1.034675426714024,0.2556195866153256,False,True,0.1504102578712035,False
AWAY:b2b,tot,437,0.4805491990846682,0.5029209026039796,-0.9364154885527843,213,0.45539906103286387,0.49942434876905184,-1.2861901867620287,0.34905930640215366,False,True,0.09918834750692362,False
AWAY:rest3plus,ml,580,0.49137931034482757,0.48186474134389506,0.4735724986195858,284,0.4788732394366197,0.4825215069376939,-0.1266348537514614,0.6358047906390021,False,False,0.5503852951504914,False
AWAY:rest3plus,pl,580,0.5465517241379311,0.5135047535983879,1.6534688973813225,281,0.5266903914590747,0.5177770669771906,0.309915162398227,0.09823547101357227,False,True,0.3783127360941942,False
AWAY:rest3plus,tot,544,0.5128676470588235,0.5026412695634096,0.47755641246280267,265,0.4226415094339623,0.4983641646137623,-2.4673176899619103,0.6329659604168678,False,False,0.993193523915312,False
AWAY:third_in_4,ml,485,0.47010309278350515,0.45293634149916484,0.7865435244217678,229,0.42358078602620086,0.44352768735857456,-0.62528621489928,0.43154913069639866,False,False,0.7341083871082644,False
AWAY:third_in_4,pl,484,0.5227272727272727,0.5189589831196805,0.17138500311859847,224,0.5044642857142857,0.5110241054034946,-0.2034709715968414,0.8639210460935269,False,False,0.58061653379378,False
AWAY:third_in_4,tot,457,0.4617067833698031,0.5017989715540062,-1.7159843265851904,216,0.5231481481481481,0.49961613334459154,0.692340321862705,0.08616491112459317,False,False,0.7556381831051198,False
AWAY:dense7_4plus,ml,426,0.43896713615023475,0.4455820098259039,-0.28380896361242297,175,0.38857142857142857,0.4399614411235151,-1.4081058613444644,0.7765567849011795,False,True,0.07954986284874849,False
AWAY:dense7_4plus,pl,425,0.5035294117647059,0.5289677543228344,-1.084983960869929,172,0.5116279069767442,0.5169526655073584,-0.14463678444352138,0.2779287591130195,False,True,0.44249882640624094,False
AWAY:dense7_4plus,tot,404,0.45544554455445546,0.5021499683309237,-1.8794244598821837,170,0.4411764705882353,0.49909948884531896,-1.5117705279709606,0.06018655908144772,False,True,0.06529612471223147,False
AWAY:travel_1500,ml,227,0.4933920704845815,0.4812853989496339,0.3777422531099406,116,0.49137931034482757,0.485328292260633,0.13447930302156472,0.7056220758987706,False,True,0.44651178810798225,False
AWAY:travel_1500,pl,227,0.5506607929515418,0.5214494754562715,0.9142744552107558,116,0.5172413793103449,0.5073530932490048,0.2202971613683983,0.3605726497282672,False,True,0.4128198653820591,False
AWAY:travel_1500,tot,218,0.5321100917431193,0.5041867501008922,0.8253150587826935,111,0.46846846846846846,0.49976402980503826,-0.6601855664766431,0.409192744640015,False,False,0.745432623247876,False
AWAY:far_tz2,ml,754,0.46949602122015915,0.46561092688330247,0.22127832713495696,375,0.464,0.46502494102397973,-0.04108340041171625,0.8248757241719611,False,False,0.5163852960084765,False
AWAY:far_tz2,pl,752,0.535904255319149,0.5266530706153552,0.5259817815206265,369,0.5257452574525745,0.5151813917894202,0.420383886988772,0.5989008652579748,False,True,0.3371025185675616,False
AWAY:far_tz2,tot,719,0.5062586926286509,0.5029351970834713,0.17841750712708435,356,0.47191011235955055,0.4999782278510182,-1.0602740790212153,0.858395101187055,False,False,0.8554900359341053,False
AWAY:backup,ml,996,0.4708835341365462,0.4571418716120168,0.9016483099623028,470,0.4574468085106383,0.45689462246231866,0.024767203803981227,0.36724371947268175,False,True,0.4901203253013594,False
AWAY:backup,pl,994,0.528169014084507,0.5106545852402181,1.141317130459641,461,0.5054229934924078,0.5132252956626496,-0.34683721346746504,0.25373797597969383,False,False,0.6356431909157946,False
AWAY:backup,tot,950,0.5157894736842106,0.5031815656698816,0.7780753308084719,445,0.4696629213483146,0.5002859719693864,-1.2930897990366905,0.43652460490766853,False,False,0.9020099985791485,False
AWAY:backup_vs_primary,ml,599,0.4741235392320534,0.45149083540089097,1.1530272390075855,295,0.423728813559322,0.4446144650217983,-0.7413970834775974,0.2488992043675169,False,False,0.7707736438263664,False
AWAY:backup_vs_primary,pl,597,0.5343383584589615,0.5074124279238597,1.3601079786895582,290,0.496551724137931,0.5173937293772761,-0.7356473994468493,0.17379575659200985,False,False,0.7690273456980143,False
AWAY:backup_vs_primary,tot,575,0.5165217391304348,0.5023324658582207,0.6812143146769906,276,0.45652173913043476,0.4986085113159704,-1.399553331441255,0.4957358916276897,False,False,0.919176441302032,False
AWAY:gsv_top,ml,226,0.504424778761062,0.5047420487403756,-0.009758313248981946,70,0.6,0.5012167045008634,1.692149099826839,0.9922141160874027,False,False,0.9546912256524284,False
AWAY:gsv_top,pl,226,0.5353982300884956,0.5121039293894849,0.7328987054110389,68,0.5588235294117647,0.469861751431135,1.5394241960371116,0.46362021276664955,False,True,0.06185038540050275,False
AWAY:gsv_top,tot,218,0.48623853211009177,0.5004684598670628,-0.4205511063283663,70,0.45714285714285713,0.49890229462647234,-0.6996053753984578,0.6740829031659887,False,True,0.24208689232487735,False
AWAY:gsv_bottom,ml,836,0.4688995215311005,0.44755794943831084,1.28764477627274,490,0.42448979591836733,0.45228353129605414,-1.2717076270145624,0.19786964511444338,False,False,0.8982614901562558,False
AWAY:gsv_bottom,pl,835,0.5365269461077844,0.5196569976953276,1.006566221477815,484,0.49586776859504134,0.531349365632802,-1.61538974783228,0.31414327368315287,False,False,0.9468868404949861,False
AWAY:gsv_bottom,tot,794,0.5138539042821159,0.5043642506269342,0.5353897615561237,465,0.4946236559139785,0.5010676742770127,-0.27814603592181436,0.5923803684337068,False,False,0.6095498710521148,False
AWAY:pts_top,ml,588,0.5544217687074829,0.5415020517411162,0.6418198498789254,263,0.5437262357414449,0.541879531184903,0.06121967247446747,0.520990159724442,False,True,0.4755921313738252,False
AWAY:pts_top,pl,588,0.5170068027210885,0.49839593521931136,0.943016685787784,261,0.4559386973180077,0.4692675152579135,-0.44998325136052014,0.3456723682794126,False,False,0.673638741353208,False
AWAY:pts_top,tot,556,0.4748201438848921,0.5023168282884535,-1.297872284357543,252,0.4523809523809524,0.5009600860809881,-1.5437494189064835,0.1943312253782703,False,True,0.061324524596898466,False
AWAY:pts_bottom,ml,643,0.36391912908242613,0.37301217784120067,-0.49089972394496606,324,0.35802469135802467,0.39515067690751826,-1.399051114632423,0.6234973723185009,False,True,0.08089882782398877,False
AWAY:pts_bottom,pl,637,0.5368916797488226,0.522907339901487,0.7238304308026294,312,0.5544871794871795,0.5467594223227591,0.2809665469407023,0.4691698445604574,False,True,0.3893680291810777,False
AWAY:pts_bottom,tot,613,0.5008156606851549,0.5026721315275252,-0.09204064898410308,307,0.46905537459283386,0.5006105305046958,-1.1065840743918636,0.9266657434237328,False,True,0.1342368979413659,False
AWAY:pts_gap15,ml,362,0.6104972375690608,0.6176357501331173,-0.28385326370421715,158,0.5949367088607594,0.5893951948659459,0.14397364491653483,0.776522834001768,False,False,0.5572393594525448,False
AWAY:pts_gap15,pl,362,0.4585635359116022,0.44762376767762585,0.4277071605723091,156,0.4166666666666667,0.43798964716379457,-0.5505649196701878,0.6688643359612381,False,False,0.7090340188365296,False
AWAY:pts_gap15,tot,342,0.49122807017543857,0.5028038282954068,-0.4285472007771679,147,0.47619047619047616,0.5017939802388486,-0.6213944037462005,0.6682527766548372,False,True,0.2671700766287242,False
AWAY:win10_hot,ml,418,0.5263157894736842,0.5255616191346615,0.03164199835997038,214,0.4719626168224299,0.5156150533949994,-1.3076812854838427,0.9747575502969071,False,False,0.9045092832420496,False
AWAY:win10_hot,pl,418,0.5167464114832536,0.5076606421322715,0.38707312092839463,213,0.460093896713615,0.48451892180350514,-0.7429095959317947,0.6987020760006756,False,False,0.7712317921847257,False
AWAY:win10_hot,tot,394,0.48223350253807107,0.5035569374942054,-0.8473500354162682,204,0.45098039215686275,0.4984627286562983,-1.357518861618751,0.3968000452529724,False,True,0.08730820223591418,False
AWAY:win10_cold,ml,436,0.3830275229357798,0.3842218206363161,-0.05293639270652682,179,0.3407821229050279,0.3924520971065969,-1.4487223760648331,0.9577825878477427,False,True,0.07370756449893302,False
AWAY:win10_cold,pl,430,0.5162790697674419,0.5215661892229151,-0.2254114193907342,171,0.45614035087719296,0.5381838930992464,-2.2075394135188393,0.821659228835744,False,True,0.013638198299027663,False
AWAY:win10_cold,tot,408,0.5220588235294118,0.5015861543350113,0.8278277347465374,168,0.5,0.5000650970220917,-0.0016888987228275408,0.407768065343463,False,False,0.5006737727875427,False
AWAY:last_lost_by3,ml,481,0.4095634095634096,0.4263450764696631,-0.7709595129400646,210,0.37142857142857144,0.44384474844132293,-2.1757981834273363,0.44073092996968577,False,True,0.014785177295259744,False
AWAY:last_lost_by3,pl,478,0.5271966527196653,0.5191904834765029,0.36102934746670723,208,0.4807692307692308,0.5324252256764093,-1.5428335981013757,0.7180775084380169,False,False,0.9385644223666689,False
AWAY:last_lost_by3,tot,461,0.49023861171366595,0.503793259733757,-0.5827952132889019,202,0.4504950495049505,0.49993124684233103,-1.4064729861938359,0.5600311676908252,False,True,0.07979186036208807,False
AWAY:last_won_by3,ml,468,0.45085470085470086,0.4946083335881685,-1.9495542943695585,222,0.42792792792792794,0.4904819947715262,-1.9114403658783254,0.05122926552574557,False,True,0.02797400673496231,False
AWAY:last_won_by3,pl,467,0.48822269807280516,0.5159881821675326,-1.248349762690556,220,0.45,0.5057713040287156,-1.721130778046561,0.21190299791438105,False,True,0.04261354769141533,False
AWAY:last_won_by3,tot,439,0.510250569476082,0.5030893402808724,0.30040629137211133,207,0.4830917874396135,0.5002462235637983,-0.494085234236388,0.7638672653591654,False,False,0.6893770072604387,False
AWAY:last_ot_loss,ml,242,0.4793388429752066,0.45705910858567356,0.7167466772023438,108,0.4074074074074074,0.44261153011743,-0.7625507278295289,0.4735304188981807,False,False,0.77713431045668,False
AWAY:last_ot_loss,pl,242,0.5082644628099173,0.5160248054452604,-0.2506358274066177,104,0.5288461538461539,0.5322202432173939,-0.07091065157181743,0.8020956793735594,False,True,0.4717344329947918,False
AWAY:last_ot_loss,tot,228,0.4605263157894737,0.5008305145038497,-1.2184572168087053,101,0.46534653465346537,0.5014256698836617,-0.7257148803177287,0.2230502734046057,False,True,0.2340067888337798,False
AWAY:xg_top,ml,634,0.5694006309148265,0.5389544791987735,1.5690505968400663,308,0.5324675324675324,0.5500793188274066,-0.6321251371769566,0.11663614989007795,False,False,0.7363474446392737,False
AWAY:xg_top,pl,634,0.5236593059936908,0.49573657193004106,1.4696140851814772,306,0.43790849673202614,0.47039856517568623,-1.1862622169094088,0.14166630330642938,False,False,0.8822406186431898,False
AWAY:xg_top,tot,599,0.4507512520868113,0.5037607005426541,-2.597525880463146,292,0.410958904109589,0.5010973254086281,-3.083492999880014,0.009389804398884321,False,True,0.0010229296162570611,False
AWAY:xg_bottom,ml,582,0.32989690721649484,0.35646822401685924,-1.3725324275436115,236,0.3305084745762712,0.3672051572258885,-1.1933746421851408,0.16989775118911532,False,True,0.11636134075156657,False
AWAY:xg_bottom,pl,576,0.5225694444444444,0.5224962692304599,0.0035936899741421994,224,0.5758928571428571,0.5464943865925881,0.9007999927948491,0.9971326564250907,False,True,0.1838473356995015,False
AWAY:xg_bottom,tot,550,0.5236363636363637,0.5008305373541523,1.0707228013838825,223,0.5067264573991032,0.4999567397922937,0.20234240207375748,0.2842940872537797,False,True,0.4198245267066061,False
AWAY:xg10_top,ml,523,0.5487571701720841,0.5361310841401771,0.5916219867829178,270,0.4777777777777778,0.5297745494537311,-1.7495174435476615,0.5541037473760773,False,False,0.9598991918766856,False
AWAY:xg10_top,pl,523,0.5258126195028681,0.5038444021750089,1.0494527363610455,269,0.42379182156133827,0.48545839374839966,-2.1081755956557675,0.2939697973183394,False,False,0.9824920982955938,False
AWAY:xg10_top,tot,499,0.46292585170340683,0.5028186522389798,-1.7841633142992306,254,0.43700787401574803,0.49972660606943176,-2.000967088939116,0.07439713156799688,False,True,0.02269796835288538,False
AWAY:xg10_bottom,ml,534,0.3258426966292135,0.3655913479922043,-1.9639428714363283,255,0.34901960784313724,0.40274480301173504,-1.7952536865339515,0.04953671737689864,False,True,0.036306645158759504,False
AWAY:xg10_bottom,pl,528,0.49242424242424243,0.5214746261027482,-1.3684759558194288,245,0.5061224489795918,0.5327640044232345,-0.857909274245982,0.1711631431720959,False,True,0.1954712813583318,False
AWAY:xg10_bottom,tot,501,0.5269461077844312,0.5005314473433037,1.1836488675011334,242,0.49586776859504134,0.4995576945253191,-0.11489667947226614,0.23655208759208013,False,False,0.5457364914686563,False
AWAY:pdo_high,ml,268,0.5,0.5170003314719962,-0.5682245694482362,155,0.535483870967742,0.5307638275149726,0.11952737462211709,0.5698824903121557,False,False,0.547571223159223,False
AWAY:pdo_high,pl,268,0.47388059701492535,0.49676895731497683,-0.7853168196919337,155,0.43870967741935485,0.47024580862382903,-0.8224221028772388,0.4322678366278576,False,True,0.20541835201976122,False
AWAY:pdo_high,tot,258,0.4689922480620155,0.5023803708146938,-1.0733879271563147,146,0.4589041095890411,0.5026931977166113,-1.0591815903139243,0.28309709902789426,False,True,0.14475854376664232,False
AWAY:pdo_low,ml,284,0.43309859154929575,0.40888993359683273,0.8664358305624387,133,0.39097744360902253,0.4350035975664876,-1.0541813617904767,0.3862512019598031,False,False,0.8541000542310191,False
AWAY:pdo_low,pl,279,0.5627240143369175,0.5048599535307288,1.9911209210824887,132,0.5075757575757576,0.5241756866767546,-0.39380676972093076,0.04646759493543515,False,False,0.6531381470182125,False
AWAY:pdo_low,tot,274,0.5072992700729927,0.50142884081714,0.1945306595100037,128,0.4765625,0.5007234474779034,-0.5471112277112788,0.8457603914163142,False,False,0.7078488404554515,False
AWAY:lucky,ml,473,0.4587737843551797,0.4851797983008896,-1.183673625697855,217,0.4838709677419355,0.5088880685244953,-0.7541450727813107,0.23654228312321024,False,True,0.2253810576222547,False
AWAY:lucky,pl,473,0.5052854122621564,0.5180864017205975,-0.5789072812048491,216,0.44907407407407407,0.48796646551977424,-1.1911894726253291,0.5626517369342541,False,True,0.116789605683841,False
AWAY:lucky,tot,455,0.4747252747252747,0.5020801007278358,-1.168004611557416,205,0.45365853658536587,0.5032077541874139,-1.420121131461841,0.24280490473521155,False,True,0.07778620964708442,False
AWAY:unlucky,ml,553,0.5009041591320073,0.4410439090454532,2.9486132593692713,228,0.4166666666666667,0.44891979618471983,-1.0069130678734037,0.003192031522384907,False,False,0.8430117242046573,False
AWAY:unlucky,pl,548,0.5656934306569343,0.5109420273599538,2.6482173594918903,228,0.5307017543859649,0.5337239484939357,-0.09435260417728994,0.008091748032342631,False,False,0.5375854679184899,False
AWAY:unlucky,tot,526,0.48098859315589354,0.5028494236333577,-1.0038728129624481,217,0.48847926267281105,0.4995187723466658,-0.32549486778833286,0.3154399223784725,False,True,0.37240328312758997,False
AWAY:revenge,ml,686,0.45043731778425655,0.4284259244463978,1.2056625175117117,307,0.38436482084690554,0.43495510004382154,-1.8337437672098702,0.22794764304991888,False,False,0.966653980761155,False
AWAY:revenge,pl,683,0.5358711566617862,0.5195697233215746,0.8797602897983243,302,0.5033112582781457,0.5322627364269552,-1.0411748899234585,0.3789891809641729,False,False,0.85110280634372,False
AWAY:revenge,tot,651,0.4715821812596006,0.5033114443719339,-1.6208030913043252,293,0.4778156996587031,0.4991350128528404,-0.7304843456159201,0.10505987532935822,False,True,0.2325470891769758,False
AWAY:early_gp10,ml,286,0.46153846153846156,0.4657450986691481,-0.14694011900652393,139,0.49640287769784175,0.46475471003559415,0.7699182662421071,0.8831792852086451,False,False,0.7793258110906356,False
AWAY:early_gp10,pl,286,0.527972027972028,0.5140665606401232,0.48799315865911586,139,0.5755395683453237,0.5044007372205463,1.7366252952580028,0.6255546869184894,False,True,0.04122666582805111,False
AWAY:early_gp10,tot,274,0.4781021897810219,0.5034336937784399,-0.8396315216746151,128,0.53125,0.5030932973756994,0.637648822628541,0.40111501972921504,False,False,0.7381488466581442,False
AWAY:road_trip_4plus,ml,298,0.45302013422818793,0.44854001929340304,0.16056097577361764,153,0.37254901960784315,0.45641276229383737,-2.1404234338825665,0.8724391928537181,False,False,0.9838397188050388,False
AWAY:road_trip_4plus,pl,297,0.5218855218855218,0.5209660166639922,0.032773195372609136,150,0.4866666666666667,0.5116755641437816,-0.6363411684153497,0.9738554537203306,False,False,0.7377229612792825,False
AWAY:road_trip_4plus,tot,283,0.49823321554770317,0.4998284006662593,-0.053720384315947646,145,0.5103448275862069,0.4995278996620237,0.26076498864878467,0.9571579419151671,False,False,0.6028631272327591,False
HOME:first_home_after_trip3,ml,382,0.5471204188481675,0.537156780471757,0.4034747242450741,198,0.6111111111111112,0.5336519243073905,2.244257280658357,0.6865990252842972,False,True,0.012407926222727076,False
HOME:first_home_after_trip3,pl,381,0.4776902887139108,0.4903104231717209,-0.5106898659769119,198,0.5252525252525253,0.4877917387015297,1.0950456608854755,0.609568237947022,False,False,0.8632516835683466,False
HOME:first_home_after_trip3,tot,364,0.47802197802197804,0.5029190184244398,-0.951024204311818,186,0.4838709677419355,0.5016018356010639,-0.484090847419666,0.3415920890448225,False,True,0.3141606982694862,False
PRICE:hold_low,ml,303,0.5346534653465347,0.5446786333173708,-0.3599302334250926,0,,,,0.7188993071436842,False,False,,False
PRICE:hold_low,pl,303,0.46864686468646866,0.4715811646867226,-0.1059318205973083,0,,,,0.9156364469170399,False,False,,False
PRICE:hold_low,tot,293,0.5119453924914675,0.5027912968822258,0.31371333454417605,0,,,,0.7537387721955027,False,False,,False
TOTAL:tl=6,ml,872,0.5263761467889908,0.5380970446205401,-0.7161951171860278,290,0.5344827586206896,0.531381883806772,0.10872666824374032,0.4738708776657491,False,False,0.5432903554777438,False
TOTAL:tl=6,pl,871,0.4397244546498278,0.4732207729398474,-2.0544524371002106,287,0.49477351916376305,0.4853226181789167,0.3318163116621207,0.039931922318765065,False,False,0.6299860167299619,False
TOTAL:tl=6,tot,818,0.5,0.4996271089402424,0.021342332492509036,261,0.4789272030651341,0.4994789192633528,-0.6644547151987784,0.982972575074114,False,False,0.7468003382981319,False
TOTAL:tl=6.5,ml,1194,0.535175879396985,0.5362873074333324,-0.07971570969487637,354,0.5677966101694916,0.5315106579497223,1.419357189648034,0.9364633646868659,False,False,0.9221025466322704,False
TOTAL:tl=6.5,pl,1191,0.4811083123425693,0.4875104682273721,-0.4568441037599345,344,0.5116279069767442,0.4960303833622044,0.5965380233117358,0.6477831028116121,False,False,0.7245920697834245,False
TOTAL:tl=6.5,tot,1145,0.4925764192139738,0.5061894230798004,-0.922530880196107,341,0.44281524926686217,0.5040486264172641,-2.263497799115617,0.3562517305340426,False,True,0.011802510064729354,False
GAME:both_backups,ml,397,0.5340050377833753,0.5343317538528085,-0.013509818161092566,175,0.4857142857142857,0.5224045407093756,-1.0059453459995296,0.9892210525579417,False,True,0.1572209307136937,False
GAME:both_backups,pl,397,0.4811083123425693,0.4844699288205727,-0.1383925742622908,171,0.47953216374269003,0.49384397788847134,-0.38675479084837566,0.8899301654276063,False,True,0.34946887462054,False
GAME:both_backups,tot,375,0.5146666666666667,0.5044835187144285,0.394871775477295,169,0.4911242603550296,0.5030254935098767,-0.30970869932632217,0.6929375207859267,False,False,0.6216087566291457,False
GAME:both_primary,ml,842,0.5439429928741093,0.5372274415446996,0.4024977376560485,453,0.5805739514348786,0.5367105264843333,1.918779836996226,0.6873177530005348,False,True,0.02750610132117422,False
GAME:both_primary,pl,842,0.46199524940617576,0.473178524864705,-0.6747200354149328,449,0.5055679287305123,0.4803815760397552,1.1090777169898094,0.4998536528721005,False,False,0.8663016716338724,False
GAME:both_primary,tot,792,0.4659090909090909,0.5019910084026742,-2.0329859888726936,432,0.48148148148148145,0.4992896172067771,-0.7409650177792326,0.04205393856937333,False,True,0.22935732567009065,False
GAME:divisional,ml,561,0.5294117647058824,0.5375032713455682,-0.3979754498511608,268,0.6231343283582089,0.5319849462546824,3.0777122696100876,0.6906482824445643,False,False,0.998957018917318,False
GAME:divisional,pl,560,0.4732142857142857,0.487336061739556,-0.6919658998284023,265,0.5924528301886792,0.4903451539353246,3.4482716267675086,0.4889587439743991,False,False,0.9997179068255188,False
GAME:divisional,tot,525,0.4990476190476191,0.5022025695659024,-0.14474751960220025,251,0.4342629482071713,0.4995540585094593,-2.070356403926541,0.8849102189954876,False,True,0.019209490611045568,False
GAME:pace_high,ml,1846,0.5335861321776815,0.5383643054432339,-0.42594571935623066,750,0.5613333333333334,0.532259478683144,1.6453213813516678,0.6701473993401781,False,False,0.9500482235941491,False
GAME:pace_high,pl,1840,0.4701086956521739,0.48010044251305206,-0.8880441394175297,739,0.5182679296346414,0.48487165328374593,1.879526946306075,0.3745170087269458,False,False,0.9699137111358875,False
GAME:pace_high,tot,1749,0.49514008004574045,0.5031226545064178,-0.6684082903804124,706,0.45892351274787535,0.5011337965731133,-2.244809742579549,0.503873004940271,False,True,0.012390174533380392,False
GAME:xpace_high,ml,2138,0.5299345182413471,0.5367842865444524,-0.6565170653341474,1032,0.5581395348837209,0.5331451866487892,1.6565629170443852,0.5114914910639073,False,False,0.951196062572745,False
GAME:xpace_high,pl,2132,0.46669793621013134,0.48077726575740454,-1.347582520128159,1018,0.5088408644400786,0.4843985193532802,1.6174702029628731,0.17779269580003754,False,False,0.9471115887224293,False
GAME:xpace_high,tot,2028,0.4911242603550296,0.5026473806415445,-1.0389439162624883,976,0.4661885245901639,0.5000182215884772,-2.115537024946515,0.2988308202945117,False,True,0.017192101379264243,False
CAL:month_10,ml,255,0.5333333333333333,0.5382681324904381,-0.16286695838518553,146,0.5136986301369864,0.5365131192765037,-0.5681575800270527,0.8706231868080028,False,True,0.284963986296376,False
CAL:month_10,pl,255,0.4666666666666667,0.4830154668324929,-0.5412594451415165,146,0.4315068493150685,0.4945542699393586,-1.5783780248352208,0.5883287692342654,False,True,0.05723939528115537,False
CAL:month_10,tot,243,0.4691358024691358,0.5032408416382284,-1.0646060918823377,135,0.5333333333333333,0.5028117130185548,0.709871077407088,0.2870542219152903,False,False,0.7611079563046879,False
CAL:month_11,ml,381,0.5170603674540682,0.531699186639621,-0.5871068193513099,190,0.5157894736842106,0.5253079143482418,-0.2692893399167889,0.5571319679048125,False,True,0.393853517405849,False
CAL:month_11,pl,381,0.4540682414698163,0.47990578645521126,-1.0498792589692845,187,0.4919786096256685,0.48062214115898094,0.32305887499205527,0.293773628683903,False,False,0.6266746726624097,False
CAL:month_11,tot,364,0.5082417582417582,0.5035290593592727,0.18003297861236903,180,0.46111111111111114,0.5035748690417339,-1.140326978099952,0.8571266779877984,False,False,0.872924948828399,False
CAL:month_12,ml,404,0.556930693069307,0.5408829741554879,0.6670238282332633,174,0.5689655172413793,0.535256570958371,0.9167165342725232,0.5047569131631354,False,True,0.1796455997946831,False
CAL:month_12,pl,404,0.46782178217821785,0.48023650223217407,-0.5175719207194462,171,0.5321637426900585,0.4871211426691292,1.2201606949384962,0.6047569771506391,False,False,0.8887980181926877,False
CAL:month_12,tot,384,0.4947916666666667,0.5023851360693627,-0.2978866677256967,163,0.43558282208588955,0.49834354130234454,-1.603692420383065,0.7657896638917243,False,True,0.05439093372914982,False
CAL:month_1,ml,377,0.5172413793103449,0.533460660113308,-0.6534455320858596,202,0.5594059405940595,0.5315516366351857,0.8168094452876989,0.513469093140629,False,False,0.7929813331826392,False
CAL:month_1,pl,376,0.4308510638297872,0.47857997563806626,-1.9158106065853147,199,0.49748743718592964,0.47801475021552436,0.5702192156493995,0.05538920718013545,False,False,0.7157354876652353,False
CAL:month_1,tot,353,0.48441926345609065,0.5007204532050284,-0.6131060263762008,192,0.4166666666666667,0.4993431150577468,-2.2932087703499198,0.5398062357433289,False,True,0.010917994232843571,False
CAL:month_2,ml,276,0.5144927536231884,0.5358808630570353,-0.7354250156723443,105,0.5523809523809524,0.5319478705641401,0.43097239257815134,0.4620806914272648,False,False,0.6667557778243939,False
CAL:month_2,pl,275,0.43272727272727274,0.47093979132923997,-1.3162823414394438,104,0.5384615384615384,0.49280483468246017,0.9674461812037206,0.18807929549916125,False,False,0.8333394833664994,False
CAL:month_2,tot,262,0.4541984732824427,0.5022279166001997,-1.5565940628778296,101,0.504950495049505,0.49674041907647215,0.16515240561306105,0.11956689430384951,False,False,0.5655879872139382,False
CAL:month_3,ml,390,0.5358974358974359,0.5403237117043882,-0.18243846506501227,191,0.5968586387434555,0.5382577648036717,1.6756020315579407,0.8552386415427535,False,False,0.9530919146901287,False
CAL:month_3,pl,387,0.5064599483204134,0.48516457951711295,0.866114753082148,189,0.5185185185185185,0.4856923143053885,0.9352718916538697,0.3864272355220246,False,True,0.17482409857625808,False
CAL:month_3,tot,372,0.510752688172043,0.5042282853833157,0.25197290095629205,180,0.49444444444444446,0.4987998270947745,-0.11699688420706017,0.801062010027653,False,False,0.5465687387161056,False
CAL:month_4,ml,211,0.5450236966824644,0.5440555208544643,0.029516769641406055,110,0.5727272727272728,0.5458071932207054,0.5862040182567811,0.9764524445288078,False,True,0.2788692108649845,False
CAL:month_4,pl,210,0.5095238095238095,0.4899144497143387,0.5867890471058989,108,0.49074074074074076,0.482002615375863,0.18770817339051385,0.5573453937884623,False,True,0.4255527113628986,False
CAL:dow_mon,ml,236,0.559322033898305,0.5357809707146775,0.7474754049543558,114,0.5350877192982456,0.5348984171027492,0.004182342111354378,0.4547766436764561,False,True,0.4983314917649324,False
CAL:dow_mon,pl,233,0.4678111587982833,0.47153277116251785,-0.11815341988456737,110,0.4818181818181818,0.48433323033943954,-0.05472508751755292,0.9059460968950581,False,True,0.4781787411794923,False
CAL:dow_mon,tot,217,0.4792626728110599,0.5011421466584108,-0.6452551976224751,112,0.5178571428571429,0.498364369858804,0.4129201691302395,0.5187618212189608,False,False,0.6601674482744747,False
CAL:dow_tue,ml,485,0.5402061855670103,0.5391514587419541,0.04818366759212901,234,0.5470085470085471,0.5244121107895723,0.7111297961427181,0.9615698664417052,False,True,0.23850190371255575,False
CAL:dow_tue,pl,484,0.4669421487603306,0.47563568833439146,-0.39649983096025554,233,0.5364806866952789,0.4911656768271057,1.4365275155988475,0.6917363325371042,False,False,0.9245738537478021,False
CAL:dow_tue,tot,464,0.5043103448275862,0.50235194853601,0.08446182553983629,224,0.45982142857142855,0.5006298781765908,-1.222600451443544,0.9326892531561009,False,False,0.88925967873161,False
CAL:dow_wed,ml,231,0.5411255411255411,0.547547661926576,-0.20257935759906073,107,0.5233644859813084,0.5218710673738707,0.0317378200645739,0.8394638257078971,False,False,0.5126594329907923,False
CAL:dow_wed,pl,231,0.44155844155844154,0.47799316142675086,-1.1475071334478055,105,0.4380952380952381,0.46528085415604264,-0.5800144728377339,0.2511720866203563,False,True,0.28095242896843214,False
CAL:dow_wed,tot,215,0.5302325581395348,0.503319053598447,0.7904090247198085,102,0.46078431372549017,0.5012488337354049,-0.8181866536444706,0.4292889333951121,False,False,0.7933746925872605,False
CAL:dow_thu,ml,539,0.5287569573283859,0.5421566356876453,-0.6446058237068291,245,0.5469387755102041,0.5437824142764499,0.10200793153434111,0.519182659928402,False,False,0.5406248102631431,False
CAL:dow_thu,pl,538,0.45724907063197023,0.47361014884636365,-0.7871501775237799,241,0.4896265560165975,0.49209244947197095,-0.07942004370287561,0.4311939588346594,False,True,0.46834926321335096,False
CAL:dow_thu,tot,521,0.46257197696737046,0.5032249456497799,-1.857727878643435,231,0.49783549783549785,0.49988670055865253,-0.06240188920338788,0.0632076674310463,False,True,0.47512139526362135,False
CAL:dow_fri,ml,204,0.4852941176470588,0.5236749229951422,-1.1394565507973557,107,0.5981308411214953,0.5423955999795981,1.1954989389653423,0.2545127806676898,False,False,0.8840539247270889,False
CAL:dow_fri,pl,204,0.47549019607843135,0.5047241839125659,-0.8634074573257243,105,0.5333333333333333,0.4955881187794492,0.7989856592192411,0.38791348073274423,False,False,0.7878506362549856,False
CAL:dow_sat,ml,466,0.5386266094420601,0.5403266217481002,-0.07585987779266438,235,0.5787234042553191,0.5326322373587824,1.4545865450666335,0.939530577722075,False,False,0.9271081209328113,False
CAL:dow_sat,pl,465,0.4731182795698925,0.48114308016772755,-0.35890949285605717,234,0.5042735042735043,0.47759043392470013,0.8465080795545149,0.7196627978723986,False,False,0.8013653157359589,False
CAL:dow_sat,tot,440,0.48863636363636365,0.5041660392220921,-0.6521902923602905,217,0.45622119815668205,0.49983577787427425,-1.2860015750000122,0.5142784216039159,False,True,0.09922125600397586,False
MKT:ml_dispersion_high,ml,775,0.512258064516129,0.5112193510781289,0.05975038809502047,388,0.5335051546391752,0.5187204511439971,0.5988109460446028,0.9523544394953901,False,True,0.27464948106119164,False
MKT:ml_dispersion_high,pl,773,0.4799482535575679,0.49931168060934866,-1.1195769717102821,387,0.4935400516795866,0.504096071599962,-0.432038750020219,0.2628940733452033,False,True,0.33285662493561086,False
MKT:ml_dispersion_high,tot,729,0.49794238683127573,0.5033944148169699,-0.29472316564998835,368,0.49728260869565216,0.5003962272159662,-0.11954920037867962,0.7682053651737849,False,True,0.4524201316124368,False
MKT:pl_ratio_low,ml,763,0.5557011795543906,0.5372737318795971,1.0222183127329083,424,0.5471698113207547,0.5457921945202651,0.05706978983314356,0.3066775852959943,False,True,0.47724480070431047,False
MKT:pl_ratio_low,pl,763,0.41415465268676277,0.38088370448042513,1.9722388654218312,424,0.37735849056603776,0.34736782086880846,1.3182559227358135,0.04858234485549991,False,True,0.09370899534340654,False
MKT:pl_ratio_low,tot,719,0.502086230876217,0.5023811502643487,-0.015830316487674436,402,0.5024875621890548,0.49853231453099495,0.15875902881452642,0.987369762404715,False,False,0.5630706352012367,False
MKT:pl_ratio_high,ml,764,0.6884816753926701,0.6926266627637214,-0.24975206169953668,287,0.6898954703832753,0.6820849367860697,0.2852058215178117,0.8027790942462086,False,False,0.6122567697094445,False
MKT:pl_ratio_high,pl,764,0.46335078534031415,0.48617286348416755,-1.2706481467401527,287,0.4425087108013937,0.4695095348688354,-0.9197992509842609,0.2038538503162134,False,True,0.17883883742586504,False
MKT:pl_ratio_high,tot,724,0.48066298342541436,0.5025033976592708,-1.1766737712292668,271,0.46494464944649444,0.5026894633093386,-1.24371877336738,0.23932574053606326,False,True,0.10680154206477732,False
MKT:over_juiced,ml,245,0.5183673469387755,0.5425342437218941,-0.7832351701567417,50,0.58,0.5390233126131476,0.5988244603969111,0.43348902539660195,False,False,0.7253550254460259,False
MKT:over_juiced,pl,244,0.4385245901639344,0.4864737837286426,-1.5470021217377474,49,0.4489795918367347,0.4603270929604623,-0.16451640358579347,0.12186273402225753,False,True,0.43466231724453386,False
MKT:over_juiced,tot,242,0.5619834710743802,0.5419010051671603,0.6271799789787886,48,0.4791666666666667,0.5403474180494509,-0.8507453483477286,0.5305412654620842,False,False,0.8025445868135882,False
HOME:rest3plus & HOME:rest_adv2,ml,247,0.5546558704453441,0.5506170090684345,0.13137344128332254,111,0.6486486486486487,0.5572503691825061,1.9922435038249153,0.895479897337733,False,True,0.023172173558344698,False
HOME:rest3plus & HOME:rest_adv2,pl,247,0.4898785425101215,0.4679024697647412,0.7163751841762414,110,0.5363636363636364,0.4752454912333752,1.3304239857177156,0.4737597137992273,False,True,0.0916893080556902,False
HOME:rest3plus & HOME:rest_adv2,tot,235,0.46382978723404256,0.5032779379190477,-1.210802980541841,107,0.4953271028037383,0.4991838406374932,-0.07986927081758186,0.22597092261625829,False,True,0.46817061503172863,False
HOME:rest3plus & HOME:backup,ml,228,0.4956140350877193,0.5288840723379078,-1.0361090568016265,104,0.5384615384615384,0.5120723129421039,0.555689135165024,0.30015126744670073,False,False,0.7107883073904693,False
HOME:rest3plus & HOME:backup,pl,228,0.45614035087719296,0.475674998203336,-0.6130154758008093,103,0.5339805825242718,0.5013959464737807,0.6869329998790854,0.5398661069346733,False,False,0.7539375247837944,False
HOME:rest3plus & HOME:backup,tot,216,0.49537037037037035,0.5028703702121805,-0.22070607345335896,99,0.4444444444444444,0.5043590925465694,-1.1931695195917777,0.8253213021428565,False,True,0.11640149467499283,False
HOME:rest3plus & HOME:gsv_bottom,ml,255,0.5450980392156862,0.5145031367080437,1.0084661534858497,136,0.6029411764705882,0.5149197080824696,2.116208226757599,0.31323072850469036,False,True,0.01716355092346067,False
HOME:rest3plus & HOME:gsv_bottom,pl,255,0.49411764705882355,0.49105091581677285,0.10176228072235308,133,0.5939849624060151,0.5034346384463355,2.171067949380189,0.9189453657974694,False,True,0.0149630181815184,False
HOME:rest3plus & HOME:gsv_bottom,tot,245,0.4775510204081633,0.503582368626521,-0.8157994864982577,130,0.4,0.4990433317720292,-2.2606642356989464,0.41461482699739627,False,True,0.01189002836661155,False
HOME:rest3plus & HOME:revenge,ml,237,0.5443037974683544,0.5077856614128362,1.157813337847071,107,0.5607476635514018,0.5074766861340883,1.1365704093451767,0.2469402191623381,False,True,0.1278589580073083,False
HOME:rest3plus & HOME:revenge,pl,237,0.5063291139240507,0.4880096662138172,0.5868034289336672,105,0.5714285714285714,0.48451838012365583,1.855713060926997,0.5573357336383857,False,True,0.03174723407518814,False
HOME:rest3plus & HOME:revenge,tot,221,0.5248868778280543,0.5010587742917066,0.7091380283744467,102,0.5,0.5002626042454817,-0.005309216662211791,0.478238826047618,False,False,0.5021180610517897,False
HOME:rest3plus & TOTAL:tl=6,ml,272,0.5514705882352942,0.5313823391333539,0.6845845434568556,97,0.5670103092783505,0.5224472916953852,0.8996570660986555,0.49360612329684006,False,True,0.1841513890809271,False
HOME:rest3plus & TOTAL:tl=6,pl,272,0.45588235294117646,0.4779668050687905,-0.7590248388621708,97,0.5360824742268041,0.48066054942751363,1.13306759356697,0.4478376983459189,False,False,0.8714070655284776,False
HOME:rest3plus & TOTAL:tl=6,tot,250,0.512,0.499922661392842,0.38214242829322226,90,0.45555555555555555,0.5005556380972755,-0.8543647930727439,0.7023557224137952,False,False,0.8035485515189125,False
HOME:rest3plus & TOTAL:tl=6.5,ml,357,0.5602240896358543,0.5430333048818576,0.6726555222078394,102,0.5392156862745098,0.527438197058034,0.24761622309719933,0.5011664701243355,False,True,0.40221567867419084,False
HOME:rest3plus & TOTAL:tl=6.5,pl,357,0.4957983193277311,0.4868898139435115,0.34862530938737557,99,0.6060606060606061,0.5221752827109817,1.7226511673661509,0.7273706243201288,False,True,0.042475813027725885,False
HOME:rest3plus & TOTAL:tl=6.5,tot,343,0.4839650145772595,0.5043362864008807,-0.7555706461111436,100,0.45,0.5030374158383023,-1.0615754680476255,0.4499066608652911,False,True,0.1442142277469345,False
HOME:rest3plus & GAME:both_primary,ml,276,0.5760869565217391,0.5417311226380511,1.1781088836821862,149,0.5906040268456376,0.5367111753736439,1.3524561760317542,0.23875320088012486,False,True,0.08811471453016556,False
HOME:rest3plus & GAME:both_primary,pl,276,0.4782608695652174,0.47949252025294575,-0.04263552352082137,148,0.5675675675675675,0.48244967269586964,2.153664988780515,0.9659920775511197,False,False,0.9843667731571237,False
HOME:rest3plus & GAME:both_primary,tot,259,0.47104247104247104,0.5014313909998381,-0.9790502400547663,144,0.5555555555555556,0.49724766185449465,1.4007673578874091,0.3275551563693968,False,False,0.9193581736131058,False
HOME:rest3plus & GAME:pace_high,ml,560,0.55,0.5400488972213825,0.48751489603515996,231,0.5974025974025974,0.5274395266933005,2.1962268566624954,0.6258934891836574,False,True,0.014037854999693553,False
HOME:rest3plus & GAME:pace_high,pl,560,0.475,0.4796847464793368,-0.23035054927305723,228,0.5833333333333334,0.49035061000862956,2.912484859132581,0.8178193838761614,False,False,0.9982071720846963,False
HOME:rest3plus & GAME:pace_high,tot,529,0.4952741020793951,0.5023810304007246,-0.3272739902870425,219,0.4657534246575342,0.5013009004371377,-1.052940195149873,0.7434606629415716,False,True,0.14618420123793052,False
HOME:rest3plus & GAME:xpace_high,ml,660,0.55,0.5388213898404814,0.5941411659234983,320,0.596875,0.5307751144254429,2.4383153757776337,0.5524176994169543,False,True,0.007377947059176449,False
HOME:rest3plus & GAME:xpace_high,pl,660,0.47878787878787876,0.48252935053244594,-0.19973343154422976,317,0.5678233438485805,0.4893471976275608,2.9007385328764688,0.8416890659709705,False,False,0.9981385781357592,False
HOME:rest3plus & GAME:xpace_high,tot,626,0.4904153354632588,0.5023031721146756,-0.5954876341728509,305,0.47540983606557374,0.4996688987859757,-0.8480847772277593,0.5515175625329201,False,True,0.1981953793762118,False
HOME:rest3plus & CAL:dow_tue,ml,277,0.5631768953068592,0.5430126169083072,0.6942624049913102,124,0.5241935483870968,0.5231530940511826,0.02383775238978068,0.4875176631681043,False,True,0.49049101327246625,False
HOME:rest3plus & CAL:dow_tue,pl,277,0.4693140794223827,0.47707332784892004,-0.2684554546433037,123,0.5447154471544715,0.4988450191364857,1.0578356410365137,0.788348758788521,False,False,0.8549348095989349,False
HOME:rest3plus & CAL:dow_tue,tot,261,0.5134099616858238,0.5019442075125004,0.37085847652068366,119,0.47058823529411764,0.49926362071574915,-0.6261737279722123,0.7107429440844514,False,False,0.7343995013284983,False
HOME:rest3plus & MKT:ml_dispersion_high,ml,247,0.5303643724696356,0.522483367968366,0.25591373596989636,135,0.562962962962963,0.5177969091472326,1.0773935326760389,0.7980174479597932,False,True,0.14065224608912802,False
HOME:rest3plus & MKT:ml_dispersion_high,pl,247,0.46153846153846156,0.49800006789365925,-1.1929476410052517,134,0.5223880597014925,0.5068075953885116,0.37629508776144216,0.23288987949197137,False,False,0.6466512345954015,False
HOME:rest3plus & MKT:ml_dispersion_high,tot,233,0.48497854077253216,0.5034079294284525,-0.5631672100681816,130,0.5,0.5019243811119224,-0.04392027030864004,0.5733210286808723,False,True,0.4824839787602356,False
HOME:rest_adv2 & GAME:pace_high,ml,201,0.5671641791044776,0.5556241970721972,0.33933644687528436,70,0.6714285714285714,0.5581268457106855,1.9603351348245783,0.734356289084837,False,True,0.024978315984090126,False
HOME:rest_adv2 & GAME:pace_high,pl,201,0.47761194029850745,0.4650456433341858,0.36954542726846434,69,0.5652173913043478,0.45596295370729256,1.8813916265004464,0.7117212194864991,False,True,0.029959332541593168,False
HOME:rest_adv2 & GAME:xpace_high,ml,237,0.5527426160337553,0.552647759404621,0.0030236249745398463,101,0.6633663366336634,0.5546117958862038,2.2599263121878024,0.997587499991127,False,True,0.011912912284153861,False
HOME:rest_adv2 & GAME:xpace_high,pl,237,0.48523206751054854,0.4683871383475725,0.5377374785759916,100,0.53,0.4727337032652267,1.1884120282184292,0.5907583008857495,False,True,0.1173355599405595,False
HOME:rest_adv2 & GAME:xpace_high,tot,225,0.4622222222222222,0.5033399025689431,-1.2349142155972652,98,0.4897959183673469,0.49888417902780324,-0.1801223128826409,0.21686243223393553,False,True,0.42852827297050733,False
HOME:third_in_4 & GAME:pace_high,ml,276,0.4673913043478261,0.5268719775857521,-2.0493008775386556,104,0.5,0.5318572138502963,-0.6706228810915049,0.0404327029102307,False,True,0.25123040119307394,False
HOME:third_in_4 & GAME:pace_high,pl,274,0.4489051094890511,0.47148224218176477,-0.7735334634181464,102,0.4803921568627451,0.49180533361809686,-0.23939487740145032,0.43920673240210384,False,True,0.40539970089428334,False
HOME:third_in_4 & GAME:pace_high,tot,259,0.5057915057915058,0.5046077756913132,0.03814208975598913,100,0.4,0.5029150029292533,-2.060078600095556,0.9695743929376771,False,False,0.9803044863376252,False
HOME:third_in_4 & GAME:xpace_high,ml,315,0.46984126984126984,0.5295553798684467,-2.1986118642458856,150,0.46,0.529044645679957,-1.7446872104824724,0.02790553263469726,False,True,0.04051966538203761,False
HOME:third_in_4 & GAME:xpace_high,pl,313,0.44089456869009586,0.47130582584685954,-1.113396273786702,148,0.4527027027027027,0.4837979072549568,-0.7856775819280829,0.265538274630301,False,True,0.21602820005147977,False
HOME:third_in_4 & GAME:xpace_high,tot,297,0.4983164983164983,0.5037091727116548,-0.18606117317933732,144,0.4305555555555556,0.501227847475894,-1.6976809617341682,0.8523967895061567,False,True,0.044783996458932204,False
HOME:dense7_4plus & TOTAL:tl=6.5,ml,217,0.5253456221198156,0.5319166793594319,-0.20218301870275912,49,0.5306122448979592,0.5061623515390826,0.3543301893836097,0.8397736481024278,False,False,0.6384542771990289,False
HOME:dense7_4plus & TOTAL:tl=6.5,pl,216,0.5046296296296297,0.49741952868199374,0.21864063135540834,49,0.46938775510204084,0.5106507256466877,-0.5941965646704785,0.8269299992188932,False,False,0.7238096749015961,False
HOME:dense7_4plus & TOTAL:tl=6.5,tot,210,0.49523809523809526,0.5078858424394888,-0.36703321338790934,47,0.3829787234042553,0.5032862792261852,-1.651003296978942,0.7135942435984849,False,True,0.04936895083993204,False
HOME:dense7_4plus & GAME:pace_high,ml,344,0.5465116279069767,0.5412667669819509,0.20304912949910947,120,0.55,0.5270653894266132,0.5185413679224762,0.8390966321599292,False,True,0.3020403025516256,False
HOME:dense7_4plus & GAME:pace_high,pl,343,0.5043731778425656,0.48487808993424025,0.7465077250302061,120,0.5,0.4801369921787027,0.44970406582766503,0.4553607668106071,False,True,0.3264619196390419,False
HOME:dense7_4plus & GAME:pace_high,tot,332,0.49096385542168675,0.504851767014217,-0.5066499174047727,112,0.42857142857142855,0.5008523529403869,-1.5309608282400784,0.6124004769787617,False,True,0.06288953706255825,False
HOME:dense7_4plus & GAME:xpace_high,ml,385,0.535064935064935,0.5403397581113741,-0.21599033908407192,163,0.5337423312883436,0.525777733117026,0.20901927065716783,0.8289952781304817,False,False,0.5827834024695953,False
HOME:dense7_4plus & GAME:xpace_high,pl,384,0.4947916666666667,0.4828550088931627,0.4834814500881144,163,0.4723926380368098,0.47677039778874425,-0.11599703285979877,0.6287539278003362,False,False,0.5461725533213684,False
HOME:dense7_4plus & GAME:xpace_high,tot,370,0.4918918918918919,0.5039390434021885,-0.46395435468070945,154,0.4025974025974026,0.4981001692082988,-2.3724615221070335,0.6426804488108273,False,True,0.008835001746338082,False
HOME:backup & HOME:backup_vs_primary,ml,456,0.5131578947368421,0.5260088450218603,-0.5690191055800352,195,0.5230769230769231,0.5074802455820508,0.4496905684603622,0.5693431742987457,False,False,0.6735332135334938,False
HOME:backup & HOME:backup_vs_primary,pl,452,0.4579646017699115,0.47632339722301437,-0.8099040513997161,194,0.5,0.4923364991087894,0.2213609437175188,0.4179953231729383,False,False,0.5875942997552156,False
HOME:backup & HOME:backup_vs_primary,tot,432,0.48842592592592593,0.5032677134272302,-0.6175961895182237,180,0.46111111111111114,0.5016192519185134,-1.0877510093812488,0.5368415570265701,False,True,0.13835252115868008,False
HOME:backup & HOME:gsv_bottom,ml,350,0.5171428571428571,0.5143000015136104,0.1101963337216795,174,0.5402298850574713,0.5196731464608865,0.5618153463431297,0.9122536698337445,False,True,0.28712091755187885,False
HOME:backup & HOME:gsv_bottom,pl,348,0.49712643678160917,0.49501166638945,0.08166383777172914,171,0.5146198830409356,0.5042282818786633,0.2814196039421813,0.934914035551434,False,True,0.3891942918382551,False
HOME:backup & HOME:gsv_bottom,tot,335,0.5044776119402985,0.5048712248951923,-0.01442493451948082,166,0.4457831325301205,0.5012124761584587,-1.429422488064549,0.988490966588552,False,True,0.07644141935335481,False
HOME:backup & HOME:pts_top,ml,233,0.6051502145922747,0.6214639392835737,-0.5230515340876781,80,0.5125,0.5987665585723689,-1.6025688781039504,0.6009383913937598,False,True,0.0545149346922648,False
HOME:backup & HOME:pts_top,pl,229,0.45414847161572053,0.4304640744236164,0.7393375907146567,78,0.41025641025641024,0.43748094141977106,-0.4969870148166469,0.459702028584554,False,False,0.6904008958470023,False
HOME:backup & HOME:pts_top,tot,221,0.46153846153846156,0.5041476124348099,-1.2680544021310223,77,0.4025974025974026,0.5009934777976397,-1.7280250950516953,0.20477852353241344,False,True,0.04199186266520495,False
HOME:backup & HOME:pts_bottom,ml,287,0.42857142857142855,0.4357356995357075,-0.25126932538209146,138,0.47101449275362317,0.4288997768851216,1.0226778088450217,0.8016058893196576,False,False,0.8467698964972408,False
HOME:backup & HOME:pts_bottom,pl,287,0.5121951219512195,0.5240967026858742,-0.41699190378925644,136,0.5955882352941176,0.5284876063891462,1.6174366443644617,0.6766843296421876,False,False,0.9471079694363342,False
HOME:backup & HOME:pts_bottom,tot,268,0.5373134328358209,0.5024045201115254,1.1443742139665927,130,0.5,0.5015785229356615,-0.036023124023035244,0.2524684773909831,False,False,0.5143680396929315,False
HOME:backup & HOME:xg_top,ml,226,0.6061946902654868,0.6200656516343652,-0.4382341002066953,105,0.6190476190476191,0.6061194738347935,0.2766411534350013,0.6612165914969428,False,False,0.6089721692231103,False
HOME:backup & HOME:xg_top,pl,223,0.43946188340807174,0.4464161748993201,-0.2141944201716272,104,0.46153846153846156,0.4540107838587163,0.15823383263304894,0.8303954471718755,False,False,0.5628637275078565,False
HOME:backup & HOME:xg_top,tot,220,0.43636363636363634,0.5050813674506464,-2.0406124600170115,100,0.46,0.5042500523006179,-0.8859363896863138,0.0412893627028866,False,True,0.1878259027858321,False
HOME:backup & HOME:xg_bottom,ml,238,0.42436974789915966,0.4164674287917604,0.2538705393834961,106,0.4528301886792453,0.40957369710184455,0.9272324109278397,0.7995955754625256,False,True,0.17690293914492122,False
HOME:backup & HOME:xg_bottom,pl,238,0.5252100840336135,0.5191326622367802,0.19306503201965103,104,0.5865384615384616,0.5383203391745728,1.0110742541821571,0.8469080378094445,False,True,0.15599044585751898,False
HOME:backup & HOME:xg_bottom,tot,219,0.5525114155251142,0.5016339777093894,1.5074974205909752,99,0.48484848484848486,0.5021700408098669,-0.3449895734195499,0.13168320451071933,False,False,0.6349488953496519,False
HOME:backup & HOME:xg10_top,ml,205,0.6195121951219512,0.6067112327029524,0.3840675609400536,76,0.6447368421052632,0.5938738470363069,0.9233252833527106,0.7009283737101992,False,True,0.17791885789068057,False
HOME:backup & HOME:xg10_top,pl,202,0.4405940594059406,0.45081033239328877,-0.2999647127950346,75,0.52,0.44764673969955887,1.2911808378427725,0.7642040719845903,False,False,0.9016795109514645,False
HOME:backup & HOME:xg10_top,tot,200,0.47,0.5043291904884406,-0.9720115366566634,70,0.42857142857142855,0.5063657697592386,-1.3028390669249008,0.3310448092401468,False,True,0.09631485506577553,False
HOME:backup & HOME:xg10_bottom,ml,225,0.4488888888888889,0.4364364123247337,0.3880092877975938,105,0.37142857142857144,0.43106464092912145,-1.2693161087404194,0.6980091603584224,False,False,0.8978358283647341,False
HOME:backup & HOME:xg10_bottom,pl,225,0.5155555555555555,0.5060520709588237,0.2945176753584055,102,0.5392156862745098,0.5335393246851701,0.11806429304828077,0.7683623590562776,False,True,0.45300835777267523,False
HOME:backup & HOME:xg10_bottom,tot,205,0.526829268292683,0.5031794853345628,0.6779705249196957,102,0.4411764705882353,0.5020462925007269,-1.230492004187144,0.4977903819674365,False,False,0.8907435403118454,False
HOME:backup & HOME:unlucky,ml,214,0.4766355140186916,0.49802728633605214,-0.6498686714353611,75,0.56,0.49502754852528313,1.158875023511705,0.5157770562251531,False,False,0.8767464344785956,False
HOME:backup & HOME:unlucky,pl,213,0.47417840375586856,0.49697948042134577,-0.6882437652036351,75,0.5066666666666667,0.506669247249304,-4.633854111449807e-05,0.49129928786128163,False,True,0.4999815135967439,False
HOME:backup & HOME:unlucky,tot,207,0.5314009661835749,0.5053661428300655,0.7499296664419582,72,0.5,0.5067205134978211,-0.11414846273937322,0.45329706600509934,False,False,0.5454399472270954,False
HOME:backup & HOME:revenge,ml,293,0.5290102389078498,0.4939113728953951,1.2432743083146107,134,0.5,0.4791913135850382,0.500361699288363,0.21376676821449014,False,True,0.3084102084647787,False
HOME:backup & HOME:revenge,pl,292,0.5171232876712328,0.4869581646268835,1.0697266998367057,131,0.5419847328244275,0.5065704870775717,0.8379222731257321,0.2847423445333539,False,True,0.20103717930303466,False
HOME:backup & HOME:revenge,tot,279,0.4946236559139785,0.5045415273649363,-0.3316910478204007,126,0.5079365079365079,0.5002202331324699,0.17336135510559106,0.7401225611636663,False,False,0.5688163003577809,False
HOME:backup & TOTAL:tl=6,ml,287,0.5400696864111498,0.5397826670793604,0.010083874895435855,92,0.5,0.5061601688652525,-0.12154786894303717,0.9919543682608127,False,False,0.5483714491000437,False
HOME:backup & TOTAL:tl=6,pl,286,0.44755244755244755,0.4771121255921868,-1.0363823548958349,91,0.45054945054945056,0.502828288149819,-1.0325439910482102,0.30002379895810416,False,True,0.1509086753405668,False
HOME:backup & TOTAL:tl=6,tot,267,0.5131086142322098,0.4994112002964224,0.4478837475738053,83,0.5180722891566265,0.5012181620717373,0.30728553866793407,0.6542370983677237,False,True,0.3793130210203408,False
HOME:backup & TOTAL:tl=6.5,ml,486,0.5123456790123457,0.5246784958100938,-0.5639017391422232,136,0.5220588235294118,0.5121058266136226,0.24254956638662456,0.5728210064004586,False,False,0.5958228226277209,False
HOME:backup & TOTAL:tl=6.5,pl,484,0.48760330578512395,0.4835708752142286,0.18351740990579565,132,0.5227272727272727,0.4912110390741931,0.7437861186572353,0.8543920596150554,False,True,0.22850293970125957,False
HOME:backup & TOTAL:tl=6.5,tot,469,0.4989339019189765,0.5076232680553351,-0.37689056556378153,132,0.3712121212121212,0.5067685772095993,-3.1181477604911705,0.7062549329155501,False,True,0.0009099576874788516,False
HOME:backup & GAME:both_backups,ml,397,0.5340050377833753,0.5343317538528085,-0.013509818161092566,175,0.4857142857142857,0.5224045407093756,-1.0059453459995296,0.9892210525579417,False,True,0.1572209307136937,False
HOME:backup & GAME:both_backups,pl,397,0.4811083123425693,0.4844699288205727,-0.1383925742622908,171,0.47953216374269003,0.49384397788847134,-0.38675479084837566,0.8899301654276063,False,True,0.34946887462054,False
HOME:backup & GAME:both_backups,tot,375,0.5146666666666667,0.5044835187144285,0.394871775477295,169,0.4911242603550296,0.5030254935098767,-0.30970869932632217,0.6929375207859267,False,False,0.6216087566291457,False
HOME:backup & GAME:divisional,ml,207,0.5507246376811594,0.5355360321764006,0.45606803434143717,84,0.5714285714285714,0.5199478343155794,0.9781822345686128,0.6483410556997803,False,True,0.16399210068526132,False
HOME:backup & GAME:divisional,pl,206,0.4854368932038835,0.4886159311835447,-0.09408768306861597,82,0.6097560975609756,0.5023724813917739,2.018073426221811,0.9250395044636147,False,False,0.9782081926086524,False
HOME:backup & GAME:pace_high,ml,753,0.5179282868525896,0.5314490396875657,-0.769996137207755,269,0.5130111524163569,0.5154917921305827,-0.08452393664905178,0.441302184056546,False,True,0.4663199361211553,False
HOME:backup & GAME:pace_high,pl,749,0.4699599465954606,0.4787100932210181,-0.4959706161003355,265,0.5283018867924528,0.49281865047415985,1.191475952603121,0.6199151424566499,False,False,0.8832666042387755,False
HOME:backup & GAME:pace_high,tot,713,0.4992987377279102,0.504734923984556,-0.29064662229465593,253,0.4505928853754941,0.5042739994176951,-1.7090257649442029,0.7713215991167428,False,True,0.043723088511899,False
HOME:backup & GAME:xpace_high,ml,849,0.5241460541813898,0.5300891762043609,-0.3592241555511523,362,0.505524861878453,0.5147308577887542,-0.36244440104569686,0.7194274074735353,False,True,0.358509982246244,False
HOME:backup & GAME:xpace_high,pl,845,0.46982248520710057,0.4801084302473203,-0.6192015011564407,357,0.49299719887955185,0.49276265139760983,0.009173659315718253,0.5357836230579971,False,False,0.5036597092358693,False
HOME:backup & GAME:xpace_high,tot,803,0.5006226650062267,0.5037747347619548,-0.17883993733416872,341,0.47214076246334313,0.5027912773793728,-1.1328957764514613,0.8580633853225192,False,True,0.12862901193345117,False
HOME:backup & CAL:dow_thu,ml,201,0.5074626865671642,0.5321845916150846,-0.7258301608522111,76,0.47368421052631576,0.5057011630778865,-0.5753286697860386,0.46794289471930184,False,True,0.28253451768290383,False
HOME:backup & CAL:dow_thu,pl,200,0.43,0.46272231685636744,-0.9592612598926034,76,0.4868421052631579,0.5143694819525745,-0.4983663467526675,0.33742714630449877,False,True,0.3091129260983168,False
HOME:backup & MKT:ml_dispersion_high,ml,321,0.5077881619937694,0.5079282868549111,-0.0051916802545627395,147,0.5102040816326531,0.5079041782392671,0.05732512957023527,0.9958576570887379,False,False,0.5228568986190905,False
HOME:backup & MKT:ml_dispersion_high,pl,320,0.484375,0.49565688459839274,-0.4192618904737336,147,0.46938775510204084,0.49620048933945615,-0.676078889387759,0.6750247449514821,False,True,0.24949527954931422,False
HOME:backup & MKT:ml_dispersion_high,tot,297,0.5050505050505051,0.5036113841949329,0.049654945440468765,139,0.45323741007194246,0.5014921946299102,-1.1386205484567404,0.9603973604683533,False,False,0.8725692729674324,False
HOME:backup & MKT:pl_ratio_high,ml,213,0.6619718309859155,0.6893499222166383,-0.86886528944707,63,0.6984126984126984,0.6877418464307,0.18375025905544856,0.38492081693754165,False,False,0.572895310446561,False
HOME:backup & MKT:pl_ratio_high,pl,213,0.4507042253521127,0.483261755586829,-0.9575986865500367,63,0.5079365079365079,0.47787951243579774,0.47998242148326764,0.33826516173900756,False,False,0.6843800537229098,False
HOME:backup & MKT:pl_ratio_high,tot,203,0.49261083743842365,0.5029184400420678,-0.29405133080352575,59,0.4406779661016949,0.5062150528580093,-1.0077410446391633,0.7687186799471711,False,True,0.15678939757856553,False
HOME:backup_vs_primary & TOTAL:tl=6.5,ml,244,0.5040983606557377,0.52114985080258,-0.5522444115591078,64,0.546875,0.5196944768976917,0.45217039315197044,0.5807809103192265,False,False,0.6744268823553576,False
HOME:backup_vs_primary & TOTAL:tl=6.5,pl,242,0.49173553719008267,0.4842692955297991,0.24078925457790118,64,0.5,0.47709515331252084,0.3766198372597187,0.8097184582376012,False,True,0.3532280717610994,False
HOME:backup_vs_primary & TOTAL:tl=6.5,tot,236,0.4745762711864407,0.5066792716560083,-0.987573552914593,60,0.36666666666666664,0.5068683097765276,-2.173828454678778,0.323361544001312,False,True,0.014859010363069518,False
HOME:backup_vs_primary & GAME:pace_high,ml,399,0.506265664160401,0.5288424043923369,-0.9355163119635659,134,0.5447761194029851,0.5096251042587533,0.8427679482901542,0.3495222809144961,False,False,0.8003208815178622,False
HOME:backup_vs_primary & GAME:pace_high,pl,395,0.4607594936708861,0.47645118573952006,-0.6472754214448205,134,0.5373134328358209,0.48523596403667524,1.2465937494322443,0.5174537058763273,False,False,0.8937267526112881,False
HOME:backup_vs_primary & GAME:pace_high,tot,378,0.49206349206349204,0.504226407073768,-0.47343917626882065,123,0.43089430894308944,0.5049124345786712,-1.642823608109312,0.6358998854727367,False,True,0.050209717085955674,False
HOME:backup_vs_primary & GAME:xpace_high,ml,452,0.5154867256637168,0.526362841411366,-0.47948631461652036,191,0.5235602094240838,0.5083622226692939,0.4338558958945001,0.6315927017779228,False,False,0.6678034557054516,False
HOME:backup_vs_primary & GAME:xpace_high,pl,448,0.45982142857142855,0.4762434415562909,-0.7212835041614823,190,0.5052631578947369,0.4905068736037241,0.42168934571984223,0.47073510406222907,False,False,0.6633741089347696,False
HOME:backup_vs_primary & GAME:xpace_high,tot,428,0.4883177570093458,0.5031537207849042,-0.6144788876228539,176,0.4602272727272727,0.5023933161179864,-1.1195630741776397,0.5388989201428593,False,True,0.13144999923410033,False
HOME:gsv_top & GAME:xpace_high,ml,233,0.5278969957081545,0.5867842163441066,-1.8703392525452256,78,0.5384615384615384,0.5619199945562761,-0.42845522302345435,0.06143672194496284,False,True,0.3341598634168297,False
HOME:gsv_top & GAME:xpace_high,pl,232,0.4051724137931034,0.45534901952884926,-1.5881202834493384,76,0.47368421052631576,0.4649755892861574,0.15755958177036838,0.1122591425174009,False,False,0.562598072632645,False
HOME:gsv_top & GAME:xpace_high,tot,223,0.4484304932735426,0.5010983657504968,-1.5744770074313514,72,0.4583333333333333,0.4977724669737782,-0.6698505676560326,0.11537721302231341,False,True,0.2514765271172561,False
HOME:gsv_bottom & HOME:pts_bottom,ml,362,0.43922651933701656,0.4428381216838509,-0.14227705242459754,210,0.5571428571428572,0.4714102907655296,2.544368214468353,0.8868611716297197,False,False,0.9945262193406682,False
HOME:gsv_bottom & HOME:pts_bottom,pl,362,0.5,0.5254606463449983,-1.0016646318564004,209,0.5741626794258373,0.5171635029028051,1.7146284725820005,0.3165055940105911,False,False,0.9567933174561382,False
HOME:gsv_bottom & HOME:pts_bottom,tot,342,0.5146198830409356,0.5023010426880399,0.45617329157241177,195,0.5076923076923077,0.4987134168351866,0.2509469901765888,0.6482653697309881,False,True,0.40092754680519516,False
HOME:gsv_bottom & HOME:win10_cold,ml,223,0.452914798206278,0.44344798704076027,0.292864861822564,117,0.5384615384615384,0.45801887980589207,1.7923444320025823,0.7696254480104152,False,True,0.03653890502755899,False
HOME:gsv_bottom & HOME:win10_cold,pl,223,0.515695067264574,0.5200077332248587,-0.1330679103431793,116,0.5775862068965517,0.5235377331841153,1.2079002297784964,0.8941396732508533,False,False,0.8864571793988884,False
HOME:gsv_bottom & HOME:win10_cold,tot,212,0.5471698113207547,0.5030308617089618,1.286760567287535,111,0.5045045045045045,0.4976498217986221,0.14454498223086093,0.19817775508081792,False,True,0.44253506934629017,False
HOME:gsv_bottom & HOME:xg_bottom,ml,266,0.38721804511278196,0.40950146410031274,-0.7561395508263857,121,0.5289256198347108,0.4341808898350812,2.1505592605620727,0.4495655310357194,False,False,0.9842444980936526,False
HOME:gsv_bottom & HOME:xg_bottom,pl,266,0.48872180451127817,0.5300444249292358,-1.3885065729243729,120,0.625,0.5481629778988996,1.7394045330934784,0.1649828446673327,False,False,0.9590181842765572,False
HOME:gsv_bottom & HOME:xg_bottom,tot,253,0.4901185770750988,0.5014201455507744,-0.35988309900875537,110,0.45454545454545453,0.49813566544632304,-0.9150213698888591,0.7189345564441834,False,True,0.18009020578521873,False
HOME:gsv_bottom & HOME:xg10_bottom,ml,249,0.40160642570281124,0.41852639629154736,-0.5561016919480222,114,0.49122807017543857,0.45365897658169935,0.8288976054534121,0.5781413385249736,False,False,0.796418824762495,False
HOME:gsv_bottom & HOME:xg10_bottom,pl,249,0.46586345381526106,0.5279660592678185,-2.0179816878290215,112,0.6071428571428571,0.5320182607624728,1.6444589504460931,0.04359316851607374,False,False,0.9499592815714654,False
HOME:gsv_bottom & HOME:xg10_bottom,tot,239,0.5271966527196653,0.5043020011766077,0.708609681184233,107,0.48598130841121495,0.49931150151425885,-0.2759976233252992,0.47856672687115853,False,False,0.6087250541613797,False
HOME:gsv_bottom & HOME:unlucky,ml,293,0.49146757679180886,0.5017883244172195,-0.36728927045487025,149,0.5771812080536913,0.5074193438329667,1.739703234910262,0.7134032566117094,False,False,0.9590444294846665,False
HOME:gsv_bottom & HOME:unlucky,pl,292,0.4863013698630137,0.5001781952771345,-0.4909576811405666,149,0.5369127516778524,0.5019482304998787,0.8912147811629421,0.6234563790494819,False,False,0.8135930219318956,False
HOME:gsv_bottom & HOME:unlucky,tot,276,0.5108695652173914,0.5059093913665467,0.16498619450882482,143,0.45454545454545453,0.499096086303944,-1.0663271473140135,0.8689548483284611,False,False,0.8568621091174653,False
HOME:gsv_bottom & HOME:revenge,ml,299,0.5016722408026756,0.47831751010771906,0.8350166297320417,198,0.5606060606060606,0.49476649810550954,1.9077907072343436,0.4037083452359186,False,True,0.02820913615989927,False
HOME:gsv_bottom & HOME:revenge,pl,299,0.4916387959866221,0.4899121679111558,0.061823983814493,194,0.5567010309278351,0.5036903872612202,1.5331447388694972,0.9507030036963727,False,True,0.06262009826072909,False
HOME:gsv_bottom & HOME:revenge,tot,284,0.5035211267605634,0.5034885719477952,0.0010987226883389183,189,0.4603174603174603,0.5000169703909378,-1.0925520377512337,0.999123346306752,False,False,0.8627047345683969,False
HOME:gsv_bottom & TOTAL:tl=6,ml,283,0.47703180212014135,0.5070580545559714,-1.044293989763673,93,0.5913978494623656,0.5356705013174806,1.103099627745294,0.29634939272754124,False,False,0.8650080487534786,False
HOME:gsv_bottom & TOTAL:tl=6,pl,283,0.4275618374558304,0.4868649736466433,-2.0742290537144448,93,0.5483870967741935,0.47373379096912627,1.4919675607644358,0.038058043156384135,False,False,0.9321461751913058,False
HOME:gsv_bottom & TOTAL:tl=6,tot,267,0.5355805243445693,0.49976163005874347,1.1712736844780696,84,0.4166666666666667,0.498143356628022,-1.4944066529844062,0.24148878557356723,False,False,0.9324653181381336,False
HOME:gsv_bottom & TOTAL:tl=6.5,ml,495,0.5414141414141415,0.5189238518571958,1.036486634065685,177,0.5988700564971752,0.5231978921457056,2.095924495574731,0.29997517180673905,False,True,0.01804444468024421,False
HOME:gsv_bottom & TOTAL:tl=6.5,pl,493,0.5111561866125761,0.492598541328868,0.8524715567838393,171,0.52046783625731,0.49925437967316155,0.5719030800889601,0.3939524191517201,False,True,0.2836938186210909,False
HOME:gsv_bottom & TOTAL:tl=6.5,tot,475,0.49473684210526314,0.5073987432754217,-0.552706559843013,171,0.42105263157894735,0.5024939517724151,-2.131747879550094,0.5804643607454764,False,True,0.016513789216342206,False
HOME:gsv_bottom & GAME:both_primary,ml,256,0.5078125,0.513545161904396,-0.18888528670941618,175,0.5942857142857143,0.5226471589678598,1.9434417237818102,0.8501827255048005,False,False,0.974018594929382,False
HOME:gsv_bottom & GAME:both_primary,pl,256,0.4609375,0.47357356089236957,-0.4208520450458847,174,0.5287356321839081,0.4764936072896234,1.4310006399470214,0.6738631246301419,False,False,0.923784984137038,False
HOME:gsv_bottom & GAME:both_primary,tot,238,0.5294117647058824,0.5041666950208225,0.7798530611681004,168,0.47023809523809523,0.49804379550243216,-0.7214993083197024,0.43547736980233265,False,False,0.7646988169640319,False
HOME:gsv_bottom & GAME:divisional,ml,201,0.48258706467661694,0.5179366077857384,-1.0405902336028992,116,0.6206896551724138,0.5065123976070595,2.5341974650499286,0.2980657658282525,False,False,0.9943647399611519,False
HOME:gsv_bottom & GAME:divisional,pl,201,0.4427860696517413,0.5072346389817263,-1.8898838410303158,113,0.6106194690265486,0.512071231714344,2.1784733011999653,0.058773497140208644,False,False,0.9853145910795311,False
HOME:gsv_bottom & GAME:pace_high,ml,780,0.5192307692307693,0.5167793145045216,0.1418516098251707,385,0.5818181818181818,0.5204293535871223,2.4868347035232454,0.8871972174566464,False,True,0.006444263391300373,False
HOME:gsv_bottom & GAME:pace_high,pl,777,0.47619047619047616,0.4895613347262362,-0.7721822139067732,379,0.5461741424802111,0.49405226747191644,2.1012355998724486,0.4400065142534545,False,False,0.9821898551023399,False
HOME:gsv_bottom & GAME:pace_high,tot,744,0.5067204301075269,0.5040809217605685,0.1441627210359687,365,0.4575342465753425,0.5003214725333446,-1.6361530011640237,0.885371977690386,False,False,0.9490962150262122,False
HOME:gsv_bottom & GAME:xpace_high,ml,834,0.513189448441247,0.5156540450161615,-0.14734148539195757,467,0.576017130620985,0.5240210872563157,2.3162353265942865,0.8828624891804833,False,False,0.989727288333093,False
HOME:gsv_bottom & GAME:xpace_high,pl,831,0.4717208182912154,0.4907521284680844,-1.137127310312204,461,0.5357917570498916,0.4912561816009511,1.983413918541651,0.2554850685890617,False,False,0.9763393931583904,False
HOME:gsv_bottom & GAME:xpace_high,tot,796,0.5037688442211056,0.503948687982021,-0.010159946151942545,443,0.4469525959367946,0.4992156080108627,-2.20186199614702,0.9918936752889101,False,True,0.013837529102419392,False
HOME:gsv_bottom & CAL:dow_thu,ml,204,0.47549019607843135,0.5232464171161267,-1.4094617285060242,103,0.5242718446601942,0.5374188034403803,-0.2744783384627195,0.15869868242513618,False,True,0.3918585240159925,False
HOME:gsv_bottom & CAL:dow_thu,pl,203,0.49261083743842365,0.4846058490350002,0.23709743404909162,102,0.45098039215686275,0.49433811451411,-0.9101761923740335,0.8125812029538333,False,False,0.8186352012057365,False
HOME:gsv_bottom & CAL:dow_thu,tot,201,0.5024875621890548,0.5043854537124132,-0.05387996574346235,99,0.5252525252525253,0.49833607780638844,0.5361398094970491,0.9570307984970053,False,False,0.7040690356538228,False
HOME:gsv_bottom & MKT:ml_dispersion_high,ml,297,0.494949494949495,0.49068692173898243,0.15159989733478776,161,0.577639751552795,0.506382073008457,1.8515311426247927,0.8795025143861218,False,True,0.03204658936790992,False
HOME:gsv_bottom & MKT:ml_dispersion_high,pl,296,0.47635135135135137,0.5093521937373623,-1.180440259623781,160,0.525,0.5158478601465426,0.24126903137605177,0.23782515758743972,False,False,0.5953266943118486,False
HOME:gsv_bottom & MKT:ml_dispersion_high,tot,280,0.525,0.5044753391064661,0.6876585872038564,150,0.4533333333333333,0.4991116682084142,-1.1220156623315614,0.49166780466226745,False,False,0.8690721097053175,False
HOME:pts_top & HOME:pts_gap15,ml,255,0.6862745098039216,0.6797461159890041,0.2271154524944484,91,0.6373626373626373,0.6580290834330287,-0.42176075178920397,0.8203339686369342,False,False,0.6634001719776437,False
HOME:pts_top & HOME:pts_gap15,pl,249,0.4457831325301205,0.48018698321081105,-1.1041871611569087,82,0.4024390243902439,0.4456842547575396,-0.7974829525194537,0.26951195781420845,False,True,0.21258529983789587,False
HOME:pts_top & HOME:pts_gap15,tot,240,0.475,0.5026315014010098,-0.8569934352216626,86,0.3488372093023256,0.5013273711651448,-2.8299805123469226,0.3914485127099073,False,True,0.0023275419723912255,False
HOME:pts_top & HOME:win10_hot,ml,282,0.5921985815602837,0.6224337377245746,-1.0673170561113103,122,0.5901639344262295,0.6181322781241654,-0.6474220411584687,0.2858286887011705,False,True,0.2586794173131444,False
HOME:pts_top & HOME:win10_hot,pl,279,0.4157706093189964,0.4441571551091316,-0.978390219560636,117,0.42735042735042733,0.4324838671278582,-0.11407659129495064,0.32788136361064013,False,True,0.4545885392549672,False
HOME:pts_top & HOME:win10_hot,tot,267,0.45318352059925093,0.5007711385667112,-1.556771220950762,117,0.36752136752136755,0.5024223812418203,-2.9203385127177484,0.11952481228150313,False,True,0.0017482567861019432,False
HOME:pts_top & HOME:xg_top,ml,352,0.5965909090909091,0.6277924877398298,-1.2335831213401434,152,0.618421052631579,0.6220965189768721,-0.09488511967832741,0.2173582856896309,False,True,0.46220303798245277,False
HOME:pts_top & HOME:xg_top,pl,347,0.42363112391930835,0.44086924532949506,-0.6613576739545701,147,0.4489795918367347,0.4321034766863654,0.4206833002149565,0.5083829629862037,False,False,0.6630068213848999,False
HOME:pts_top & HOME:xg_top,tot,335,0.44477611940298506,0.503859934581011,-2.1652164539925822,145,0.36551724137931035,0.5010992468603037,-3.2680272246416044,0.030371112852224956,False,True,0.0005414997376611911,False
HOME:pts_top & HOME:xg10_top,ml,297,0.6195286195286195,0.6254677815616818,-0.21531403159113158,122,0.6229508196721312,0.6239752251514598,-0.023676071426463004,0.8295224905500411,False,True,0.49055549644517493,False
HOME:pts_top & HOME:xg10_top,pl,293,0.4334470989761092,0.4356979799009913,-0.07939098026992612,119,0.453781512605042,0.4214122834089546,0.7256458265320758,0.9367216426993688,False,False,0.7659720399786125,False
HOME:pts_top & HOME:xg10_top,tot,281,0.4626334519572954,0.5024716832256837,-1.3368663248161945,116,0.3448275862068966,0.5016751074826,-3.3814945617042773,0.18126627475057444,False,True,0.0003604632992381515,False
HOME:pts_top & HOME:lucky,ml,276,0.5869565217391305,0.6096909011875196,-0.7889162071674042,119,0.6218487394957983,0.5997700334620155,0.5010638265995468,0.43016098244915035,False,False,0.6918368980699828,False
HOME:pts_top & HOME:lucky,pl,275,0.44363636363636366,0.4390384872588361,0.15788172273468717,114,0.4649122807017544,0.4411452307749422,0.5244452062647579,0.8745500005647305,False,True,0.29998446056253447,False
HOME:pts_top & HOME:lucky,tot,256,0.45703125,0.5022698631503815,-1.4487635615649466,114,0.4298245614035088,0.49927476325497366,-1.4840022624557827,0.14740362301892712,False,True,0.06890416018886651,False
HOME:pts_top & TOTAL:tl=6,ml,268,0.5783582089552238,0.6099718650706354,-1.0800293063135946,59,0.5423728813559322,0.592886582898907,-0.8050082904781399,0.2801291300775496,False,True,0.21040744783749943,False
HOME:pts_top & TOTAL:tl=6,pl,267,0.40074906367041196,0.42973256532388815,-0.9805306042087778,56,0.48214285714285715,0.43769705863452213,0.6897238918179691,0.32682427044415474,False,False,0.7548160809031041,False
HOME:pts_top & TOTAL:tl=6,tot,252,0.4722222222222222,0.5015453919841732,-0.9315343651199848,55,0.45454545454545453,0.5000538198801752,-0.675401447999174,0.3515772167830954,False,True,0.24971037289638187,False
HOME:pts_top & TOTAL:tl=6.5,ml,273,0.6153846153846154,0.6238077930552102,-0.292831969697349,64,0.640625,0.6369096147322398,0.06308111028685308,0.769650590565292,False,False,0.5251490419275119,False
HOME:pts_top & TOTAL:tl=6.5,pl,270,0.46296296296296297,0.44700083556755366,0.5395206554810497,58,0.4827586206896552,0.4481271102886032,0.5406101715430222,0.5895276484442635,False,True,0.29438815275526087,False
HOME:pts_top & TOTAL:tl=6.5,tot,258,0.437984496124031,0.5077450948708618,-2.2442061138731457,62,0.3225806451612903,0.5023456296330646,-2.832893209943462,0.024819142852527017,False,True,0.0023064396829733987,False
HOME:pts_top & GAME:both_primary,ml,222,0.5945945945945946,0.5978877231839688,-0.10192523412995337,97,0.6597938144329897,0.605567702401914,1.1109504498770042,0.9188160203273348,False,False,0.8667051609252407,False
HOME:pts_top & GAME:both_primary,pl,222,0.4144144144144144,0.4376717514328351,-0.7191251124562016,93,0.44086021505376344,0.4263277918716046,0.2903263208946265,0.47206383565102505,False,False,0.6142166977875875,False
HOME:pts_top & GAME:both_primary,tot,209,0.40669856459330145,0.5030799338255322,-2.789901170927526,95,0.4105263157894737,0.4992216342412868,-1.730387969956183,0.005272413277237217,False,True,0.041780490868984756,False
HOME:pts_top & GAME:pace_high,ml,555,0.5963963963963964,0.6160903084789472,-0.971911031974412,184,0.592391304347826,0.6112046349301251,-0.5332161594221534,0.33109481101961746,False,True,0.29694197835892067,False
HOME:pts_top & GAME:pace_high,pl,549,0.44626593806921677,0.4389965168500852,0.3517868734058411,177,0.4519774011299435,0.44124854340154035,0.2942714725450184,0.7249981036201292,False,True,0.3842752348390179,False
HOME:pts_top & GAME:pace_high,tot,523,0.4627151051625239,0.5038103804065963,-1.8816244049066606,176,0.39204545454545453,0.5016254869049708,-2.90950976588051,0.059887030231912955,False,True,0.0018099803856915216,False
HOME:pts_top & GAME:xpace_high,ml,608,0.5953947368421053,0.6156513186924776,-1.0461752108546227,237,0.5991561181434599,0.6117029519443987,-0.4033712480582166,0.2954801457119237,False,True,0.3433375674685948,False
HOME:pts_top & GAME:xpace_high,pl,602,0.4335548172757475,0.4380838669348791,-0.22958753278848987,227,0.44933920704845814,0.4341575902260314,0.4716142168247113,0.818412295514748,False,False,0.6813989114098254,False
HOME:pts_top & GAME:xpace_high,tot,572,0.46503496503496505,0.5034605607644451,-1.83987717804847,228,0.3991228070175439,0.5000812742690053,-3.0511566990737635,0.06578627129192985,False,True,0.001139807847933806,False
HOME:pts_top & MKT:pl_ratio_high,ml,250,0.704,0.7002927671440246,0.12886492255215637,84,0.7261904761904762,0.6854173335765184,0.8076828338717669,0.8974645329384885,False,True,0.20963659403843388,False
HOME:pts_top & MKT:pl_ratio_high,pl,250,0.484,0.49550460915228484,-0.366935919436128,84,0.5595238095238095,0.47226419462541425,1.6076912674869621,0.7136668175917206,False,False,0.9460485939720539,False
HOME:pts_top & MKT:pl_ratio_high,tot,237,0.46835443037974683,0.5040810982993325,-1.101121369977453,79,0.35443037974683544,0.5000837699334599,-2.5911320383571677,0.2708438374264962,False,True,0.004783039029020707,False
HOME:pts_bottom & HOME:win10_cold,ml,312,0.42948717948717946,0.41842060456473107,0.4070718832548286,153,0.5228758169934641,0.43365817619186015,2.27813573601604,0.6839551933861758,False,True,0.011359245840435078,False
HOME:pts_bottom & HOME:win10_cold,pl,312,0.5352564102564102,0.5270109828520259,0.29970001591196155,151,0.5960264900662252,0.5214049632807376,1.8966588578974497,0.7644059864673699,False,True,0.028936488502567418,False
HOME:pts_bottom & HOME:win10_cold,tot,297,0.5555555555555556,0.5032263241498297,1.8054956008098297,143,0.5174825174825175,0.4995552069511228,0.4290702068360633,0.07099716329849226,False,True,0.3339360665787213,False
HOME:pts_bottom & HOME:xg_bottom,ml,412,0.4029126213592233,0.4037981999694627,-0.03751522973646473,182,0.4835164835164835,0.41706001232048107,1.853588125892706,0.9700741971211289,False,False,0.9681009461655692,False
HOME:pts_bottom & HOME:xg_bottom,pl,412,0.5169902912621359,0.5315294179475489,-0.606642422901933,180,0.6055555555555555,0.549316398316193,1.5575656257499393,0.5440882402590796,False,False,0.9403318737490187,False
HOME:pts_bottom & HOME:xg_bottom,tot,390,0.5205128205128206,0.5022690798792947,0.7212941609890956,165,0.5151515151515151,0.5019070771729258,0.340525265045352,0.47072854871796876,False,True,0.3667304998235652,False
HOME:pts_bottom & HOME:xg10_bottom,ml,362,0.4005524861878453,0.4007758521758973,-0.008882890700876703,156,0.46794871794871795,0.42038993550077464,1.2291344256361483,0.9929125718610625,False,False,0.8904892951135606,False
HOME:pts_bottom & HOME:xg10_bottom,pl,362,0.5165745856353591,0.529660085408349,-0.5116723712072169,154,0.6103896103896104,0.5393858010731879,1.8180501931931974,0.6088803257447343,False,False,0.9654717692387477,False
HOME:pts_bottom & HOME:xg10_bottom,tot,343,0.5364431486880467,0.5022295044287602,1.2684871115700531,147,0.5102040816326531,0.5009357582276063,0.22490287658977576,0.20462405046549081,False,True,0.4110274157134045,False
HOME:pts_bottom & HOME:unlucky,ml,261,0.4444444444444444,0.434992388770553,0.31780789821149413,126,0.5555555555555556,0.4879076628768214,1.5509427868731345,0.7506306591816196,False,True,0.06045769773701218,False
HOME:pts_bottom & HOME:unlucky,pl,261,0.5134099616858238,0.5207573296468709,-0.24531488061013892,126,0.5555555555555556,0.5094772736073043,1.078976109212277,0.8062126306537085,False,False,0.8597008109919653,False
HOME:pts_bottom & HOME:unlucky,tot,246,0.540650406504065,0.5043828631806243,1.1388634765885208,121,0.5041322314049587,0.49860167874741623,0.12176472715336,0.25476010125412885,False,True,0.4515426748421227,False
HOME:pts_bottom & HOME:revenge,ml,253,0.41106719367588934,0.4085654189346774,0.08307779625838158,152,0.45394736842105265,0.44030855295168697,0.3464884036832176,0.933789680822173,False,True,0.3644878488265306,False
HOME:pts_bottom & HOME:revenge,pl,253,0.5296442687747036,0.5287348918070826,0.02973258635115348,151,0.5364238410596026,0.5236450338556035,0.32508948276326505,0.9762803232537145,False,True,0.37255667428690703,False
HOME:pts_bottom & HOME:revenge,tot,239,0.5230125523012552,0.5005545089252003,0.6950611795130972,143,0.4755244755244755,0.49930533756682344,-0.5692436775335417,0.4870169618077612,False,False,0.7154046083468588,False
HOME:pts_bottom & TOTAL:tl=6,ml,218,0.4908256880733945,0.44366716207205464,1.4429033976504677,87,0.5517241379310345,0.47761219143753303,1.4158198301314389,0.1490476859205411,False,True,0.07841413104403837,False
HOME:pts_bottom & TOTAL:tl=6,pl,218,0.518348623853211,0.5208802740370195,-0.07735547678162683,87,0.5402298850574713,0.5098932892915263,0.5868271451529723,0.9383407589838472,False,False,0.721340098082088,False
HOME:pts_bottom & TOTAL:tl=6,tot,204,0.5686274509803921,0.4992698717437055,1.982390694708118,76,0.5131578947368421,0.4983496288895782,0.25836282234999897,0.0474355302543512,False,True,0.39806345311682867,False
HOME:pts_bottom & TOTAL:tl=6.5,ml,370,0.44054054054054054,0.4437580337738955,-0.1279885289259759,128,0.4765625,0.4410628275260231,0.8311721370953488,0.898158050969133,False,False,0.7970618036533171,False
HOME:pts_bottom & TOTAL:tl=6.5,pl,370,0.518918918918919,0.5281657016211587,-0.3676715736532286,126,0.5714285714285714,0.5257000235293452,1.0577099835790935,0.7131181390140429,False,False,0.8549061588547285,False
HOME:pts_bottom & TOTAL:tl=6.5,tot,351,0.5128205128205128,0.5052826519427295,0.28283010085975285,126,0.46825396825396826,0.5019243032449149,-0.756531205208609,0.7773070788588623,False,False,0.7753346148459944,False
HOME:pts_bottom & GAME:pace_high,ml,598,0.45819397993311034,0.4427351817353796,0.7827507974503731,281,0.505338078291815,0.45822704904419764,1.6228040614833055,0.43377346595611643,False,True,0.05231564862637959,False
HOME:pts_bottom & GAME:pace_high,pl,598,0.5183946488294314,0.5243419369713589,-0.30075286837933585,279,0.5663082437275986,0.5180066385838695,1.67283050650383,0.7636029508708246,False,False,0.952819666260182,False
HOME:pts_bottom & GAME:pace_high,tot,564,0.5319148936170213,0.5024743823002216,1.3999431023204294,263,0.5057034220532319,0.49939137443342424,0.2048923867825157,0.16153035743688382,False,True,0.41882810175283236,False
HOME:pts_bottom & GAME:xpace_high,ml,627,0.4529505582137161,0.441427964094823,0.5975149890083128,347,0.5100864553314121,0.46243358398252293,1.822369897309689,0.5501636026624155,False,True,0.03419943947926763,False
HOME:pts_bottom & GAME:xpace_high,pl,627,0.5167464114832536,0.5258656085975101,-0.4720223929360367,345,0.5652173913043478,0.5196440521969437,1.7577004696141818,0.6369108050897518,False,False,0.9606007560435174,False
HOME:pts_bottom & GAME:xpace_high,tot,592,0.527027027027027,0.5023887892896607,1.2002911921852848,323,0.5108359133126935,0.49970941844839295,0.40025829398148566,0.23002626927802428,False,True,0.344483141343649,False
HOME:pts_bottom & MKT:ml_dispersion_high,ml,227,0.4713656387665198,0.41842802842650983,1.6513738586920879,128,0.4921875,0.44977277796263937,0.9819402488788577,0.09866225929325464,False,True,0.16306464277590244,False
HOME:pts_bottom & MKT:ml_dispersion_high,pl,227,0.5154185022026432,0.54493170589059,-0.9189869606527394,128,0.5390625,0.5497843722629301,-0.2523855046853861,0.35810239251607523,False,True,0.40037155158080506,False
HOME:pts_bottom & MKT:ml_dispersion_high,tot,211,0.5497630331753555,0.5038573150300162,1.3351717280970379,117,0.47863247863247865,0.4994393492711946,-0.4504276828646785,0.18182014773443667,False,False,0.6737989560748208,False
HOME:pts_gap15 & TOTAL:tl=6.5,ml,204,0.6715686274509803,0.6822110876006588,-0.33204444636261166,49,0.7142857142857143,0.6737374909414963,0.6165970705443835,0.7398556977477115,False,False,0.7312497363711488,False
HOME:pts_gap15 & TOTAL:tl=6.5,pl,201,0.44776119402985076,0.49308839907882196,-1.3040936367195408,42,0.5,0.4651364926461913,0.4590706696355499,0.19220165824105273,False,False,0.6769082908523583,False
HOME:pts_gap15 & GAME:pace_high,ml,355,0.6563380281690141,0.6848844750888246,-1.1763310248135508,106,0.660377358490566,0.665581600328439,-0.11524525872944809,0.23946262271717256,False,True,0.4541253631766183,False
HOME:pts_gap15 & GAME:pace_high,pl,349,0.44126074498567336,0.4888943546177431,-1.8074098812677801,98,0.42857142857142855,0.45937371850786185,-0.6184901088204592,0.07069839440855706,False,True,0.26812615795531636,False
HOME:pts_gap15 & GAME:pace_high,tot,335,0.4746268656716418,0.5029056345225243,-1.0362565109962896,99,0.42424242424242425,0.5016568289126184,-1.5415506674879806,0.3000824891080969,False,True,0.06159141073223773,False
HOME:pts_gap15 & GAME:xpace_high,ml,385,0.6597402597402597,0.6837263981756595,-1.0284728633230478,128,0.6640625,0.6610415565188525,0.07334857933012197,0.3037274493967821,False,False,0.5292356324691185,False
HOME:pts_gap15 & GAME:xpace_high,pl,379,0.43271767810026385,0.4875644787940634,-2.1693372079785593,117,0.41025641025641024,0.45330216127975964,-0.9467689265424312,0.030057092354242056,False,True,0.1718782694999657,False
HOME:pts_gap15 & GAME:xpace_high,tot,364,0.489010989010989,0.5023529150635012,-0.5096020022755546,121,0.4049586776859504,0.5017548752709855,-2.13088127700763,0.6103303208291022,False,True,0.016549462109497082,False
HOME:pts_gap15 & MKT:pl_ratio_high,ml,292,0.6986301369863014,0.715295167114367,-0.6354474785309308,76,0.6842105263157895,0.6916258633571387,-0.14053950853433236,0.5251366109223643,False,True,0.44411686946767137,False
HOME:pts_gap15 & MKT:pl_ratio_high,pl,292,0.4589041095890411,0.5136774914347622,-1.8882718869513533,76,0.4473684210526316,0.47830317954146734,-0.5420525842823355,0.05898945942241149,False,True,0.29389114080081014,False
HOME:pts_gap15 & MKT:pl_ratio_high,tot,280,0.4928571428571429,0.5022799333551506,-0.3156409529957622,72,0.4166666666666667,0.5003225429236713,-1.4207126996089388,0.7522750495709167,False,True,0.07770014951500955,False
HOME:win10_hot & HOME:xg_top,ml,211,0.6018957345971564,0.6325180473670962,-0.9393265964667434,107,0.6448598130841121,0.6240018922116544,0.45319782311256807,0.34756308735036645,False,False,0.674796850075926,False
HOME:win10_hot & HOME:xg_top,pl,208,0.39903846153846156,0.4461240500929558,-1.3981689883444828,102,0.46078431372549017,0.4300752721819945,0.637666068324508,0.16206232699851175,False,False,0.7381544609786181,False
HOME:win10_hot & HOME:xg_top,tot,202,0.42574257425742573,0.5019235098418617,-2.1681476949392664,102,0.37254901960784315,0.5036188897431321,-2.649914468276195,0.030147450958678153,False,True,0.004025607532964529,False
HOME:win10_hot & HOME:xg10_top,ml,223,0.5874439461883408,0.6262010325911859,-1.2173267150665281,97,0.6597938144329897,0.626863592888482,0.6804553532447062,0.22347993378583442,False,False,0.7518919088324143,False
HOME:win10_hot & HOME:xg10_top,pl,220,0.41363636363636364,0.440086249243083,-0.8077090763482376,93,0.45161290322580644,0.4218397442737202,0.589886428411233,0.41925807739946475,False,False,0.722366603275441,False
HOME:win10_hot & HOME:xg10_top,tot,213,0.43661971830985913,0.5024390300035942,-1.9232151457972138,93,0.3655913978494624,0.5039229561090698,-2.6706215555757833,0.054453035913173284,False,True,0.0037855476538420996,False
HOME:win10_hot & TOTAL:tl=6.5,ml,204,0.5637254901960784,0.6137319035700732,-1.5015299259324544,60,0.6333333333333333,0.6123750318980419,0.34144912974215913,0.1332185524253373,False,False,0.6336172526451426,False
HOME:win10_hot & TOTAL:tl=6.5,pl,202,0.4603960396039604,0.46397684781236953,-0.10483660152486872,55,0.43636363636363634,0.43969109388379923,-0.05075729980437128,0.9165054662482381,False,True,0.4797594584049188,False
HOME:win10_hot & GAME:pace_high,ml,398,0.5728643216080402,0.6042331358809714,-1.307664793132151,149,0.6241610738255033,0.59414844201952,0.7637926201174021,0.1909870297897831,False,False,0.7775045823090461,False
HOME:win10_hot & GAME:pace_high,pl,395,0.4430379746835443,0.45313415077801383,-0.41534759402218135,144,0.5069444444444444,0.44850155560321703,1.445334357754869,0.6778874646130602,False,False,0.9258180041634976,False
HOME:win10_hot & GAME:pace_high,tot,379,0.45910290237467016,0.5019338224520956,-1.6695529980529091,142,0.39436619718309857,0.5039949356111991,-2.6147070657010008,0.09500783637707576,False,True,0.004465200536436702,False
HOME:win10_hot & GAME:xpace_high,ml,431,0.5661252900232019,0.6029397471079063,-1.596041480592392,182,0.6318681318681318,0.5964565318457702,0.9968095260978698,0.11047953251401355,False,False,0.8405715132640049,False
HOME:win10_hot & GAME:xpace_high,pl,428,0.4252336448598131,0.4528692302968111,-1.183609670422495,175,0.49714285714285716,0.44755261501998744,1.3517904436276322,0.23656761057576003,False,False,0.9117788189515108,False
HOME:win10_hot & GAME:xpace_high,tot,410,0.4682926829268293,0.5016435391926298,-1.3520663081611204,175,0.4228571428571429,0.5022370440201166,-2.1018952875409815,0.17635410417954633,False,True,0.017781224725068445,False
HOME:win10_cold & HOME:xg_bottom,ml,247,0.4048582995951417,0.40013023583608914,0.1554611324481612,100,0.47,0.398270303625888,1.4967240874938625,0.8764577931736384,False,True,0.06723253297670541,False
HOME:win10_cold & HOME:xg_bottom,pl,247,0.5263157894736842,0.5289324871792691,-0.08440118585232602,98,0.6224489795918368,0.5485194987309207,1.5011270172847802,0.9327374644783908,False,False,0.9333386439569511,False
HOME:win10_cold & HOME:xg_bottom,tot,236,0.5169491525423728,0.5024818889984709,0.444910554499718,91,0.4945054945054945,0.5010612737302863,-0.12517410346193344,0.6563843949097686,False,False,0.549807140791516,False
HOME:win10_cold & HOME:xg10_bottom,ml,254,0.421259842519685,0.4105279173450555,0.3577623683403764,113,0.48672566371681414,0.4185003156532939,1.5087154612008424,0.7205211547454126,False,True,0.06568575633702178,False
HOME:win10_cold & HOME:xg10_bottom,pl,254,0.5236220472440944,0.5268048242160424,-0.1041379222534132,111,0.6126126126126126,0.5427308684610637,1.5136226427251738,0.9170598968426643,False,False,0.9349392125272071,False
HOME:win10_cold & HOME:xg10_bottom,tot,243,0.522633744855967,0.5043038394322074,0.5720100754877964,108,0.49074074074074076,0.49991407196927623,-0.19079757281097007,0.5673151487866162,False,False,0.5756579048151828,False
HOME:win10_cold & TOTAL:tl=6.5,ml,225,0.48,0.45468536215006766,0.7877511140691952,70,0.5,0.42354322774091824,1.335895496172793,0.4308423009694299,False,True,0.09079171663142371,False
HOME:win10_cold & TOTAL:tl=6.5,pl,225,0.56,0.5205404021912148,1.2201435518352215,68,0.6176470588235294,0.5363638334416424,1.375200430791016,0.22241046112442953,False,True,0.08453465740138849,False
HOME:win10_cold & TOTAL:tl=6.5,tot,215,0.5627906976744186,0.5076183889906908,1.6200352338388209,68,0.5147058823529411,0.5031260216218153,0.19112595630444276,0.10522470846782866,False,True,0.4242134561403378,False
HOME:win10_cold & GAME:pace_high,ml,397,0.47103274559193953,0.456987355192838,0.5812103251770178,163,0.5276073619631901,0.4494903689069526,2.0652921686122934,0.5610987096585913,False,True,0.01944768206026236,False
HOME:win10_cold & GAME:pace_high,pl,397,0.5264483627204031,0.5161397548145823,0.4239891323938251,161,0.5714285714285714,0.5180198327395026,1.398888234774423,0.6715737389793234,False,True,0.08092325060278521,False
HOME:win10_cold & GAME:pace_high,tot,377,0.5358090185676393,0.5042852754287587,1.2254588964347706,154,0.5,0.4991735317597714,0.020527348453648037,0.22040236783734635,False,True,0.4918113478795124,False
HOME:win10_cold & GAME:xpace_high,ml,425,0.4611764705882353,0.45512600400606246,0.2590799826838288,196,0.5306122448979592,0.4543271099889907,2.205107301961432,0.795573529137766,False,True,0.013723282907338832,False
HOME:win10_cold & GAME:xpace_high,pl,425,0.5176470588235295,0.5164736814680851,0.049916777500997364,194,0.5721649484536082,0.5169994995665885,1.5905656709311202,0.9601887074576463,False,True,0.05585367769127956,False
HOME:win10_cold & GAME:xpace_high,tot,405,0.5333333333333333,0.5038931510520789,1.1861644433942131,184,0.5054347826086957,0.4986833750594215,0.18329943261992465,0.23555736499391822,False,True,0.42728153977985045,False
HOME:last_lost_by3 & TOTAL:tl=6.5,ml,242,0.48760330578512395,0.5033320096447442,-0.5074974886727778,77,0.6233766233766234,0.5221941474176418,1.8405993565782566,0.6118057980271948,False,False,0.9671598539429088,False
HOME:last_lost_by3 & TOTAL:tl=6.5,pl,242,0.49586776859504134,0.4998164578673144,-0.12675312831751945,74,0.5,0.4961057937183291,0.06939835432882964,0.8991357945971049,False,False,0.5276637305907961,False
HOME:last_lost_by3 & TOTAL:tl=6.5,tot,235,0.5106382978723404,0.5052266880417791,0.1661589923695708,73,0.4520547945205479,0.503493663565401,-0.8797500469821579,0.8680318301245641,False,False,0.8105026345103115,False
HOME:last_lost_by3 & GAME:pace_high,ml,366,0.5081967213114754,0.5091192864753394,-0.03658525982928068,148,0.6148648648648649,0.5130073961106429,2.5508100876228244,0.9708156966148547,False,False,0.9946263564517572,False
HOME:last_lost_by3 & GAME:pace_high,pl,365,0.4931506849315068,0.48996459465291065,0.12591212022523668,145,0.5655172413793104,0.49400808183860323,1.7888534318369487,0.8998014884832858,False,True,0.03681921159114023,False
HOME:last_lost_by3 & GAME:pace_high,tot,347,0.5072046109510087,0.5016007578208862,0.20902524038471057,135,0.4740740740740741,0.5002871620156332,-0.6095903451832249,0.8344285348308971,False,False,0.7289333955772904,False
HOME:last_lost_by3 & GAME:xpace_high,ml,424,0.5023584905660378,0.5083980334768669,-0.2576905544671806,201,0.5671641791044776,0.510098276494983,1.6649309399878394,0.7966457364222655,False,False,0.9520367326997796,False
HOME:last_lost_by3 & GAME:xpace_high,pl,423,0.491725768321513,0.4924045084469014,-0.02887493406315278,198,0.51010101010101,0.4934934168139517,0.48555274222799416,0.9769643370039882,False,False,0.6863578452717379,False
HOME:last_lost_by3 & GAME:xpace_high,tot,404,0.5024752475247525,0.5016068769828066,0.0349478622361343,185,0.4486486486486487,0.4991113179510138,-1.373807280654496,0.9721213153570734,False,False,0.9152492398762231,False
HOME:last_won_by3 & TOTAL:tl=6.5,ml,234,0.5085470085470085,0.5722200090588038,-2.0195617158517196,67,0.6865671641791045,0.5503869608945146,2.3284039894902344,0.04342886963135592,False,False,0.9900546689910982,False
HOME:last_won_by3 & TOTAL:tl=6.5,pl,232,0.39655172413793105,0.4733514467460041,-2.4195252941883374,63,0.6031746031746031,0.4970859237826723,1.7327784541756277,0.015540779865447484,False,False,0.9584324730930648,False
HOME:last_won_by3 & TOTAL:tl=6.5,tot,223,0.515695067264574,0.5070283630515704,0.25918654903400273,66,0.45454545454545453,0.5029071531684307,-0.7863499011684912,0.7954913089044091,False,False,0.7841687373553644,False
HOME:last_won_by3 & GAME:pace_high,ml,385,0.5324675324675324,0.5747476802757687,-1.7204879911286552,146,0.5684931506849316,0.5559944662192531,0.3134367020256001,0.08534377472347372,False,False,0.6230255481048759,False
HOME:last_won_by3 & GAME:pace_high,pl,383,0.42297650130548303,0.46559424396116156,-1.7272752577114097,142,0.5140845070422535,0.46650341522200994,1.1716579858741756,0.08411824056100643,False,False,0.8793328012722088,False
HOME:last_won_by3 & GAME:pace_high,tot,367,0.5095367847411444,0.5033396093191556,0.23768234518626213,138,0.4855072463768116,0.4998860637458498,-0.33806517643463607,0.8121274778177903,False,False,0.6323429638352261,False
HOME:last_won_by3 & GAME:xpace_high,ml,441,0.5192743764172335,0.5715343007185584,-2.2722636193601677,201,0.582089552238806,0.5594853340926408,0.6634320840867036,0.02307059276240032,False,False,0.746473068425161,False
HOME:last_won_by3 & GAME:xpace_high,pl,439,0.4145785876993166,0.4636955215961956,-2.1336510243318694,197,0.5025380710659898,0.46018014408814595,1.230252256433521,0.032871357904388845,False,False,0.89069867158602,False
HOME:last_won_by3 & GAME:xpace_high,tot,421,0.5083135391923991,0.5031040177235069,0.21399674306346186,191,0.47643979057591623,0.4973777868005479,-0.5792553462123341,0.8305495970123521,False,False,0.7187915545734219,False
HOME:last_ot_loss & GAME:pace_high,ml,222,0.5,0.5324097316233111,-1.0037211905031216,88,0.48863636363636365,0.5107122144789237,-0.42707924828604527,0.31551302016219374,False,True,0.3346608035790554,False
HOME:last_ot_loss & GAME:pace_high,pl,222,0.4594594594594595,0.4841204645773725,-0.7607059386908952,88,0.4659090909090909,0.5130877708795267,-0.9165783154758741,0.4468327268968354,False,True,0.17968182583219167,False
HOME:last_ot_loss & GAME:pace_high,tot,209,0.5263157894736842,0.5059030870548172,0.5908005112720531,80,0.475,0.5013509214883756,-0.4716762049028852,0.5546540923931609,False,False,0.6814210379752765,False
HOME:last_ot_loss & GAME:xpace_high,ml,250,0.48,0.526855921048797,-1.5379608178641093,121,0.512396694214876,0.5099129746680582,0.056236830512727966,0.12405819535889517,False,False,0.5224234294657595,False
HOME:last_ot_loss & GAME:xpace_high,pl,250,0.448,0.48598478004077045,-1.2437281709600956,121,0.48760330578512395,0.5028165162968355,-0.3474467765549158,0.21359962423479562,False,True,0.36412784844186236,False
HOME:last_ot_loss & GAME:xpace_high,tot,236,0.5127118644067796,0.5049784274151929,0.23783963760152083,112,0.5,0.5012627388096874,-0.026750815124801607,0.8120054742739171,False,False,0.5106707584966466,False
HOME:xg_top & HOME:xg10_top,ml,358,0.6033519553072626,0.6262370203453672,-0.9113903088263826,181,0.6906077348066298,0.6224228045812364,1.9186553931876915,0.3620897580245628,False,False,0.9724860198670531,False
HOME:xg_top & HOME:xg10_top,pl,354,0.4293785310734463,0.4447342406861484,-0.5956256903982893,177,0.5084745762711864,0.4237135544231069,2.31815882091051,0.5514253103624533,False,False,0.9897796544505283,False
HOME:xg_top & HOME:xg10_top,tot,342,0.4619883040935672,0.5031891955722719,-1.5255629582997376,173,0.3930635838150289,0.5015978543652203,-2.8577878290651313,0.12711874300900963,False,True,0.0021330276747177977,False
HOME:xg_top & TOTAL:tl=6,ml,207,0.5410628019323671,0.604909289434384,-1.9143623898813773,71,0.5915492957746479,0.5855305058482342,0.10471009906974688,0.05557386767048797,False,False,0.5416970759397756,False
HOME:xg_top & TOTAL:tl=6,pl,207,0.357487922705314,0.43877051152486307,-2.4232132717619685,71,0.4788732394366197,0.43080176263215664,0.836989997668151,0.015383892158856627,False,False,0.7987009048144824,False
HOME:xg_top & TOTAL:tl=6.5,ml,342,0.5994152046783626,0.6148610073759732,-0.5983929227216196,108,0.6944444444444444,0.6288421236319864,1.4393307510802165,0.5495777869515913,False,False,0.9249715829106259,False
HOME:xg_top & TOTAL:tl=6.5,pl,339,0.4306784660766962,0.4499343803231489,-0.731904527040971,101,0.48514851485148514,0.4445208715837188,0.8382390856217179,0.4642268428587534,False,False,0.799051780263379,False
HOME:xg_top & TOTAL:tl=6.5,tot,325,0.4153846153846154,0.5076993492949009,-3.3332877789448814,105,0.42857142857142855,0.5082574402559643,-1.6347705853102044,0.0008582611922156318,False,True,0.051048574598941784,False
HOME:xg_top & GAME:both_primary,ml,215,0.5767441860465117,0.5948511613949367,-0.5507600728523516,126,0.6666666666666666,0.6051269110420894,1.4325572422758666,0.5817981579508198,False,False,0.9240077957958603,False
HOME:xg_top & GAME:both_primary,pl,215,0.413953488372093,0.4396739093859227,-0.783304414753086,124,0.4435483870967742,0.42533759596388765,0.41926561284332653,0.43344837136643066,False,False,0.6624889875870559,False
HOME:xg_top & GAME:pace_high,ml,535,0.5962616822429907,0.6178261943968147,-1.0463219947925513,213,0.676056338028169,0.6223820259366523,1.641410926730177,0.29541239382751483,False,False,0.9496439283918275,False
HOME:xg_top & GAME:pace_high,pl,530,0.43018867924528303,0.44392929044632307,-0.6533569620188882,207,0.5120772946859904,0.43388894885354046,2.3132099317565684,0.5135261778336939,False,False,0.9896444501096537,False
HOME:xg_top & GAME:pace_high,tot,508,0.4507874015748031,0.5040500115231432,-2.4038023440737852,203,0.43349753694581283,0.5046233957281558,-2.028489138931951,0.016225543541949546,False,True,0.021255175343980307,False
HOME:xg_top & GAME:xpace_high,ml,610,0.5885245901639344,0.6137745696337698,-1.3059985160690888,303,0.6534653465346535,0.6125100537253025,1.4878058432102794,0.1915530622098116,False,False,0.9315989478689252,False
HOME:xg_top & GAME:xpace_high,pl,605,0.4231404958677686,0.446140006375456,-1.1693187932957556,296,0.47297297297297297,0.43741287260868617,1.2605961048549381,0.24227521412327369,False,False,0.8962727986297738,False
HOME:xg_top & GAME:xpace_high,tot,579,0.4421416234887737,0.5037109162842793,-2.966449058960064,291,0.436426116838488,0.5009207673344348,-2.202666700680209,0.0030126026313449425,False,True,0.013809124459608812,False
HOME:xg_top & MKT:pl_ratio_high,ml,249,0.7228915662650602,0.7013552355694794,0.7481177057457601,104,0.7307692307692307,0.6911053421863667,0.8789512231667781,0.4543891631814394,False,True,0.18971386171367222,False
HOME:xg_top & MKT:pl_ratio_high,pl,249,0.4979919678714859,0.4986428130782627,-0.02072734889467634,104,0.5576923076923077,0.47865692127786386,1.6196612736546978,0.983463152440696,False,False,0.9473474702954635,False
HOME:xg_top & MKT:pl_ratio_high,tot,232,0.47413793103448276,0.5041914834132695,-0.9166191117223427,97,0.4329896907216495,0.500766106762989,-1.3362018726233345,0.35934226597184804,False,True,0.0907416495866506,False
HOME:xg_bottom & HOME:xg10_bottom,ml,403,0.3945409429280397,0.40460700413329237,-0.4212839203433921,152,0.45394736842105265,0.4174682627355454,0.932240969184112,0.6735477704459802,False,False,0.824393996478528,False
HOME:xg_bottom & HOME:xg10_bottom,pl,403,0.511166253101737,0.5319510521896854,-0.8586694839990194,150,0.58,0.5448313198408623,0.8875917658643321,0.39052289103389226,False,False,0.8126198077584456,False
HOME:xg_bottom & HOME:xg10_bottom,tot,381,0.5196850393700787,0.5014446345605166,0.7127384163667986,142,0.4859154929577465,0.5007812465003563,-0.3545551579392699,0.4760076397467097,False,False,0.6385385624845094,False
HOME:xg_bottom & HOME:revenge,ml,231,0.4025974025974026,0.3972879294892327,0.16888640606026656,105,0.42857142857142855,0.4124188902113898,0.3432903696788181,0.8658859919941657,False,True,0.3656900124996877,False
HOME:xg_bottom & HOME:revenge,pl,231,0.5324675324675324,0.5344140448057803,-0.06076129222758828,104,0.5384615384615384,0.5389001786797104,-0.009215139967628736,0.9515493176618713,False,True,0.49632374307772664,False
HOME:xg_bottom & HOME:revenge,tot,219,0.4840182648401826,0.5004891574717797,-0.48794224108284157,96,0.5104166666666666,0.5016281230161878,0.1723670356992412,0.6255907532787829,False,False,0.5684255070087367,False
HOME:xg_bottom & TOTAL:tl=6,ml,215,0.42790697674418604,0.43268128112315624,-0.14546054025858535,77,0.5194805194805194,0.4453413407631639,1.33999918545323,0.8843472686500053,False,False,0.9098771951267801,False
HOME:xg_bottom & TOTAL:tl=6,pl,215,0.5069767441860465,0.5266693684614565,-0.5953418216932093,77,0.5714285714285714,0.5567842229566013,0.2659053731373804,0.5516150058365685,False,False,0.604843956568237,False
HOME:xg_bottom & TOTAL:tl=6.5,ml,315,0.4222222222222222,0.42031991663204715,0.07007057194302478,91,0.4725274725274725,0.41703614548425116,1.1006327494890769,0.9441374893003699,False,True,0.135528263062778,False
HOME:xg_bottom & TOTAL:tl=6.5,pl,315,0.5174603174603175,0.5275858067063744,-0.37028213964106843,89,0.5955056179775281,0.5342360148713381,1.1866107308841576,0.7111722800757865,False,False,0.8823093994025021,False
HOME:xg_bottom & TOTAL:tl=6.5,tot,303,0.5082508250825083,0.5035804191704916,0.16279657939247497,88,0.45454545454545453,0.5033352798897924,-0.9161196950806321,0.8706786015896174,False,False,0.8201979405629058,False
HOME:xg_bottom & GAME:pace_high,ml,483,0.42857142857142855,0.41976001020472875,0.4025923630333353,187,0.48663101604278075,0.4315078513268995,1.5584784086528014,0.6872481287393255,False,True,0.05955994119076455,False
HOME:xg_bottom & GAME:pace_high,pl,483,0.5196687370600414,0.5297684146672546,-0.4575736971701214,185,0.5891891891891892,0.5373895701529582,1.453217610230774,0.6472587440827748,False,False,0.9269183279047508,False
HOME:xg_bottom & GAME:pace_high,tot,458,0.519650655021834,0.5020155409158283,0.7555687239340864,171,0.4853801169590643,0.5006647947985867,-0.4000529943528794,0.44990781370049227,False,False,0.6554412576412366,False
HOME:xg_bottom & GAME:xpace_high,ml,570,0.4263157894736842,0.4233672014052034,0.1461994318630526,248,0.4879032258064516,0.4351235557701221,1.7159052275721989,0.8837639540495672,False,True,0.04308969489203848,False
HOME:xg_bottom & GAME:xpace_high,pl,570,0.5210526315789473,0.5285934897617699,-0.37123334432094285,246,0.5894308943089431,0.5429910559545744,1.505435612299228,0.7104637395700938,False,False,0.9338939404722153,False
HOME:xg_bottom & GAME:xpace_high,tot,541,0.512014787430684,0.5015536093360794,0.48710920859931695,226,0.504424778761062,0.5019132496710442,0.07557072531828396,0.6261809409637085,False,True,0.4698803138272019,False
HOME:xg_bottom & MKT:ml_dispersion_high,ml,220,0.4318181818181818,0.406007834968129,0.7950169651073861,101,0.49504950495049505,0.4340497760261876,1.259205070481696,0.4266036336489769,False,True,0.10397813529875771,False
HOME:xg_bottom & MKT:ml_dispersion_high,pl,220,0.5045454545454545,0.5405553776993532,-1.101524392366649,101,0.5841584158415841,0.5498791415279105,0.7156122190838807,0.27066849430978945,False,False,0.762884586731224,False
HOME:xg_bottom & MKT:ml_dispersion_high,tot,207,0.5458937198067633,0.5009072284421753,1.2958191426876948,89,0.47191011235955055,0.5002841634664422,-0.5357136111990771,0.19503780139012994,False,False,0.7039217524237598,False
HOME:xg10_top & TOTAL:tl=6.5,ml,284,0.5809859154929577,0.6080732903007825,-0.9546031440817274,96,0.6458333333333334,0.609774705923699,0.7415744741126623,0.33977842659788826,False,False,0.7708274030451562,False
HOME:xg10_top & TOTAL:tl=6.5,pl,282,0.46808510638297873,0.4564540696201317,0.4034129355811423,92,0.4891304347826087,0.4628405080290656,0.5183346078052301,0.6866444722065621,False,True,0.30211241536601297,False
HOME:xg10_top & TOTAL:tl=6.5,tot,272,0.4375,0.506723125077845,-2.28641820503443,92,0.43478260869565216,0.5059345860405658,-1.3662228110731647,0.022229804298227348,False,True,0.08593451991415679,False
HOME:xg10_top & GAME:pace_high,ml,504,0.5972222222222222,0.6078662568398298,-0.49994531079184457,214,0.6355140186915887,0.5993310812470669,1.1026077426293055,0.6171135863263366,False,False,0.8649012267929146,False
HOME:xg10_top & GAME:pace_high,pl,500,0.448,0.45187053757520257,-0.17902223505960677,209,0.4784688995215311,0.44901542478800693,0.877833254414077,0.8579202426727613,False,False,0.8099828924867563,False
HOME:xg10_top & GAME:pace_high,tot,479,0.4718162839248434,0.502615212152751,-1.349642907409765,201,0.4129353233830846,0.5024354581171109,-2.539985438040298,0.17713055388164167,False,True,0.005542854219157613,False
HOME:xg10_top & GAME:xpace_high,ml,536,0.5932835820895522,0.606951640668182,-0.6618918626622512,275,0.6436363636363637,0.6010952764872158,1.4680996844985479,0.5080405272065859,False,False,0.9289614263561631,False
HOME:xg10_top & GAME:xpace_high,pl,532,0.4398496240601504,0.45215485802257643,-0.5869639909847356,270,0.48148148148148145,0.4446066792156326,1.2491080273139887,0.5572278910249754,False,False,0.8941872175017084,False
HOME:xg10_top & GAME:xpace_high,tot,510,0.4647058823529412,0.5020141573289999,-1.686932486165098,261,0.4061302681992337,0.5006293910856929,-3.0561891677629682,0.09161633460490788,False,True,0.0011208488812568876,False
HOME:xg10_top & MKT:pl_ratio_high,ml,213,0.7089201877934272,0.7003200230503526,0.27606869422938674,85,0.7411764705882353,0.690197315918508,1.0203981467463403,0.7824953050176732,False,True,0.15376983622856444,False
HOME:xg10_top & MKT:pl_ratio_high,pl,213,0.49295774647887325,0.49718182900829305,-0.12440992491346571,85,0.5529411764705883,0.4768626595433786,1.409787920182808,0.9009907154561136,False,False,0.9206988427178977,False
HOME:xg10_top & MKT:pl_ratio_high,tot,203,0.4729064039408867,0.5015441492890784,-0.8170374054427662,80,0.4125,0.49960820158532576,-1.5596353189733212,0.41390705212607337,False,True,0.05942304257675775,False
HOME:xg10_bottom & HOME:revenge,ml,241,0.4107883817427386,0.4141196872274419,-0.10796390572697029,116,0.4224137931034483,0.4409079142815595,-0.4125030846146083,0.9140243238622229,False,True,0.33998536013238606,False
HOME:xg10_bottom & HOME:revenge,pl,241,0.5228215767634855,0.522345016068493,0.015215947933574638,114,0.5263157894736842,0.5166337510430214,0.2133935736249498,0.9878598985239385,False,True,0.4155099962896071,False
HOME:xg10_bottom & HOME:revenge,tot,229,0.5152838427947598,0.5016991626130823,0.4115380330231008,109,0.47706422018348627,0.5018081644003701,-0.5170565461653207,0.6806780590281822,False,False,0.697441656891258,False
HOME:xg10_bottom & TOTAL:tl=6,ml,212,0.45754716981132076,0.44669236043563126,0.32804169455282056,64,0.578125,0.47596989422971864,1.689347218236799,0.7428801376417655,False,True,0.04557645478544504,False
HOME:xg10_bottom & TOTAL:tl=6,pl,212,0.5094339622641509,0.5123619954302296,-0.08813681837679616,63,0.5873015873015873,0.5353331108681082,0.8515908074125128,0.9297679333987556,False,False,0.8027793782609207,False
HOME:xg10_bottom & TOTAL:tl=6.5,ml,282,0.425531914893617,0.43150419118313477,-0.20827024252477852,85,0.4588235294117647,0.42709704570694174,0.6081670191780132,0.8350179652028991,False,False,0.7284616468634675,False
HOME:xg10_bottom & TOTAL:tl=6.5,pl,282,0.49645390070921985,0.5211845034740501,-0.8562972852072859,82,0.6463414634146342,0.5343017346652041,2.087168664855929,0.39183336252995893,False,False,0.9815635545423439,False
HOME:xg10_bottom & TOTAL:tl=6.5,tot,270,0.5481481481481482,0.5060425779319985,1.3854584579303026,84,0.47619047619047616,0.5048510866065534,-0.5257320793413809,0.16591232662827982,False,False,0.7004628141425382,False
HOME:xg10_bottom & GAME:pace_high,ml,493,0.4421906693711968,0.43733971050411585,0.22383791794097538,206,0.45145631067961167,0.46394785352082407,-0.3708097273945541,0.8228834242057762,False,False,0.644610372163149,False
HOME:xg10_bottom & GAME:pace_high,pl,493,0.5010141987829615,0.5152933746422388,-0.654427095222725,203,0.5517241379310345,0.5159886535383404,1.0512816098781423,0.5128366827018669,False,False,0.8534353646216064,False
HOME:xg10_bottom & GAME:pace_high,tot,465,0.524731182795699,0.5034186830903966,0.9200881504929604,194,0.4742268041237113,0.5008110552382425,-0.7410645709061874,0.3575266960641361,False,False,0.770672854993619,False
HOME:xg10_bottom & GAME:xpace_high,ml,541,0.4399260628465804,0.4394848172362221,0.02130923446530964,265,0.4679245283018868,0.4670882530009964,0.028099817655373758,0.9829989774745643,False,True,0.48879126975354625,False
HOME:xg10_bottom & GAME:xpace_high,pl,541,0.5027726432532348,0.5145454265604383,-0.5654294791557708,261,0.5555555555555556,0.5161138793589033,1.319300727546718,0.5717816782615612,False,False,0.906465702649472,False
HOME:xg10_bottom & GAME:xpace_high,tot,510,0.5215686274509804,0.5028898036782407,0.8444745451201949,250,0.476,0.5001919544585355,-0.7656122520999644,0.39840428175771747,False,False,0.7780464739482891,False
HOME:pdo_high & HOME:lucky,ml,245,0.5755102040816327,0.5878341980408522,-0.4017361548345282,129,0.5968992248062015,0.591927723158617,0.11735864215139179,0.6878782133705508,False,False,0.5467120718420946,False
HOME:pdo_high & HOME:lucky,pl,245,0.44081632653061226,0.4559439237712317,-0.4897365083668873,125,0.456,0.45391038140271883,0.04832448022056072,0.6243203640683475,False,False,0.5192711775264619,False
HOME:pdo_high & HOME:lucky,tot,229,0.4497816593886463,0.5007305374035499,-1.5433556258362258,120,0.45,0.4999212160043341,-1.094559422487095,0.1227445139400899,False,True,0.1368548504336094,False
HOME:pdo_high & GAME:xpace_high,ml,264,0.5833333333333334,0.5887865490078666,-0.18441581370648133,131,0.5954198473282443,0.5915971259270366,0.09089764939936926,0.8536872650299907,False,False,0.5362130410152127,False
HOME:pdo_high & GAME:xpace_high,pl,264,0.44696969696969696,0.4557650847735725,-0.29566734801061423,127,0.44881889763779526,0.452628907242236,-0.08885485623602025,0.7674841353671209,False,True,0.46459863054186407,False
HOME:pdo_high & GAME:xpace_high,tot,248,0.43951612903225806,0.5001041379952912,-1.9100255832390245,122,0.4344262295081967,0.5001214645983129,-1.4524293038547185,0.05612991942167372,False,True,0.07319113659716513,False
HOME:pdo_low & HOME:unlucky,ml,225,0.4533333333333333,0.45495437807763717,-0.05090807902707634,126,0.5555555555555556,0.5118327333944166,1.0070783608987028,0.9593987677267368,False,False,0.8430514404812001,False
HOME:pdo_low & HOME:unlucky,pl,225,0.52,0.5047878630747521,0.46979109294907584,126,0.4523809523809524,0.48465835064401164,-0.7520613915678298,0.6385042786700216,False,False,0.7739929297318978,False
HOME:pdo_low & HOME:unlucky,tot,214,0.5093457943925234,0.5055182776659048,0.11209364091685514,122,0.4426229508196721,0.49976710102076893,-1.2634720215197865,0.9107491594628428,False,False,0.896790202331964,False
HOME:pdo_low & GAME:xpace_high,ml,250,0.476,0.46505121115707687,0.3619716837028948,131,0.549618320610687,0.5103313003815959,0.9227699969799844,0.7173731907939738,False,True,0.17806353970676841,False
HOME:pdo_low & GAME:xpace_high,pl,250,0.52,0.5018162694796519,0.592137131660942,131,0.4580152671755725,0.48531521691634316,-0.6482214041622056,0.5537587640410788,False,False,0.7415791200248072,False
HOME:pdo_low & GAME:xpace_high,tot,241,0.5228215767634855,0.5039161151369678,0.5875439973467415,126,0.4365079365079365,0.4992663454980969,-1.4101417638597669,0.5568384104143926,False,False,0.9207510862590647,False
HOME:lucky & TOTAL:tl=6,ml,210,0.5476190476190477,0.565675944539236,-0.5427932150450459,73,0.5068493150684932,0.557233659093235,-0.8902219489027466,0.5872721852996159,False,True,0.18667336065790285,False
HOME:lucky & TOTAL:tl=6,pl,210,0.41904761904761906,0.44705019213863295,-0.8416590552266819,71,0.5070422535211268,0.47631122574876816,0.5356075802654033,0.39997882309140964,False,False,0.7038851056202381,False
HOME:lucky & TOTAL:tl=6.5,ml,228,0.5307017543859649,0.5568465475525617,-0.8222736784183988,75,0.6666666666666666,0.5672939394974049,1.787153268926548,0.4109211537955729,False,False,0.9630436400712963,False
HOME:lucky & TOTAL:tl=6.5,pl,227,0.4889867841409692,0.48840803064369753,0.017984547688021418,73,0.589041095890411,0.4851096219570785,1.8345514827297003,0.9856511805773595,False,True,0.033286086513250074,False
HOME:lucky & TOTAL:tl=6.5,tot,212,0.45754716981132076,0.5038423913936788,-1.3497817450588745,72,0.4583333333333333,0.5027968772221264,-0.755155702663461,0.1770860020964523,False,True,0.22507778203962797,False
HOME:lucky & GAME:pace_high,ml,394,0.5406091370558376,0.5643635446868199,-0.9792599502852268,155,0.5935483870967742,0.5731953702635934,0.5251057722709561,0.3274515537078635,False,False,0.7002451681816858,False
HOME:lucky & GAME:pace_high,pl,393,0.46564885496183206,0.46762335641445796,-0.08105015275951981,151,0.5231788079470199,0.4733485455966663,1.266701794007663,0.9354020675324182,False,False,0.8973690308486754,False
HOME:lucky & GAME:pace_high,tot,364,0.45054945054945056,0.5022218586893901,-1.973505988532012,146,0.4383561643835616,0.49916874118866034,-1.470607309010641,0.04843794295661268,False,True,0.0706986730867335,False
HOME:lucky & GAME:xpace_high,ml,493,0.5334685598377282,0.5591336681202476,-1.182824087106692,213,0.5868544600938967,0.5699252721868358,0.5119527770524505,0.23687887229082616,False,False,0.6956579700990186,False
HOME:lucky & GAME:xpace_high,pl,492,0.45528455284552843,0.4669897965866253,-0.5378581144651453,208,0.5144230769230769,0.4746214786687226,1.1870735391001122,0.5906750072420349,False,False,0.8824006926743069,False
HOME:lucky & GAME:xpace_high,tot,459,0.47058823529411764,0.5017785783416286,-1.3376648115626244,199,0.457286432160804,0.5000809114715662,-1.2082548637061143,0.18100572666393144,False,True,0.11347462214974524,False
HOME:unlucky & TOTAL:tl=6.5,ml,295,0.5322033898305085,0.5147294477862764,0.6240227180960158,72,0.5833333333333334,0.5183012152223028,1.1380463464828072,0.5326126654749294,False,True,0.1275505650717218,False
HOME:unlucky & TOTAL:tl=6.5,pl,294,0.5102040816326531,0.4960955190437203,0.5000819057606746,72,0.5,0.501725228379476,-0.030268284977530428,0.6170174062761551,False,False,0.5120734550502745,False
HOME:unlucky & TOTAL:tl=6.5,tot,285,0.47719298245614034,0.5079421540665762,-1.0395422765356719,71,0.4507042253521127,0.5051573498007993,-0.9186558782834466,0.2985526068575687,False,True,0.17913779733572294,False
HOME:unlucky & GAME:pace_high,ml,433,0.5127020785219399,0.5083621022828508,0.18798797465812503,160,0.5875,0.5013431472950975,2.2330447974689736,0.8508860779550873,False,True,0.012772995176483996,False
HOME:unlucky & GAME:pace_high,pl,432,0.48148148148148145,0.4922567102346947,-0.4634115610675929,160,0.55625,0.49220754321472115,1.6871996381651577,0.6430693933872279,False,False,0.9542175145165105,False
HOME:unlucky & GAME:pace_high,tot,415,0.5253012048192771,0.50550130579258,0.8075852232343538,152,0.46710526315789475,0.5014259062430064,-0.846988610906933,0.4193293960581519,False,False,0.8014992651953188,False
HOME:unlucky & GAME:xpace_high,ml,508,0.5078740157480315,0.5068159114656745,0.04956541696657103,207,0.5748792270531401,0.5145557367509737,1.7807306669241698,0.9604687060046124,False,True,0.03747823036788935,False
HOME:unlucky & GAME:xpace_high,pl,507,0.47731755424063116,0.4945611316999738,-0.8038136712211943,207,0.5314009661835749,0.4917030725641333,1.1883170345805916,0.42150459304934285,False,False,0.8826457355197905,False
HOME:unlucky & GAME:xpace_high,tot,486,0.5041152263374485,0.5051176557988237,-0.044244525100516116,198,0.47474747474747475,0.5005531725398165,-0.7268238233560723,0.964709490885093,False,True,0.23366694354541673,False
HOME:revenge & TOTAL:tl=6,ml,295,0.5457627118644067,0.5142229802833832,1.1172504500590408,45,0.5555555555555556,0.4983699407397318,0.7870613465706354,0.26388725508394584,False,True,0.215622977658464,False
HOME:revenge & TOTAL:tl=6,pl,295,0.4915254237288136,0.4809861281037015,0.37683551950578226,45,0.5777777777777777,0.4654363320643687,1.565716096742801,0.7062958425674832,False,True,0.05870754808981988,False
HOME:revenge & TOTAL:tl=6,tot,276,0.4963768115942029,0.49889408359326404,-0.08368803833194148,38,0.5263157894736842,0.49489343364809457,0.38764119146860343,0.933304467809043,False,False,0.6508592092611325,False
HOME:revenge & TOTAL:tl=6.5,ml,353,0.5014164305949008,0.4971040687736575,0.16778817005390476,121,0.5206611570247934,0.49534158924214017,0.5788228148004815,0.8667499294855601,False,True,0.28135436758025745,False
HOME:revenge & TOTAL:tl=6.5,pl,352,0.4914772727272727,0.4894375550728324,0.079177572113952,117,0.5042735042735043,0.5062745366693966,-0.04458537417551425,0.9368913834377436,False,False,0.5177810996080136,False
HOME:revenge & TOTAL:tl=6.5,tot,342,0.5087719298245614,0.5064572779168814,0.0857416755199065,117,0.42735042735042733,0.5044784726501105,-1.669881989403932,0.9316717718216769,False,False,0.9525286427928688,False
HOME:revenge & GAME:both_primary,ml,235,0.5446808510638298,0.51232930500971,1.0224879136678449,152,0.5986842105263158,0.5184879271677927,2.029700409843377,0.30655003018040117,False,True,0.021193500614078528,False
HOME:revenge & GAME:both_primary,pl,235,0.46808510638297873,0.47992054050708605,-0.37734143063008097,151,0.5364238410596026,0.48068607835879934,1.4241883772584556,0.705919886690004,False,False,0.9228040257525939,False
HOME:revenge & GAME:both_primary,tot,225,0.49777777777777776,0.5016292138484045,-0.1156749601989825,146,0.4863013698630137,0.500711583765972,-0.3486230854009353,0.9079101518755568,False,True,0.36368614709066605,False
HOME:revenge & GAME:pace_high,ml,668,0.5224550898203593,0.5077507868733646,0.7860089675218013,296,0.5506756756756757,0.5034681045998659,1.6749397005241702,0.43186223352256314,False,True,0.04697303160791537,False
HOME:revenge & GAME:pace_high,pl,667,0.4947526236881559,0.48148956134240317,0.7105281465270895,292,0.5513698630136986,0.4916309240791655,2.117438953448698,0.4773766830686331,False,True,0.017111305582933365,False
HOME:revenge & GAME:pace_high,tot,637,0.5023547880690737,0.5027569082573864,-0.02032124368959914,278,0.4676258992805755,0.5018749313445378,-1.142972181466933,0.9837871092715977,False,True,0.1265250706279648,False
HOME:revenge & GAME:xpace_high,ml,724,0.5193370165745856,0.5058795784356387,0.7483038791388255,379,0.5356200527704486,0.5081116806995073,1.1032888366685478,0.45427688524057863,False,True,0.13495087645744963,False
HOME:revenge & GAME:xpace_high,pl,723,0.49100968188105115,0.48288706170745893,0.4533473286547052,375,0.5333333333333333,0.49341992499164433,1.6050394576725062,0.6502986575047967,False,True,0.05424256072343526,False
HOME:revenge & GAME:xpace_high,tot,690,0.5014492753623189,0.502477940265433,-0.0541016158222844,359,0.4735376044568245,0.49969578113170166,-0.9921314006664218,0.9568542048948945,False,True,0.1605667153269527,False
HOME:revenge & MKT:ml_dispersion_high,ml,248,0.5483870967741935,0.4855519930695659,2.043318403967233,123,0.5528455284552846,0.4974106410048317,1.2671589445813327,0.04102092891136914,False,True,0.1025492312329625,False
HOME:revenge & MKT:ml_dispersion_high,pl,248,0.5201612903225806,0.5002150141681095,0.6517743052472955,122,0.4918032786885246,0.5143510899858209,-0.517879715344499,0.5145467797530279,False,False,0.6977289021918229,False
HOME:revenge & MKT:ml_dispersion_high,tot,234,0.5,0.5021347902951104,-0.065389149205259,115,0.48695652173913045,0.4972151562169659,-0.2202235463868976,0.9478641632707512,False,True,0.41284852968970726,False
HOME:early_gp10 & CAL:month_10,ml,255,0.5333333333333333,0.5382681324904381,-0.16286695838518553,135,0.4962962962962963,0.5381272104553932,-1.001486920718487,0.8706231868080028,False,True,0.15829573013836057,False
HOME:early_gp10 & CAL:month_10,pl,255,0.4666666666666667,0.4830154668324929,-0.5412594451415165,135,0.4222222222222222,0.4970852339184599,-1.8009747787193002,0.5883287692342654,False,True,0.03585342766756783,False
HOME:early_gp10 & CAL:month_10,tot,243,0.4691358024691358,0.5032408416382284,-1.0646060918823377,125,0.536,0.5026152684655836,0.7471459166424727,0.2870542219152903,False,False,0.7725122569256464,False
AWAY:b2b_opp_not & AWAY:b2b,ml,367,0.42779291553133514,0.4384485526654189,-0.424771180062725,191,0.3769633507853403,0.43414878258785816,-1.6432534912874543,0.671003488863473,False,True,0.05016524831640133,False
AWAY:b2b_opp_not & AWAY:b2b,pl,366,0.4918032786885246,0.5165071663841306,-0.9780700945626201,187,0.49732620320855614,0.5193889685107025,-0.6241029663568923,0.32803965745265473,False,True,0.2662799829728594,False
AWAY:b2b_opp_not & AWAY:b2b,tot,354,0.4745762711864407,0.5023064779412465,-1.0446990075608544,181,0.4530386740331492,0.49974569345855896,-1.2578718623761018,0.29616210366920015,False,True,0.1042190505942005,False
AWAY:b2b_opp_not & AWAY:third_in_4,ml,228,0.4517543859649123,0.43948372771081856,0.3851305334857198,105,0.3904761904761905,0.4247260959129226,-0.7333338379520494,0.700140707078228,False,False,0.7683225792148045,False
AWAY:b2b_opp_not & AWAY:third_in_4,pl,227,0.5110132158590308,0.5161979966952942,-0.1615841733514174,102,0.5,0.5081933107898248,-0.17058395046565297,0.8716333213535624,False,True,0.4322754593083276,False
AWAY:b2b_opp_not & AWAY:third_in_4,tot,220,0.4772727272727273,0.5010845383465578,-0.707159744249813,99,0.5050505050505051,0.49913200722380163,0.11790124920870636,0.47946721192005914,False,False,0.5469270482860774,False
AWAY:b2b_opp_not & AWAY:backup,ml,226,0.46017699115044247,0.4487630545286528,0.3569478277284297,126,0.3968253968253968,0.43648884494093326,-0.9236881078466259,0.7211308636137341,False,False,0.8221756372476643,False
AWAY:b2b_opp_not & AWAY:backup,pl,226,0.5132743362831859,0.5100026588458682,0.10160772686293926,124,0.532258064516129,0.525498900197093,0.15581642976536172,0.9190680460461832,False,True,0.43808885986334123,False
AWAY:b2b_opp_not & AWAY:backup,tot,219,0.4748858447488584,0.5021347810791817,-0.8074431606696822,119,0.3949579831932773,0.49956916984963534,-2.2842932485044884,0.419411209096082,False,True,0.011177151212361795,False
AWAY:b2b_opp_not & TOTAL:tl=6.5,ml,209,0.4258373205741627,0.4438046044814028,-0.541190233824269,63,0.4603174603174603,0.44963420746278887,0.17719067077225,0.588376468255432,False,False,0.5703206883177031,False
AWAY:b2b_opp_not & TOTAL:tl=6.5,pl,208,0.4855769230769231,0.4959749409199391,-0.3103926963432056,61,0.45901639344262296,0.5022843001081984,-0.6965787677085755,0.7562623475415041,False,True,0.24303322360480917,False
AWAY:b2b_opp_not & TOTAL:tl=6.5,tot,202,0.4900990099009901,0.5057158946176497,-0.4446034298398626,60,0.48333333333333334,0.5032198093567383,-0.30842262939229154,0.6566063684033561,False,True,0.37888038246561406,False
AWAY:b2b_opp_not & GAME:pace_high,ml,303,0.42244224422442245,0.43758371908222266,-0.5491950216055712,124,0.3951612903225806,0.43643065296839495,-0.9549077433906924,0.5828716205460138,False,True,0.16981217677397942,False
AWAY:b2b_opp_not & GAME:pace_high,pl,302,0.4900662251655629,0.5117026819247525,-0.7781386906970722,122,0.5163934426229508,0.5252663013727266,-0.20231668023097202,0.4364872555999474,False,True,0.41983458033285204,False
AWAY:b2b_opp_not & GAME:pace_high,tot,291,0.48109965635738833,0.5024306925076664,-0.7286541479434896,117,0.4188034188034188,0.4999798636975075,-1.7575030659683177,0.4662132471617698,False,True,0.03941604985756046,False
AWAY:b2b_opp_not & GAME:xpace_high,ml,348,0.4396551724137931,0.44209593060249325,-0.09468240304352704,177,0.3785310734463277,0.4358303525548082,-1.5839593224903206,0.9245670955140949,False,True,0.056601488086671176,False
AWAY:b2b_opp_not & GAME:xpace_high,pl,347,0.4956772334293948,0.5137868356438762,-0.6983634932440544,173,0.5086705202312138,0.520774452819154,-0.3294423124647189,0.4849499009411785,False,True,0.37091069516553576,False
AWAY:b2b_opp_not & GAME:xpace_high,tot,335,0.4716417910447761,0.5019821422168703,-1.111937576005141,168,0.43452380952380953,0.4996955052691246,-1.690945880643148,0.2661649910842794,False,True,0.04542356970243172,False
AWAY:b2b & AWAY:third_in_4,ml,293,0.46075085324232085,0.4489307867024718,0.4207250399018735,123,0.37398373983739835,0.42423521159749195,-1.1630852083883463,0.6739558743552536,False,False,0.8776025335853104,False
AWAY:b2b & AWAY:third_in_4,pl,292,0.5068493150684932,0.517381087297528,-0.37206116792324095,120,0.4666666666666667,0.5132072222052411,-1.0515873014395825,0.7098473076589831,False,True,0.1464944681840759,False
AWAY:b2b & AWAY:third_in_4,tot,282,0.475177304964539,0.5017944513389265,-0.8949272266439049,115,0.5130434782608696,0.49826958701691015,0.3171973522248091,0.370825991258633,False,False,0.6244530705561173,False
AWAY:b2b & AWAY:backup,ml,285,0.45964912280701753,0.4490905065379048,0.3712840182613862,148,0.3918918918918919,0.4361173109362257,-1.1141027637609429,0.7104260001970872,False,False,0.8673824484373301,False
AWAY:b2b & AWAY:backup,pl,285,0.5052631578947369,0.5084232198708207,-0.11015323327307798,146,0.5205479452054794,0.5294003786986334,-0.22168390051690132,0.9122878509320878,False,True,0.41227998191367876,False
AWAY:b2b & AWAY:backup,tot,276,0.4891304347826087,0.5029418051169995,-0.45943020834224224,139,0.4172661870503597,0.49872451054234207,-1.9223484080835371,0.6459252594693923,False,True,0.02728096633564912,False
AWAY:b2b & TOTAL:tl=6.5,ml,261,0.4329501915708812,0.4484308633643839,-0.52159274564513,74,0.4864864864864865,0.45181277862598784,0.6217851340931928,0.6019539152880323,False,False,0.7329584186567712,False
AWAY:b2b & TOTAL:tl=6.5,pl,260,0.48846153846153845,0.49737210688991884,-0.2972054933501873,72,0.4861111111111111,0.5052239906066566,-0.3345164724902528,0.7663096281765043,False,True,0.3689949314451363,False
AWAY:b2b & TOTAL:tl=6.5,tot,253,0.5019762845849802,0.5066359202604696,-0.14845686224969928,70,0.4714285714285714,0.503130916379861,-0.5310628663007829,0.8819822275861022,False,True,0.29768760778685005,False
AWAY:b2b & GAME:pace_high,ml,374,0.42513368983957217,0.44459473307896247,-0.7839176670905078,150,0.3933333333333333,0.4385686050724782,-1.149084740684393,0.4330884224925944,False,True,0.1252605199288142,False
AWAY:b2b & GAME:pace_high,pl,373,0.4879356568364611,0.5136698028981147,-1.0281401367329293,148,0.49324324324324326,0.5290618065124734,-0.9004840020854981,0.30388391287561534,False,True,0.18393136758151396,False
AWAY:b2b & GAME:pace_high,tot,360,0.48333333333333334,0.5034033411366772,-0.7625203977914251,140,0.42857142857142855,0.4996293322943284,-1.6828265639218347,0.44574947374873797,False,True,0.04620433551949178,False
AWAY:b2b & GAME:xpace_high,ml,431,0.44547563805104406,0.447675846112141,-0.0950030965392858,209,0.37799043062200954,0.4365484450789436,-1.7562706056426305,0.9243123673649716,False,True,0.03952110691820213,False
AWAY:b2b & GAME:xpace_high,pl,430,0.4930232558139535,0.5133185393173335,-0.8710470469070904,205,0.5024390243902439,0.5251513879461525,-0.6732123732354115,0.3837284653773706,False,True,0.25040609527836455,False
AWAY:b2b & GAME:xpace_high,tot,415,0.4795180722891566,0.5027993722924057,-0.9496444401378337,197,0.4416243654822335,0.4993089040448964,-1.620693676271986,0.34229294953571054,False,True,0.052541675261501775,False
AWAY:rest3plus & AWAY:backup,ml,207,0.5024154589371981,0.47536602301685915,0.8076455727693215,89,0.4943820224719101,0.47633208973136354,0.351322649290872,0.419294643938279,False,True,0.36267315245058895,False
AWAY:rest3plus & AWAY:backup,pl,207,0.5748792270531401,0.5062616068236256,2.0430751504376548,88,0.5454545454545454,0.5098466050353629,0.6912837728917086,0.04104499939516294,False,True,0.24469361367591286,False
AWAY:rest3plus & AWAY:gsv_bottom,ml,203,0.4876847290640394,0.46593124529399965,0.6451789044674809,121,0.4380165289256198,0.47209606841176294,-0.7720700380025145,0.5188112552635352,False,False,0.7799635265871216,False
AWAY:rest3plus & AWAY:gsv_bottom,pl,203,0.5566502463054187,0.5217077775812105,1.0298364426272528,120,0.475,0.5301360939147298,-1.2511208511987548,0.30308679037704556,False,False,0.8945548053889635,False
AWAY:rest3plus & TOTAL:tl=6,ml,231,0.48917748917748916,0.4768499490113112,0.3869515606945129,85,0.47058823529411764,0.48277034220625964,-0.2313032770988358,0.6987920687642988,False,False,0.5914603995220498,False
AWAY:rest3plus & TOTAL:tl=6,pl,231,0.5670995670995671,0.517438563505007,1.5710915853159997,84,0.5357142857142857,0.5363926195300395,-0.012896239364979892,0.11616137688648201,False,False,0.505144712535052,False
AWAY:rest3plus & TOTAL:tl=6,tot,213,0.5164319248826291,0.5011603474651859,0.4460163333075146,78,0.4358974358974359,0.4987333149889163,-1.1105067152234789,0.6555854476500544,False,False,0.8666096319857162,False
AWAY:rest3plus & TOTAL:tl=6.5,ml,296,0.5067567567567568,0.4854605542943631,0.7576223842471481,89,0.5393258426966292,0.4921638906404458,0.9242412717791729,0.44867707584067074,False,True,0.17768035595664916,False
AWAY:rest3plus & TOTAL:tl=6.5,pl,296,0.5337837837837838,0.5082520548447288,0.9102034714333184,87,0.5287356321839081,0.48484982983583336,0.8430843405784147,0.36271521375029914,False,True,0.1995906379912903,False
AWAY:rest3plus & TOTAL:tl=6.5,tot,284,0.528169014084507,0.5045635536174433,0.7967504416003155,84,0.34523809523809523,0.500452695833018,-2.847188257031322,0.42559598243447705,False,False,0.997794636482109,False
AWAY:rest3plus & GAME:both_primary,ml,253,0.47035573122529645,0.48230457357053585,-0.39164198682662693,129,0.4573643410852713,0.4779989086425984,-0.48098220496428756,0.6953227601807811,False,True,0.31526457306295574,False
AWAY:rest3plus & GAME:both_primary,pl,253,0.5138339920948617,0.5160300387030783,-0.07284166574898322,128,0.53125,0.533863077786412,-0.06132912772258453,0.9419321145293771,False,True,0.4755485469444143,False
AWAY:rest3plus & GAME:both_primary,tot,235,0.4851063829787234,0.5025116227426261,-0.5342751933436762,122,0.4016393442622951,0.49731449115384446,-2.1151324959328197,0.5931511523548898,False,True,0.01720932814595871,False
AWAY:rest3plus & GAME:pace_high,ml,461,0.4967462039045553,0.4814124925820742,0.6810575589583133,196,0.4642857142857143,0.48615442256177044,-0.6313402997189383,0.4958350704221811,False,False,0.736090978928601,False
AWAY:rest3plus & GAME:pace_high,pl,461,0.5488069414316703,0.5148020477301705,1.5159390731089462,194,0.4793814432989691,0.512903411203575,-0.9668859015203313,0.12953475909071782,False,False,0.8331994623563499,False
AWAY:rest3plus & GAME:pace_high,tot,435,0.5287356321839081,0.5023153378950713,1.103316075548235,180,0.4222222222222222,0.4991779427370724,-2.066472309420684,0.26988992791595057,False,False,0.980608047793814,False
AWAY:rest3plus & GAME:xpace_high,ml,538,0.4888475836431227,0.48115932001365735,0.3687230021672554,267,0.4756554307116105,0.4831486707577396,-0.25224573187322574,0.7123342017520355,False,False,0.5995744341522351,False
AWAY:rest3plus & GAME:xpace_high,pl,538,0.5483271375464684,0.5160947914102687,1.5527284920229971,264,0.5075757575757576,0.5183923274851661,-0.36450388557895136,0.12048801247404119,False,False,0.6422591135935671,False
AWAY:rest3plus & GAME:xpace_high,tot,506,0.5158102766798419,0.5023693995365514,0.6053432951206714,248,0.42338709677419356,0.49867318558963897,-2.3730534746286693,0.5449509198176175,False,False,0.9911791452013976,False
AWAY:rest3plus & CAL:dow_tue,ml,217,0.5023041474654378,0.47686613190124455,0.7744631741411085,97,0.4948453608247423,0.5020358799796201,-0.14573985730578753,0.4386569374351531,False,False,0.5579366221520318,False
AWAY:rest3plus & CAL:dow_tue,pl,217,0.543778801843318,0.5164915863204957,0.8352666444956237,96,0.4895833333333333,0.5080905404331615,-0.3770646357311097,0.4035675934662615,False,False,0.6469372143089296,False
AWAY:rest3plus & CAL:dow_tue,tot,204,0.46568627450980393,0.5032397676624754,-1.0738321172919953,93,0.43010752688172044,0.4985122394527544,-1.320496152036419,0.28289793233775706,False,True,0.09333470996001514,False
AWAY:rest3plus & MKT:ml_dispersion_high,ml,210,0.4857142857142857,0.5082457751736749,-0.6749028033129271,93,0.5053763440860215,0.5023034126396574,0.0607897254691588,0.49973751936511157,False,False,0.5242366634616109,False
AWAY:rest3plus & MKT:ml_dispersion_high,pl,210,0.49047619047619045,0.4830310050476122,0.22447505888755187,93,0.5268817204301075,0.510891168586914,0.3210094183267113,0.8223876718779523,False,True,0.37410162676811376,False
AWAY:third_in_4 & AWAY:dense7_4plus,ml,255,0.4666666666666667,0.4525964083763083,0.4666380514121191,108,0.4351851851851852,0.440524544709,-0.11518934560078523,0.6407588580670525,False,False,0.5458524782791614,False
AWAY:third_in_4 & AWAY:dense7_4plus,pl,254,0.515748031496063,0.5219600926932411,-0.20497903495953618,105,0.5238095238095238,0.5085077531971901,0.32459862585568927,0.8375885049191002,False,False,0.627257566314067,False
AWAY:third_in_4 & AWAY:dense7_4plus,tot,240,0.45,0.5018466334976799,-1.6081212296289318,105,0.49523809523809526,0.49773455102804814,-0.05120970643204025,0.1078086304806662,False,True,0.47957920869016707,False
AWAY:third_in_4 & AWAY:backup,ml,249,0.46987951807228917,0.44423741036813325,0.8442527131278039,103,0.4174757281553398,0.4310627187974078,-0.2866647233025418,0.398528203961765,False,False,0.6128154744407096,False
AWAY:third_in_4 & AWAY:backup,pl,249,0.5381526104417671,0.5138183687608247,0.7913808398918637,100,0.5,0.5128392295558922,-0.2657555385380554,0.42872178733632993,False,False,0.6047862563725571,False
AWAY:third_in_4 & AWAY:backup,tot,238,0.4957983193277311,0.5020738270134427,-0.19384844255244926,97,0.4948453608247423,0.4997032394542738,-0.09577981378624492,0.8462945546987989,False,True,0.46184772495261545,False
AWAY:third_in_4 & TOTAL:tl=6.5,ml,265,0.47924528301886793,0.46172204686096535,0.5937541915135643,75,0.4,0.4551522948376089,-0.9937822168549015,0.5526765316977469,False,False,0.8398355472120078,False
AWAY:third_in_4 & TOTAL:tl=6.5,pl,264,0.5037878787878788,0.5037602127982206,0.0009284482761139829,71,0.4647887323943662,0.48553452127363106,-0.3611664380608578,0.9992592055614141,False,False,0.641012485121202,False
AWAY:third_in_4 & TOTAL:tl=6.5,tot,254,0.4763779527559055,0.5048658679948561,-0.9092910610506975,72,0.5,0.5018051896697284,-0.030665770162006726,0.363196507825849,False,True,0.4877680448849531,False
AWAY:third_in_4 & GAME:pace_high,ml,414,0.4613526570048309,0.4548380430356554,0.2759952179649864,166,0.41566265060240964,0.44441495053523805,-0.767270122838652,0.782551739155019,False,False,0.7785395358577151,False
AWAY:third_in_4 & GAME:pace_high,pl,413,0.5036319612590799,0.5127992407431325,-0.38494193159829637,163,0.4785276073619632,0.5109316374374363,-0.8570044394139483,0.7002804382777471,False,True,0.19572121557454886,False
AWAY:third_in_4 & GAME:pace_high,tot,388,0.46134020618556704,0.502384471916593,-1.6187503001002814,156,0.5256410256410257,0.5014210664810981,0.6054839639259888,0.10550099948569479,False,False,0.72757126170424,False
AWAY:third_in_4 & GAME:xpace_high,ml,469,0.47547974413646055,0.4535639191762525,0.9873726797205438,220,0.41818181818181815,0.444052701075338,-0.7948041650753613,0.32345997255120684,False,False,0.7866362860976721,False
AWAY:third_in_4 & GAME:xpace_high,pl,468,0.5213675213675214,0.5163355596542709,0.225061218240123,215,0.5023255813953489,0.5133951294299507,-0.33639944640849273,0.8219316503763536,False,False,0.6317151665570766,False
AWAY:third_in_4 & GAME:xpace_high,tot,441,0.4557823129251701,0.5015781631456884,-1.9254995794413627,208,0.5240384615384616,0.4996459923643704,0.704244128429456,0.05416688852536344,False,False,0.7593596229714327,False
AWAY:dense7_4plus & AWAY:backup,ml,221,0.43891402714932126,0.4430481280878503,-0.12788950058215648,85,0.4117647058823529,0.4227229631225688,-0.21040521014115543,0.8982364201353203,False,True,0.41667571328336495,False
AWAY:dense7_4plus & AWAY:backup,pl,221,0.5339366515837104,0.5269876264751874,0.21350112886091321,83,0.5180722891566265,0.5197255222656361,-0.0311252120904901,0.8309361087128018,False,False,0.5124151584665557,False
AWAY:dense7_4plus & AWAY:backup,tot,212,0.49056603773584906,0.5017889544977968,-0.32718383889061414,83,0.39759036144578314,0.49850053900223495,-1.8402133524089217,0.7435288435169216,False,True,0.03286846021269412,False
AWAY:dense7_4plus & TOTAL:tl=6.5,ml,219,0.4611872146118721,0.4546711292388942,0.20034126222198406,61,0.4262295081967213,0.4493163972027051,-0.3763385829396568,0.8412136940376524,False,False,0.6466674005000457,False
AWAY:dense7_4plus & TOTAL:tl=6.5,pl,218,0.481651376146789,0.5170967991297598,-1.0826672885879154,58,0.5172413793103449,0.46915140472627903,0.7563452398909948,0.2789561284453337,False,False,0.7752788846417872,False
AWAY:dense7_4plus & TOTAL:tl=6.5,tot,209,0.46411483253588515,0.5051185686191682,-1.1871819539806956,59,0.3728813559322034,0.5022000240474518,-1.9885083059784778,0.23515585744042622,False,True,0.023377750655891694,False
AWAY:dense7_4plus & GAME:pace_high,ml,384,0.4375,0.44631972838136985,-0.3594346142404982,130,0.36923076923076925,0.4394542566168889,-1.6620075997208226,0.7192699840364944,False,True,0.04825562535284156,False
AWAY:dense7_4plus & GAME:pace_high,pl,383,0.49869451697127937,0.5274678543938718,-1.1649646995738778,127,0.4881889763779528,0.5145424575248941,-0.6138312185026773,0.244033282148867,False,True,0.26966343271867455,False
AWAY:dense7_4plus & GAME:pace_high,tot,363,0.45179063360881544,0.5032495766906079,-1.962922517090349,125,0.448,0.5004876010980986,-1.1745280423808622,0.049655177932699704,False,True,0.12009179324294783,False
AWAY:dense7_4plus & GAME:xpace_high,ml,423,0.4397163120567376,0.44597712636296316,-0.26769479814085595,170,0.38235294117647056,0.43708138078447606,-1.4791472635110399,0.7889342542126575,False,True,0.06955048030361444,False
AWAY:dense7_4plus & GAME:xpace_high,pl,422,0.504739336492891,0.5283757372020709,-1.0046096958567476,167,0.5089820359281437,0.5202391068045615,-0.30116225834372606,0.3150848266597035,False,True,0.3816453840104666,False
AWAY:dense7_4plus & GAME:xpace_high,tot,401,0.4513715710723192,0.5020952081494979,-2.033561352609669,165,0.4484848484848485,0.49910184494768467,-1.3015178990590688,0.04199584179130622,False,True,0.09654062093555932,False
AWAY:travel_1500 & GAME:xpace_high,ml,211,0.4786729857819905,0.48056095238654256,-0.056836455475860394,106,0.4811320754716981,0.48419215022631173,-0.06515826594671728,0.9546754735918824,False,True,0.4740239947150796,False
AWAY:travel_1500 & GAME:xpace_high,pl,211,0.5545023696682464,0.5237923445494277,0.9263221043871009,106,0.5,0.5040177095588148,-0.08539953365556227,0.35427861188240783,False,False,0.5340281180506329,False
AWAY:travel_1500 & GAME:xpace_high,tot,204,0.5343137254901961,0.5045694873649645,0.8504563540298858,102,0.46078431372549017,0.4992690981569624,-0.7781196659000158,0.39507141641068655,False,False,0.781750764939984,False
AWAY:far_tz2 & AWAY:backup,ml,311,0.4437299035369775,0.4608179866128338,-0.6252634479474579,153,0.45098039215686275,0.4513479669202009,-0.009418572635524996,0.5317981656663896,False,True,0.49624258870775867,False
AWAY:far_tz2 & AWAY:backup,pl,310,0.5290322580645161,0.528187452065135,0.030782926398829343,151,0.5165562913907285,0.5198236840238574,-0.08314394229185759,0.9754426567275283,False,False,0.5331314570575375,False
AWAY:far_tz2 & AWAY:backup,tot,299,0.5351170568561873,0.5038259364114046,1.0833962713959733,142,0.44366197183098594,0.5005749300535091,-1.3577949122547606,0.27863256996165564,False,False,0.9127356151058995,False
AWAY:far_tz2 & AWAY:gsv_bottom,ml,290,0.4482758620689655,0.44511527507097254,0.11254315517170654,160,0.45625,0.45984334339015137,-0.09432573563536106,0.9103927541887009,False,False,0.5375747965140205,False
AWAY:far_tz2 & AWAY:gsv_bottom,pl,289,0.532871972318339,0.5374568312499642,-0.16079635933315375,158,0.5063291139240507,0.5185515419709746,-0.3171416029408379,0.872253792756065,False,True,0.3755680791877392,False
AWAY:far_tz2 & AWAY:gsv_bottom,tot,274,0.5291970802919708,0.5043851603904129,0.8223120017614927,154,0.44805194805194803,0.5024783052973673,-1.3523017232244412,0.4108993477973305,False,False,0.9118605933131192,False
AWAY:far_tz2 & AWAY:pts_bottom,ml,225,0.3511111111111111,0.3797485627904257,-0.9100963084428882,119,0.35294117647058826,0.3995862349098176,-1.073368137849075,0.3627717212397884,False,True,0.14155298719972742,False
AWAY:far_tz2 & AWAY:pts_bottom,pl,223,0.5336322869955157,0.5343354872074084,-0.02158324550101968,113,0.48672566371681414,0.5260795310676525,-0.8582491850601,0.9827803985728679,False,True,0.19537744102512578,False
AWAY:far_tz2 & AWAY:pts_bottom,tot,213,0.5023474178403756,0.5024464705657715,-0.002894471029288229,112,0.4642857142857143,0.49956766905092714,-0.7473700244946524,0.9976905494787885,False,True,0.22742011713366028,False
AWAY:far_tz2 & AWAY:xg_top,ml,202,0.5693069306930693,0.5466450202309915,0.6607531841294715,106,0.5283018867924528,0.5504106151736983,-0.465999018458174,0.5087706104532947,False,False,0.6793918984342998,False
AWAY:far_tz2 & AWAY:xg_top,pl,202,0.49504950495049505,0.49696974375836184,-0.05699800696699076,106,0.4716981132075472,0.4806101663419714,-0.19146681125920262,0.9545467827719268,False,True,0.4240799401373675,False
AWAY:far_tz2 & TOTAL:tl=6,ml,299,0.47491638795986624,0.46942898944983935,0.19633647374582905,93,0.5053763440860215,0.46948641548905085,0.7161754009534814,0.8443468149873103,False,True,0.23694152514957528,False
AWAY:far_tz2 & TOTAL:tl=6,pl,299,0.5585284280936454,0.5260363718760678,1.1679035675366591,90,0.5777777777777777,0.5101570379781071,1.3263895615843904,0.24284566495256377,False,True,0.09235534727714101,False
AWAY:far_tz2 & TOTAL:tl=6,tot,284,0.545774647887324,0.5008118619056974,1.5162969694890889,86,0.46511627906976744,0.49933034265743276,-0.6349923762039121,0.12944427760694346,False,False,0.7372833063745718,False
AWAY:far_tz2 & TOTAL:tl=6.5,ml,399,0.47619047619047616,0.465902713319415,0.4272390170462865,128,0.4765625,0.4685938906167596,0.1878733913192794,0.6692052454276025,False,True,0.4254879509723457,False
AWAY:far_tz2 & TOTAL:tl=6.5,pl,397,0.5264483627204031,0.5255149883995927,0.0384466911004554,126,0.48412698412698413,0.5056277542924501,-0.4973923302821581,0.9693315343651976,False,False,0.6905437934580987,False
AWAY:far_tz2 & TOTAL:tl=6.5,tot,380,0.4763157894736842,0.5049393697404744,-1.1174718089460358,120,0.49166666666666664,0.5048248562584107,-0.28857350366359585,0.2637926467084122,False,True,0.3864538871297294,False
AWAY:far_tz2 & GAME:both_primary,ml,280,0.46785714285714286,0.4645828298991211,0.11359257284742486,155,0.45806451612903226,0.4666514037761228,-0.22023034042353784,0.9095607752504715,False,False,0.5871541158015438,False
AWAY:far_tz2 & GAME:both_primary,pl,280,0.5321428571428571,0.5267565627167107,0.18724910415934898,152,0.5460526315789473,0.5174221617037368,0.7336122967463418,0.8514653260847274,False,True,0.23159253215303,False
AWAY:far_tz2 & GAME:both_primary,tot,264,0.4962121212121212,0.5022911051450347,-0.1977272080508633,150,0.52,0.4973429802800145,0.5556115773588977,0.8432585010181639,False,False,0.7107617923708309,False
AWAY:far_tz2 & GAME:pace_high,ml,598,0.4698996655518395,0.4653108418664675,0.23264106712030563,253,0.48221343873517786,0.46812359810038895,0.4644967904738832,0.8160401351486184,False,True,0.3211459292367221,False
AWAY:far_tz2 & GAME:pace_high,pl,596,0.5285234899328859,0.5279539072397778,0.02881455893797974,249,0.5220883534136547,0.5144250997117342,0.25000726126647643,0.9770124893482034,False,True,0.4012908666193907,False
AWAY:far_tz2 & GAME:pace_high,tot,566,0.5159010600706714,0.5029413175113076,0.6173032261241541,238,0.46638655462184875,0.5006771802467771,-1.0589715639189288,0.5370347393145773,False,False,0.8551936348408112,False
AWAY:far_tz2 & GAME:xpace_high,ml,698,0.4699140401146132,0.46644664769016986,0.18993412789558237,344,0.45930232558139533,0.4692361212764159,-0.3815286063563405,0.8493607490210822,False,False,0.6485944756364945,False
AWAY:far_tz2 & GAME:xpace_high,pl,696,0.5344827586206896,0.5270478296397736,0.4066535896319018,338,0.5118343195266272,0.5106231481606017,0.04611413178085366,0.6842624316748862,False,True,0.4816096412294512,False
AWAY:far_tz2 & GAME:xpace_high,tot,665,0.4992481203007519,0.5025326304492443,-0.16957226375654988,327,0.45871559633027525,0.4999743649040523,-1.4936929464660222,0.8653465369185596,False,True,0.06762794649128641,False
AWAY:far_tz2 & MKT:ml_dispersion_high,ml,274,0.4744525547445255,0.4895852508006516,-0.5184141369042866,112,0.5089285714285714,0.4949950236042433,0.30411976080872466,0.6041693533374546,False,False,0.6194816737617921,False
AWAY:far_tz2 & MKT:ml_dispersion_high,pl,273,0.5238095238095238,0.5080655914676375,0.5409048055052647,112,0.5178571428571429,0.49123447412050786,0.5846522514672515,0.5885731984779696,False,True,0.2793907830981739,False
AWAY:far_tz2 & MKT:ml_dispersion_high,tot,257,0.490272373540856,0.5036909009600408,-0.43068960954644203,108,0.42592592592592593,0.5001124413807945,-1.5435547148221989,0.6666940748576311,False,True,0.06134812140626823,False
AWAY:backup & AWAY:backup_vs_primary,ml,599,0.4741235392320534,0.45149083540089097,1.1530272390075855,295,0.423728813559322,0.4446144650217983,-0.7413970834775974,0.2488992043675169,False,False,0.7707736438263664,False
AWAY:backup & AWAY:backup_vs_primary,pl,597,0.5343383584589615,0.5074124279238597,1.3601079786895582,290,0.496551724137931,0.5173937293772761,-0.7356473994468493,0.17379575659200985,False,False,0.7690273456980143,False
AWAY:backup & AWAY:backup_vs_primary,tot,575,0.5165217391304348,0.5023324658582207,0.6812143146769906,276,0.45652173913043476,0.4986085113159704,-1.399553331441255,0.4957358916276897,False,False,0.919176441302032,False
AWAY:backup & AWAY:gsv_bottom,ml,400,0.47,0.4356610716124344,1.4364272823490993,239,0.4476987447698745,0.44894001567012615,-0.03977136335733113,0.15088079452423564,False,False,0.5158622965543341,False
AWAY:backup & AWAY:gsv_bottom,pl,400,0.5375,0.5193602857126979,0.7467281049997603,233,0.5021459227467812,0.5242605635569612,-0.698012008977333,0.4552277011517718,False,False,0.757415158048012,False
AWAY:backup & AWAY:gsv_bottom,tot,382,0.5261780104712042,0.5046994394189824,0.8405040958015799,228,0.4824561403508772,0.5018922485423988,-0.5874503703107475,0.4006258060890002,False,False,0.7215493634936774,False
AWAY:backup & AWAY:pts_top,ml,263,0.5361216730038023,0.5483483214332918,-0.40748831513249145,117,0.5897435897435898,0.5357545532366842,1.1936905268507843,0.6836493745185195,False,False,0.8837004762614575,False
AWAY:backup & AWAY:pts_top,pl,263,0.5057034220532319,0.4796076982774183,0.8813648694071651,115,0.4782608695652174,0.47445968932218235,0.08521372764491923,0.37812036574172414,False,True,0.466045738597769,False
AWAY:backup & AWAY:pts_top,tot,251,0.4860557768924303,0.5044861101693113,-0.5845279977033786,111,0.4774774774774775,0.5001624712565689,-0.4783978593991485,0.5588651342904132,False,True,0.31618352845146064,False
AWAY:backup & AWAY:pts_bottom,ml,330,0.3878787878787879,0.36726635508325706,0.7971181827151649,154,0.33766233766233766,0.3778081395717076,-1.049558571490471,0.4253823972604489,False,False,0.8530394435758547,False
AWAY:backup & AWAY:pts_bottom,pl,328,0.5396341463414634,0.5264596596232294,0.4890556649986578,147,0.564625850340136,0.5480002875108689,0.4133804555167344,0.6248022881742077,False,True,0.3396639458752199,False
AWAY:backup & AWAY:pts_bottom,tot,318,0.5220125786163522,0.5027918636688984,0.6863703461662145,144,0.4722222222222222,0.5007822325278981,-0.6859651430031529,0.49247959914034467,False,False,0.7536324553192689,False
AWAY:backup & AWAY:win10_cold,ml,233,0.4034334763948498,0.3771147184306113,0.855746537678239,90,0.35555555555555557,0.3759713706705045,-0.40984877942317677,0.39213799267047167,False,False,0.6590415595738662,False
AWAY:backup & AWAY:win10_cold,pl,231,0.49783549783549785,0.5102817739920456,-0.38847638728391365,84,0.5,0.5307985992313959,-0.578279339970273,0.6976635248911172,False,True,0.281537770261427,False
AWAY:backup & AWAY:win10_cold,tot,221,0.5565610859728507,0.5027793185815695,1.600669094341578,84,0.4642857142857143,0.502655391652356,-0.7038550775332983,0.10945022982869036,False,False,0.7592384851744836,False
AWAY:backup & AWAY:last_lost_by3,ml,237,0.4472573839662447,0.4159099529823343,1.0160024176606737,92,0.31521739130434784,0.44751459012753,-2.6321794704039907,0.30962823526305017,False,False,0.9957580483074855,False
AWAY:backup & AWAY:last_lost_by3,pl,236,0.5466101694915254,0.5175544983556177,0.9177150101650606,91,0.4175824175824176,0.5216400720491872,-2.0529477000252205,0.3587680872373289,False,False,0.9799611749458629,False
AWAY:backup & AWAY:last_lost_by3,tot,231,0.5541125541125541,0.504294092650473,1.516232588619781,88,0.4090909090909091,0.5013417863910785,-1.7324637992998215,0.12946055041888305,False,False,0.9584044914162507,False
AWAY:backup & AWAY:xg_top,ml,283,0.568904593639576,0.5443065948107705,0.8506379009193947,151,0.5894039735099338,0.5431964113028181,1.1614431498062614,0.39497052877256744,False,True,0.12273086491157276,False
AWAY:backup & AWAY:xg_top,pl,283,0.5335689045936396,0.4814637833567986,1.823887368660804,149,0.4563758389261745,0.47656035513191497,-0.5138792082840066,0.06816910167487751,False,False,0.6963317775657631,False
AWAY:backup & AWAY:xg_top,tot,268,0.5,0.5052371049419584,-0.17165238484908749,143,0.4405594405594406,0.501073071953729,-1.4485077923659584,0.863710821457824,False,True,0.07373754413953264,False
AWAY:backup & AWAY:xg_bottom,ml,283,0.33568904593639576,0.3510265104956542,-0.5537419940405663,115,0.3391304347826087,0.35092260367782663,-0.26953819319607786,0.5797554311656751,False,True,0.39375777770507203,False
AWAY:backup & AWAY:xg_bottom,pl,281,0.5338078291814946,0.5233384134615482,0.3590084634190886,108,0.6111111111111112,0.5395595972731891,1.5158790874443382,0.7195887578836451,False,True,0.06477496457793527,False
AWAY:backup & AWAY:xg_bottom,tot,271,0.5461254612546126,0.5014382763861751,1.4729687839434698,110,0.509090909090909,0.5005930915137133,0.17838942348449732,0.14075945316829563,False,True,0.4292085774617586,False
AWAY:backup & AWAY:xg10_top,ml,224,0.5535714285714286,0.5408766138389687,0.3911971852713579,117,0.5042735042735043,0.527671663012521,-0.5184440258371571,0.6956514886977362,False,False,0.6979257478998602,False
AWAY:backup & AWAY:xg10_top,pl,224,0.5535714285714286,0.4931038866572376,1.8800998266580449,116,0.4224137931034483,0.48967958559002445,-1.5106344544576238,0.06009447411006158,False,False,0.9345591947157529,False
AWAY:backup & AWAY:xg10_top,tot,213,0.5070422535211268,0.503559944420206,0.10175320298188073,110,0.44545454545454544,0.4996783833096587,-1.1385352933595296,0.9189525713840803,False,False,0.8725514848703282,False
AWAY:backup & AWAY:xg10_bottom,ml,262,0.3511450381679389,0.35636561706643566,-0.18116972141940776,113,0.34513274336283184,0.38092411063208564,-0.8023071811036271,0.8562343601080857,False,True,0.21118764474086954,False
AWAY:backup & AWAY:xg10_bottom,pl,260,0.5230769230769231,0.519016898766065,0.13404611473200867,108,0.5462962962962963,0.5260776047080336,0.4303597956443406,0.8933661091752361,False,True,0.33346696815157006,False
AWAY:backup & AWAY:xg10_bottom,tot,248,0.5524193548387096,0.5015557230260498,1.603733335406466,109,0.48623853211009177,0.5009285370351712,-0.30694935708569715,0.10877284462438437,False,False,0.6205590401397595,False
AWAY:backup & AWAY:lucky,ml,203,0.42857142857142855,0.4885894211675458,-1.7672617820789451,95,0.5368421052631579,0.5039872489229589,0.6545733512691506,0.07718439712936713,False,False,0.7436287568603598,False
AWAY:backup & AWAY:lucky,pl,203,0.4729064039408867,0.5013536243883542,-0.8404652241399176,95,0.4631578947368421,0.4901056102293321,-0.5468329960535591,0.40064759207477463,False,True,0.29224673597887263,False
AWAY:backup & AWAY:unlucky,ml,293,0.515358361774744,0.4318239216992159,3.005069488366738,100,0.44,0.44961415764660456,-0.1992665113174664,0.002655201811660827,False,False,0.5789728630350598,False
AWAY:backup & AWAY:unlucky,pl,291,0.5773195876288659,0.5047325669230361,2.550898994947331,100,0.53,0.5188268849837001,0.23027428937574662,0.010744545956921316,False,True,0.4089393189576776,False
AWAY:backup & AWAY:unlucky,tot,277,0.5090252707581228,0.50206183719229,0.2320524076544314,94,0.5106382978723404,0.5002290557120325,0.20201146260521133,0.8164973091157663,False,True,0.41995388152911906,False
AWAY:backup & AWAY:revenge,ml,350,0.44,0.4235380325926901,0.6473209913152995,149,0.40268456375838924,0.4151528897153532,-0.3163939923236508,0.5174242186275124,False,False,0.6241482618146158,False
AWAY:backup & AWAY:revenge,pl,349,0.5358166189111748,0.5083790678266848,1.054866540070459,145,0.5310344827586206,0.5411250119770457,-0.2508239692486552,0.29148636709182163,False,False,0.5990248954719651,False
AWAY:backup & AWAY:revenge,tot,332,0.5180722891566265,0.5058979506851401,0.44416969301723835,142,0.4859154929577465,0.5003473527489045,-0.3442377160314844,0.6569199021138437,False,False,0.6346662398539533,False
AWAY:backup & TOTAL:tl=6,ml,347,0.47262247838616717,0.4516583080368588,0.812013759987087,109,0.5045871559633027,0.46540365112050025,0.8402772215254188,0.41678373596975016,False,True,0.20037648497072602,False
AWAY:backup & TOTAL:tl=6,pl,347,0.547550432276657,0.51621704469681,1.209339355151352,109,0.5688073394495413,0.5151744316709586,1.1607482827770146,0.22653249706483802,False,True,0.12287214019405568,False
AWAY:backup & TOTAL:tl=6,tot,325,0.49538461538461537,0.4994831352289155,-0.14785731344684586,97,0.5257731958762887,0.498195141967279,0.5435983665358824,0.8824553767748845,False,False,0.7066410579558793,False
AWAY:backup & TOTAL:tl=6.5,ml,548,0.48175182481751827,0.46363555567442033,0.8816557543069498,166,0.4397590361445783,0.46320887235504166,-0.6319794339235851,0.3779629947398181,False,False,0.7362998419878136,False
AWAY:backup & TOTAL:tl=6.5,pl,547,0.526508226691042,0.5082179093987969,0.8824511919879341,158,0.45569620253164556,0.4987878762885753,-1.1146035993381076,0.3775328628070418,False,False,0.8674898363703893,False
AWAY:backup & TOTAL:tl=6.5,tot,530,0.5207547169811321,0.5069372023569761,0.6371318261864997,162,0.4382716049382716,0.503229603915545,-1.6551277445267518,0.5240389794438659,False,False,0.9510507059661686,False
AWAY:backup & GAME:both_backups,ml,397,0.4659949622166247,0.4656682461471915,0.013509818161092613,175,0.5142857142857142,0.4775954592906244,1.0059453459995293,0.9892210525579416,False,True,0.15722093071369375,False
AWAY:backup & GAME:both_backups,pl,397,0.5188916876574308,0.5155300711794273,0.1383925742622909,171,0.52046783625731,0.5061560221115287,0.3867547908483756,0.8899301654276062,False,True,0.34946887462054,False
AWAY:backup & GAME:both_backups,tot,375,0.5146666666666667,0.5044835187144285,0.394871775477295,169,0.4911242603550296,0.5030254935098767,-0.30970869932632217,0.6929375207859267,False,False,0.6216087566291457,False
AWAY:backup & GAME:divisional,ml,244,0.47950819672131145,0.4556139227466288,0.7805064438776486,110,0.39090909090909093,0.458475717382568,-1.4653197846516717,0.4350928360937145,False,False,0.9285831544390418,False
AWAY:backup & GAME:divisional,pl,244,0.5245901639344263,0.494569117672386,0.9656923334592511,108,0.3888888888888889,0.49372462211633106,-2.2570243936148486,0.334198156885673,False,False,0.9879967247223205,False
AWAY:backup & GAME:divisional,tot,231,0.5281385281385281,0.5025113408698187,0.7798774547559851,105,0.41904761904761906,0.49948834240099604,-1.6499093082262013,0.4354630099821246,False,False,0.9505192566849927,False
AWAY:backup & GAME:pace_high,ml,870,0.46551724137931033,0.45464912496857823,0.6673141393358317,344,0.4622093023255814,0.4599189476114809,0.08810143746056677,0.5045714966838162,False,True,0.46489802694789367,False
AWAY:backup & GAME:pace_high,pl,868,0.5230414746543779,0.513951841356619,0.5532361100113853,336,0.4791666666666667,0.5075755957642321,-1.0756637303931396,0.5801017434854722,False,False,0.8589611630475926,False
AWAY:backup & GAME:pace_high,tot,829,0.5186972255729795,0.5035026040199467,0.8759921039493485,324,0.4506172839506173,0.5007155410089729,-1.8050030593282613,0.3810343263527556,False,False,0.9644628983501976,False
AWAY:backup & GAME:xpace_high,ml,991,0.47124117053481335,0.45720542108756845,0.9186866645805931,462,0.4588744588744589,0.4568906936405437,0.08822467608957663,0.3582594869316681,False,True,0.46484905255081344,False
AWAY:backup & GAME:xpace_high,pl,989,0.5288169868554095,0.5103859683653162,1.1979813583588634,453,0.5033112582781457,0.5131450460275028,-0.433400665162086,0.2309242743404094,False,False,0.6676381413060797,False
AWAY:backup & GAME:xpace_high,tot,945,0.5153439153439153,0.5031392307268112,0.7512052509473862,437,0.4645308924485126,0.500339945994232,-1.4984320956658796,0.4525291405606471,False,False,0.9329894886304257,False
AWAY:backup & CAL:dow_tue,ml,207,0.4782608695652174,0.4527834548585727,0.7646422182441122,82,0.45121951219512196,0.45950156327282776,-0.15492396781604512,0.4444846221697021,False,False,0.5615593709066624,False
AWAY:backup & CAL:dow_tue,pl,207,0.5700483091787439,0.5236078906676545,1.3779989816856146,81,0.4567901234567901,0.49287418645859127,-0.6729335640637029,0.1682036025442486,False,False,0.7495052210816772,False
AWAY:backup & CAL:dow_thu,ml,221,0.4841628959276018,0.45881791033606156,0.7817905290777477,114,0.45614035087719296,0.4605641562090053,-0.09767433172596868,0.4343376879258084,False,False,0.5389045508045778,False
AWAY:backup & CAL:dow_thu,pl,221,0.502262443438914,0.5061755901466556,-0.1202915285690596,112,0.5,0.5117479132489577,-0.25706203669809236,0.9042522146067932,False,True,0.3985654416420652,False
AWAY:backup & CAL:dow_thu,tot,215,0.4697674418604651,0.5028311240401971,-0.9706778384793352,105,0.5333333333333333,0.5001923324954711,0.6797000888609696,0.3317087310186876,False,False,0.7516528101256297,False
AWAY:backup & CAL:dow_sat,ml,203,0.42857142857142855,0.4549607632973169,-0.779434402981864,101,0.42574257425742573,0.4625275571591347,-0.7620102777433568,0.43572386469462876,False,True,0.22302693502981247,False
AWAY:backup & CAL:dow_sat,pl,202,0.48514851485148514,0.5086925691192531,-0.6928543150915281,100,0.5,0.524736836745506,-0.5130864109074674,0.4884009821551024,False,True,0.3039454383892811,False
AWAY:backup & MKT:ml_dispersion_high,ml,320,0.48125,0.4804704181539853,0.028979249559619898,155,0.4258064516129032,0.4630194182959398,-0.953540672568435,0.9768811400958397,False,False,0.8298419005798121,False
AWAY:backup & MKT:ml_dispersion_high,pl,319,0.5047021943573667,0.49105996681136815,0.5043702668423583,155,0.4967741935483871,0.4980146908861093,-0.03208647209514885,0.6140012080247776,False,False,0.5127984542196353,False
AWAY:backup & MKT:ml_dispersion_high,tot,299,0.4816053511705686,0.5031082639829699,-0.7445334720819892,148,0.4797297297297297,0.49931738158625916,-0.47689069807741913,0.45655379904995175,False,True,0.3167199780466079,False
AWAY:backup_vs_primary & AWAY:gsv_bottom,ml,233,0.4721030042918455,0.4298818865407696,1.3493658492120382,150,0.41333333333333333,0.4310452338474359,-0.44965270286616854,0.1772194843847419,False,False,0.6735195599492155,False
AWAY:backup_vs_primary & AWAY:gsv_bottom,pl,233,0.5536480686695279,0.5217559966197941,1.0010175872047047,147,0.5306122448979592,0.5293582726756072,0.03149069844774617,0.316818305793249,False,True,0.48743910501553855,False
AWAY:backup_vs_primary & AWAY:gsv_bottom,tot,224,0.5625,0.5034993660147072,1.7678917461964359,144,0.4513888888888889,0.4993904023689894,-1.1529236259107547,0.07707900291575102,False,False,0.8755291331032442,False
AWAY:backup_vs_primary & AWAY:revenge,ml,220,0.43636363636363634,0.4182038547033355,0.5682746162703972,102,0.3627450980392157,0.4169268484559474,-1.1376956374714267,0.5698485122917182,False,False,0.8723762021491273,False
AWAY:backup_vs_primary & AWAY:revenge,pl,219,0.5570776255707762,0.5080140452200316,1.4944669503790171,99,0.494949494949495,0.5348567661790308,-0.8197793037056442,0.13505361393634308,False,False,0.7938290342541571,False
AWAY:backup_vs_primary & AWAY:revenge,tot,210,0.5285714285714286,0.5049077629758568,0.6865696008398133,97,0.4845360824742268,0.4997191868624626,-0.29934370815665323,0.4923539903915559,False,False,0.617661095852222,False
AWAY:backup_vs_primary & TOTAL:tl=6,ml,224,0.48660714285714285,0.4495932721005846,1.153580634229686,65,0.47692307692307695,0.4497541003134217,0.45128869368386476,0.24867214168812068,False,True,0.3258907462871893,False
AWAY:backup_vs_primary & TOTAL:tl=6,pl,224,0.5625,0.5154379792664229,1.4590914592400528,65,0.5538461538461539,0.5276456143142934,0.43751152851221103,0.14453993663247242,False,True,0.3308702085931754,False
AWAY:backup_vs_primary & TOTAL:tl=6,tot,211,0.4928909952606635,0.5002189296870261,-0.21301398554843862,55,0.4909090909090909,0.4961225496537395,-0.07737981790248236,0.831316054129063,False,True,0.46916069780914654,False
AWAY:backup_vs_primary & TOTAL:tl=6.5,ml,306,0.48366013071895425,0.4572074179001911,0.9635157705371185,94,0.39361702127659576,0.43913424158443953,-0.9207197789865195,0.33528875375884437,False,False,0.8214016265031143,False
AWAY:backup_vs_primary & TOTAL:tl=6.5,pl,305,0.5344262295081967,0.5011486246774335,1.198281408514805,90,0.45555555555555555,0.5012694644376339,-0.8940017811546765,0.23080748183642086,False,False,0.8143395309173878,False
AWAY:backup_vs_primary & TOTAL:tl=6.5,tot,297,0.5185185185185185,0.5056488641146908,0.4441859445976469,90,0.4888888888888889,0.500464913658254,-0.21979691898331677,0.656908153305241,False,False,0.5869853403709151,False
AWAY:backup_vs_primary & GAME:pace_high,ml,516,0.4631782945736434,0.44712741522259236,0.7603419305932907,209,0.4258373205741627,0.4477973497167619,-0.6564282591372804,0.44705022419560503,False,False,0.7442256935374576,False
AWAY:backup_vs_primary & GAME:pace_high,pl,514,0.5252918287937743,0.5106339294805007,0.6864483196521063,205,0.47804878048780486,0.5127840164464383,-1.02991819168426,0.49243044315552964,False,False,0.8484757948649642,False
AWAY:backup_vs_primary & GAME:pace_high,tot,494,0.5263157894736842,0.5022778133713192,1.0697054015220366,194,0.4381443298969072,0.49873578807941704,-1.6891320991180432,0.2847519342407674,False,False,0.954402941156001,False
AWAY:backup_vs_primary & GAME:xpace_high,ml,594,0.47474747474747475,0.45154929053425136,1.177026035071152,291,0.4261168384879725,0.44439479880283533,-0.6443518440218678,0.23918511490680028,False,False,0.7403263479634986,False
AWAY:backup_vs_primary & GAME:xpace_high,pl,592,0.535472972972973,0.5069362913092317,1.4353449321487428,286,0.493006993006993,0.5180932392122304,-0.879550269216326,0.15118882980056295,False,False,0.8104485052527974,False
AWAY:backup_vs_primary & GAME:xpace_high,tot,570,0.5157894736842106,0.5022548307349578,0.6469527832653824,272,0.4522058823529412,0.49859542077161334,-1.5314251878450238,0.5176625027372388,False,False,0.9371678285321136,False
AWAY:gsv_top & GAME:xpace_high,ml,225,0.5022222222222222,0.5044942302208443,-0.06973049127272953,67,0.582089552238806,0.4991618171741539,1.390832300891076,0.9444081723168657,False,False,0.9178618571484423,False
AWAY:gsv_top & GAME:xpace_high,pl,225,0.5333333333333333,0.512914149556203,0.6409718380638914,65,0.5384615384615384,0.4766519308701162,1.0447141284380244,0.5215409801688926,False,True,0.14807755649008986,False
AWAY:gsv_top & GAME:xpace_high,tot,217,0.4838709677419355,0.5004072017655751,-0.48759046659383953,67,0.43283582089552236,0.49960591771603263,-1.0942915567871803,0.6258399495813278,False,True,0.1369135635779848,False
AWAY:gsv_bottom & AWAY:pts_bottom,ml,384,0.3854166666666667,0.3784830991255594,0.2890670296543676,196,0.3622448979591837,0.4029990011092087,-1.1897609675849297,0.7725300835663218,False,False,0.8829298225262983,False
AWAY:gsv_bottom & AWAY:pts_bottom,pl,383,0.5326370757180157,0.5136899493248043,0.7599681339494431,192,0.5520833333333334,0.5495977101912918,0.07088944150420173,0.4472736328722339,False,True,0.47174287334680076,False
AWAY:gsv_bottom & AWAY:pts_bottom,tot,369,0.5094850948509485,0.5028627013627783,0.25469462424817646,185,0.5027027027027027,0.500721494229281,0.05393058727961952,0.798958968583353,False,True,0.4784952334973334,False
AWAY:gsv_bottom & AWAY:win10_cold,ml,223,0.36771300448430494,0.3661165775993421,0.051123779282229276,118,0.3220338983050847,0.3856830519287288,-1.4518492945454522,0.9592268876390261,False,False,0.9267282430314678,False
AWAY:gsv_bottom & AWAY:win10_cold,pl,222,0.5,0.5089499454249861,-0.272935669164809,115,0.4434782608695652,0.540968261678779,-2.143401875252553,0.7849026670543836,False,True,0.01604042132674888,False
AWAY:gsv_bottom & AWAY:win10_cold,tot,212,0.5518867924528302,0.5018408583015309,1.4586374487937404,108,0.5277777777777778,0.501556974894769,0.5453701449138064,0.144664920680918,False,True,0.29274948475154694,False
AWAY:gsv_bottom & AWAY:last_lost_by3,ml,213,0.4272300469483568,0.41549856098788923,0.3611427504507768,98,0.3979591836734694,0.43068502966076083,-0.6729955067277207,0.7179927364816395,False,False,0.7495249252463285,False
AWAY:gsv_bottom & AWAY:last_lost_by3,pl,213,0.5164319248826291,0.5117856650494388,0.1393711062085422,98,0.4897959183673469,0.5454125271351234,-1.1360708565752433,0.8891569034047281,False,False,0.8720365445690037,False
AWAY:gsv_bottom & AWAY:last_lost_by3,tot,205,0.5121951219512195,0.5044563024581303,0.22185084643131153,93,0.41935483870967744,0.49944600210822454,-1.5460358672448307,0.8244299958416375,False,False,0.9389520470970143,False
AWAY:gsv_bottom & AWAY:xg_bottom,ml,265,0.3433962264150943,0.3416399287021272,0.061786255934749915,112,0.33035714285714285,0.3660300290739661,-0.7970977290618686,0.9507330487501523,False,False,0.7873028624192893,False
AWAY:gsv_bottom & AWAY:xg_bottom,pl,264,0.5265151515151515,0.5075005872745497,0.6302489309748955,108,0.5555555555555556,0.557508167167685,-0.04151470011315312,0.5285317299415276,False,False,0.5165572130192196,False
AWAY:gsv_bottom & AWAY:xg_bottom,tot,252,0.5396825396825397,0.5019622026902378,1.1985818638446755,105,0.6,0.4999589156298662,2.05182164775303,0.23069057369084123,False,True,0.020093499336568933,False
AWAY:gsv_bottom & AWAY:xg10_bottom,ml,254,0.3464566929133858,0.3505141388926494,-0.13947841841383254,111,0.34234234234234234,0.3890429081109763,-1.0327897368018237,0.8890721088432617,False,True,0.15085115385611697,False
AWAY:gsv_bottom & AWAY:xg10_bottom,pl,253,0.5019762845849802,0.5077940427802363,-0.1889987327988634,109,0.5137614678899083,0.5327688578659777,-0.4061138239860238,0.8500938099722554,False,True,0.34232948443293776,False
AWAY:gsv_bottom & AWAY:xg10_bottom,tot,242,0.5371900826446281,0.5012719955665944,1.1184876454659494,106,0.5849056603773585,0.5011170514519667,1.7266150430874712,0.26335878014360203,False,True,0.04211841123145004,False
AWAY:gsv_bottom & AWAY:unlucky,ml,309,0.49838187702265374,0.4318121027767216,2.4603735722579616,162,0.41358024691358025,0.4364215432097871,-0.6021492985679348,0.013879246284711863,False,False,0.7264626192615384,False
AWAY:gsv_bottom & AWAY:unlucky,pl,309,0.5663430420711975,0.5139057575978436,1.9004779923585882,162,0.5246913580246914,0.5406218196799905,-0.4185197206509022,0.05737042039384043,False,False,0.662216414444772,False
AWAY:gsv_bottom & AWAY:unlucky,tot,291,0.5154639175257731,0.505068965005638,0.3550553055819759,154,0.5064935064935064,0.49938885184447507,0.17646038482365214,0.7225481589573371,False,True,0.4299661343033213,False
AWAY:gsv_bottom & AWAY:revenge,ml,304,0.40460526315789475,0.40685191407065285,-0.0825407170802014,153,0.39869281045751637,0.4192862962609358,-0.5274848038356507,0.9342167412318879,False,True,0.2989284832257052,False
AWAY:gsv_bottom & AWAY:revenge,pl,304,0.5460526315789473,0.5182911243674475,0.9947296482150536,150,0.56,0.5512858966997113,0.2206819023547396,0.3198677706374622,False,True,0.41267006194888156,False
AWAY:gsv_bottom & AWAY:revenge,tot,288,0.5104166666666666,0.5033988064330117,0.23844351439885125,146,0.547945205479452,0.49981601095780503,1.163953928572395,0.8115371208795586,False,True,0.12222134146922614,False
AWAY:gsv_bottom & TOTAL:tl=6,ml,281,0.43416370106761565,0.43151540310300796,0.09282546653128318,93,0.4731182795698925,0.4593742270763371,0.27235364057846095,0.9260422189892239,False,True,0.39267505759755095,False
AWAY:gsv_bottom & TOTAL:tl=6,pl,281,0.5516014234875445,0.525889449537798,0.8899273963966632,93,0.5161290322580645,0.5354847965958697,-0.38653792408013754,0.3735048721874542,False,False,0.6504508392432597,False
AWAY:gsv_bottom & TOTAL:tl=6,tot,265,0.5132075471698113,0.49946753072401456,0.4476063079985891,84,0.4880952380952381,0.4985643810990502,-0.19201300141372654,0.6544373498528626,False,False,0.5761339893671167,False
AWAY:gsv_bottom & TOTAL:tl=6.5,ml,482,0.4896265560165975,0.45731131859978635,1.4768663167418659,183,0.3989071038251366,0.4609862285230479,-1.7481211317831986,0.1397114755403301,False,False,0.9597784727272197,False
AWAY:gsv_bottom & TOTAL:tl=6.5,pl,481,0.5363825363825364,0.5151230285512453,0.9629553368478212,178,0.4438202247191011,0.5180328601547712,-2.037870910930885,0.3355699374636921,False,False,0.9792185777984279,False
AWAY:gsv_bottom & TOTAL:tl=6.5,tot,463,0.5205183585313174,0.5086690403713038,0.5106199391954938,178,0.46629213483146065,0.5039387061718521,-1.0053937470230934,0.609617211143967,False,False,0.8426463551931496,False
AWAY:gsv_bottom & GAME:both_primary,ml,249,0.44176706827309237,0.4623991871088752,-0.6759379275103671,166,0.42168674698795183,0.44738198812136293,-0.681300175538493,0.49908005603940875,False,True,0.24784078612500204,False
AWAY:gsv_bottom & GAME:both_primary,pl,249,0.5100401606425703,0.5229237854339935,-0.4215591370760311,166,0.5120481927710844,0.5444838658514438,-0.865247019289676,0.6733468378520406,False,True,0.1934516115882836,False
AWAY:gsv_bottom & GAME:both_primary,tot,237,0.48523206751054854,0.5031560835655008,-0.552476422897523,159,0.5471698113207547,0.49832666382024743,1.2328190799678653,0.5806219834946511,False,False,0.8911783644307176,False
AWAY:gsv_bottom & GAME:divisional,ml,210,0.4714285714285714,0.43359967774968133,1.1473364310253074,121,0.39669421487603307,0.4600128511202852,-1.4355171230114343,0.2512426027939241,False,False,0.9244301037454665,False
AWAY:gsv_bottom & GAME:divisional,pl,210,0.5571428571428572,0.5137571091910873,1.2941941193194435,120,0.425,0.529014117703695,-2.366204222499524,0.19559837754891884,False,False,0.9910142360384091,False
AWAY:gsv_bottom & GAME:pace_high,ml,784,0.46683673469387754,0.447247994169345,1.144627600339951,397,0.4156171284634761,0.453234551347609,-1.5515774719912179,0.25236345401265026,False,False,0.9396183215051579,False
AWAY:gsv_bottom & GAME:pace_high,pl,783,0.5338441890166028,0.5192567693997927,0.8428297356337864,391,0.4884910485933504,0.5300016915493164,-1.6950283852685557,0.39932367505280386,False,False,0.9549649819072485,False
AWAY:gsv_bottom & GAME:pace_high,tot,745,0.5114093959731544,0.5045107692847077,0.37701958650300627,374,0.4893048128342246,0.501386324106423,-0.46763539196945303,0.7061590492352904,False,False,0.6799773245744393,False
AWAY:gsv_bottom & GAME:xpace_high,ml,836,0.4688995215311005,0.44755794943831084,1.28764477627274,489,0.42535787321063395,0.4523173260680924,-1.2323391530222785,0.19786964511444338,False,False,0.8910887900160882,False
AWAY:gsv_bottom & GAME:xpace_high,pl,835,0.5365269461077844,0.5196569976953276,1.006566221477815,483,0.494824016563147,0.5310661896798191,-1.648225451154242,0.31414327368315287,False,False,0.9503467920198706,False
AWAY:gsv_bottom & GAME:xpace_high,tot,794,0.5138539042821159,0.5043642506269342,0.5353897615561237,464,0.49353448275862066,0.5009150417878687,-0.31822109285362443,0.5923803684337068,False,False,0.62484138301962,False
AWAY:gsv_bottom & MKT:ml_dispersion_high,ml,276,0.43478260869565216,0.47213379247067405,-1.2898283548898377,168,0.4107142857142857,0.46448023475913225,-1.4384093621809044,0.19711026065125004,False,True,0.07515896890329743,False
AWAY:gsv_bottom & MKT:ml_dispersion_high,pl,276,0.5072463768115942,0.5088109483754539,-0.05385581810396886,168,0.49404761904761907,0.5118381221847653,-0.4781545182173571,0.9570500375919574,False,True,0.3162701156435599,False
AWAY:gsv_bottom & MKT:ml_dispersion_high,tot,260,0.5076923076923077,0.5047112380014883,0.09625474839426792,158,0.4810126582278481,0.5003936808333528,-0.4875829451826377,0.9233182496957385,False,False,0.6870773609000373,False
AWAY:pts_top & AWAY:pts_gap15,ml,248,0.5806451612903226,0.6127059677228661,-1.0530565570120758,114,0.5964912280701754,0.5838310286487612,0.2788162708117068,0.29231507185349137,False,False,0.6098070864366458,False
AWAY:pts_top & AWAY:pts_gap15,pl,248,0.45161290322580644,0.448387306350882,0.1047187645596576,112,0.41964285714285715,0.43812406100889784,-0.4055307993221911,0.9165989718628395,False,False,0.6574563080885416,False
AWAY:pts_top & AWAY:pts_gap15,tot,235,0.5063829787234042,0.5027839885579097,0.11043281068059953,107,0.48598130841121495,0.501745238535704,-0.32643034310483976,0.9120661330941848,False,False,0.6279506083777788,False
AWAY:pts_top & AWAY:win10_hot,ml,281,0.5338078291814946,0.542650641024111,-0.30373334844552613,132,0.5303030303030303,0.547503585516898,-0.40418167089949203,0.7613310491430116,False,True,0.3430395655672012,False
AWAY:pts_top & AWAY:win10_hot,pl,281,0.5160142348754448,0.49503929497049476,0.7340570080555011,131,0.4580152671755725,0.46467864973224415,-0.1592259828773091,0.46291399424287605,False,False,0.5632545831877548,False
AWAY:pts_top & AWAY:win10_hot,tot,262,0.4847328244274809,0.5027632890476654,-0.5842305178685359,128,0.421875,0.4991374519194762,-1.7498381876791145,0.5590652319463593,False,True,0.040073119573783136,False
AWAY:pts_top & AWAY:xg_top,ml,349,0.5873925501432665,0.5555190207311824,1.2223603429119092,170,0.5176470588235295,0.5494964785525802,-0.8485868482046048,0.2215713890929668,False,False,0.8019443861402652,False
AWAY:pts_top & AWAY:xg_top,pl,349,0.5386819484240688,0.48716129223226956,2.009855379602403,168,0.44047619047619047,0.4632272173108452,-0.6176505669459551,0.0444464974832174,False,False,0.7315971480085746,False
AWAY:pts_top & AWAY:xg_top,tot,329,0.45896656534954405,0.502145721694251,-1.5678168312673577,162,0.41975308641975306,0.5013448208915677,-2.079038431953681,0.11692388571804464,False,True,0.018806909102961806,False
AWAY:pts_top & AWAY:xg10_top,ml,284,0.5633802816901409,0.5579739836195443,0.18705537170838074,134,0.5298507462686567,0.5611826585060636,-0.7436301154381287,0.851617218694159,False,False,0.7714498606133555,False
AWAY:pts_top & AWAY:xg10_top,pl,284,0.5176056338028169,0.49288616811173036,0.8705482542420004,133,0.42105263157894735,0.4618946307440476,-0.9819874177873358,0.38400086082970075,False,False,0.8369469765523326,False
AWAY:pts_top & AWAY:xg10_top,tot,271,0.44649446494464945,0.5012203782494763,-1.8034029405381893,127,0.3858267716535433,0.5004159420915555,-2.5850782494149547,0.07132495615262475,False,True,0.004867844976581522,False
AWAY:pts_top & AWAY:lucky,ml,268,0.5261194029850746,0.5309361377161579,-0.1611899253417706,131,0.5725190839694656,0.5324952522142801,0.9334455682080335,0.8719438157730587,False,False,0.8247050189631195,False
AWAY:pts_top & AWAY:lucky,pl,268,0.4962686567164179,0.5113072370740828,-0.5158442570842391,131,0.46564885496183206,0.48130940281673246,-0.37527714633323944,0.6059631892192995,False,True,0.3537271804080644,False
AWAY:pts_top & AWAY:lucky,tot,255,0.4588235294117647,0.5033315258867261,-1.4225457556381722,126,0.4365079365079365,0.5009698094624145,-1.448513606268565,0.15486787843229133,False,True,0.07373673175225183,False
AWAY:pts_top & TOTAL:tl=6,ml,250,0.52,0.5328358173057804,-0.4151874387726418,68,0.5294117647058824,0.5366769026489244,-0.1222544200809162,0.6780046935496375,False,True,0.45134876432414306,False
AWAY:pts_top & TOTAL:tl=6,pl,250,0.512,0.5036458086028746,0.2768277810700206,68,0.4264705882352941,0.4848627038870298,-1.0045459835261785,0.7819123482687401,False,False,0.8424422407252188,False
AWAY:pts_top & TOTAL:tl=6,tot,236,0.4788135593220339,0.5002737580340518,-0.6597229539853592,62,0.4838709677419355,0.5006658529972985,-0.26464545876569,0.5094316336718507,False,True,0.39564129862336683,False
AWAY:pts_top & TOTAL:tl=6.5,ml,283,0.5901060070671378,0.5516640470896841,1.3279202125965794,67,0.5671641791044776,0.569164406999898,-0.03384126876199413,0.1842044665867425,False,False,0.5134981364673112,False
AWAY:pts_top & TOTAL:tl=6.5,pl,283,0.5265017667844523,0.49184024663921166,1.2131245179671173,65,0.4461538461538462,0.46170209785938887,-0.258981637172494,0.22508221737679024,False,False,0.6021752956615732,False
AWAY:pts_top & TOTAL:tl=6.5,tot,267,0.47191011235955055,0.5054726305955557,-1.098148992182028,65,0.5076923076923077,0.5058614512984717,0.029545637735822677,0.27213943520757455,False,False,0.5117852894182955,False
AWAY:pts_top & GAME:pace_high,ml,531,0.5555555555555556,0.5407821018024512,0.6976319487340695,204,0.553921568627451,0.5436972885777731,0.29876734144443645,0.4854073960954164,False,True,0.3825587855811837,False
AWAY:pts_top & GAME:pace_high,pl,531,0.519774011299435,0.5018900975031835,0.8609639680774069,202,0.4405940594059406,0.47677853273677284,-1.0726746486465564,0.38925788839940967,False,False,0.8582914406388253,False
AWAY:pts_top & GAME:pace_high,tot,501,0.47305389221556887,0.5031379565894284,-1.3479792606981444,195,0.4256410256410256,0.5027900925386393,-2.15628652734073,0.1776650531479076,False,True,0.015530649311897125,False
AWAY:pts_top & GAME:xpace_high,ml,588,0.5544217687074829,0.5415020517411162,0.6418198498789254,258,0.5426356589147286,0.5428128077859355,-0.005817860915859291,0.520990159724442,False,False,0.5023209776076067,False
AWAY:pts_top & GAME:xpace_high,pl,588,0.5170068027210885,0.49839593521931136,0.943016685787784,256,0.44921875,0.4696001032718652,-0.6812520108461564,0.3456723682794126,False,False,0.75214397851354,False
AWAY:pts_top & GAME:xpace_high,tot,556,0.4748201438848921,0.5023168282884535,-1.297872284357543,247,0.4493927125506073,0.5012808879727282,-1.6324301983175067,0.1943312253782703,False,True,0.0512944459174878,False
AWAY:pts_top & MKT:ml_dispersion_high,ml,211,0.5687203791469194,0.5530679104646047,0.46532936152105264,89,0.5056179775280899,0.557750514527315,-1.00522942522225,0.6416956114197734,False,False,0.8426068053202834,False
AWAY:pts_top & MKT:ml_dispersion_high,pl,211,0.5260663507109005,0.4825816239977015,1.3221520143649623,89,0.449438202247191,0.43622863687036917,0.26040094036995176,0.18611753626030347,False,True,0.39727725882935183,False
AWAY:pts_top & MKT:ml_dispersion_high,tot,200,0.45,0.501703233449934,-1.463643234341635,87,0.45977011494252873,0.49935704844576195,-0.7390363246829291,0.14329145308146057,False,True,0.2299424701554862,False
AWAY:pts_bottom & AWAY:win10_cold,ml,322,0.3198757763975155,0.35399654605766784,-1.317652362247915,129,0.32558139534883723,0.37756860525991914,-1.2465614267990772,0.18762004839924418,False,True,0.10627917636358825,False
AWAY:pts_bottom & AWAY:win10_cold,pl,316,0.4810126582278481,0.514963566769003,-1.2353528937463922,121,0.49586776859504134,0.5388875590141167,-0.9709843491886906,0.21669919620212275,False,True,0.16577803614975373,False
AWAY:pts_bottom & AWAY:win10_cold,tot,305,0.5311475409836065,0.5013849053297864,1.0406265077274528,121,0.5371900826446281,0.5014960965952588,0.7858807562580503,0.2980489237498516,False,True,0.21596867475377673,False
AWAY:pts_bottom & AWAY:last_lost_by3,ml,207,0.34299516908212563,0.3603484185207443,-0.5362550662788838,80,0.2375,0.38742612758873285,-2.8193453954398806,0.5917822806605528,False,True,0.0024060853202149267,False
AWAY:pts_bottom & AWAY:last_lost_by3,pl,204,0.5245098039215687,0.518153983665404,0.18579209194135854,78,0.47435897435897434,0.5455008994981635,-1.2913503035938363,0.8526078062789072,False,False,0.901708882572237,False
AWAY:pts_bottom & AWAY:last_lost_by3,tot,203,0.5073891625615764,0.50574350127272,0.04696542802436356,75,0.4266666666666667,0.4989417091882959,-1.252763552972301,0.9625407815479329,False,False,0.8948541152855555,False
AWAY:pts_bottom & AWAY:xg_bottom,ml,407,0.3022113022113022,0.32771867037506197,-1.119031773586954,174,0.3275862068965517,0.3561421079148719,-0.8024017533050856,0.26312658416688617,False,True,0.2111602996040427,False
AWAY:pts_bottom & AWAY:xg_bottom,pl,401,0.5361596009975063,0.5119966956972163,0.9862426364537563,162,0.5802469135802469,0.5473062351950696,0.8567426369731352,0.3240140614655629,False,True,0.19579356702585815,False
AWAY:pts_bottom & AWAY:xg_bottom,tot,386,0.5259067357512953,0.5019656349778997,0.9417245663604172,164,0.49390243902439024,0.5010601713470558,-0.18346996508085833,0.3463336742063782,False,False,0.5727853584265789,False
AWAY:pts_bottom & AWAY:xg10_bottom,ml,354,0.2909604519774011,0.32531916413705664,-1.4106878382050132,155,0.2967741935483871,0.36332999249027,-1.7600026302041003,0.15833667857352463,False,True,0.03920368030886563,False
AWAY:pts_bottom & AWAY:xg10_bottom,pl,348,0.5114942528735632,0.507021004547441,0.17017362186774004,145,0.503448275862069,0.5332246639727031,-0.7328133168716786,0.8648735958261672,False,False,0.7681638509975695,False
AWAY:pts_bottom & AWAY:xg10_bottom,tot,337,0.516320474777448,0.500466181654152,0.5826868315185013,148,0.4864864864864865,0.501519679169202,-0.36606548476982365,0.5601041396322022,False,False,0.6428418941000089,False
AWAY:pts_bottom & AWAY:unlucky,ml,285,0.3929824561403509,0.37594102006905544,0.6150365030954109,133,0.37593984962406013,0.4192465739003535,-1.0356504502399244,0.5385306139143407,False,False,0.8498173767750244,False
AWAY:pts_bottom & AWAY:unlucky,pl,280,0.5392857142857143,0.5163914350892447,0.7867558027289902,133,0.5639097744360902,0.5403961343720758,0.5598534279427403,0.43142483069824067,False,True,0.28778970868327086,False
AWAY:pts_bottom & AWAY:unlucky,tot,272,0.49264705882352944,0.5017160875675021,-0.2994620354535145,128,0.484375,0.4996382123078665,-0.3456198098875097,0.7645875349631994,False,True,0.3648142281565452,False
AWAY:pts_bottom & AWAY:revenge,ml,270,0.3296296296296296,0.34455613700230353,-0.5301848209509509,110,0.3181818181818182,0.3697768363657999,-1.1413684921912828,0.5959837941505612,False,True,0.1268583053162935,False
AWAY:pts_bottom & AWAY:revenge,pl,267,0.5131086142322098,0.5101565720276487,0.09846707934790193,106,0.5660377358490566,0.5492130336816468,0.35437075825041453,0.921561411767615,False,True,0.3615305230311777,False
AWAY:pts_bottom & AWAY:revenge,tot,255,0.4980392156862745,0.5025512939147193,-0.1442637782335212,105,0.4857142857142857,0.49927969534471744,-0.27819128806821136,0.8852921798385136,False,True,0.3904327610653778,False
AWAY:pts_bottom & TOTAL:tl=6,ml,219,0.365296803652968,0.3612372378159481,0.1281979267279937,93,0.40860215053763443,0.4087442202766669,-0.0028418386513473647,0.8979923407641135,False,False,0.5011337280660944,False
AWAY:pts_bottom & TOTAL:tl=6,pl,218,0.5596330275229358,0.5324071129637737,0.8241230508849043,90,0.5666666666666667,0.5450280674471628,0.42373015688642174,0.4098696438212831,False,True,0.335881309654396,False
AWAY:pts_bottom & TOTAL:tl=6,tot,207,0.5169082125603864,0.4991794459693855,0.5104407213432286,83,0.4578313253012048,0.4997094618493029,-0.763550256738412,0.6097427342878396,False,False,0.7774323489049982,False
AWAY:pts_bottom & TOTAL:tl=6.5,ml,370,0.37567567567567567,0.3810877269318935,-0.22074079761932053,114,0.2807017543859649,0.3853296733818483,-2.363313380664421,0.8252942630122164,False,True,0.009056173166211707,False
AWAY:pts_bottom & TOTAL:tl=6.5,pl,367,0.5367847411444142,0.5181306520555106,0.7329479848416396,106,0.5094339622641509,0.5328954449319159,-0.4964570516002796,0.4635901548192909,False,False,0.6902140091247593,False
AWAY:pts_bottom & TOTAL:tl=6.5,tot,356,0.5,0.5061724037246375,-0.23327766529701327,112,0.4375,0.5021119815168659,-1.3686612651081886,0.815545800729976,False,True,0.08555259182453401,False
AWAY:pts_bottom & GAME:pace_high,ml,611,0.37315875613747956,0.3741266275151834,-0.05089878758078789,257,0.33852140077821014,0.3910288660269319,-1.764976559886907,0.9594061716297145,False,True,0.03878385262982165,False
AWAY:pts_bottom & GAME:pace_high,pl,605,0.5371900826446281,0.5243598213230558,0.6474708424574561,248,0.5403225806451613,0.5443488409757479,-0.13030075972702163,0.5173272594222299,False,False,0.5518357604900722,False
AWAY:pts_bottom & GAME:pace_high,tot,582,0.49828178694158076,0.5027528044314867,-0.21599738670609672,242,0.48760330578512395,0.5009069292748414,-0.414209681478868,0.8289897845939153,False,True,0.339360276067096,False
AWAY:pts_bottom & GAME:xpace_high,ml,643,0.36391912908242613,0.37301217784120067,-0.49089972394496606,322,0.35714285714285715,0.3953650000215071,-1.4359426458219169,0.6234973723185009,False,True,0.07550933109033785,False
AWAY:pts_bottom & GAME:xpace_high,pl,637,0.5368916797488226,0.522907339901487,0.7238304308026294,310,0.5516129032258065,0.5465678498456337,0.1828585780582787,0.4691698445604574,False,True,0.42745449237262473,False
AWAY:pts_bottom & GAME:xpace_high,tot,613,0.5008156606851549,0.5026721315275252,-0.09204064898410308,305,0.46557377049180326,0.5005919897168342,-1.2240261224958324,0.9266657434237328,False,True,0.1104711866470357,False
AWAY:pts_bottom & MKT:ml_dispersion_high,ml,207,0.3864734299516908,0.3952784950909505,-0.26823402349490555,116,0.3879310344827586,0.4196048392867205,-0.7082485675918524,0.7885191872954663,False,True,0.23939545522915545,False
AWAY:pts_bottom & MKT:ml_dispersion_high,pl,205,0.5414634146341464,0.5129214897857142,0.8403273914603995,115,0.5478260869565217,0.5294045662690762,0.40884097302982636,0.4007248474234816,False,True,0.3413281845383645,False
AWAY:pts_gap15 & GAME:pace_high,ml,328,0.6067073170731707,0.6199176113861739,-0.5006070300173854,128,0.6015625,0.5944299342519304,0.16695904364685288,0.6166477138942767,False,False,0.5662988625226464,False
AWAY:pts_gap15 & GAME:pace_high,pl,328,0.45121951219512196,0.4498157225273509,0.05221223788208912,126,0.3968253968253968,0.4416993105357076,-1.0399590581365594,0.9583595818153405,False,False,0.8508205387942924,False
AWAY:pts_gap15 & GAME:pace_high,tot,309,0.4886731391585761,0.5034252391549251,-0.5191381331062161,120,0.43333333333333335,0.5025206085497271,-1.5169998181723123,0.6036644179685662,False,True,0.06463336496963297,False
AWAY:pts_gap15 & GAME:xpace_high,ml,362,0.6104972375690608,0.6176357501331173,-0.28385326370421715,157,0.5923566878980892,0.5893910598118838,0.07681371176193494,0.776522834001768,False,False,0.5306141287201538,False
AWAY:pts_gap15 & GAME:xpace_high,pl,362,0.4585635359116022,0.44762376767762585,0.4277071605723091,155,0.4129032258064516,0.4384714546471305,-0.6580346921638073,0.6688643359612381,False,False,0.7447420804360797,False
AWAY:pts_gap15 & GAME:xpace_high,tot,342,0.49122807017543857,0.5028038282954068,-0.4285472007771679,146,0.4726027397260274,0.5017434876182829,-0.7048366608820946,0.6682527766548372,False,True,0.2404559454550449,False
AWAY:win10_hot & AWAY:xg_top,ml,206,0.587378640776699,0.5564970820407978,0.9114274812455121,116,0.49137931034482757,0.5548485395077241,-1.3963030384714437,0.3620701793170291,False,False,0.9186883703945622,False
AWAY:win10_hot & AWAY:xg_top,pl,206,0.5194174757281553,0.4930172915170781,0.7899250200611616,115,0.41739130434782606,0.4564695560335713,-0.8756940224313609,0.4295715584752159,False,False,0.8094018020854017,False
AWAY:win10_hot & AWAY:xg10_top,ml,216,0.5694444444444444,0.5471009616338834,0.6740610038286158,108,0.48148148148148145,0.5519283023896869,-1.5019256324511387,0.5002725304980301,False,False,0.9334418420148056,False
AWAY:win10_hot & AWAY:xg10_top,pl,216,0.5231481481481481,0.5022738361325404,0.6400451710067165,107,0.40186915887850466,0.4536158042805862,-1.1141887134220751,0.5221432330307892,False,False,0.8674008818125589,False
AWAY:win10_hot & AWAY:xg10_top,tot,204,0.47058823529411764,0.5042002571521925,-0.9612546175461727,104,0.4326923076923077,0.4993659230687749,-1.3611227530921755,0.3364241603954987,False,True,0.08673745017152507,False
AWAY:win10_hot & TOTAL:tl=6.5,ml,207,0.5362318840579711,0.5291881957403861,0.20840369110231194,57,0.43859649122807015,0.5258587862971295,-1.362860531343316,0.834913774519205,False,False,0.9135367651565944,False
AWAY:win10_hot & TOTAL:tl=6.5,pl,207,0.4927536231884058,0.5054998904188477,-0.38072355255704493,56,0.44642857142857145,0.46804445802652134,-0.3334168489414405,0.7034083903524601,False,True,0.36940982323074495,False
AWAY:win10_hot & GAME:pace_high,ml,378,0.5211640211640212,0.5256290055302708,-0.1782714330977933,163,0.4723926380368098,0.5167047055263488,-1.1609878796112605,0.8585098125188838,False,True,0.12282341424270271,False
AWAY:win10_hot & GAME:pace_high,pl,378,0.5132275132275133,0.5114646334626319,0.07139042527549969,162,0.4506172839506173,0.48503925795539626,-0.9103999660813191,0.9430870296905007,False,False,0.8186941921873809,False
AWAY:win10_hot & GAME:pace_high,tot,355,0.4788732394366197,0.5042386711531608,-0.9568333665973071,155,0.4258064516129032,0.5005587567352787,-1.8626849894850266,0.3386513679181813,False,True,0.03125329948782748,False
AWAY:win10_hot & GAME:xpace_high,ml,418,0.5263157894736842,0.5255616191346615,0.03164199835997038,212,0.4716981132075472,0.5157877349915051,-1.3146516794703158,0.9747575502969071,False,False,0.9056865034454749,False
AWAY:win10_hot & GAME:xpace_high,pl,418,0.5167464114832536,0.5076606421322715,0.38707312092839463,211,0.4597156398104265,0.4842702351744029,-0.7433840063072384,0.6987020760006756,False,False,0.7713753877245912,False
AWAY:win10_hot & GAME:xpace_high,tot,394,0.48223350253807107,0.5035569374942054,-0.8473500354162682,202,0.4504950495049505,0.49847552732344474,-1.365029610628433,0.3968000452529724,False,True,0.08612187177723934,False
AWAY:win10_cold & AWAY:xg_bottom,ml,254,0.3031496062992126,0.3290178065269055,-0.8977447190918817,79,0.3291139240506329,0.3439703846313204,-0.2835609539289475,0.3693216625156788,False,True,0.3883734317684505,False
AWAY:win10_cold & AWAY:xg_bottom,pl,248,0.4879032258064516,0.5127760299543009,-0.798724789714961,71,0.5633802816901409,0.5422279923161303,0.3634114030096671,0.4244500092578726,False,False,0.641851207570527,False
AWAY:win10_cold & AWAY:xg_bottom,tot,240,0.5333333333333333,0.5017148912381535,0.9805816149723414,75,0.56,0.5012218849206792,1.0189657403677808,0.32679910428588843,False,True,0.15410961574573867,False
AWAY:win10_cold & AWAY:xg10_bottom,ml,255,0.28627450980392155,0.3389474689483201,-1.8257473252396093,106,0.330188679245283,0.3757478215641458,-0.9909031941616756,0.06788833100068979,False,True,0.16086642625838543,False
AWAY:win10_cold & AWAY:xg10_bottom,pl,249,0.46184738955823296,0.5111242022478579,-1.5897104988537754,99,0.48484848484848486,0.5347144263446654,-1.017281058240301,0.11190007605319742,False,True,0.15450987241706066,False
AWAY:win10_cold & AWAY:xg10_bottom,tot,241,0.5269709543568465,0.5010275143708792,0.8062464899006537,103,0.5242718446601942,0.498816954604951,0.5171224075719807,0.4201007375483481,False,True,0.30253535623518324,False
AWAY:win10_cold & TOTAL:tl=6.5,ml,233,0.38626609442060084,0.3831589592239177,0.10049914310114762,63,0.2698412698412698,0.3768797253723976,-1.8045058660630684,0.9199480631009475,False,False,0.9644239798014392,False
AWAY:win10_cold & TOTAL:tl=6.5,pl,230,0.5130434782608696,0.519268812364958,-0.19396034025544193,58,0.39655172413793105,0.5275670379239561,-2.041286341784249,0.8462069360134614,False,True,0.020611186927545384,False
AWAY:win10_cold & TOTAL:tl=6.5,tot,222,0.5135135135135135,0.5038882572980511,0.287140954591224,59,0.4745762711864407,0.5051974573432637,-0.47077084596899854,0.7740043946764099,False,False,0.6810978070160119,False
AWAY:win10_cold & GAME:pace_high,ml,408,0.38480392156862747,0.38393564222278503,0.03724030423913256,148,0.32432432432432434,0.3894654175542035,-1.6631648613202576,0.9702934027508212,False,False,0.9518602803415898,False
AWAY:win10_cold & GAME:pace_high,pl,402,0.5149253731343284,0.5223546558652509,-0.3064181071688772,143,0.4405594405594406,0.5349954579024876,-2.318572977736413,0.7592863234642087,False,True,0.010209100859832782,False
AWAY:win10_cold & GAME:pace_high,tot,383,0.5248041775456919,0.501793054477022,0.9015426370656342,137,0.5182481751824818,0.5022927855923776,0.3737987481747195,0.3672998747066467,False,True,0.3542770254556286,False
AWAY:win10_cold & GAME:xpace_high,ml,436,0.3830275229357798,0.3842218206363161,-0.05293639270652682,178,0.33707865168539325,0.39206055028557896,-1.537665889502736,0.9577825878477427,False,True,0.06206516398266008,False
AWAY:win10_cold & GAME:xpace_high,pl,430,0.5162790697674419,0.5215661892229151,-0.2254114193907342,170,0.45294117647058824,0.5373594882152102,-2.2642784352990515,0.821659228835744,False,True,0.011778497527585275,False
AWAY:win10_cold & GAME:xpace_high,tot,408,0.5220588235294118,0.5015861543350113,0.8278277347465374,167,0.49700598802395207,0.5003513769777581,-0.08653324062417772,0.407768065343463,False,False,0.5344787335161997,False
AWAY:last_lost_by3 & TOTAL:tl=6.5,ml,276,0.4384057971014493,0.42949884163755636,0.3105353733630712,69,0.37681159420289856,0.442891457599737,-1.1425757060057546,0.7561538640334906,False,False,0.8733926015195995,False
AWAY:last_lost_by3 & TOTAL:tl=6.5,pl,275,0.5272727272727272,0.510375298420189,0.5774221020367948,68,0.5,0.5209043913040091,-0.35525918480718716,0.563654347132623,False,False,0.6388022852494799,False
AWAY:last_lost_by3 & TOTAL:tl=6.5,tot,266,0.48120300751879697,0.5076258572052776,-0.8632952053624108,67,0.5074626865671642,0.5034771579747239,0.06531342204107633,0.387975179682166,False,False,0.5260377720401641,False
AWAY:last_lost_by3 & GAME:pace_high,ml,411,0.4233576642335766,0.42710393905073457,-0.1591913406612528,150,0.32,0.4448760841571315,-3.1751511959340055,0.8735181260170866,False,True,0.0007487922355493763,False
AWAY:last_lost_by3 & GAME:pace_high,pl,408,0.5343137254901961,0.5169487962775584,0.7233633719298773,150,0.4266666666666667,0.5271417837715756,-2.5423837506811755,0.469456668254569,False,False,0.9944950390653359,False
AWAY:last_lost_by3 & GAME:pace_high,tot,395,0.49873417721518987,0.5046507080993661,-0.23548842548525908,142,0.4507042253521127,0.5010854327756387,-1.2016296966387638,0.813829661418044,False,True,0.1147535152434071,False
AWAY:last_lost_by3 & GAME:xpace_high,ml,454,0.41629955947136565,0.4269678201921579,-0.4760656023171602,201,0.3681592039800995,0.4442749792052533,-2.2382426723392395,0.6340276418420413,False,True,0.0126026171497196,False
AWAY:last_lost_by3 & GAME:xpace_high,pl,451,0.5277161862527716,0.520091090370842,0.3339276112651529,199,0.46733668341708545,0.5316391704296712,-1.87838667867412,0.7384341837652191,False,False,0.9698358567269061,False
AWAY:last_lost_by3 & GAME:xpace_high,tot,435,0.496551724137931,0.504402114455083,-0.3278873665300843,193,0.44041450777202074,0.49973770804973583,-1.6497288318734058,0.7429968262168627,False,True,0.04949920522604585,False
AWAY:last_won_by3 & TOTAL:tl=6.5,ml,240,0.4375,0.49459784802737805,-1.822882919848792,72,0.3611111111111111,0.47937334550394806,-2.076651867388243,0.06832112535169033,False,True,0.018916851021341417,False
AWAY:last_won_by3 & TOTAL:tl=6.5,pl,239,0.46443514644351463,0.5158132674040097,-1.649562153631007,70,0.45714285714285713,0.5103200644261974,-0.9179133431110934,0.09903252107251637,False,True,0.17933211774478758,False
AWAY:last_won_by3 & TOTAL:tl=6.5,tot,226,0.5353982300884956,0.5073346407290126,0.844928733874889,68,0.4411764705882353,0.5046865501489285,-1.0482933807135457,0.39815063030636066,False,False,0.8527482707997212,False
AWAY:last_won_by3 & GAME:pace_high,ml,379,0.45118733509234826,0.4935175307402225,-1.6979335954415922,153,0.39215686274509803,0.49543425308079087,-2.626418081490991,0.08952029563097426,False,True,0.0043144379849323665,False
AWAY:last_won_by3 & GAME:pace_high,pl,378,0.49206349206349204,0.517140964634735,-1.0139364951004401,151,0.4105960264900662,0.5020981814718078,-2.3356036745692927,0.3106130556931226,False,True,0.00975595345137955,False
AWAY:last_won_by3 & GAME:pace_high,tot,355,0.532394366197183,0.5040059687383232,1.0708772204462713,142,0.4647887323943662,0.49922201263703314,-0.8212813613782334,0.28422463966103806,False,False,0.7942569890836966,False
AWAY:last_won_by3 & GAME:xpace_high,ml,443,0.45372460496614,0.4946545860805862,-1.773631289931653,205,0.424390243902439,0.49143045764392135,-1.9689881980733175,0.07612415851194794,False,True,0.0244772231771569,False
AWAY:last_won_by3 & GAME:xpace_high,pl,442,0.49095022624434387,0.5146326341495916,-1.0363645641681911,203,0.43842364532019706,0.5048608407081516,-1.969985898908568,0.30003209560194266,False,True,0.02441999333741299,False
AWAY:last_won_by3 & GAME:xpace_high,tot,415,0.5132530120481927,0.5029679278592155,0.4194820561425212,191,0.4869109947643979,0.49974581337286594,-0.3550819413390389,0.674863865952614,False,False,0.6387358974886342,False
AWAY:last_ot_loss & GAME:xpace_high,ml,232,0.47413793103448276,0.4556051210044255,0.5839633886164838,100,0.42,0.4446366409629283,-0.5138989827374195,0.559244944140777,False,False,0.6963386906185892,False
AWAY:last_ot_loss & GAME:xpace_high,pl,232,0.5086206896551724,0.5170864518185438,-0.26772468028490143,96,0.5520833333333334,0.5329775425864777,0.3856062265136049,0.7889112509627108,False,False,0.6501058394302773,False
AWAY:last_ot_loss & GAME:xpace_high,tot,218,0.45871559633027525,0.5006152882563971,-1.2385904260521807,94,0.4574468085106383,0.5017477685646986,-0.859653830960908,0.21549721542837375,False,True,0.19498994595719504,False
AWAY:xg_top & AWAY:xg10_top,ml,363,0.581267217630854,0.5487449887492869,1.269100838741796,169,0.4970414201183432,0.5566150528549548,-1.5866389250561648,0.20440510119422473,False,False,0.9437027769125842,False
AWAY:xg_top & AWAY:xg10_top,pl,363,0.5289256198347108,0.495715120936,1.3243024534536736,168,0.39880952380952384,0.46924743226820226,-1.9036796403235927,0.18540261603508768,False,False,0.9715240402025491,False
AWAY:xg_top & AWAY:xg10_top,tot,343,0.44314868804664725,0.5038988394825775,-2.2526575787148624,158,0.379746835443038,0.5007046322037766,-3.0434836162666943,0.024280747636638657,False,True,0.0011692808737668212,False
AWAY:xg_top & AWAY:unlucky,ml,206,0.6213592233009708,0.5376148035520015,2.4592476962483243,47,0.6595744680851063,0.5627011476756859,1.3623464240895016,0.013922852139382783,False,True,0.08654429157229393,False
AWAY:xg_top & AWAY:unlucky,pl,206,0.5631067961165048,0.49804942484669396,1.9497860798410418,47,0.5319148936170213,0.48538652434491786,0.6608327519975339,0.051201621379780834,False,True,0.2543597881439616,False
AWAY:xg_top & TOTAL:tl=6,ml,217,0.5299539170506913,0.5267447119826926,0.09639465498959274,61,0.5409836065573771,0.5460536440402005,-0.08081485672483527,0.9232071370574481,False,False,0.5322054036205256,False
AWAY:xg_top & TOTAL:tl=6,pl,217,0.5391705069124424,0.5142384762261583,0.7730815701129369,61,0.4098360655737705,0.4704881671546728,-0.9872909111317779,0.4394741074877535,False,False,0.8382499774850929,False
AWAY:xg_top & TOTAL:tl=6,tot,204,0.45588235294117646,0.5012137653373476,-1.295606691819201,55,0.41818181818181815,0.49998176290046975,-1.2139364436445128,0.19511102247478362,False,True,0.11238599750507344,False
AWAY:xg_top & TOTAL:tl=6.5,ml,352,0.5767045454545454,0.5445442147101847,1.2374463396840862,115,0.5652173913043478,0.5646890227129922,0.011657432095058191,0.21592142414229198,False,True,0.49534946278796405,False
AWAY:xg_top & TOTAL:tl=6.5,pl,352,0.4971590909090909,0.4836824775596887,0.5261333464080005,113,0.4424778761061947,0.47639810104894303,-0.7471040832063721,0.5987955609637559,False,False,0.7724996321713855,False
AWAY:xg_top & TOTAL:tl=6.5,tot,333,0.45645645645645644,0.5068143203613417,-1.8403434239674423,110,0.4,0.5054265814336738,-2.2135442858750034,0.06571783392832128,False,True,0.013430071782070778,False
AWAY:xg_top & GAME:both_primary,ml,222,0.5765765765765766,0.5306627237537512,1.391467006786474,106,0.4528301886792453,0.5383130134981008,-1.789088824577455,0.16408385776847823,False,False,0.9631997441714254,False
AWAY:xg_top & GAME:both_primary,pl,222,0.5315315315315315,0.503158466834721,0.8884652206974251,106,0.4339622641509434,0.4636453864113122,-0.6399222688970695,0.3742905559718467,False,False,0.7388884322303437,False
AWAY:xg_top & GAME:both_primary,tot,208,0.4375,0.500858578249285,-1.829429098528708,102,0.3627450980392157,0.5000544682330156,-2.776456523839456,0.0673353517828348,False,True,0.002747749212456829,False
AWAY:xg_top & GAME:pace_high,ml,530,0.5754716981132075,0.53951353018288,1.695601795901602,222,0.5405405405405406,0.55458289203725,-0.4284206437720645,0.08996131744967693,False,False,0.6658275512038759,False
AWAY:xg_top & GAME:pace_high,pl,530,0.539622641509434,0.5003609921900916,1.8886858950005927,220,0.42727272727272725,0.4771080617638273,-1.5400352984059444,0.05893392973305415,False,False,0.9382241252540374,False
AWAY:xg_top & GAME:pace_high,tot,497,0.45472837022132795,0.5046893161409753,-2.230098794273386,208,0.3894230769230769,0.5038711524980115,-3.3037192452330926,0.025740884861103402,False,True,0.000477056656424939,False
AWAY:xg_top & GAME:xpace_high,ml,632,0.5680379746835443,0.5388152060870446,1.5036647845729634,301,0.5282392026578073,0.5508393150087473,-0.8020630803581841,0.1326677009637341,False,False,0.7887417650110939,False
AWAY:xg_top & GAME:xpace_high,pl,632,0.5221518987341772,0.49616866487478556,1.3653807773576585,299,0.431438127090301,0.4713628876688408,-1.4407650242410808,0.17213340237870944,False,False,0.9251744611699168,False
AWAY:xg_top & GAME:xpace_high,tot,597,0.45058626465661644,0.5036873130700579,-2.597662153101755,286,0.4090909090909091,0.5013207919688026,-3.1224114272442733,0.009386079205042835,False,True,0.0008968803532353695,False
AWAY:xg_top & MKT:ml_dispersion_high,ml,246,0.5650406504065041,0.5514607429929457,0.4350561861014681,104,0.5384615384615384,0.5537278182924136,-0.31769455658805246,0.6635216449266179,False,False,0.6246416796573387,False
AWAY:xg_top & MKT:ml_dispersion_high,pl,246,0.516260162601626,0.4709060512573909,1.4891077278970533,104,0.4807692307692308,0.4474879707033237,0.7100031843529249,0.13645900315231504,False,True,0.23885108074972794,False
AWAY:xg_top & MKT:ml_dispersion_high,tot,234,0.4444444444444444,0.503790360086862,-1.817639610321447,99,0.46464646464646464,0.4988338981584691,-0.6808566065273667,0.06911923335267449,False,True,0.2479811139048042,False
AWAY:xg_bottom & AWAY:xg10_bottom,ml,404,0.2995049504950495,0.33892934807972386,-1.7148518984565464,140,0.2785714285714286,0.3535744161291513,-1.892438561777904,0.08637238356085457,False,True,0.029216286122668245,False
AWAY:xg_bottom & AWAY:xg10_bottom,pl,398,0.507537688442211,0.5169417440292903,-0.3834201497573677,130,0.5230769230769231,0.5438774816215718,-0.48391421717502703,0.7014082654679432,False,True,0.314223375032579,False
AWAY:xg_bottom & AWAY:xg10_bottom,tot,380,0.531578947368421,0.5000052778492261,1.232145918577315,131,0.48091603053435117,0.5005349817318312,-0.4494681189972669,0.21789458113187044,False,False,0.6734529993287539,False
AWAY:xg_bottom & AWAY:revenge,ml,235,0.28085106382978725,0.32731342447086836,-1.5503840137261142,83,0.30120481927710846,0.3516616250125366,-0.9762563251608732,0.12104937322472502,False,True,0.1644687286574843,False
AWAY:xg_bottom & AWAY:revenge,pl,232,0.4827586206896552,0.5149235583518108,-0.9994448768624249,79,0.620253164556962,0.5515701228434653,1.2440709114567554,0.3175792295246125,False,False,0.8932632671423242,False
AWAY:xg_bottom & AWAY:revenge,tot,219,0.5114155251141552,0.5011775617987925,0.3033027738875367,77,0.5064935064935064,0.4978969291024351,0.1509866301138095,0.7616591324404598,False,True,0.43999313130444206,False
AWAY:xg_bottom & TOTAL:tl=6,ml,224,0.375,0.3616283311867268,0.4277424851005185,63,0.3333333333333333,0.36807441376874245,-0.582809267843448,0.6688386148537451,False,False,0.7199891473540249,False
AWAY:xg_bottom & TOTAL:tl=6,pl,223,0.5515695067264574,0.5233695120487426,0.862359657475615,60,0.5666666666666667,0.5417489997881236,0.39391914000620687,0.3884896332904615,False,True,0.3468203694306977,False
AWAY:xg_bottom & TOTAL:tl=6,tot,209,0.5311004784688995,0.49924676059519235,0.9215713934595051,56,0.5,0.4997761484194606,0.0033524645319843783,0.3567521856839966,False,True,0.49866256265989284,False
AWAY:xg_bottom & TOTAL:tl=6.5,ml,313,0.3194888178913738,0.35660574438564185,-1.4046335588564178,81,0.2962962962962963,0.34921674991858476,-1.0249129295524748,0.16013027212427267,False,True,0.152702136645591,False
AWAY:xg_bottom & TOTAL:tl=6.5,pl,310,0.5193548387096775,0.5221218599765556,-0.09959546777994321,73,0.5753424657534246,0.5287277673893792,0.8128614564211842,0.9206654921238283,False,False,0.791851252371889,False
AWAY:xg_bottom & TOTAL:tl=6.5,tot,301,0.521594684385382,0.5028367491855739,0.6516398821329851,79,0.45569620253164556,0.5010690716297583,-0.8072638636860862,0.5146335132334877,False,False,0.7902427606874327,False
AWAY:xg_bottom & GAME:pace_high,ml,490,0.32857142857142857,0.3496280916004959,-1.0016984475130408,168,0.32142857142857145,0.36402397232090633,-1.1700718711842044,0.31648925673074746,False,True,0.12098602357344601,False
AWAY:xg_bottom & GAME:pace_high,pl,484,0.5144628099173554,0.5192214373535566,-0.21401140460943507,159,0.5786163522012578,0.5518062652092086,0.6923123332832489,0.8305381636234969,False,False,0.7556293967484036,False
AWAY:xg_bottom & GAME:pace_high,tot,463,0.531317494600432,0.501139996357265,1.2999943271280259,158,0.5126582278481012,0.4996751719014867,0.32665682886967434,0.1936029134825561,False,True,0.3719637280046836,False
AWAY:xg_bottom & GAME:xpace_high,ml,579,0.3298791018998273,0.35617225879033754,-1.3547888749838564,231,0.329004329004329,0.36618170218142204,-1.196779217706275,0.17548483209190913,False,True,0.11569631032970085,False
AWAY:xg_bottom & GAME:xpace_high,pl,573,0.5235602094240838,0.522748738950883,0.039748858965822996,219,0.5707762557077626,0.5464501529291633,0.7369343533956333,0.9682933486105287,False,True,0.23058113581588197,False
AWAY:xg_bottom & GAME:xpace_high,tot,547,0.5228519195612431,0.5007520909466261,1.0347416989960565,218,0.4954128440366973,0.5002098276661349,-0.14176055147531666,0.3007895565648636,False,False,0.5563654276653259,False
AWAY:xg10_top & TOTAL:tl=6.5,ml,259,0.5791505791505791,0.5430123897377075,1.1940454126670839,89,0.4606741573033708,0.5455432543751458,-1.649359285413878,0.23246020439653892,False,False,0.9504629746952377,False
AWAY:xg10_top & TOTAL:tl=6.5,pl,259,0.5173745173745173,0.4939713171666254,0.7834660790454793,88,0.38636363636363635,0.4797776644276606,-1.8113204958134426,0.4333534656120209,False,False,0.9649543725862406,False
AWAY:xg10_top & TOTAL:tl=6.5,tot,248,0.4838709677419355,0.5071693068739559,-0.7348609751164763,84,0.36904761904761907,0.5039480826564355,-2.4747877771106093,0.4624241674086067,False,True,0.006665768414449415,False
AWAY:xg10_top & GAME:pace_high,ml,471,0.5392781316348195,0.5381107730645139,0.051916357809648706,210,0.4714285714285714,0.5323592980056431,-1.809161932934213,0.9585953402054077,False,False,0.9647870751594113,False
AWAY:xg10_top & GAME:pace_high,pl,471,0.5180467091295117,0.506953608900825,0.5027894596000807,209,0.41148325358851673,0.48954232116592705,-2.347318699606177,0.6151123050738218,False,False,0.9905454634442181,False
AWAY:xg10_top & GAME:pace_high,tot,448,0.45089285714285715,0.5033347987060627,-2.222457898436701,196,0.39285714285714285,0.5010017771779107,-3.030259916090568,0.02625237625767677,False,True,0.0012217168162014676,False
AWAY:xg10_top & GAME:xpace_high,ml,523,0.5487571701720841,0.5361310841401771,0.5916219867829178,269,0.4795539033457249,0.5302520750170385,-1.7026854806968776,0.5541037473760773,False,False,0.9556865282729191,False
AWAY:xg10_top & GAME:xpace_high,pl,523,0.5258126195028681,0.5038444021750089,1.0494527363610455,268,0.4253731343283582,0.48488458890959696,-2.0307215322460497,0.2939697973183394,False,False,0.9788583745947945,False
AWAY:xg10_top & GAME:xpace_high,tot,499,0.46292585170340683,0.5028186522389798,-1.7841633142992306,253,0.43873517786561267,0.49976600097817975,-1.9432850541189943,0.07439713156799688,False,True,0.025990863159758758,False
AWAY:xg10_top & MKT:ml_dispersion_high,ml,208,0.5432692307692307,0.5481630351840505,-0.14449512940288808,87,0.4482758620689655,0.5407330510694236,-1.7605446295964284,0.8851095022656956,False,True,0.03915775369615371,False
AWAY:xg10_top & MKT:ml_dispersion_high,pl,208,0.5288461538461539,0.48944632985320236,1.1894579903098799,87,0.41379310344827586,0.4604429534044278,-0.909341673183544,0.23425949278186342,False,False,0.8184151002032654,False
AWAY:xg10_bottom & AWAY:revenge,ml,223,0.27802690582959644,0.34241326062883304,-2.0849723570524206,94,0.2553191489361702,0.37794594551548777,-2.500922821310303,0.03707180981273538,False,True,0.006193508483356131,False
AWAY:xg10_bottom & AWAY:revenge,pl,220,0.42727272727272725,0.5073169926599165,-2.429387234926663,91,0.5164835164835165,0.5430331815674097,-0.51971984472796,0.015124368936327,False,True,0.3016294266723023,False
AWAY:xg10_bottom & AWAY:revenge,tot,205,0.4975609756097561,0.5013364423056591,-0.10822692733884887,90,0.4888888888888889,0.4992029197697681,-0.1958592714839928,0.9138156854771997,False,True,0.42236015821747286,False
AWAY:xg10_bottom & TOTAL:tl=6,ml,208,0.33653846153846156,0.36589182862029695,-0.9048008571416039,54,0.37037037037037035,0.4066333917738338,-0.5571182216477185,0.36557089750498073,False,True,0.28872332931875444,False
AWAY:xg10_bottom & TOTAL:tl=6,pl,207,0.5120772946859904,0.5216149612103747,-0.2810748507769831,51,0.43137254901960786,0.5184216231837404,-1.2735123247053717,0.7786529900833014,False,True,0.10141815096996493,False
AWAY:xg10_bottom & TOTAL:tl=6.5,ml,272,0.3382352941176471,0.36315442066861636,-0.8783736873037167,78,0.3076923076923077,0.3874590815291451,-1.4988876790106782,0.379740958935575,False,True,0.06695138663113837,False
AWAY:xg10_bottom & TOTAL:tl=6.5,pl,269,0.49814126394052044,0.521086960023967,-0.7709429561418325,72,0.4722222222222222,0.49588933463453955,-0.41154427134971255,0.4407407440932788,False,True,0.34033674285833415,False
AWAY:xg10_bottom & TOTAL:tl=6.5,tot,261,0.5057471264367817,0.5024712965107372,0.10597114975043141,75,0.4666666666666667,0.5001579229285099,-0.5805495471407227,0.9156052424317959,False,False,0.7192279578388642,False
AWAY:xg10_bottom & GAME:pace_high,ml,489,0.32515337423312884,0.36103984766381564,-1.6995779112270077,193,0.35751295336787564,0.403570069662558,-1.3415181521083845,0.08921034812554515,False,True,0.08987614010772799,False
AWAY:xg10_bottom & GAME:pace_high,pl,483,0.4927536231884058,0.5222803449050945,-1.3290994794058248,186,0.5053763440860215,0.5271866163305965,-0.6113060415875466,0.183815152023595,False,True,0.27049849602856074,False
AWAY:xg10_bottom & GAME:pace_high,tot,460,0.5282608695652173,0.5010550260897858,1.168185007687497,181,0.5193370165745856,0.5018182024661465,0.4717385611756212,0.24273214657546438,False,True,0.3185567046854022,False
AWAY:xg10_bottom & GAME:xpace_high,ml,534,0.3258426966292135,0.3655913479922043,-1.9639428714363283,253,0.34782608695652173,0.40241823233676965,-1.8176270489093735,0.04953671737689864,False,True,0.0345605772693989,False
AWAY:xg10_bottom & GAME:xpace_high,pl,528,0.49242424242424243,0.5214746261027482,-1.3684759558194288,243,0.5020576131687243,0.531667139904923,-0.949352686726618,0.1711631431720959,False,True,0.17122063267268417,False
AWAY:xg10_bottom & GAME:xpace_high,tot,501,0.5269461077844312,0.5005314473433037,1.1836488675011334,240,0.49583333333333335,0.4998102799941307,-0.12331943346779016,0.23655208759208013,False,False,0.5490729236966689,False
AWAY:pdo_high & AWAY:lucky,ml,245,0.4897959183673469,0.5174303463274146,-0.8840934818622996,148,0.527027027027027,0.531555784380121,-0.11212302207801318,0.3766457515334022,False,True,0.4553629317718593,False
AWAY:pdo_high & AWAY:lucky,pl,245,0.46938775510204084,0.4997246557148683,-0.9940904776378194,148,0.4391891891891892,0.47239955320774224,-0.845827378192088,0.32017882084037963,False,True,0.19882452495096925,False
AWAY:pdo_high & AWAY:lucky,tot,235,0.46382978723404256,0.5027815754881546,-1.1951570534705245,139,0.460431654676259,0.5028006890549327,-0.9999827397931095,0.23202567438208654,False,True,0.158659430432267,False
AWAY:pdo_high & GAME:pace_high,ml,203,0.4975369458128079,0.5159595438077782,-0.5359919170436891,118,0.5508474576271186,0.5288934589128287,0.4849956768725641,0.5919641367672073,False,False,0.6861602939326262,False
AWAY:pdo_high & GAME:pace_high,pl,203,0.47783251231527096,0.5017891571842732,-0.7158567178051894,118,0.4491525423728814,0.4841114581026053,-0.7957597634480985,0.4740798263905165,False,True,0.2130858413776921,False
AWAY:pdo_high & GAME:xpace_high,ml,267,0.49812734082397003,0.51683740681221,-0.6242348969300752,150,0.5333333333333333,0.5314942118693485,0.04581684535734877,0.5324733320588138,False,False,0.5182718838718234,False
AWAY:pdo_high & GAME:xpace_high,pl,267,0.47191011235955055,0.4973942927660519,-0.8727010000606928,150,0.43333333333333335,0.4702089252849432,-0.9462879955672178,0.38282607247476397,False,True,0.17200085725720532,False
AWAY:pdo_high & GAME:xpace_high,tot,257,0.4669260700389105,0.5023360863902767,-1.1361826803194415,142,0.45774647887323944,0.5027927680261377,-1.0745854005034357,0.25588011753768714,False,True,0.14128019554978882,False
AWAY:pdo_low & AWAY:unlucky,ml,245,0.45714285714285713,0.4001320880990101,1.9033418179931287,125,0.408,0.43911792290598917,-0.7206882207235765,0.05699595756504488,False,False,0.7644493193372316,False
AWAY:pdo_low & AWAY:unlucky,pl,240,0.5666666666666667,0.5024695074175978,2.0465986857341085,125,0.512,0.5227597842557576,-0.24868079651443536,0.04069750400734238,False,False,0.5981961477795111,False
AWAY:pdo_low & AWAY:unlucky,tot,236,0.5,0.5022692998235185,-0.06979169437383598,120,0.475,0.5004504628361277,-0.5580252567999578,0.9443594579885827,False,True,0.2884135687850804,False
AWAY:pdo_low & GAME:pace_high,ml,226,0.415929203539823,0.40245406266171896,0.43110843199486115,89,0.38202247191011235,0.4245963069992734,-0.8376569238931183,0.6663895298947261,False,False,0.7988882936148595,False
AWAY:pdo_low & GAME:pace_high,pl,221,0.5656108597285068,0.503283669095489,1.909188174256743,88,0.5,0.5239951763729577,-0.4634038544634392,0.0562378212793675,False,False,0.6784625418291734,False
AWAY:pdo_low & GAME:pace_high,tot,218,0.5091743119266054,0.5014619217577273,0.2279608193398144,86,0.5,0.5006650433408139,-0.01234481336896046,0.8196767002182066,False,False,0.5049247429123379,False
AWAY:pdo_low & GAME:xpace_high,ml,279,0.43010752688172044,0.4082546601958094,0.7754446913844107,131,0.3969465648854962,0.4339775950011564,-0.8803892103518983,0.43807693551494,False,False,0.8106757502304995,False
AWAY:pdo_low & GAME:xpace_high,pl,274,0.5620437956204379,0.505299737480364,1.9352391475518613,130,0.5153846153846153,0.5244884840904862,-0.2142892224436842,0.052960955866827746,False,False,0.584839238957607,False
AWAY:pdo_low & GAME:xpace_high,tot,269,0.5092936802973977,0.5012425525505286,0.2643459714572204,126,0.46825396825396826,0.5011221012899922,-0.738437816249148,0.7915133395905227,False,False,0.7698757791665141,False
AWAY:lucky & TOTAL:tl=6.5,ml,223,0.452914798206278,0.4778244391836012,-0.7678472056497697,73,0.4383561643835616,0.5013775000576693,-1.1114365286800028,0.442577965731504,False,True,0.13319024815479452,False
AWAY:lucky & TOTAL:tl=6.5,pl,223,0.49327354260089684,0.52017294066163,-0.8316881479759918,72,0.4583333333333333,0.5001848323561192,-0.7325073325076616,0.40558499223849365,False,True,0.23192948444301753,False
AWAY:lucky & TOTAL:tl=6.5,tot,217,0.4608294930875576,0.5053326759878597,-1.312576282832993,71,0.4647887323943662,0.5071869277527469,-0.7151742149092053,0.18932576579942595,False,True,0.237250699961567,False
AWAY:lucky & GAME:pace_high,ml,387,0.4599483204134367,0.48073322306855926,-0.8439575579832832,165,0.509090909090909,0.515532309890636,-0.1691487946023628,0.39869312272986057,False,True,0.4328398026505155,False
AWAY:lucky & GAME:pace_high,pl,387,0.5064599483204134,0.5224621851153068,-0.6542395113823551,164,0.45121951219512196,0.4959972067844889,-1.1962538627719987,0.5129575095489314,False,True,0.11579875364823139,False
AWAY:lucky & GAME:pace_high,tot,370,0.4837837837837838,0.5028454335411039,-0.7339581446600641,156,0.4230769230769231,0.5050635311279734,-2.0497052982993362,0.4629742479523974,False,True,0.020196598840706178,False
AWAY:lucky & GAME:xpace_high,ml,472,0.4576271186440678,0.4850202190268768,-1.226682375381611,213,0.4835680751173709,0.5091133638190797,-0.7630033197323688,0.21994199450515683,False,True,0.222730708019033,False
AWAY:lucky & GAME:xpace_high,pl,472,0.5042372881355932,0.5184853042838236,-0.6436354059393325,212,0.4481132075471698,0.48768570404774086,-1.2008801193892447,0.5198118853718209,False,True,0.1148988535509714,False
AWAY:lucky & GAME:xpace_high,tot,454,0.473568281938326,0.502054370844219,-1.214971576075871,202,0.4504950495049505,0.5032380375199476,-1.5005720124375082,0.22437693248335777,False,True,0.06673314737165616,False
AWAY:unlucky & TOTAL:tl=6.5,ml,328,0.4878048780487805,0.45605143837309126,1.2011460343749445,86,0.4069767441860465,0.46409812382713067,-1.0953815418256694,0.22969455866374733,False,False,0.8633252413913123,False
AWAY:unlucky & TOTAL:tl=6.5,pl,326,0.5368098159509203,0.5037039674652121,1.2341059194268569,86,0.4883720930232558,0.5178619966740924,-0.5645853489034971,0.2171634380680857,False,False,0.713822083554813,False
AWAY:unlucky & TOTAL:tl=6.5,tot,316,0.48417721518987344,0.5064431399971744,-0.7926628001748629,85,0.47058823529411764,0.5029177192090937,-0.5966967795882203,0.42797430924421287,False,True,0.2753549215469421,False
AWAY:unlucky & GAME:pace_high,ml,469,0.5031982942430704,0.4368321537932004,3.0121394203530096,160,0.39375,0.4397687054699915,-1.2064060265953371,0.002594134228372243,False,False,0.8861695132714952,False
AWAY:unlucky & GAME:pace_high,pl,464,0.5711206896551724,0.5117185446715041,2.644491003682376,160,0.525,0.536178579598298,-0.29168380521808457,0.008181388147511511,False,False,0.6147358036970372,False
AWAY:unlucky & GAME:pace_high,tot,445,0.4786516853932584,0.5032500686787786,-1.03901129165851,152,0.48026315789473684,0.49989919916241377,-0.4845394901952525,0.2987994848044282,False,True,0.31400152269420145,False
AWAY:unlucky & GAME:xpace_high,ml,549,0.4990892531876138,0.44098003819032977,2.8518870513521093,225,0.4177777777777778,0.4477022394214209,-0.9282755000670112,0.004346054022883327,False,False,0.823367660302875,False
AWAY:unlucky & GAME:xpace_high,pl,544,0.5643382352941176,0.5114719898521346,2.547973964362252,225,0.5333333333333333,0.5345568052288469,-0.037943189771574945,0.010835055712566133,False,False,0.5151335113162322,False
AWAY:unlucky & GAME:xpace_high,tot,522,0.4827586206896552,0.5027202444285718,-0.913165008550214,214,0.48598130841121495,0.49967079769374667,-0.40082755600694897,0.36115576414993167,False,True,0.3442735446939835,False
AWAY:unlucky & MKT:ml_dispersion_high,ml,210,0.5238095238095238,0.4719062266364198,1.5663694365604297,88,0.5,0.45587948419837204,0.8572038799806967,0.11726215382426448,False,True,0.195666109278418,False
AWAY:unlucky & MKT:ml_dispersion_high,pl,208,0.5384615384615384,0.4894349771896068,1.4666485600356167,88,0.6136363636363636,0.5225028318235799,1.7730358619829376,0.14247168288401013,False,True,0.03811138230380277,False
AWAY:revenge & TOTAL:tl=6,ml,272,0.47794117647058826,0.4319728308981593,1.5835550166198535,50,0.48,0.4616522007427891,0.26794163249760156,0.113295017434577,False,True,0.3943721234235056,False
AWAY:revenge & TOTAL:tl=6,pl,271,0.5424354243542435,0.5249471791439005,0.595262459432844,49,0.46938775510204084,0.4963434900132358,-0.3891680003620647,0.5516680454614192,False,False,0.6514240633596068,False
AWAY:revenge & TOTAL:tl=6,tot,257,0.46303501945525294,0.5000257168459513,-1.1867064053506502,46,0.5,0.4972414633217381,0.03743704717385609,0.2353434475954288,False,False,0.5149317330047404,False
AWAY:revenge & TOTAL:tl=6.5,ml,329,0.425531914893617,0.42518248726921026,0.01326582044800202,83,0.3132530120481928,0.4222789899903579,-2.0755815413234124,0.9894157171195979,False,False,0.9810336649504887,False
AWAY:revenge & TOTAL:tl=6.5,pl,328,0.5304878048780488,0.5175721090459435,0.4817960179842934,80,0.425,0.5172947642034924,-1.6986257220814671,0.6299508584105321,False,False,0.955305136613163,False
AWAY:revenge & TOTAL:tl=6.5,tot,319,0.4890282131661442,0.5077095746426084,-0.668223716246392,79,0.4177215189873418,0.5047598812902021,-1.548388722055931,0.5039907988652925,False,True,0.060764367441543884,False
AWAY:revenge & GAME:both_primary,ml,202,0.47029702970297027,0.44165924677647306,0.8451923983990629,99,0.32323232323232326,0.4463273344999378,-2.5177344969104363,0.3980034258441728,False,False,0.9940943841419155,False
AWAY:revenge & GAME:both_primary,pl,202,0.5198019801980198,0.5249829140495362,-0.1526394144279378,98,0.45918367346938777,0.5247064960669428,-1.3450612860334394,0.8786826409687288,False,True,0.08930272198599798,False
AWAY:revenge & GAME:divisional,ml,222,0.42342342342342343,0.4196922962988383,0.11679151521195118,83,0.3373493975903614,0.43507632563410253,-1.843727611413773,0.9070252676161685,False,False,0.9673885765300606,False
AWAY:revenge & GAME:divisional,pl,221,0.5248868778280543,0.5171533756067375,0.23726558009159404,83,0.4578313253012048,0.5293681533743956,-1.347156436830319,0.8124507628672126,False,False,0.9110350725709766,False
AWAY:revenge & GAME:divisional,tot,209,0.44976076555023925,0.5038992655531732,-1.5671054956465063,79,0.5189873417721519,0.49856664861531064,0.36327450430660485,0.11709003485287137,False,False,0.6418000815449798,False
AWAY:revenge & GAME:pace_high,ml,628,0.4538216560509554,0.431079489309098,1.1908387975898662,221,0.38461538461538464,0.4296648087653206,-1.3909291580447565,0.23371687472762503,False,False,0.9178765450497701,False
AWAY:revenge & GAME:pace_high,pl,625,0.5312,0.5191771288722578,0.6207603538972829,216,0.5,0.5246169453727996,-0.7461601865536247,0.5347573123471938,False,False,0.7722146723023136,False
AWAY:revenge & GAME:pace_high,tot,598,0.479933110367893,0.5037354217526813,-1.1653575202394515,209,0.49282296650717705,0.5003972767958538,-0.21914859019280578,0.2438743048162878,False,True,0.4132671505435011,False
AWAY:revenge & GAME:xpace_high,ml,684,0.4502923976608187,0.42822299613655207,1.2072350102625582,300,0.38,0.4347582536235413,-1.9628236673480075,0.22734165106307347,False,False,0.9751666666247134,False
AWAY:revenge & GAME:xpace_high,pl,681,0.5359765051395007,0.5190337620841996,0.9128855648678318,295,0.49830508474576274,0.5321391265839432,-1.2022973281661002,0.36130273023375403,False,False,0.8853758241295573,False
AWAY:revenge & GAME:xpace_high,tot,650,0.4723076923076923,0.5033094920826711,-1.5824282444157882,286,0.47202797202797203,0.49955287572920276,-0.9317485103177399,0.11355184113104924,False,True,0.1757332550038977,False
AWAY:revenge & MKT:ml_dispersion_high,ml,233,0.5321888412017167,0.45002999870645444,2.619905544939936,107,0.4205607476635514,0.4497427897780297,-0.6213485681424473,0.008795412450709148,False,False,0.7328148478643554,False
AWAY:revenge & MKT:ml_dispersion_high,pl,232,0.5517241379310345,0.5132328334031132,1.2148699020362008,107,0.48598130841121495,0.5100803020239693,-0.5180020927407388,0.22441571480259936,False,False,0.6977715953961396,False
AWAY:revenge & MKT:ml_dispersion_high,tot,220,0.5136363636363637,0.5050431315690797,0.2551865535963254,101,0.5247524752475248,0.5012973755310728,0.4717140183012829,0.7985790160279036,False,True,0.318565464898069,False
AWAY:early_gp10 & GAME:both_primary,ml,200,0.46,0.4572669864388116,0.07995821968718943,91,0.4945054945054945,0.4543852365759822,0.7893435363286246,0.9362704853898108,False,True,0.21495562373741067,False
AWAY:early_gp10 & GAME:both_primary,pl,200,0.54,0.5185936623495286,0.6288969556001406,91,0.5494505494505495,0.5108193816710802,0.764068982259303,0.529416519295371,False,True,0.22241306769191438,False
AWAY:early_gp10 & CAL:month_10,ml,254,0.4645669291338583,0.46174300262452933,0.09302839783626812,137,0.49635036496350365,0.4636265650422467,0.7898702621115263,0.9258810008320999,False,True,0.2148017700587983,False
AWAY:early_gp10 & CAL:month_10,pl,254,0.531496062992126,0.5164099740132753,0.4984358348005132,137,0.5766423357664233,0.5036086251565451,1.7706809802356729,0.6181768844628059,False,True,0.038306883523962554,False
AWAY:early_gp10 & CAL:month_10,tot,243,0.4691358024691358,0.5032408416382284,-1.0646060918823377,126,0.5396825396825397,0.5033466476266171,0.8164229163654814,0.2870542219152903,False,False,0.7928708528889226,False
AWAY:road_trip_4plus & GAME:pace_high,ml,246,0.46747967479674796,0.4462551756915938,0.6921172621061821,104,0.3269230769230769,0.44393340373195783,-2.478269311953977,0.48886369198241764,False,False,0.9933989273520005,False
AWAY:road_trip_4plus & GAME:pace_high,pl,245,0.5306122448979592,0.5204241196953527,0.3295664466817561,101,0.4752475247524752,0.5104684416747698,-0.7326629368461027,0.7417275790182603,False,False,0.7681179826869076,False
AWAY:road_trip_4plus & GAME:pace_high,tot,232,0.5258620689655172,0.4997697586974283,0.7955746367948351,99,0.48484848484848486,0.500064219831881,-0.3030257687713997,0.4262793134317282,False,False,0.6190648881729106,False
AWAY:road_trip_4plus & GAME:xpace_high,ml,285,0.4631578947368421,0.4500425388908009,0.45970248189287793,143,0.36363636363636365,0.4543675053620774,-2.241131630247407,0.6457297878315511,False,False,0.9874912250576044,False
AWAY:road_trip_4plus & GAME:xpace_high,pl,284,0.5211267605633803,0.5192575685715887,0.0651413422035071,140,0.4857142857142857,0.5136022442098587,-0.6853651946646827,0.948061463996833,False,False,0.7534432492667938,False
AWAY:road_trip_4plus & GAME:xpace_high,tot,270,0.4925925925925926,0.49990952307492603,-0.2406778799062938,135,0.5037037037037037,0.4997657199627279,0.09159877283007885,0.8098047843611845,False,False,0.5364915867538705,False
HOME:first_home_after_trip3 & GAME:pace_high,ml,322,0.5496894409937888,0.5352345373484902,0.5376259222659089,143,0.6083916083916084,0.5310931257138908,1.9072348140506554,0.5908353302981455,False,True,0.028245093570343337,False
HOME:first_home_after_trip3 & GAME:pace_high,pl,321,0.4984423676012461,0.49023523279718323,0.3049334538203978,143,0.5664335664335665,0.49715988079284656,1.7179673264816455,0.7604168359219416,False,True,0.0429012875459464,False
HOME:first_home_after_trip3 & GAME:pace_high,tot,306,0.4869281045751634,0.5029744533441343,-0.5620022475718081,136,0.45588235294117646,0.502380804080789,-1.085362646787437,0.57411448777995,False,True,0.13888053470660916,False
HOME:first_home_after_trip3 & GAME:xpace_high,ml,372,0.5483870967741935,0.5365750150501334,0.47188343779404857,189,0.6190476190476191,0.5342106195814029,2.403129836710771,0.6370099904109059,False,True,0.008127707406344753,False
HOME:first_home_after_trip3 & GAME:xpace_high,pl,371,0.48247978436657685,0.48943903188945204,-0.27788983268565226,189,0.5396825396825397,0.48715341772426457,1.4991240177681244,0.7810969289740102,False,False,0.9330792690619926,False
HOME:first_home_after_trip3 & GAME:xpace_high,tot,354,0.4830508474576271,0.5029078216779651,-0.7480083017428921,178,0.47752808988764045,0.5018624082085215,-0.6499199054778773,0.45445515013155513,False,True,0.25787197979602616,False
PRICE:hold_low & GAME:xpace_high,ml,226,0.5176991150442478,0.5361390537515884,-0.5705133954419433,0,,,,0.5683295392989202,False,False,,False
PRICE:hold_low & GAME:xpace_high,pl,226,0.4690265486725664,0.4768430887829314,-0.24365422226099775,0,,,,0.8074986302488351,False,False,,False
PRICE:hold_low & GAME:xpace_high,tot,220,0.4909090909090909,0.5025002164379213,-0.3442042148493978,0,,,,0.7306927127670013,False,False,,False
TOTAL:tl=6 & GAME:both_primary,ml,361,0.5235457063711911,0.5291188099940872,-0.21788074868665608,133,0.5639097744360902,0.5396092277348352,0.5772095431215986,0.8275220271402225,False,False,0.7181010444239466,False
TOTAL:tl=6 & GAME:both_primary,pl,361,0.43490304709141275,0.46310064450670463,-1.1178180963060356,131,0.549618320610687,0.4795968101232416,1.6625466749615248,0.26364469107136757,False,False,0.9517983935480475,False
TOTAL:tl=6 & GAME:both_primary,tot,340,0.49411764705882355,0.4994293837353265,-0.19600517230037653,123,0.44715447154471544,0.4998060995514245,-1.1685602291747652,0.8446061176131973,False,True,0.1212904298519547,False
TOTAL:tl=6 & GAME:divisional,ml,216,0.5046296296296297,0.5410171730124271,-1.1099789358810923,64,0.578125,0.516766149570451,1.0125732721172183,0.26700810346428683,False,False,0.844367984101242,False
TOTAL:tl=6 & GAME:divisional,pl,215,0.4325581395348837,0.47754744469457877,-1.370871536579905,64,0.59375,0.49123487679178623,1.6981316603781296,0.17041500570511559,False,False,0.955258542378608,False
TOTAL:tl=6 & GAME:divisional,tot,200,0.495,0.49858993555420483,-0.1015996126256106,56,0.48214285714285715,0.4993786615177429,-0.25812861582415075,0.9190744869392672,False,True,0.3981538237494421,False
TOTAL:tl=6 & GAME:pace_high,ml,710,0.5366197183098591,0.5398336422686999,-0.17740304970486215,162,0.5617283950617284,0.5288212386216242,0.8602751824898253,0.8591918119943829,False,False,0.8051813150887752,False
TOTAL:tl=6 & GAME:pace_high,pl,709,0.44569816643159377,0.47266658335716505,-1.4913692562677396,161,0.5403726708074534,0.4807897935735547,1.5685129875511283,0.1358645751159552,False,False,0.9416192693087605,False
TOTAL:tl=6 & GAME:pace_high,tot,665,0.5052631578947369,0.5000052370026611,0.2713369059163724,146,0.4589041095890411,0.499241246078941,-0.9753933026133433,0.7861319239413451,False,False,0.8353173977290496,False
TOTAL:tl=6 & GAME:xpace_high,ml,817,0.5263157894736842,0.5383981811664011,-0.7149325016550885,242,0.5330578512396694,0.5279849501977066,0.16257052855782247,0.47465075254756095,False,False,0.5645717034742682,False
TOTAL:tl=6 & GAME:xpace_high,pl,816,0.4387254901960784,0.4742310748207772,-2.106868171333638,239,0.5062761506276151,0.48485750027415275,0.6861485755282218,0.03512900825347392,False,False,0.7536902890017627,False
TOTAL:tl=6 & GAME:xpace_high,tot,767,0.4980443285528031,0.4996099580898028,-0.08676992042544962,216,0.4675925925925926,0.4997761596825904,-0.9465640540981203,0.9308543974436895,False,True,0.17193048400378663,False
TOTAL:tl=6 & CAL:dow_thu,ml,211,0.5213270142180095,0.5396674867160534,-0.5513453939677795,58,0.5689655172413793,0.5544335774474283,0.22861415978490535,0.5813969259996958,False,False,0.5904155909552098,False
TOTAL:tl=6 & CAL:dow_thu,pl,211,0.43601895734597157,0.47091117467398635,-1.0553762328475742,57,0.42105263157894735,0.46434085412296067,-0.6748940017581517,0.29125328837781017,False,True,0.249871555839417,False
TOTAL:tl=6 & CAL:dow_thu,tot,204,0.4411764705882353,0.5003745507124012,-1.6919698826017073,53,0.4339622641509434,0.49799620330697736,-0.9329199504963842,0.09065171618514564,False,True,0.17543065037646766,False
TOTAL:tl=6 & MKT:ml_dispersion_high,ml,278,0.4712230215827338,0.5089579105968451,-1.300122706584432,112,0.5625,0.49722719132314935,1.4178373700135607,0.19355891641629464,False,False,0.9218808745044803,False
TOTAL:tl=6 & MKT:ml_dispersion_high,pl,277,0.4296028880866426,0.4957016718659225,-2.2947868613058438,112,0.5357142857142857,0.5074690644701375,0.6216380719459667,0.021745341973531087,False,False,0.732910059573208,False
TOTAL:tl=6 & MKT:ml_dispersion_high,tot,261,0.5057471264367817,0.5003779720692475,0.17358549247216298,102,0.5392156862745098,0.5017686451262187,0.7568132675653877,0.8621912342522691,False,True,0.2245808714922783,False
TOTAL:tl=6 & MKT:pl_ratio_low,ml,369,0.5772357723577236,0.5410343640160685,1.3975383183417933,107,0.5420560747663551,0.5467705710461925,-0.09808865701790623,0.1622517521553315,False,False,0.5390690527606021,False
TOTAL:tl=6 & MKT:pl_ratio_low,pl,369,0.4146341463414634,0.37021787894773955,1.8280571719442726,107,0.411214953271028,0.34466204978408954,1.4666177264987887,0.06754097169970696,False,True,0.07124003755254382,False
TOTAL:tl=6 & MKT:pl_ratio_low,tot,342,0.5146198830409356,0.5000996836202142,0.5373613775124201,98,0.5102040816326531,0.4987298250426871,0.22732069256062748,0.5910180163965533,False,True,0.41008719195632176,False
TOTAL:tl=6 & MKT:pl_ratio_high,ml,249,0.6626506024096386,0.6996451817780741,-1.2795108755976663,72,0.7083333333333334,0.6774738283294306,0.5618504301278939,0.20071721230162387,False,False,0.7128910353301208,False
TOTAL:tl=6 & MKT:pl_ratio_high,pl,249,0.46184738955823296,0.48923687121622217,-0.8695650751837366,72,0.4861111111111111,0.46299503909249295,0.39446711123580375,0.3845381307408746,False,False,0.6533818978775826,False
TOTAL:tl=6 & MKT:pl_ratio_high,tot,232,0.46551724137931033,0.5002043855993402,-1.057324020436034,63,0.49206349206349204,0.49885672468148884,-0.10789885909976447,0.29036373429370854,False,True,0.4570379610729505,False
TOTAL:tl=6.5 & GAME:both_backups,ml,242,0.5206611570247934,0.5282363031730418,-0.24449613256517164,72,0.5,0.5053603596944498,-0.09546450459438736,0.806846596870146,False,True,0.4619729413454012,False
TOTAL:tl=6.5 & GAME:both_backups,pl,242,0.4834710743801653,0.48287245489865815,0.019222531672701947,68,0.5441176470588235,0.5044965786145905,0.6707550110610425,0.9846635832469187,False,True,0.2511883059100982,False
TOTAL:tl=6.5 & GAME:both_backups,tot,233,0.5236051502145923,0.508579418914739,0.4594393762538031,72,0.375,0.5066854667371588,-2.237541650898229,0.6459186772104115,False,False,0.9873745198622861,False
TOTAL:tl=6.5 & GAME:both_primary,ml,402,0.5771144278606966,0.5453700646496314,1.3192026309231697,124,0.5887096774193549,0.5305403161587607,1.3356632979460505,0.18710137897995327,False,True,0.09082967536466185,False
TOTAL:tl=6.5 & GAME:both_primary,pl,402,0.48507462686567165,0.48364924025306144,0.059186819479713354,122,0.47540983606557374,0.4992528403130482,-0.5454724649149076,0.9528033077697513,False,False,0.7072856933732432,False
TOTAL:tl=6.5 & GAME:both_primary,tot,379,0.46437994722955145,0.5048386914679583,-1.5773906274963088,119,0.48739495798319327,0.5037419091376227,-0.35694205673480234,0.11470567068072494,False,True,0.360567592007045,False
TOTAL:tl=6.5 & GAME:divisional,ml,269,0.5613382899628253,0.5338495207311524,0.9379252560371154,78,0.6282051282051282,0.5383802663171556,1.6537975932055933,0.3482828228840308,False,True,0.049084322581943896,False
TOTAL:tl=6.5 & GAME:divisional,pl,269,0.5092936802973977,0.497814462961659,0.38807248098032354,75,0.56,0.5056083689679319,0.9706495731541351,0.6979623961931477,False,True,0.1658614054746873,False
TOTAL:tl=6.5 & GAME:divisional,tot,256,0.50390625,0.5074225468142104,-0.11269848342300219,76,0.3157894736842105,0.502523365150369,-3.2580357235127746,0.9102696036437279,False,True,0.0005609314136692946,False
TOTAL:tl=6.5 & GAME:pace_high,ml,993,0.5317220543806647,0.5368063576030767,-0.33272915373895623,296,0.5675675675675675,0.5300199188362211,1.344499025325487,0.7393387407488354,False,False,0.910606464302733,False
TOTAL:tl=6.5 & GAME:pace_high,pl,990,0.48383838383838385,0.4853772215162809,-0.10010147143041169,287,0.5296167247386759,0.4947677879832223,1.216999709995189,0.920263767169203,False,False,0.8881978369008134,False
TOTAL:tl=6.5 & GAME:pace_high,tot,952,0.4947478991596639,0.506604314208426,-0.7326728405847269,285,0.43859649122807015,0.5040507571948167,-2.2118491098449153,0.46375799271819496,False,True,0.013488546264536223,False
TOTAL:tl=6.5 & GAME:xpace_high,ml,1109,0.5320108205590622,0.53468557887804,-0.1847851305100868,326,0.5797546012269938,0.5307006456945421,1.8426986059792454,0.8533975711449149,False,False,0.9673134861610968,False
TOTAL:tl=6.5 & GAME:xpace_high,pl,1106,0.4837251356238698,0.4867674797047072,-0.20923146243341004,316,0.5253164556962026,0.4947203587143905,1.1211568720826435,0.8342675524688383,False,False,0.8688894530282938,False
TOTAL:tl=6.5 & GAME:xpace_high,tot,1064,0.4906015037593985,0.506137686226451,-1.014926946145866,315,0.4380952380952381,0.5037429644589959,-2.3322506317139693,0.31014065231680565,False,True,0.009843754996581395,False
TOTAL:tl=6.5 & CAL:month_11,ml,232,0.5172413793103449,0.5277060891470768,-0.3275502433567539,74,0.5405405405405406,0.5220815128585298,0.325964905717883,0.7432517481104653,False,False,0.6277745463093776,False
TOTAL:tl=6.5 & CAL:month_11,pl,232,0.46120689655172414,0.48556720474618265,-0.7704284678106993,73,0.4931506849315068,0.4857553627856956,0.13112441116814783,0.4410457720044809,False,False,0.5521615547185504,False
TOTAL:tl=6.5 & CAL:month_11,tot,222,0.481981981981982,0.5076542637469753,-0.7660622815780836,73,0.4657534246575342,0.5063289308026285,-0.694050752705071,0.4436392446213818,False,True,0.2438251905947259,False
TOTAL:tl=6.5 & CAL:month_12,ml,204,0.553921568627451,0.5444266105661887,0.2803965639646482,37,0.6216216216216216,0.5408980277476022,1.0281110833499651,0.7791732729231725,False,True,0.1519487888327427,False
TOTAL:tl=6.5 & CAL:month_12,pl,204,0.5196078431372549,0.487977098729026,0.937716408820153,35,0.6,0.4984697812839065,1.2351410638132545,0.3483901689262451,False,True,0.10838900447857536,False
TOTAL:tl=6.5 & CAL:dow_tue,ml,263,0.5437262357414449,0.5389238730608382,0.1618230773240498,82,0.5609756097560976,0.5252614327897754,0.668534850361246,0.8714451794852635,False,True,0.25189612182058074,False
TOTAL:tl=6.5 & CAL:dow_tue,pl,262,0.48091603053435117,0.4799319682192428,0.032923049132775335,81,0.5925925925925926,0.50889439099654,1.5543461797690692,0.9737359522072363,False,True,0.06005093184118014,False
TOTAL:tl=6.5 & CAL:dow_tue,tot,256,0.515625,0.5058657099177089,0.3127179497473196,80,0.4375,0.5035367398010578,-1.1823462459719873,0.7544949571414723,False,False,0.8814658286238579,False
TOTAL:tl=6.5 & CAL:dow_thu,ml,275,0.5272727272727272,0.5457826897578146,-0.6370310660662526,68,0.6029411764705882,0.5495157942612351,0.9234836374723175,0.5241046082624712,False,False,0.8221223882420485,False
TOTAL:tl=6.5 & CAL:dow_thu,pl,274,0.4635036496350365,0.4803627791696485,-0.5762758924279473,65,0.46153846153846156,0.5020949404802523,-0.6724286262423029,0.5644287149781629,False,True,0.2506554319294595,False
TOTAL:tl=6.5 & CAL:dow_thu,tot,268,0.4626865671641791,0.5058810267160924,-1.4160632244898126,65,0.46153846153846156,0.5022603995320345,-0.6570849851058578,0.15675699415731342,False,True,0.25556313642740325,False
TOTAL:tl=6.5 & CAL:dow_sat,ml,253,0.5573122529644269,0.5382702628201612,0.6279331836106797,78,0.6153846153846154,0.5308323767664666,1.5482369854348952,0.5300477116236423,False,True,0.0607826248580823,False
TOTAL:tl=6.5 & CAL:dow_sat,pl,252,0.46825396825396826,0.48056832079901757,-0.40472265268918267,77,0.4675324675324675,0.4910778511418628,-0.42595564231790706,0.6856813891640321,False,True,0.33507008429391877,False
TOTAL:tl=6.5 & CAL:dow_sat,tot,240,0.5041666666666667,0.507109584218022,-0.0913030316305012,74,0.43243243243243246,0.5033241465827821,-1.2206625192205107,0.9272518091597598,False,True,0.11110691220786045,False
TOTAL:tl=6.5 & MKT:ml_dispersion_high,ml,429,0.5361305361305362,0.5089774777499765,1.161191986980898,121,0.5371900826446281,0.5305165973665256,0.15175018169364737,0.2455638326933406,False,True,0.43969198809653764,False
TOTAL:tl=6.5 & MKT:ml_dispersion_high,pl,428,0.514018691588785,0.5009600767668058,0.5603756604431543,120,0.475,0.5061702766450609,-0.7071019526277342,0.5752232298300448,False,False,0.7602484386873474,False
TOTAL:tl=6.5 & MKT:ml_dispersion_high,tot,405,0.49876543209876545,0.5060990847822755,-0.295569179882069,119,0.42857142857142855,0.5026182179688868,-1.6167232463322294,0.7675591133998819,False,True,0.05296901684495018,False
TOTAL:tl=6.5 & MKT:pl_ratio_low,ml,304,0.5328947368421053,0.5316561885923365,0.043314192003547816,82,0.573170731707317,0.5379214081945904,0.6411062360018113,0.9654510782570838,False,True,0.2607268314519939,False
TOTAL:tl=6.5 & MKT:pl_ratio_low,pl,304,0.4309210526315789,0.397798386948023,1.2417053210396385,82,0.3780487804878049,0.3543606888702096,0.45856485733420593,0.2143453060086271,False,True,0.3232733388919218,False
TOTAL:tl=6.5 & MKT:pl_ratio_low,tot,290,0.4896551724137931,0.5066512447566963,-0.5796205754385314,77,0.5064935064935064,0.502832089328922,0.06430884477449152,0.562170514651728,False,False,0.5256378445383741,False
TOTAL:tl=6.5 & MKT:pl_ratio_high,ml,440,0.6954545454545454,0.6893129259054389,0.28000940783100836,126,0.6666666666666666,0.6818364886623675,-0.3673094358861025,0.7794702870915716,False,False,0.6433058917748705,False
TOTAL:tl=6.5 & MKT:pl_ratio_high,pl,440,0.45681818181818185,0.4842709107056324,-1.1601167462722297,126,0.4365079365079365,0.47315448096958496,-0.8275075513927396,0.24600127691977203,False,True,0.2039747218842391,False
TOTAL:tl=6.5 & MKT:pl_ratio_high,tot,425,0.5011764705882353,0.5050218574311921,-0.15876336334776298,125,0.44,0.5051634022022872,-1.4585805107949572,0.8738553144522945,False,True,0.07234030046189985,False
TOTAL:tl=6.5 & MKT:over_juiced,ml,213,0.5211267605633803,0.540306630583635,-0.5787976674268709,37,0.5945945945945946,0.5348638615732467,0.7541740652331036,0.5627257052348872,False,False,0.7746276458203765,False
TOTAL:tl=6.5 & MKT:over_juiced,pl,213,0.4413145539906103,0.4858362013082994,-1.3427831739433,36,0.4722222222222222,0.45857042303095397,0.1687602795997216,0.17934219328551337,False,False,0.5670073987931246,False
TOTAL:tl=6.5 & MKT:over_juiced,tot,212,0.5943396226415094,0.542066615601934,1.5280233598289639,37,0.43243243243243246,0.5389396598715398,-1.299805761108151,0.12650673819611538,False,False,0.9031662247662386,False
GAME:both_backups & GAME:pace_high,ml,354,0.5310734463276836,0.5343870269271035,-0.12944931565468806,135,0.48148148148148145,0.5213150230552134,-0.964441852512169,0.8970021276613394,False,True,0.1674122238772464,False
GAME:both_backups & GAME:pace_high,pl,354,0.480225988700565,0.4812306255803166,-0.039055957042124965,131,0.5190839694656488,0.500574986219373,0.43586753766687114,0.9688457753450693,False,False,0.6685335804799697,False
GAME:both_backups & GAME:pace_high,tot,335,0.5074626865671642,0.5053087132152362,0.07894785664145301,130,0.46923076923076923,0.5036699415346179,-0.7860572544257077,0.937074097906769,False,False,0.7840830273422292,False
GAME:both_backups & GAME:xpace_high,ml,397,0.5340050377833753,0.5343317538528085,-0.013509818161092566,171,0.4853801169590643,0.5218443625128296,-0.9886645021958858,0.9892210525579417,False,True,0.161413658048142,False
GAME:both_backups & GAME:xpace_high,pl,397,0.4811083123425693,0.4844699288205727,-0.1383925742622908,167,0.47904191616766467,0.4953291051750846,-0.4349430525894402,0.8899301654276063,False,True,0.33180188178024017,False
GAME:both_backups & GAME:xpace_high,tot,375,0.5146666666666667,0.5044835187144285,0.394871775477295,165,0.48484848484848486,0.5032157693915185,-0.47229199371423597,0.6929375207859267,False,False,0.6816408078611306,False
GAME:both_primary & GAME:divisional,ml,205,0.5170731707317073,0.5335965808551625,-0.4866864369667245,113,0.672566371681416,0.5290500598064707,3.138959535404255,0.6264805582819004,False,False,0.999152255705403,False
GAME:both_primary & GAME:divisional,pl,205,0.44878048780487806,0.46950084262618236,-0.6179742436614724,112,0.6071428571428571,0.47649874398387454,2.8682928648421755,0.5365923169043059,False,False,0.9979365333599727,False
GAME:both_primary & GAME:pace_high,ml,577,0.5511265164644714,0.5344144319208496,0.8288801469260193,272,0.5992647058823529,0.5335182463971857,2.2279292861346103,0.40717223043505646,False,True,0.01294261544435915,False
GAME:both_primary & GAME:pace_high,pl,577,0.4662045060658579,0.47365128969575515,-0.37185472771372957,269,0.5055762081784386,0.47525625566005864,1.0330285115555902,0.710001013878728,False,False,0.8492047219506846,False
GAME:both_primary & GAME:pace_high,tot,542,0.4612546125461255,0.5017717382385691,-1.8884869591114413,259,0.4826254826254826,0.4998625314306339,-0.5552258132048804,0.05896060700361796,False,True,0.28937010744741404,False
GAME:both_primary & GAME:xpace_high,ml,695,0.5410071942446043,0.5349919030386792,0.3272104647939005,379,0.5963060686015831,0.5334885186112044,2.512764099075698,0.7435087064103957,False,True,0.005989470311393709,False
GAME:both_primary & GAME:xpace_high,pl,695,0.46474820143884893,0.47112487984297263,-0.3497020967756353,375,0.5253333333333333,0.47833624684637455,1.8916751463126398,0.7265622799197978,False,False,0.9707328616278821,False
GAME:both_primary & GAME:xpace_high,tot,655,0.4580152671755725,0.5016069044401169,-2.2334875477136307,363,0.47107438016528924,0.4984793505071868,-1.0452165045251218,0.025516810584444518,False,True,0.14796145854046544,False
GAME:both_primary & MKT:ml_dispersion_high,ml,268,0.5149253731343284,0.5053585175086972,0.3221765572603112,152,0.5197368421052632,0.5109259065729542,0.22302507162740862,0.7473189430332332,False,True,0.4117579967783258,False
GAME:both_primary & MKT:ml_dispersion_high,pl,268,0.4701492537313433,0.4952533848009063,-0.8583058003179951,151,0.5033112582781457,0.5158299502207898,-0.32073798726873687,0.39072362743531996,False,True,0.37420447862543543,False
GAME:both_primary & MKT:ml_dispersion_high,tot,254,0.48031496062992124,0.5024057021839059,-0.7048367363656187,145,0.5448275862068965,0.5006070875045847,1.065886734639889,0.4809118439299165,False,False,0.8567625768740397,False
GAME:both_primary & MKT:pl_ratio_low,ml,322,0.5217391304347826,0.5387443394883213,-0.6129496308673992,189,0.5661375661375662,0.5483780375218121,0.4914144368074816,0.5399096450742463,False,False,0.6884333222728598,False
GAME:both_primary & MKT:pl_ratio_low,pl,322,0.391304347826087,0.37735232113230416,0.5372022870939631,189,0.38095238095238093,0.35049804305250853,0.8923486009305962,0.5911278916291665,False,True,0.18610305588251247,False
GAME:both_primary & MKT:pl_ratio_low,tot,302,0.4966887417218543,0.5018986336973019,-0.1812432535628759,183,0.5136612021857924,0.49719094358706717,0.4461158572224243,0.8561766453225985,False,False,0.6722432205265125,False
GAME:both_primary & MKT:pl_ratio_high,ml,237,0.70042194092827,0.6961787552330034,0.14281877309986463,87,0.7126436781609196,0.6827723876227464,0.6008840876419205,0.8864333102812303,False,True,0.27395859615682133,False
GAME:both_primary & MKT:pl_ratio_high,pl,237,0.45147679324894513,0.4888889642665703,-1.15983483321086,87,0.4482758620689655,0.4688282215762286,-0.38547265770413214,0.24611605900991407,False,True,0.34994363014834035,False
GAME:both_primary & MKT:pl_ratio_high,tot,224,0.39285714285714285,0.5017562375327763,-3.2633299212989515,82,0.4878048780487805,0.5006598143229816,-0.23299264950827453,0.00110111253356121,False,True,0.4078835567800088,False
GAME:divisional & GAME:pace_high,ml,458,0.5436681222707423,0.539136102074718,0.20177592288021337,191,0.643979057591623,0.5309976586354227,3.223082001320227,0.8400919051498166,False,True,0.0006340962141540508,False
GAME:divisional & GAME:pace_high,pl,457,0.47702407002188185,0.48743423775331396,-0.46052647383456824,188,0.601063829787234,0.4869528819590116,3.2453649612285957,0.6451383735776779,False,False,0.9994134990824803,False
GAME:divisional & GAME:pace_high,tot,430,0.49767441860465117,0.5030259228014347,-0.22221868639512035,181,0.4088397790055249,0.5002393109405,-2.4610233740744283,0.8241436481189602,False,True,0.006927066993598033,False
GAME:divisional & GAME:xpace_high,ml,526,0.526615969581749,0.5383019251085334,-0.5569790761978818,249,0.6265060240963856,0.5325067026276874,3.061219735636986,0.5775417251554942,False,False,0.9988978137271202,False
GAME:divisional & GAME:xpace_high,pl,525,0.4723809523809524,0.4876514250927567,-0.7240936899021838,246,0.5975609756097561,0.4884776011923115,3.5494563023246535,0.46900821826856753,False,False,0.999806986235963,False
GAME:divisional & GAME:xpace_high,tot,495,0.5050505050505051,0.502488026828359,0.11415655358442912,234,0.4188034188034188,0.49966547766311104,-2.475756651729755,0.9091136919092738,False,False,0.9933522917853514,False
GAME:pace_high & GAME:xpace_high,ml,1846,0.5335861321776815,0.5383643054432339,-0.42594571935623066,746,0.5630026809651475,0.5321835356587469,1.7396371318387724,0.6701473993401781,False,False,0.9590386225635227,False
GAME:pace_high & GAME:xpace_high,pl,1840,0.4701086956521739,0.48010044251305206,-0.8880441394175297,735,0.5210884353741496,0.4851249051753886,2.018329677990793,0.3745170087269458,False,False,0.9782215310895267,False
GAME:pace_high & GAME:xpace_high,tot,1749,0.49514008004574045,0.5031226545064178,-0.6684082903804124,702,0.45726495726495725,0.501205024756074,-2.330165913694142,0.503873004940271,False,True,0.009898691890723786,False
GAME:pace_high & CAL:month_11,ml,306,0.5196078431372549,0.538866533729595,-0.6919331210011038,154,0.4935064935064935,0.526382027021589,-0.8367548604901828,0.488979329627518,False,True,0.20136518752284616,False
GAME:pace_high & CAL:month_11,pl,306,0.4542483660130719,0.47467969703905594,-0.7438951453069725,152,0.4868421052631579,0.47741198901294996,0.24200380740566924,0.4569399126048659,False,False,0.5956113934870477,False
GAME:pace_high & CAL:month_11,tot,292,0.4863013698630137,0.5044088215917037,-0.619621096016759,146,0.4589041095890411,0.5036978934486164,-1.0833933314257054,0.5355072744636228,False,True,0.13931693717613391,False
GAME:pace_high & CAL:month_12,ml,369,0.5555555555555556,0.5416126178232071,0.5541765185170525,129,0.5891472868217055,0.5351079220903218,1.2656354015411042,0.5794580467922306,False,True,0.1028218227701922,False
GAME:pace_high & CAL:month_12,pl,369,0.46612466124661245,0.4781723623108799,-0.4799016261202254,128,0.5625,0.49068064607940404,1.6790288921456433,0.6312973449122947,False,False,0.9534267934700286,False
GAME:pace_high & CAL:month_12,tot,350,0.4942857142857143,0.5027261862804513,-0.31612644804491136,121,0.4214876033057851,0.4999498137459504,-1.7273844475282318,0.7519065327075988,False,True,0.04204932094023028,False
GAME:pace_high & CAL:month_1,ml,352,0.5255681818181818,0.5355558270258759,-0.3893014689038585,153,0.5294117647058824,0.5306488213047225,-0.0317074372922547,0.697053149820064,False,True,0.48735268188439546,False
GAME:pace_high & CAL:month_1,pl,351,0.4358974358974359,0.4783106438340175,-1.6429508817252316,150,0.4866666666666667,0.48129640718159467,0.13596971947688719,0.10039309628093818,False,False,0.5540773905145946,False
GAME:pace_high & CAL:month_1,tot,330,0.48787878787878786,0.5011867295920465,-0.48396006773491884,145,0.4,0.4998911967489897,-2.4076463125764054,0.628414209141771,False,True,0.008027863609552679,False
GAME:pace_high & CAL:month_2,ml,252,0.5119047619047619,0.5359845759566442,-0.7909555338212917,78,0.5769230769230769,0.5293255192271287,0.8684426489333613,0.4289699400085071,False,False,0.8074239721529682,False
GAME:pace_high & CAL:month_2,pl,251,0.44223107569721115,0.4715581344947516,-0.9647699238610128,77,0.5714285714285714,0.4963333639852294,1.363621347978838,0.3346600633690633,False,False,0.913656615153437,False
GAME:pace_high & CAL:month_2,tot,241,0.47717842323651455,0.5026341479588821,-0.7912476797040867,74,0.47297297297297297,0.4977239360895213,-0.4261431599473826,0.4287994731250324,False,True,0.3350017661566469,False
GAME:pace_high & CAL:month_3,ml,369,0.5474254742547425,0.5376368713007819,0.3924061986890696,142,0.6197183098591549,0.5343518048415896,2.108847380628441,0.6947581066971473,False,True,0.017478878679073225,False
GAME:pace_high & CAL:month_3,pl,366,0.5163934426229508,0.4870607580778084,1.1602045009905884,140,0.55,0.4945746337003237,1.3577320047919168,0.24596555487701133,False,True,0.08727436871093058,False
GAME:pace_high & CAL:month_3,tot,353,0.5127478753541076,0.5042610417008084,0.3192952853931906,131,0.5267175572519084,0.5016449286035326,0.5743262820668488,0.7495026074453257,False,True,0.28287351367253816,False
GAME:pace_high & CAL:dow_tue,ml,400,0.545,0.5409065271841021,0.17005724600423225,158,0.5632911392405063,0.5265848131014664,0.9509684664161819,0.8649651164342609,False,True,0.17081019183552326,False
GAME:pace_high & CAL:dow_tue,pl,399,0.48120300751879697,0.4792659154123464,0.08021079505181412,157,0.554140127388535,0.4963890970423543,1.5006734748052837,0.9360696046176976,False,True,0.06672001848190061,False
GAME:pace_high & CAL:dow_tue,tot,385,0.5272727272727272,0.5026642183236444,0.9667852439910153,152,0.4473684210526316,0.5012848839170434,-1.3305746079115093,0.33365140255799697,False,False,0.9083354889262987,False
GAME:pace_high & CAL:dow_thu,ml,430,0.5302325581395348,0.5435514195340676,-0.5725974056535479,163,0.5521472392638037,0.5430331247062115,0.24090864988998179,0.5669173167185904,False,False,0.5951870410427884,False
GAME:pace_high & CAL:dow_thu,pl,429,0.46853146853146854,0.4708950393837573,-0.10144945853539719,160,0.4875,0.4799105783173642,0.1986020231942496,0.9191936767255806,False,False,0.5787129645708395,False
GAME:pace_high & CAL:dow_thu,tot,414,0.46859903381642515,0.503318601867231,-1.4143079692389644,153,0.5032679738562091,0.500995397935473,0.05625776483152673,0.1572714980939854,False,False,0.5224317678498845,False
GAME:pace_high & CAL:dow_sat,ml,366,0.5382513661202186,0.5419096046449632,-0.14485465120549437,162,0.5864197530864198,0.5273456711775366,1.5508223371428924,0.88482563179288,False,False,0.9395278669774112,False
GAME:pace_high & CAL:dow_sat,pl,365,0.4767123287671233,0.48184684723965393,-0.20345559802844423,161,0.5403726708074534,0.48353412234499105,1.4914596733650423,0.8387789474583496,False,False,0.9320795743978938,False
GAME:pace_high & CAL:dow_sat,tot,347,0.4783861671469741,0.5046692618946207,-0.9802463811497385,148,0.46621621621621623,0.5009730505068024,-0.8463430479632179,0.32696451492592593,False,True,0.19868069985472414,False
GAME:pace_high & MKT:ml_dispersion_high,ml,621,0.5152979066022544,0.5134274788515616,0.0964379351427546,256,0.5625,0.5159863581107498,1.5321409680260294,0.9231727646281307,False,True,0.06274382599942713,False
GAME:pace_high & MKT:ml_dispersion_high,pl,619,0.4798061389337641,0.49790335254708706,-0.9352100629993821,255,0.5215686274509804,0.5064247145536674,0.5022711529317887,0.34968005353412246,False,False,0.6922616009578826,False
GAME:pace_high & MKT:ml_dispersion_high,tot,584,0.5051369863013698,0.5037688646841375,0.06619773107681447,239,0.4602510460251046,0.5005008779511201,-1.245373199257697,0.9472204031526724,False,False,0.893502699956391,False
GAME:pace_high & MKT:pl_ratio_low,ml,588,0.5595238095238095,0.5361531379749125,1.1377946195804767,258,0.562015503875969,0.5448116312953467,0.55581427645673,0.25520625217853365,False,True,0.2891689124291682,False
GAME:pace_high & MKT:pl_ratio_low,pl,588,0.41496598639455784,0.3824155374620681,1.6945373697745147,258,0.375968992248062,0.3446235985030548,1.0743270992773024,0.09016321681374266,False,True,0.14133805170212482,False
GAME:pace_high & MKT:pl_ratio_low,tot,553,0.5009041591320073,0.5029312743430817,-0.09542579667100741,240,0.49583333333333335,0.500005415751338,-0.129357992444211,0.9239766267898972,False,True,0.44853719275566784,False
GAME:pace_high & MKT:pl_ratio_high,ml,636,0.690251572327044,0.69231678932375,-0.11354072404839093,213,0.6948356807511737,0.6815359411157063,0.41818395997098884,0.9096018786868223,False,False,0.662093688843927,False
GAME:pace_high & MKT:pl_ratio_high,pl,636,0.4748427672955975,0.4866386315443534,-0.5994366797001284,213,0.45539906103286387,0.4692202109310781,-0.40562863594964277,0.5488817232991364,False,True,0.3425077424884741,False
GAME:pace_high & MKT:pl_ratio_high,tot,600,0.47333333333333333,0.5023402380171742,-1.4226972041340946,203,0.458128078817734,0.5017503706794475,-1.244086304760202,0.1548239514695474,False,True,0.10673390044679903,False
GAME:xpace_high & CAL:month_11,ml,381,0.5170603674540682,0.531699186639621,-0.5871068193513099,187,0.5240641711229946,0.5269188999612339,-0.08014133112680458,0.5571319679048125,False,True,0.4680624254790131,False
GAME:xpace_high & CAL:month_11,pl,381,0.4540682414698163,0.47990578645521126,-1.0498792589692845,184,0.5,0.4779136266765685,0.6231580640440306,0.293773628683903,False,False,0.7334096717472256,False
GAME:xpace_high & CAL:month_11,tot,364,0.5082417582417582,0.5035290593592727,0.18003297861236903,177,0.4519774011299435,0.5035189710158254,-1.372537111540959,0.8571266779877984,False,False,0.9150518529456224,False
GAME:xpace_high & CAL:month_12,ml,404,0.556930693069307,0.5408829741554879,0.6670238282332633,170,0.5647058823529412,0.5334306905078421,0.8407367560369843,0.5047569131631354,False,True,0.20024771218365112,False
GAME:xpace_high & CAL:month_12,pl,404,0.46782178217821785,0.48023650223217407,-0.5175719207194462,167,0.5389221556886228,0.48948259379002307,1.3237180696829978,0.6047569771506391,False,False,0.9072016525127707,False
GAME:xpace_high & CAL:month_12,tot,384,0.4947916666666667,0.5023851360693627,-0.2978866677256967,159,0.4339622641509434,0.49840957864596647,-1.6264789249680263,0.7657896638917243,False,True,0.051923906546992055,False
GAME:xpace_high & CAL:month_1,ml,377,0.5172413793103449,0.533460660113308,-0.6534455320858596,200,0.565,0.5317243823238464,0.9712396971607973,0.513469093140629,False,False,0.8342855349777563,False
GAME:xpace_high & CAL:month_1,pl,376,0.4308510638297872,0.47857997563806626,-1.9158106065853147,197,0.5025380710659898,0.47763450419835163,0.7252628430423405,0.05538920718013545,False,False,0.7658546018830494,False
GAME:xpace_high & CAL:month_1,tot,353,0.48441926345609065,0.5007204532050284,-0.6131060263762008,190,0.4105263157894737,0.49993734597421524,-2.4669049109549546,0.5398062357433289,False,True,0.006814327193534161,False
GAME:xpace_high & CAL:month_2,ml,276,0.5144927536231884,0.5358808630570353,-0.7354250156723443,105,0.5523809523809524,0.5319478705641401,0.43097239257815134,0.4620806914272648,False,False,0.6667557778243939,False
GAME:xpace_high & CAL:month_2,pl,275,0.43272727272727274,0.47093979132923997,-1.3162823414394438,104,0.5384615384615384,0.49280483468246017,0.9674461812037206,0.18807929549916125,False,False,0.8333394833664994,False
GAME:xpace_high & CAL:month_2,tot,262,0.4541984732824427,0.5022279166001997,-1.5565940628778296,101,0.504950495049505,0.49674041907647215,0.16515240561306105,0.11956689430384951,False,False,0.5655879872139382,False
GAME:xpace_high & CAL:month_3,ml,390,0.5358974358974359,0.5403237117043882,-0.18243846506501227,190,0.5947368421052631,0.5381210050803719,1.6148225791074204,0.8552386415427535,False,False,0.9468254389889648,False
GAME:xpace_high & CAL:month_3,pl,387,0.5064599483204134,0.48516457951711295,0.866114753082148,188,0.5212765957446809,0.48651048273745695,0.9877939654624428,0.3864272355220246,False,True,0.16162678178327783,False
GAME:xpace_high & CAL:month_3,tot,372,0.510752688172043,0.5042282853833157,0.25197290095629205,179,0.49162011173184356,0.4983915068593274,-0.18138190582939262,0.801062010027653,False,False,0.5719660898143418,False
GAME:xpace_high & CAL:month_4,ml,211,0.5450236966824644,0.5440555208544643,0.029516769641406055,110,0.5727272727272728,0.5458071932207054,0.5862040182567811,0.9764524445288078,False,True,0.2788692108649845,False
GAME:xpace_high & CAL:month_4,pl,210,0.5095238095238095,0.4899144497143387,0.5867890471058989,108,0.49074074074074076,0.482002615375863,0.18770817339051385,0.5573453937884623,False,True,0.4255527113628986,False
GAME:xpace_high & CAL:dow_mon,ml,220,0.5636363636363636,0.5349179869386694,0.8796933199878028,108,0.5370370370370371,0.5326770087353196,0.09380614838312443,0.3790254691035988,False,True,0.46263157376074293,False
GAME:xpace_high & CAL:dow_mon,pl,217,0.4700460829493088,0.4694059616623127,0.019604493494554207,104,0.49038461538461536,0.48715025344338697,0.06843876447729608,0.9843588792328146,False,True,0.47271818228160767,False
GAME:xpace_high & CAL:dow_mon,tot,202,0.48514851485148514,0.5015829684473185,-0.4675714855209463,106,0.5,0.4994163156946957,0.012028222638767934,0.6400910601809631,False,False,0.5047984508632497,False
GAME:xpace_high & CAL:dow_tue,ml,461,0.544468546637744,0.5392870844660804,0.2308516292951057,219,0.54337899543379,0.5214495808832931,0.6677724905420684,0.8174300699527451,False,True,0.252139414567383,False
GAME:xpace_high & CAL:dow_tue,pl,460,0.4782608695652174,0.47722290168684983,0.04614516037034347,218,0.5412844036697247,0.49302809647191376,1.4797163011633387,0.9631945515534032,False,True,0.06947448672169945,False
GAME:xpace_high & CAL:dow_tue,tot,442,0.5090497737556561,0.5023093990636004,0.28372689005055346,211,0.4549763033175355,0.5008949536970859,-1.3352120444754092,0.7766196859268557,False,False,0.9090965220481761,False
GAME:xpace_high & CAL:dow_wed,ml,213,0.5258215962441315,0.5447394299527544,-0.5723322372566771,97,0.5154639175257731,0.5215497906860256,-0.12323930479424568,0.5670969137709605,False,True,0.45095880102774866,False
GAME:xpace_high & CAL:dow_wed,pl,213,0.4272300469483568,0.4770609476828591,-1.507622754977224,95,0.43157894736842106,0.467816724693311,-0.7354659939355401,0.131651105500523,False,True,0.23102787150527054,False
GAME:xpace_high & CAL:dow_thu,ml,498,0.5240963855421686,0.5416157542178281,-0.8100439610862085,222,0.5585585585585585,0.5472176525563469,0.3494659080808759,0.4179149100953409,False,False,0.6366302196151602,False
GAME:xpace_high & CAL:dow_thu,pl,497,0.45875251509054327,0.47205290860262017,-0.6149771120104187,218,0.5,0.4870227476712207,0.39696514058921306,0.5385698358467822,False,False,0.654303416570972,False
GAME:xpace_high & CAL:dow_thu,tot,480,0.4625,0.5030028547275633,-1.7765166589032888,209,0.49282296650717705,0.49944476122946146,-0.19159979183998663,0.07564779861716252,False,True,0.4240278527897256,False
GAME:xpace_high & CAL:dow_sat,ml,423,0.5366430260047281,0.538743083057507,-0.08928103971907025,215,0.586046511627907,0.5314769013014902,1.6470523279672888,0.928858561999819,False,False,0.950226354697443,False
GAME:xpace_high & CAL:dow_sat,pl,422,0.47393364928909953,0.48231342787377307,-0.3571240422469636,214,0.514018691588785,0.4752317188163799,1.176929718106117,0.7209989465493591,False,False,0.8803882203155226,False
GAME:xpace_high & CAL:dow_sat,tot,402,0.48258706467661694,0.504034859427504,-0.8609497356287181,197,0.4517766497461929,0.4999105219444862,-1.3522966159015095,0.38926572738763865,False,True,0.0881402232756312,False
GAME:xpace_high & MKT:ml_dispersion_high,ml,728,0.5096153846153846,0.5115861958800827,-0.10992254522058538,361,0.5373961218836565,0.5181546715243829,0.7518653328273901,0.9124708023885465,False,False,0.7739339760945397,False
GAME:xpace_high & MKT:ml_dispersion_high,pl,726,0.4807162534435262,0.5007790548123934,-1.1234428637744303,360,0.49722222222222223,0.5040201795489044,-0.2683314796003608,0.2612494538933069,False,True,0.3942220885926836,False
GAME:xpace_high & MKT:ml_dispersion_high,tot,685,0.48905109489051096,0.5031688721791723,-0.7397709774370177,341,0.4809384164222874,0.5001559642472512,-0.7102837981268793,0.45943897208747386,False,True,0.23876408242781916,False
GAME:xpace_high & MKT:pl_ratio_low,ml,705,0.5517730496453901,0.5368862327796922,0.7937444838728509,391,0.5396419437340153,0.5454194251399036,-0.22982675549512122,0.42734419779565924,False,False,0.5908868033588965,False
GAME:xpace_high & MKT:pl_ratio_low,pl,705,0.40283687943262414,0.37975242166724354,1.3153558072136833,391,0.36828644501278773,0.3466357908516371,0.9141445258322201,0.18839035049787922,False,True,0.18032045439547367,False
GAME:xpace_high & MKT:pl_ratio_low,tot,664,0.4954819277108434,0.5022485987863736,-0.34904514164972067,371,0.49865229110512127,0.4988743673943808,-0.008562842646679496,0.7270554200548838,False,True,0.49658396177314795,False
GAME:xpace_high & MKT:pl_ratio_high,ml,715,0.6923076923076923,0.6919054977090152,0.023431045228420867,269,0.6914498141263941,0.6813404405964791,0.35713488937096094,0.9813064412882867,False,True,0.3604954132432511,False
GAME:xpace_high & MKT:pl_ratio_high,pl,715,0.4671328671328671,0.4855585905376869,-0.9926044270714295,269,0.44981412639405205,0.4685914425719527,-0.6192921563379155,0.32090276648915106,False,True,0.2678619553672038,False
GAME:xpace_high & MKT:pl_ratio_high,tot,678,0.4823008849557522,0.5024315390655176,-1.0495024453803106,253,0.45849802371541504,0.5021502956291681,-1.3897597408776785,0.2939469303501686,False,True,0.0823009235040717,False
GAME:xpace_high & MKT:over_juiced,ml,219,0.5251141552511416,0.5415467830567593,-0.5034740517722313,42,0.6190476190476191,0.5322721251119278,1.162341808559952,0.61463101933621,False,False,0.8774516748078593,False
GAME:xpace_high & MKT:over_juiced,pl,218,0.44036697247706424,0.48634096769787116,-1.4020521940472572,41,0.5121951219512195,0.46964139094420215,0.5647266346737706,0.1608996612339374,False,False,0.7138701424792533,False
GAME:xpace_high & MKT:over_juiced,tot,216,0.5509259259259259,0.5417335493944931,0.2712159859748085,40,0.475,0.5396028791879486,-0.819941794191162,0.7862249185833252,False,False,0.7938753552464675,False
CAL:dow_thu & MKT:ml_dispersion_high,ml,202,0.4752475247524752,0.520259379901973,-1.3209119393764155,71,0.5211267605633803,0.5387400276588997,-0.3066292757822258,0.18653072828826367,False,True,0.3795627837721934,False
CAL:dow_thu & MKT:ml_dispersion_high,pl,202,0.42574257425742573,0.48572106619718647,-1.7748290777614841,71,0.5492957746478874,0.5188749762488233,0.53055078890212,0.07592611355455482,False,False,0.7021349474622883,False
MKT:ml_dispersion_high & MKT:pl_ratio_low,ml,287,0.4912891986062718,0.5358054354267003,-1.5138923540401439,159,0.5220125786163522,0.5416880641340147,-0.49875837996605416,0.13005314367089219,False,True,0.3089748056924353,False
MKT:ml_dispersion_high & MKT:pl_ratio_low,pl,287,0.40069686411149824,0.3962050467716607,0.16371710878492174,159,0.34591194968553457,0.35171541134858314,-0.15665827420843298,0.8699538484168451,False,False,0.5622429133466758,False
MKT:ml_dispersion_high & MKT:pl_ratio_low,tot,272,0.4852941176470588,0.5041224746488373,-0.6215462579110852,152,0.5657894736842105,0.4978559393539208,1.6765321794655759,0.5342402685515869,False,False,0.953183000741111,False
MKT:ml_dispersion_high & MKT:pl_ratio_high,ml,235,0.7148936170212766,0.6906789913110701,0.8076166202761721,91,0.6483516483516484,0.685745812069707,-0.7712441430584729,0.41931131594340065,False,False,0.7797188831720516,False
MKT:ml_dispersion_high & MKT:pl_ratio_high,pl,235,0.5191489361702127,0.483986337758568,1.0857220695186534,91,0.4725274725274725,0.4731101962462945,-0.011174997909397168,0.2776019735772358,False,False,0.5044580863611959,False
MKT:ml_dispersion_high & MKT:pl_ratio_high,tot,219,0.5068493150684932,0.5034492470784486,0.10074883379373134,85,0.4470588235294118,0.5023953631184751,-1.0210565758205836,0.9197498447960232,False,False,0.8463861825073167,False
