event_id,ok,s,m,e_home,e_draw,e_away,date,hg,ag,decided,home_win,pin_p_h,res,pm_away,pm_draw,pm_home,pp_away,pp_draw,pp_home,bin
002ecdd84ae44274f7d1b33704c2a2f1,True,0.17742559162853347,0.928775093903035,0.5799387216285787,0.1972370801785865,0.22282419819283478,2025-03-18,1,2,REG,0,0.6929176364392605,away,0.2263487065164563,0.20859586678967543,0.5650554266938683,0.22110618601619245,0.2029938381337017,0.5758999758503178,"(0.145, 0.2]"
0047210f3e3ed28cc0eb8c8a79aa6ae2,True,-0.15241496280271702,1.02884745339409,0.2930779869486585,0.20879753656125494,0.49812447649008657,2024-12-12,1,2,OT,0,0.39155651073100356,draw,0.49103085002168007,0.21399091040485632,0.29497823957346353,0.49786074400583247,0.20945499695012798,0.2926842590438942,"(0.2, 0.209]"
00573acaeae6c127bdece3754fbea27b,True,0.07817468779126163,1.0378459956515895,0.5014108901835248,0.20387245398542098,0.2947166558310541,2024-10-27,5,4,REG,1,0.6114139890963926,home,0.2932290839318497,0.2089017656769387,0.4978691503912117,0.2908061332910671,0.20421398359029322,0.5049798831184856,"(0.2, 0.209]"
006bce33a0fedf48af49d290088dc1fa,True,-0.01140214036070601,1.0521523058462992,0.41542747619065623,0.21443212851686722,0.37014039529247655,2024-11-17,2,5,REG,0,0.5240193918025562,away,0.36293905700833357,0.22759123764893124,0.40946970534273525,0.36378229025198505,0.22373007999039596,0.4124876297575444,"(0.209, 0.215]"
00cbd2b6aa2e04b95f6125325bc9498d,True,0.2641501431318803,0.956303636078755,0.6617170117477371,0.17151397202463645,0.16676901622762647,2025-01-23,7,4,REG,1,0.7629365281672189,home,0.17516928353940567,0.17876417555234123,0.646066540908253,0.16772627560620235,0.1713447847579422,0.6609289396358554,"(0.145, 0.2]"
00e9745cae4c3e97aff09f5963a22b85,True,-0.002031512462090614,0.9601204287295942,0.4177776962442641,0.21993077812509382,0.36229152563064204,2025-01-28,4,6,REG,0,0.5327102803738317,away,0.3565089898911954,0.22833551971602747,0.41515549039277727,0.35705313293214014,0.2245689580663896,0.4183779090014702,"(0.217, 0.226]"
00ffa81971bb6373dabbf3af9e746495,True,0.054889854416548076,0.9379500758520035,0.4672197237681478,0.21647221776491554,0.3163080584669366,2025-03-25,3,2,OT,1,0.5827163817472069,draw,0.31138827565842203,0.2230409044251023,0.4655708199164757,0.30991528903238863,0.21894322818732764,0.47114148278017276,"(0.215, 0.217]"
0137ec49ff1ada0ea2bf16a446c8c76f,True,-0.15241496280271702,1.02884745339409,0.2930779869486585,0.20879753656125494,0.49812447649008657,2025-03-31,1,3,REG,0,0.39155651073100356,away,0.4855006051696576,0.22098392979537765,0.2935154650349648,0.49239996444713835,0.21646164238771537,0.29113839316500306,"(0.2, 0.209]"
013dcd2f42f3573717ff2a5bda12b760,True,0.06766635533272623,0.9536312699926254,0.4806109852205047,0.21271749824720865,0.30667151653228664,2025-04-03,0,4,REG,0,0.5955112768937786,away,0.3045926538203234,0.21806064989409515,0.4773466962855815,0.302794263689837,0.2138072080547979,0.4833985282552421,"(0.209, 0.215]"
019e4d9e1bc34b481b20e4830eae3ec1,True,-0.07418231260994755,0.968316083303539,0.3573454915443868,0.21771373370045222,0.4249407747551609,2025-01-11,3,0,REG,1,0.46424090338770396,home,0.41845020327049326,0.2213050728613001,0.36024472386820655,0.42184504211321233,0.21724970077526484,0.36090525711144944,"(0.217, 0.226]"
01c2c63c4c026b4dd8adc48c2b28343a,True,0.3305270789836591,1.0026870639547834,0.722524415930208,0.14687560391834242,0.13059998015144955,2024-12-10,3,2,REG,1,0.8116731614088213,home,0.13228613279334162,0.15905049133527807,0.7086633758713803,0.12348130998068048,0.1500002873540611,0.7265184026652585,"(0.145, 0.2]"
02cf4d6431fcdb2fcd7297ffd555713e,True,0.10945245399039363,1.0804694906264727,0.5354722902981237,0.196990034782613,0.2675376749192632,2024-12-31,4,1,REG,1,0.6430392656807751,home,0.269247678130356,0.20792228506378904,0.5228300368058548,0.2657927552174661,0.20295767162298003,0.5312495731593043,"(0.145, 0.2]"
030ae7c559a3c84f9a4b12b919310720,True,0.07972807878179403,0.9675116353226157,0.49275845159959075,0.2093803325214327,0.29786121587897657,2024-11-14,7,2,REG,1,0.6069415603678433,home,0.2911694176378151,0.2227784614019562,0.48605212096022865,0.28877887828033844,0.2184204589728735,0.49280066274664175,"(0.209, 0.215]"
03788eabd9788768a698bbad186f3e3a,True,0.034989391744070224,1.005185620591766,0.4561468450166363,0.21199399134083158,0.3318591636425321,2025-01-14,3,2,OT,1,0.5686556434219985,draw,0.32787296041468283,0.222648614979273,0.4494784246060441,0.32706845843519583,0.21844257623652868,0.45448896532818267,"(0.209, 0.215]"
03d830d8a6275db2b7086d3beb4e710c,True,-0.060881124673785925,0.9546170820723566,0.36713819076513887,0.2188344396676892,0.4140273695671719,2025-02-27,1,2,REG,0,0.47598060819744376,away,0.39973439575033204,0.22841965471447545,0.37184594953519257,0.4022190617018922,0.2247128290744869,0.37306810922362094,"(0.217, 0.226]"
03e4a9d744fcc53f5f13966c1410b1a6,True,0.0333167971627079,1.0615297294613304,0.4591541737995601,0.20860120163376417,0.3322446245666758,2024-11-07,1,0,REG,1,0.5679213219076544,home,0.32914932292170845,0.2232691211426973,0.44758155593559423,0.32841762874563596,0.2191345505074957,0.45244782074677664,"(0.2, 0.209]"
043251f52830571b9d2dc5d7000b01b0,True,-0.10706041535037594,0.9507401927713883,0.3278196954142901,0.21734612298054956,0.45483418160516026,2025-04-03,2,1,REG,1,0.4320786780923455,home,0.4452795825594253,0.22686045083003895,0.32785996661053574,0.4501103296145462,0.22279091485531594,0.32709875553004514,"(0.215, 0.217]"
046a143e57a38694146c17cc334c7140,True,0.0025553808349960986,0.9839213292407346,0.42525829652760483,0.21661308209758792,0.3581286213748073,2024-11-23,4,7,REG,0,0.5399277029247453,away,0.3523312845346744,0.2254920221021916,0.42217669336313407,0.3526694293286876,0.22156005811469595,0.42577051255653886,"(0.215, 0.217]"
049fe7c9c5a2e6af5279dc8c4c172ab6,True,0.07666757180302936,0.9582831509174777,0.4892567429492545,0.21099098612302275,0.2997522709277227,2025-01-09,4,1,REG,1,0.6039037320401216,home,0.2978761636867531,0.22254321277757425,0.4795806235356726,0.29583410090003304,0.21835698635470843,0.48580891274512594,"(0.209, 0.215]"
04f5bf9fb8f2c0e9b08d0102d60f90fb,True,-0.24351126126220002,0.9678438098994935,0.22537335179251594,0.19309351582315626,0.5815331323843278,2025-01-06,2,3,REG,0,0.309185691173827,away,0.5722701221214411,0.19610207025661497,0.23162780762194377,0.5830514721153208,0.19038265680687552,0.22656587107791798,"(0.145, 0.2]"
051bbc7cd79f87d551a59fbc00fd00d4,True,-0.15523490874174117,1.0159644023176075,0.2910778110182246,0.20889470555413978,0.5000274834276356,2024-12-28,1,3,REG,0,0.38858601090360756,away,0.4911210354223257,0.22093441356501375,0.2879445510126606,0.49795386987094686,0.2165918978922931,0.28545423223660477,"(0.2, 0.209]"
053319f39de5e7f87537f27ece14ed0a,True,-0.1804535218709378,1.0014785709062417,0.27187318028653307,0.2044351682543728,0.5236916514590941,2025-03-13,0,4,REG,0,0.3650052779508832,away,0.5000297047011829,0.21118338172927137,0.28878691356954583,0.5072743201460805,0.20652315009717925,0.2862025297565761,"(0.2, 0.209]"
058640642eb64200352419e321963d69,True,0.007528414342532215,0.914949621422668,0.4204996796818291,0.22495094033493093,0.3545493799832399,2025-01-11,2,1,REG,1,0.5357590966122961,home,0.349823474469612,0.22034857932108895,0.42982794620929904,0.34999753596811767,0.21626561446515802,0.4337368495666468,"(0.217, 0.226]"
058a92d3cdf44365cec7831cc9a20218,True,0.23233052229432305,0.9404730137966504,0.6312886425906943,0.1828687321888131,0.18584262522049266,2025-03-06,3,2,REG,1,0.7386146576857343,home,0.1957125199155653,0.18657419213740664,0.6177132879470281,0.18922565300295596,0.17998045607566893,0.6307938909213752,"(0.145, 0.2]"
05a2db0fa95f07e26451e468b307acbf,True,0.15751243179478908,0.9561880933073152,0.5638036054446647,0.1976648132456593,0.2385315813096761,2025-02-27,4,3,OT,1,0.6752988047808766,draw,0.25406747407024666,0.21380231634929234,0.532130209580461,0.2500210396053022,0.20878566309707566,0.5411932972972984,"(0.145, 0.2]"
05d3a113290b9d00888b5419bf15eac5,True,0.27890203302984706,0.9625291123266071,0.6745673364261975,0.1661276356634029,0.15930502791039963,2025-02-27,7,5,REG,1,0.7729720695290447,home,0.16170533017380778,0.1809269071567321,0.6573677626694601,0.15408170393929804,0.17338159962258234,0.6725366964381195,"(0.145, 0.2]"
05eff30b2a57feafb44ec018d378de48,True,0.08878647242603803,0.9549505944599644,0.5001118358616135,0.20996668591646736,0.28992147822191916,2025-01-18,1,3,REG,0,0.6148543979079913,away,0.30408329674465284,0.22172740387630935,0.47418929937903787,0.30222954395215845,0.21741318216379113,0.480357273883928,"(0.209, 0.215]"
060c159ba37d863632de1535e5639132,True,0.227044710373729,1.0468144359745168,0.6402080041389674,0.17261321745156938,0.18717877840946318,2024-10-12,4,6,REG,0,0.7407407407407408,away,0.19157716522935297,0.18782075022485586,0.6206020845457912,0.18479209441659664,0.18099251427327903,0.6342153913101245,"(0.145, 0.2]"
06c4de50f929f6074b8a7bd122e52e53,True,-0.1317141311271048,1.0026985639231576,0.30952635701360964,0.21433046432346123,0.4761431786629291,2024-10-12,4,1,REG,1,0.4099556016463039,home,0.4652846447238311,0.22552620426613929,0.30918915101002964,0.47093869971505464,0.2214352781756822,0.3076260221091501,"(0.209, 0.215]"
06e9549407b0ac1b3d7f2bf44b9515bd,True,0.04731296774531093,0.9405669898281314,0.46041564131134544,0.21705233943872515,0.32253201924992936,2025-03-03,2,1,REG,1,0.5757997218358832,home,0.3130323406980468,0.22644892731348062,0.4605187319884726,0.31162232006944107,0.22234702645798163,0.46603065347246936,"(0.215, 0.217]"
0739fdb73426ffe08de9cc530fd5e4cd,True,-0.05357828347207031,1.003400159562521,0.37691724858160736,0.21628179116712576,0.40680096025126694,2024-11-27,5,4,REG,1,0.48499267935578333,home,0.39097279849095773,0.22122017466578442,0.38780702684325774,0.39308091581375243,0.21715418057175764,0.38976490361442134,"(0.215, 0.217]"
073e16827527853467d45b675cded498,True,0.13929091585975067,0.9461689135096293,0.5463243056672674,0.2033384355768348,0.25033725875589774,2025-04-03,4,1,REG,1,0.6603484167853622,home,0.2532133503279873,0.21129061020745962,0.5354960394645532,0.24902359620049372,0.20609080715536107,0.5448855966438002,"(0.2, 0.209]"
074cb7a5901135d45b987db93d17b5e8,True,0.1955689497444371,0.9936604188973939,0.6042313454900554,0.18352824150002867,0.21224041300991586,2024-12-03,1,2,OT,0,0.7086579264044588,draw,0.2159535699824538,0.19975705223376974,0.5842893777837764,0.21037574053256414,0.19390463322555326,0.5957196262418826,"(0.145, 0.2]"
075bdacb45138f1d319f94acabc1518a,True,-0.01026466868872136,0.924821479964035,0.40514784972081574,0.22460774237721126,0.3702444079019731,2024-12-10,4,5,SO,0,0.5195545777019441,draw,0.36579353534904896,0.22982711333681255,0.4043793513141385,0.36678137888474643,0.22606286058764702,0.40715576052760666,"(0.217, 0.226]"
07bae813262c25cbf8bf34dbd0fbe646,True,0.13694631216941633,0.9528863085303699,0.5444250655000519,0.20299695257701175,0.25257798192293635,2025-03-02,6,3,REG,1,0.658081705150977,home,0.2553170311718495,0.21088961825868627,0.5337933505694642,0.2512367562224558,0.20573806665980368,0.5430251771174106,"(0.2, 0.209]"
07c01a17afbbee37aff39b4c444ac8bc,True,-0.22866345151805276,1.048693706673381,0.23143516841950001,0.19297062186997083,0.5755942097105292,2025-01-24,3,4,OT,0,0.31808312064302313,draw,0.570438855979369,0.2035015922511145,0.2260595517695163,0.5812669909426922,0.19787305485910875,0.22085995419831583,"(0.145, 0.2]"
07ea9d4884d5a4791afaa511b8332189,True,-0.2517002328911855,1.0049531075950813,0.21675707114072867,0.18980985957045118,0.5934330692888201,2024-12-19,2,4,REG,0,0.2994338435730762,away,0.5795382888861897,0.19965030921596677,0.22081140189784343,0.5908758644171069,0.19379282982162754,0.2153313057612654,"(0.145, 0.2]"
0808907206aff9db2f657c6c31bdc147,True,0.06281622178761388,1.0708063868602513,0.4888831846144488,0.20361419830587274,0.3075026170796785,2024-11-27,2,1,SO,1,0.5971016303329377,draw,0.306544521500778,0.2161000793462692,0.4773553991529529,0.3048057418663596,0.21179896279950472,0.48339529533401504,"(0.2, 0.209]"
083f23adbb9a301a984129c72abd4798,True,0.02238812219191051,1.0416611371621183,0.4468913515601606,0.21260093938848723,0.34050770905135225,2024-11-23,6,2,REG,1,0.556697108066971,home,0.3400074021930811,0.22613699862841719,0.43385559917850175,0.3398000853060485,0.22223810022773924,0.43796181446612836,"(0.209, 0.215]"
0898958fab260c43aa953f6705749421,True,-0.12048846929620388,1.0311923977853827,0.3188858449857158,0.2138518840600264,0.4672622709542579,2024-11-21,1,2,REG,0,0.4217673078901348,away,0.4679763777604917,0.21953125272517343,0.31249236951433484,0.4736046410482609,0.2153573176359216,0.3110380413157072,"(0.209, 0.215]"
089e1fd51db8c0a62b6555eac0a8ad76,True,-0.10556208422322699,0.9692437397602405,0.3305417235064251,0.2172767532045872,0.45218152328898775,2024-11-21,2,1,REG,1,0.43391066545123064,home,0.44741926776251295,0.21662380837370535,0.3359569238637816,0.45227891647683377,0.21226534171867203,0.3354557418044085,"(0.215, 0.217]"
08dcf96879f8a397435af13186878e5c,True,-0.08102775113155072,1.0332108205645518,0.3534834001368056,0.2146314975974303,0.43188510226576415,2025-03-14,1,2,OT,0,0.45890354830779323,draw,0.43129344179621554,0.22796939066371388,0.3407371675400706,0.4354285691209531,0.2239981509621554,0.34057327991680786,"(0.209, 0.215]"
09077b1ef72829d37950445383e81803,True,-0.03925692553326371,0.9652124466038078,0.3868400633167991,0.2184982093563581,0.3946617273268428,2025-03-03,4,0,REG,1,0.497677011707861,home,0.3926548754514307,0.22865820909343462,0.37868691545513467,0.3948908193539665,0.22483991515271615,0.38026926549331713,"(0.217, 0.226]"
09ad93ffbe2389f9704f089b6a0bd6bc,True,0.058414266257897564,0.9488328798159882,0.471621898426026,0.214514260598577,0.313863840975397,2024-10-24,1,3,REG,0,0.5867360379346681,away,0.3170630802457017,0.21811628754943482,0.4648206322048636,0.31572497377300285,0.21372279791099413,0.47055222831589816,"(0.209, 0.215]"
09fe9cf27c808346997e26cc18fec79f,True,0.056069330356155175,1.012402103709516,0.4766145320197529,0.20875886402721722,0.3146266039530298,2024-11-30,5,6,REG,0,0.5883967071736574,away,0.3127196805668813,0.22048899136743244,0.46679132806568624,0.311192638179048,0.2160834360926252,0.4727239257282167,"(0.2, 0.209]"
0a478c9886be76a3b6e7cc93a9985756,True,0.23514955505050725,0.9678794572943556,0.6383967242313472,0.17691064589162742,0.18469262987702542,2025-03-06,3,0,REG,1,0.7407407407407408,home,0.1996735264968227,0.1916865854369498,0.6086398880662274,0.19332626200979855,0.18523247735525342,0.621441260634948,"(0.145, 0.2]"
0aa2ec1c0f5e5f73dd4d5de69a9c5cda,True,-0.14028785549081815,0.8824379750555591,0.3040991764789328,0.217415945873166,0.4784848776479012,2025-02-26,1,4,REG,0,0.4066985645933014,away,0.4588022128139189,0.22885360973295718,0.312344177453124,0.46410115285391046,0.22493216434439212,0.3109666828015895,"(0.215, 0.217]"
0ab1e4913d761cc5b7cd6fd28307ac12,True,0.020422681565321007,0.9361979750925018,0.4346600583927762,0.22105801198065314,0.34428192962657067,2025-01-16,3,5,REG,0,0.5500363507751557,away,0.3407327197256813,0.23183025240415603,0.42743702787016263,0.3406052190689012,0.2279869606390068,0.43140782029200775,"(0.217, 0.226]"
0ab96444b1b7b38bedf52751aa2b7c9d,True,0.12420173085804967,0.9993141530899463,0.5377061647802848,0.20051054397453033,0.26178329124518485,2024-12-31,4,2,REG,1,0.6495327102803738,home,0.2632544693344118,0.21014172552132873,0.5266038051442594,0.2595636595729434,0.2051541567621373,0.5352821836646421,"(0.2, 0.209]"
0b1e44545c0efc88e8876bbcae958029,True,-0.18397774997793387,0.9431808213138695,0.2691495065840108,0.2066494019720263,0.5242010914439628,2024-12-17,3,2,REG,1,0.36370984037179227,home,0.514566165308976,0.21628841695870402,0.26914541773231987,0.5226770460050001,0.2115511924358425,0.26577176155893006,"(0.2, 0.209]"
0bcfe7fc7704840e4b6e7fbcbe494a9b,True,0.09264271749933621,1.007998665480641,0.5102389203955198,0.2039469020416828,0.28581417756279737,2024-12-14,3,4,OT,0,0.6219592373438527,draw,0.2837554607445615,0.22048125455554435,0.49576328469989417,0.28110398052284624,0.21611853645028922,0.5027774830266978,"(0.2, 0.209]"
0c2c7788ddb4f1f96398193630e215a3,True,-0.08381897010654162,0.9495953356610699,0.34726884534742697,0.2182709638811151,0.4344601907714579,2025-01-28,0,4,REG,0,0.453954604539546,away,0.42922875550094614,0.2252188528863788,0.3455523916126751,0.4332749860772067,0.2211426934726326,0.34558232045008014,"(0.217, 0.226]"
0c6aab3bf119b86b4fc484091dd50953,True,-0.1832200463373938,0.982443034743839,0.2705685302762475,0.20443838732723607,0.5249930823965165,2025-02-25,6,4,REG,1,0.3624233455813195,home,0.5111201839174316,0.21707493720395804,0.2718048788786104,0.5187949576215811,0.21254515946600377,0.2686598829122022,"(0.2, 0.209]"
0ce0559169c533280c8f81442be32244,True,0.22380394693668149,0.9527160864181354,0.6253242023870114,0.1825279068602332,0.1921478907527553,2025-03-01,5,3,REG,1,0.731308255437174,home,0.19822061300753188,0.19381571049625337,0.6079636764962146,0.19202297654543501,0.18755996924449067,0.6204170542100744,"(0.145, 0.2]"
0cfe0d68da98f70f0f1eac371e9785e8,True,-0.13793794465412712,0.9836226469666252,0.3047858895076585,0.2142025641068883,0.4810115463854532,2025-03-29,1,6,REG,0,0.4034916946651176,away,0.4608786178276278,0.22988669666222203,0.30923468551015026,0.4663189569883527,0.22595558504705615,0.30772545796447986,"(0.209, 0.215]"
0d1eb136acea923fb456fd274bb6e1f5,True,-0.22611993357506557,1.0733360059300046,0.23348360546355407,0.18894182584054803,0.5775745686958978,2024-10-28,6,1,REG,1,0.31709972076293247,home,0.5609291177118229,0.20057556213619002,0.23849532015198716,0.5711963645606307,0.19506117390236538,0.23374246153733785,"(0.145, 0.2]"
0d96a09b942c216e6cbe774f299b7341,True,0.025997845553283012,0.9851944425283845,0.44633491859991903,0.2137856283293704,0.33987945307071066,2025-01-21,2,1,OT,1,0.5605012156349355,draw,0.33024178494828305,0.2324517418325293,0.4373064732191876,0.3296492982990696,0.2286153478683603,0.4417353538324795,"(0.209, 0.215]"
0dd504dfeae897132f0b97edf44a07a4,True,0.07589062130367637,1.0131067552446342,0.49537586329086447,0.20591105436634097,0.2987130823427946,2025-04-01,2,3,REG,0,0.6069415603678433,away,0.2976699183732274,0.21833647771339232,0.4839936039133803,0.2955333152609587,0.21393861152497948,0.4905280732139259,"(0.2, 0.209]"
0e110c814f11f6619d78af13413acc4f,True,-0.1528955646304017,0.8742006443522393,0.29536417495893597,0.21686055971149112,0.4877752653295729,2025-03-18,6,2,REG,1,0.3966571791921517,home,0.4835727752462169,0.21715730870067096,0.29926991605311215,0.4902206525497133,0.21263763093591984,0.29714171651423305,"(0.215, 0.217]"
0ef0f98bedf1786593af7e89bfd5dee3,True,-0.016948615542982125,1.0211895125886377,0.4093054164919,0.21631234023669602,0.3743822432714039,2025-02-08,6,4,REG,1,0.5195545777019441,home,0.37466940934469584,0.22568322068762853,0.3996473699676755,0.3760032390431147,0.2218747390989647,0.4021220218579205,"(0.215, 0.217]"
0f1da376ddec6bb521f1feb9388bc469,True,0.0567229548579987,0.9220874799160999,0.46730541927967106,0.21845720351644904,0.31423737720388,2024-12-29,5,4,REG,1,0.5833751631362312,home,0.3133857370293729,0.22778155708073183,0.4588327058898952,0.3120437300522848,0.22383677078713982,0.46411949916046835,"(0.217, 0.226]"
0f20700438458f4cc754ee050d1257e7,True,-0.09890574503000472,1.0060594758068568,0.3374804423943585,0.21573304419219266,0.4467865134134488,2024-11-30,3,5,REG,0,0.4413928396272682,away,0.4559819413092551,0.22799097065462756,0.3160270880361174,0.4613210087475123,0.2239245852155197,0.31475440603686394,"(0.215, 0.217]"
10109b1dc97ec39fed17f4d235c37167,True,-0.11849814283572664,1.003515412290099,0.32038811482498447,0.21570089808521284,0.4639109870898027,2025-01-06,4,3,SO,1,0.4224502112251056,draw,0.46335720558239774,0.21798850353535532,0.318654290882247,0.4687851692838328,0.21377655311104893,0.3174382776050154,"(0.215, 0.217]"
1046ffe1ee20434a1e89efc685a128e3,True,0.2415943565639583,1.0220488023724155,0.6508467926038461,0.17047188957672982,0.17868131781942398,2025-03-04,2,6,REG,0,0.7501169543934917,away,0.18152080517353136,0.19168597026324913,0.6267932245632195,0.17459555704689886,0.1848647652996576,0.6405396776534437,"(0.145, 0.2]"
104e85182a6978da4ee4ab7caca4a5cc,True,-0.05823940122336568,1.0116380273966,0.3730229404007974,0.21594168604432717,0.4110353735548754,2025-01-19,5,4,OT,1,0.4804454222980557,draw,0.40232746281660337,0.2221669052212334,0.3755056319621632,0.4050077842130298,0.2180886220084019,0.3769035937784982,"(0.215, 0.217]"
10b2f5812079e633ec11452c5f804aa9,True,0.08335038643884862,1.0082730499843757,0.5016055081971311,0.2052076221024617,0.29318686970040714,2024-11-19,2,3,REG,0,0.6134020618556701,away,0.29455330656065226,0.21512320142070107,0.4903234920186468,0.2921728245623493,0.21046043981359674,0.4973667356239081,"(0.2, 0.209]"
1139939cd31b44ef9d88eaa9be75205a,True,0.21922941061464155,0.9910711592130457,0.6264050209532277,0.17784366193069498,0.1957513171160773,2025-03-25,5,2,REG,1,0.7282979711094727,home,0.1941182919692816,0.1906450024509445,0.6152367055797738,0.18765385055052872,0.18413841774967735,0.6282077316997939,"(0.145, 0.2]"
11a60513e92e07163c2f64e36163f955,True,0.12703156882790823,0.9990614898667807,0.5403012164835399,0.1999340138181809,0.2597647696982791,2025-01-05,4,3,OT,1,0.6519133241124943,draw,0.26103843463896287,0.21055188024725133,0.5284096851137857,0.2572415766533387,0.20552481122538702,0.5372336121209842,"(0.145, 0.2]"
11ba620790ade26fe38682ca3cf1bb90,True,0.026125671878964227,1.0076426202130266,0.4480879316238291,0.2131257649136612,0.3387863034625097,2024-11-07,2,4,REG,0,0.5605012156349355,away,0.3329731365217955,0.22510859933867866,0.44191826413952584,0.33244837198609917,0.2211660979090604,0.4463855301047518,"(0.209, 0.215]"
12d01b38fea23f35bf7aa3dc8a162b04,True,-0.13526958975663236,0.9881031782875468,0.30679838063782905,0.21450421934731356,0.4786974000148575,2025-01-13,2,5,REG,0,0.40609137055837563,away,0.4674932164181987,0.22235756233348192,0.3101492212483195,0.47325825093028506,0.2181545169334015,0.30858723213620043,"(0.209, 0.215]"
1335908c894c00992cde3094b9a5ff6b,True,-0.04851869189951317,0.9613087593480134,0.37843486694447404,0.21866537218593632,0.4028997608695897,2024-10-12,5,2,REG,1,0.48837209302325585,home,0.3960066555740433,0.22817526344980588,0.37581808097615094,0.3983812786138524,0.22436498428806584,0.37725373709808163,"(0.217, 0.226]"
1344a1b84cf359045577de22f7178b28,True,-0.04762512475089604,0.9527351695480138,0.37809740112875034,0.21943026943013877,0.40247232944111083,2024-11-27,2,1,OT,1,0.48837209302325585,draw,0.3992213767474784,0.22650858255176073,0.3742700407007609,0.4017477664208163,0.22262472595178434,0.3756275076273996,"(0.217, 0.226]"
13ab39e6e1784e888d04ee72db6bb400,True,-0.11538399988474918,0.9483466783881694,0.32064526290096745,0.21701389728257586,0.4623408398164567,2024-11-25,2,3,REG,0,0.42420027816411693,away,0.45619206742792684,0.22124788489576128,0.3225600476763119,0.46144720312217247,0.21703598884086803,0.32151680803686156,"(0.215, 0.217]"
140f7b033965ea1650fb0ad100b003da,True,-0.08008513311463243,0.9231292725912296,0.3477471446983853,0.21952978056000946,0.4327230747416052,2025-02-27,5,2,REG,1,0.45597611169397145,home,0.38969361190841734,0.22989119551431814,0.3804151925772645,0.39176943003473425,0.22616679055562428,0.38206377940964137,"(0.217, 0.226]"
143b34bca051f9ec2579b3d895f89ff1,True,0.035150968610399375,0.9568226111312229,0.4511302832857944,0.21622237237213346,0.3326473443420721,2024-10-31,2,1,REG,1,0.5660893345487693,home,0.3302516322823174,0.2242926776624638,0.4454556900552188,0.32957847069660456,0.22018659010641725,0.45023493919688745,"(0.215, 0.217]"
1462cce1cac3e086586329d8bd2fea2b,True,0.10777950333112148,0.9452968837519709,0.5171165262693029,0.20889200499120994,0.27399146873948704,2025-01-18,6,2,REG,1,0.6323766526926797,home,0.27722303849267566,0.21603416963618421,0.5067427918711399,0.2742583158808847,0.21148489442561808,0.5142567896933027,"(0.2, 0.209]"
151d0f9a2a5fef9d2ab386730e6b42b8,True,-0.1860738699954968,1.0718593270512695,0.26448271568253856,0.19727231934059772,0.5382449649768638,2024-10-09,1,0,REG,1,0.35449101796407184,home,0.5266134709616661,0.20345304819444135,0.26993348084389257,0.5352630654045265,0.19831998507492185,0.26641694952029266,"(0.145, 0.2]"
152ec0df8fcdc0aa8ccdce91e5ce888c,True,0.2122856215451778,0.9252494801469332,0.6108626526593645,0.19017412783820456,0.19896321950243093,2025-03-20,5,1,REG,1,0.7220630372492837,home,0.20361354010679447,0.20063175186255275,0.5957547080306528,0.1976583476497394,0.19463119547874672,0.6077104568715138,"(0.145, 0.2]"
157ebfc7686264a1ffbff6b9448028ab,True,0.021758627151815414,0.9417952024688636,0.43671667437789935,0.22006380651304583,0.3432195191090547,2024-12-18,3,5,REG,0,0.5520062329567588,away,0.34475300948666443,0.22928549434759027,0.4259614961657454,0.3447849458377196,0.22546244367129628,0.42975261049090235,"(0.217, 0.226]"
16243bf83c6b664d0a7ec2f6fb038eff,True,-0.0993512603311905,0.9554156060633956,0.33470167037842263,0.21756692617965642,0.44773140344192086,2025-03-27,3,4,REG,0,0.4394987843650645,away,0.43820757276986816,0.22741103894929174,0.3343813882808401,0.4424324601290402,0.2236184602448269,0.3339490796260451,"(0.217, 0.226]"
16b0eca49f86dbc67a375934755cdc52,True,-0.1471122068467742,0.9821443369748518,0.29786059734757364,0.21229661402365074,0.4898427886287755,2025-03-28,5,4,OT,1,0.3951262751461066,draw,0.48360651892911155,0.2152203499089679,0.30117313116192046,0.49023536468822765,0.21065767099442165,0.2991069643172195,"(0.209, 0.215]"
16ba31769fffed34f675f45dd3646671,True,0.08545829059780692,1.0602106239486755,0.5103965713317837,0.20125874189266818,0.28834468677554803,2024-10-27,3,4,REG,0,0.6191482263983098,away,0.2850209189547483,0.22219728252620743,0.49278179851904436,0.282345134028153,0.21774162731613106,0.4999132386555541,"(0.2, 0.209]"
16d8411be2c23a0872913ebebea62ae8,True,-0.08421653260970195,1.0377412905300671,0.3507574352999523,0.2143368120442906,0.43490575265575704,2025-01-31,4,3,REG,1,0.45597611169397145,home,0.42077984560544096,0.22520611454939096,0.35401403984516805,0.4242119420742904,0.22137272125412194,0.35441533667158737,"(0.209, 0.215]"
16df063fda869e6cff9226eba4794550,True,-0.14592687418937106,0.9552212658150253,0.29755233242510276,0.21290158327767128,0.48954608429722596,2025-03-22,5,2,REG,1,0.3966571791921517,home,0.4814216951626962,0.2182407377877307,0.30033756704957304,0.4878983940419803,0.2138105858858596,0.29829102007202907,"(0.209, 0.215]"
16ed5bd30963a6ded561b93d1a09b1f1,True,-0.08558625885041002,0.9907152844106636,0.34885726479502455,0.2166259140539766,0.4345168211509989,2025-03-19,2,1,REG,1,0.453954604539546,home,0.42763396681136484,0.22276746178080403,0.3495985714078311,0.43151439252162166,0.2186966684206992,0.3497889390576008,"(0.215, 0.217]"
17067a41314a6c4193b0d8d180af833d,True,0.16271257459130792,0.9286397334198995,0.5666749579506153,0.20050513020731658,0.23281991184206813,2025-03-15,1,0,OT,1,0.6806464024624855,draw,0.2397371644949326,0.20937743624011582,0.5508853992649515,0.2351950554572094,0.20418939871955194,0.5606155458236975,"(0.2, 0.209]"
170c78ba0554e2705a26e2f7ece61921,True,-0.0004496756463140015,0.9894747473902544,0.4227517437594439,0.21687007792298396,0.36037817831757213,2024-11-03,2,4,REG,0,0.5369404697342622,away,0.3497201211952255,0.2281507457321233,0.42212913307265104,0.34996548092263374,0.22428688809646638,0.4257476309808204,"(0.215, 0.217]"
172111adb9cee2479a23b899212fc168,True,0.11057334785814323,1.001931092815882,0.5257161244972822,0.2020492369448814,0.2722346385578365,2025-04-01,2,5,REG,0,0.6375766544186804,away,0.27362471449034104,0.2100189694553056,0.5163563160543533,0.2703079282632072,0.205058695731802,0.5246333760047676,"(0.2, 0.209]"
17369518fa9868f4e8af677fbed0d27f,True,0.11189997147290875,0.9052841604091675,0.518065535658919,0.21309950476825698,0.268834959572824,2025-03-11,4,1,REG,1,0.6349947220491167,home,0.27457620527287413,0.22130968970030734,0.5041141050268185,0.27149941129074917,0.21680428491433887,0.5116963037947176,"(0.209, 0.215]"
1753189ab85b5608b78bf9637faf30da,True,0.2714158291727061,0.9960323475780253,0.6734963184285921,0.16396538384730672,0.16253829772410117,2024-12-07,3,1,REG,1,0.7696294874256095,home,0.16785624712218306,0.18187081044927236,0.6502729424285446,0.16032974930446145,0.17442338953015316,0.6652468611653855,"(0.145, 0.2]"
176d96f9d29e5a8390791ec580b778cf,True,0.021712795034839007,0.9875585190925975,0.4426461613079835,0.21424031718771058,0.3431135215043059,2025-01-29,2,3,OT,0,0.556697108066971,draw,0.33872516166428174,0.2255511076493923,0.435723730686326,0.3384539196402412,0.22160613460990483,0.4399399457497693,"(0.209, 0.215]"
17767547a148589d27e6a568157d7a14,True,-0.16962141554242444,0.9868265537730146,0.28070644316701354,0.20722139602996298,0.5120721608030235,2024-11-22,1,4,REG,0,0.37479849543256316,away,0.5060780592489271,0.21382443510995805,0.28009750564111463,0.5137975086140933,0.20907777167673305,0.27712471970898456,"(0.2, 0.209]"
1792666ce862b87c8b7bdb4030203a16,True,-0.05624816447596911,0.9553907008226377,0.3711460045650734,0.21892767920657213,0.4099263162283544,2025-02-22,3,4,SO,0,0.4804454222980557,draw,0.40804094798390494,0.2245658613026175,0.3673931907134776,0.410914789486223,0.22068934023438583,0.368395870279391,"(0.217, 0.226]"
17dc54544c043a262702e02127b21e76,True,0.13451108426562555,0.9920208716780435,0.5458067887728393,0.19881607936423096,0.25537713186292965,2024-11-05,3,0,REG,1,0.6569372429822994,home,0.256807451772807,0.209146680155583,0.5340458680716099,0.25280742560368424,0.20401227823167642,0.5431802961643131,"(0.145, 0.2]"
18058e785705470f24ac847c14f07b4a,True,-0.03367458358976279,0.9786659644259541,0.39348781300780605,0.21717226555807653,0.38933992143411733,2024-10-10,1,3,REG,0,0.5046466242274987,away,0.383341003221353,0.22549470777726646,0.39116428900138056,0.38510274328428246,0.22160629303018453,0.3932909636855331,"(0.215, 0.217]"
195cadaa87bddcfa899af2e2818deee7,True,0.03105515593155453,0.956965985945338,0.44739943827535167,0.21669814874501764,0.3359024129796308,2025-01-11,1,4,REG,0,0.562379468921525,away,0.32576432175719805,0.21816562778272486,0.45607005046007726,0.3248230237794128,0.21384152722640284,0.4613354489940893,"(0.215, 0.217]"
19d34e8336d5a651e7ab370e54873e74,True,-0.3290036034149258,0.9374506700957452,0.1732368158919842,0.17752094982379202,0.6492422342842238,2025-03-20,1,3,REG,0,0.2460418160754675,away,0.636068446866485,0.18127520435967304,0.18265634877384196,0.6501151553737632,0.1742460348652546,0.1756388097609822,"(0.145, 0.2]"
19f059d1681cd54b6d31e67b1ee75dce,True,-0.1271795954603507,0.9445084590448517,0.3107371970163419,0.21617157377633767,0.47309122920732044,2025-03-07,3,4,REG,0,0.4132639620653319,away,0.46316782497782893,0.22453334840845576,0.3122988266137154,0.4686758117607335,0.22045547582743974,0.3108687124117176,"(0.215, 0.217]"
1a7d978c0269991484878a2fe079b7b3,True,-0.015379756412012412,0.9415382042661372,0.4035514080780558,0.22203601965641645,0.37441257226552777,2025-01-14,0,2,REG,0,0.5172913928296243,away,0.380205082478823,0.23031654034774854,0.3894783771734285,0.3818695347276173,0.2265550225891386,0.3915754426832441,"(0.217, 0.226]"
1a8dbad1ae56d914bea372ff710dbe25,True,0.005357558208256167,0.9358922010346706,0.42045952922545626,0.2230013989672989,0.35653907180724487,2025-03-14,4,1,REG,1,0.5357590966122961,home,0.3526849230678968,0.22840547398682834,0.41890960294527474,0.3530567857919412,0.2246614129091408,0.42228180129891807,"(0.217, 0.226]"
1a90fd8201f9e84bdf543676419fb9c2,True,-0.0009889911723238683,1.001573943525076,0.42265435183824474,0.21676234922504936,0.36058329893670604,2025-01-23,4,2,REG,1,0.5357590966122961,home,0.3473248595920781,0.22662331264163957,0.4260518277662824,0.34744682896149587,0.22274178225364386,0.4298113887847802,"(0.215, 0.217]"
1aa1bb07d78cfdefa89fc3858e0b7fd2,True,0.17354395865812952,0.9222915913690112,0.5758824766803718,0.19909834698788853,0.22501917633173968,2025-02-05,6,3,REG,1,0.6898790256957379,home,0.23117143387986297,0.19945144503148263,0.5693771210886545,0.22620565193453926,0.19389197230764318,0.579902375757988,"(0.145, 0.2]"
1aa2c2d9d7b199213d9b764ace6fd6df,True,0.028180261372429263,1.0249540560661727,0.45132649787669765,0.21231835524815085,0.33635514687515145,2025-02-27,4,3,REG,1,0.562379468921525,home,0.33134932809719586,0.22531754310609317,0.44333312879671105,0.33073408584789044,0.22123649173190083,0.4480294224201189,"(0.209, 0.215]"
1b0644293fe2f52f39ca6871b662bede,True,0.244614569700333,0.9689644334867001,0.6475892086899409,0.174369849669206,0.17804094164085327,2024-10-26,4,2,REG,1,0.7487654855756736,home,0.184800429697176,0.19143996609348174,0.6237596042093422,0.17809058149322282,0.18480064545583527,0.637108773050942,"(0.145, 0.2]"
1b122ef7c4e084218ec47184bf6311d0,True,-0.09006862519493368,1.0099687594803983,0.34523472082158496,0.21562078745483657,0.4391444917235785,2024-11-23,1,6,REG,0,0.4499636492248442,away,0.4356609810012073,0.2183266875176893,0.34601233148110333,0.4398432912164457,0.21416283471724087,0.34599387406623416,"(0.215, 0.217]"
1b8e3e3a67da5245cdd7985f94ed772f,True,0.1470629580998691,0.954619513019603,0.553941521104393,0.20036971626902086,0.24568876262658612,2025-01-16,1,3,REG,0,0.666540435916856,away,0.2461863587154904,0.21617718632127716,0.5376364549632324,0.24184569679190704,0.21112867385445425,0.5470256293532659,"(0.2, 0.209]"
1bbfa7677cb3a9eabdacbdb9ff93c0c2,True,0.07223354055509777,1.0108958624073823,0.4916042975516357,0.20657270410200018,0.30182299834636406,2024-11-02,4,3,OT,1,0.6033428208078484,draw,0.30375669932793314,0.21075630019449107,0.485487000477576,0.30169976612505617,0.20596087736030008,0.49233935651451477,"(0.2, 0.209]"
1c63ffaecf43e27034d77fd82df8818d,True,0.07305814439509398,0.9120910098106318,0.4824169841763126,0.21703736385213707,0.3005456519715503,2024-12-07,4,1,REG,1,0.5986798270759409,home,0.29209250822550475,0.2264925359289966,0.48141495584549865,0.28979172837198,0.22227974739768006,0.4879285242301993,"(0.215, 0.217]"
1c8d71d2ff8eae7c825a13ae548947ef,True,-0.19628551523076562,0.9961705850100393,0.25993611404372957,0.201308540091278,0.5387553458649924,2025-03-11,4,7,REG,0,0.3504672897196262,away,0.5246700000342235,0.2106113341341629,0.2647186658316136,0.533244421577627,0.20565846620660463,0.26109711221550147,"(0.2, 0.209]"
1cbbe0e809d17402a58467398e48bc4b,True,-0.17673848940960454,0.9107063882080075,0.27441379454111364,0.2101538547034264,0.5154323507554599,2025-02-06,2,1,REG,1,0.3720770106723868,home,0.49796310133844407,0.2256564816522797,0.2763804170092763,0.5051107739516382,0.22139966139208905,0.2734895646560927,"(0.209, 0.215]"
1cc07e6c53d6b82bcc2e36cd45a2329a,True,0.07792143231784583,0.9706180526436183,0.4913704244140278,0.20917615507376502,0.29945342051220714,2024-11-25,1,4,REG,0,0.6054283493752615,away,0.2984258535394105,0.22021769881873743,0.48135644764185215,0.2963141523304257,0.2158253863059942,0.4878604613634468,"(0.2, 0.209]"
1d265bba058f7d7485c42eff2695e80a,True,0.11886116294331353,0.9157648944299439,0.5260103752121117,0.211166305162242,0.2628233196256462,2025-01-13,1,0,REG,1,0.6430392656807751,home,0.26695099674322065,0.2163327490537612,0.5167162542030183,0.2635062584829174,0.21159966007478598,0.5248940814420594,"(0.209, 0.215]"
1d4618ec8fcf63aa1f50440d217339da,True,-0.2428955904199789,0.936821682581532,0.22616136882059243,0.19771762498328746,0.5761210061961202,2024-11-21,3,1,REG,1,0.312960235640648,home,0.5539844831193872,0.20091251970082905,0.24510299717978376,0.5640025359492044,0.1954364429709939,0.2405610210802441,"(0.145, 0.2]"
1d7d33ba47c01ccba812e5ff278ca0bc,True,0.06359642467296973,0.9516935134758089,0.4766857976942476,0.21348151056292972,0.3098326917428226,2025-01-07,5,2,REG,1,0.5916792592354435,home,0.3112839524121054,0.21642315427297626,0.4722928933149185,0.3097185198291919,0.21207833287996417,0.4782031472907308,"(0.209, 0.215]"
1d887dd7b7bb42f55613c2b4551343da,True,-0.10951521982020244,1.0102796635420936,0.32828063415866426,0.21536878567378184,0.4563505801675539,2024-10-17,6,4,REG,1,0.43134435657800146,home,0.45432119559686857,0.2139771702476323,0.33170163415549925,0.45936029045545707,0.2096429741784429,0.33099673536601104,"(0.215, 0.217]"
1eb6f777a9e92752911b140372920bf6,True,0.041749972589057716,0.9586003977770144,0.45738553509946644,0.21516793108259663,0.327446533817937,2024-12-17,2,0,REG,1,0.5722567873303167,home,0.33599143698153594,0.21862456515921863,0.4453839978592454,0.3355152927455508,0.2143410761011519,0.4501436311532114,"(0.215, 0.217]"
1ebffa9dc544a0cae2763a63f92827da,True,0.12271224526749752,0.8735906272898245,0.5232373906931495,0.2155882101988827,0.2611743991079679,2025-03-08,2,1,OT,1,0.6405357494583416,draw,0.2630661360454496,0.21862117242133255,0.5183126915332179,0.25942337922912684,0.21383125635236905,0.5267453644182539,"(0.215, 0.217]"
1ee2f3b34e79320da45ac35ddfede8d3,True,-0.020917165389607053,1.009059897140928,0.4055099159423453,0.21646626706357047,0.37802381699408416,2025-01-06,3,1,REG,1,0.5162468054034319,home,0.37582515903064956,0.2198059989743478,0.4043688419950026,0.37718859531819365,0.21573860629802752,0.40707279838370997,"(0.215, 0.217]"
1efba5eb30070bc02b8cc5cb3b4957ef,True,-0.005244751198112676,0.9522302623395643,0.4137546881313683,0.22099648179257703,0.3652488300760547,2025-01-28,3,4,OT,0,0.5284039285250725,draw,0.36472270974192067,0.22359457496998864,0.4116827152880907,0.3655887353072058,0.21971670146399438,0.41469456322879983,"(0.217, 0.226]"
1f41148360ee77450c8e8ed22abdccf8,True,0.04962419484927268,0.9572128860274104,0.4644243338486631,0.2144123153833032,0.3211633507680338,2025-03-25,6,1,REG,1,0.5792858120125872,home,0.32745781951025016,0.22628571018043225,0.4462564703093176,0.3267146221707417,0.22240831470720515,0.45087706312195996,"(0.209, 0.215]"
1f88e8acedc5554f928184948f919894,True,-0.09174107617425353,0.9386411410524503,0.3396159696205011,0.21824126197604093,0.4421427684034578,2024-12-05,2,3,OT,0,0.4460406650060824,draw,0.43617062194699796,0.23047040270779645,0.3333589753452056,0.44331044455990626,0.22412176342809334,0.3325677920119155,"(0.217, 0.226]"
1f8b453e0c7f028519a70b59a23b40f8,True,0.09038886486100775,0.9529106779296351,0.501451608149422,0.21004100339558032,0.2885073884549978,2025-04-01,2,1,OT,1,0.6162961291050671,draw,0.286897587515104,0.21778135052282896,0.495321061962067,0.2842837749241193,0.21325684781271126,0.5024593772630073,"(0.209, 0.215]"
2014811a18aa3bb9a58fd5720a6a5ceb,True,-0.0016905343137686073,0.9580961130655391,0.4177295182206059,0.220243299643853,0.3620271821355411,2024-11-12,0,3,REG,0,0.5327102803738317,away,0.3559850854069433,0.22584902824166916,0.4181658863513875,0.35650154204405493,0.2218631637409584,0.42163529421491047,"(0.217, 0.226]"
2094c2e8084af9163c4144e6a135b134,True,0.06739896692653259,0.9260326595156628,0.47786476841197273,0.2165372748478625,0.30559795674016477,2025-02-01,2,4,REG,0,0.5939086294416244,away,0.32896811351716587,0.22159657646642422,0.44943531001640974,0.3281999901293326,0.2173509873723106,0.4544490224982649,"(0.215, 0.217]"
21a9e7d4086288860f58976503b4d3e3,True,-0.10671233102962636,0.9951402233498597,0.3305596722243708,0.2163044297740887,0.4531358980015404,2024-10-15,3,4,REG,0,0.43352601156069365,away,0.44883495566901455,0.22077264640796074,0.3303923979230246,0.4545377312809386,0.21588956124612743,0.3295727074728436,"(0.215, 0.217]"
21ae694be37cc63b7055e7afaef795b9,True,-0.10628206086030131,0.9671070873129,0.32975709041511553,0.21728025237423734,0.45296265721064716,2024-12-07,2,4,REG,0,0.43316719528772085,away,0.45161198247441803,0.22162439880689033,0.3267636187186916,0.45671915475506736,0.2173825040988355,0.3258983411460033,"(0.215, 0.217]"
220d5b628770404dfd4067c4ddbc9480,True,0.2066243610127479,0.9799081758666468,0.6128199696891473,0.18179886017606356,0.20538117013478902,2025-03-12,3,2,REG,1,0.7163109950073729,home,0.20985425564264534,0.19855775326850705,0.5915879910888474,0.20407397503135272,0.19259874559219592,0.6033272793764513,"(0.145, 0.2]"
2304167d8462da79094ea9f15bbdafb8,True,-0.09604760181794293,0.974286198586194,0.33913718260846776,0.21729452920614561,0.4435682881853866,2025-03-13,3,2,REG,1,0.4433028919330289,home,0.4354920662572768,0.22596286456745496,0.3385450691752682,0.4397547953020571,0.22197920479241653,0.3382659999054415,"(0.215, 0.217]"
2362033b13c1620e776dc365058e6540,True,-0.07329119488046933,0.9692673887814756,0.3582098455294427,0.2176771059359955,0.42411304853456183,2024-12-15,3,2,REG,1,0.46516522837297414,home,0.41883047034242854,0.22461868315788322,0.35655084649968827,0.4221905709114638,0.22074709266940565,0.3570623364190549,"(0.217, 0.226]"
238de0ca9adb2bce4f77e53fc4613a70,True,0.19223291440061352,0.9714086853706246,0.5979769125649125,0.18685920641692025,0.21516388101816727,2025-01-10,2,1,REG,1,0.7042435333910685,home,0.21868318302579975,0.2020743336820681,0.5792424832921322,0.21309942963988754,0.19618995001462777,0.5907106203454847,"(0.145, 0.2]"
23a14980a9fc12b4d178535874daae98,True,-0.050583537644511366,0.9707331999432182,0.37786138455022755,0.2178377159082734,0.40430089954149895,2025-03-05,2,3,OT,0,0.48729792147806006,draw,0.37905140219391137,0.2230232668722316,0.3979253309338572,0.3805678597376326,0.21912198173548236,0.40031015852688495,"(0.217, 0.226]"
23a3e1e59b3e34f39d109d553452399a,True,0.11644776236794104,0.9795577136174743,0.526333720077606,0.2034978341664846,0.27016844575590937,2025-03-27,8,0,REG,1,0.6392711044998141,home,0.2730038701864964,0.20831382268578316,0.5186823071277206,0.2696840636378554,0.20336224058808933,0.5269536957738257,"(0.2, 0.209]"
23d2c45977bfe96f81f7696164173aca,True,-0.06519953160968638,1.0194406278940689,0.36709719655328565,0.21554348195350512,0.4173593214932093,2024-12-02,1,5,REG,0,0.47377843762281124,away,0.4199420769549028,0.22010757136946635,0.359950351675631,0.423468861402551,0.215932923707723,0.360598214889653,"(0.215, 0.217]"
24259d94ce86fabcc2469501e99fe896,True,-0.03519697986044926,1.0180414729753406,0.3932783456734538,0.21607476689694663,0.3906468874295995,2025-03-01,5,3,REG,1,0.5023229882921391,home,0.40484304932735415,0.22470211402946827,0.3704548366431774,0.4075277964035166,0.22089161971492874,0.37158058388155457,"(0.215, 0.217]"
246eebe132c8b973e33d4a4466903240,True,0.02792758896859243,1.0511960245137135,0.4530692019281966,0.21058529679411667,0.3363455012776867,2024-11-11,3,2,OT,1,0.562379468921525,draw,0.33487421675728585,0.21966519723069672,0.44546058601201743,0.33436071464516287,0.2154283592953183,0.45021092605943214,"(0.209, 0.215]"
247c63c5d1fcc627424c4bc217f198bd,True,0.1556671788115282,0.9823404439801411,0.5640495700396013,0.19446656176139798,0.24148386819900067,2024-11-16,4,1,REG,1,0.6732289817653704,home,0.24062771407205075,0.2109467625565555,0.5484255233713937,0.2359959734845016,0.20565453882916337,0.558349487685866,"(0.145, 0.2]"
2492c3a761f8275a0719fec80da109c2,True,0.11751075734555769,0.9348291308857402,0.5258117642001398,0.20900414873220324,0.26518408706765717,2025-03-17,6,2,REG,1,0.6417917746589076,home,0.2661028039962915,0.21335636846027825,0.5205408275434305,0.2625479383269737,0.20846888639378827,0.5289831752789874,"(0.2, 0.209]"
24af9bdf56f99e01051c02101c84850c,True,0.03311199205445169,0.9639107200592917,0.4501860125676683,0.215441867874475,0.3343721195578567,2024-11-13,3,4,OT,0,0.5649948822927329,draw,0.32457261685604105,0.22164102308456507,0.4537863600593939,0.32361034149735307,0.21739707291353805,0.4589925855890128,"(0.215, 0.217]"
24dd11ca3d198dc80ad50e981e42cd5d,True,-0.1628045620342764,0.9266064327763099,0.28397486676257905,0.21073641907650154,0.5052887141609194,2025-03-15,2,6,REG,0,0.38277511961722493,away,0.49269765257228404,0.22062367713653272,0.28667867029118327,0.49984825168598446,0.21610923124417714,0.2840425170696788,"(0.209, 0.215]"
24df7f4a052aad3f43c0c6291dcb1974,True,-0.08773626056468589,0.9958437940063661,0.34706434011728765,0.21636129929378317,0.4365743605889292,2024-11-19,3,4,REG,0,0.4519505233111323,away,0.42953450575399577,0.22591083675269114,0.3445546574933131,0.43353132790068927,0.22192294062256213,0.3445457314766673,"(0.215, 0.217]"
25b6a33ece97a21cc219a2053a6f8b66,True,-0.11236693818941683,0.9873222356075674,0.3255674686073501,0.21676372896754809,0.4576688024251018,2024-12-11,2,3,REG,0,0.4277432126696832,away,0.4564846416382253,0.2239761092150171,0.3195392491467577,0.4616865692869282,0.21990295330487009,0.31841047740810074,"(0.215, 0.217]"
2640d4bd02029864907465aad698b152,True,0.13041021247751125,1.0112379173601584,0.5462497075181939,0.19784284947998856,0.25590744300181756,2024-11-09,5,2,REG,1,0.6569372429822994,home,0.25780546382467723,0.209396577604323,0.5327979585709997,0.2539646833564571,0.2044292862753949,0.5416060303678328,"(0.145, 0.2]"
26ceec8a437ff44b521f49e80f0c46e5,True,0.18589401431642455,0.9486589900105596,0.5895977134079163,0.19213184825906265,0.21827043833302104,2024-11-09,4,3,SO,1,0.6994581781239418,draw,0.2222649171780643,0.20295800699946126,0.5747770758224745,0.21684506736355477,0.1971776997807749,0.5859772328556703,"(0.145, 0.2]"
27b6b572198db964d2ce7bb61c42f92d,True,0.0943882223547834,1.05998441780294,0.51917314361311,0.19998820184280075,0.2808386545440894,2025-02-07,4,5,REG,0,0.6279229893276131,away,0.27929639899848363,0.21673906076126673,0.5039645402402497,0.2763331638682294,0.2120883638096985,0.511578472321885,"(0.145, 0.2]"
27d0c93a46675a5d7c9c3579729deafb,True,-0.08131172017255003,0.9823281105097166,0.3524379725514301,0.21703488192575734,0.43052714552281257,2025-03-27,6,4,REG,1,0.45801526717557256,home,0.42074570314644993,0.22786228103893252,0.35139201581461754,0.4241999835845028,0.22409786335889384,0.35170215305660335,"(0.215, 0.217]"
2873be82511820fb5e0a303c5a6f7222,True,-0.05947765523369541,1.075911199579618,0.3722083645027347,0.2102436901625005,0.4175479453347648,2024-10-30,2,5,REG,0,0.47598060819744376,away,0.41132400619213133,0.22288021730875954,0.36579577649910916,0.4143792257964231,0.21889768371732046,0.3667230904861842,"(0.209, 0.215]"
296c91c729430f9070a435ad6e2fd67e,True,0.17745070194896184,1.079707200860913,0.5982786070775465,0.18318458580157504,0.21853680712087853,2024-10-18,4,3,OT,1,0.7023044455316645,draw,0.21750413750740996,0.19222309547248054,0.5902727670201096,0.21189762997952594,0.1862143241262697,0.6018880458942043,"(0.145, 0.2]"
298cfd03be55cbb48905a9557748ed44,True,-0.1251340925735067,0.977395301252851,0.31428637071277865,0.21716905554903523,0.46854457373818614,2024-11-18,5,4,OT,1,0.41493775933609955,draw,0.4520252229733568,0.219792080895302,0.32818269613134127,0.45702995984991673,0.21559013932638885,0.32737990082360185,"(0.215, 0.217]"
29beb4d5779b5f6e05f65deafbfeb453,True,-0.2902381444539458,0.9563085739263798,0.19619236734261997,0.18419657305435255,0.6196110596030274,2025-01-25,2,7,REG,0,0.2738776217715375,away,0.6067295187574103,0.1946205352870603,0.1986499459555294,0.619090917108164,0.1884129234592538,0.19249615943258233,"(0.145, 0.2]"
2a06185ff4d972e21b95405424103531,True,0.017034815828824962,0.9452189263695061,0.4328190677726398,0.2201437775442185,0.3470371546831418,2025-03-13,3,0,REG,1,0.5480494766888678,home,0.3450229731515053,0.23056823686566943,0.42440878998282516,0.3450778841262603,0.2268598991740005,0.42806221669973926,"(0.217, 0.226]"
2a0c4518e32a2a473ae361f7dbfad41d,True,0.04508065607577029,0.964614584744925,0.46112774314000415,0.2139097072091716,0.3249625496508243,2025-01-14,3,5,REG,0,0.5757997218358832,away,0.3205578114453126,0.2208451281616324,0.4585970603930549,0.31943506500114505,0.21665990199020155,0.4639050330085531,"(0.209, 0.215]"
2a25c1a7df63aee84fa85fa408146382,True,0.11125688128633517,1.0006482082567416,0.5260780076529481,0.20208027426990488,0.27184171807714697,2024-11-01,2,1,REG,1,0.637997753089502,home,0.2679135474815812,0.21699785067512686,0.515088601843292,0.2645845538057279,0.21238936549864754,0.5230260806953947,"(0.2, 0.209]"
2a2a55019c073fe1002ef323c7589bca,True,0.0002553141873115067,1.0233509988999396,0.4244314356241833,0.21655049209256416,0.35901807228325266,2024-10-22,2,3,OT,0,0.5357590966122961,draw,0.38037616730238066,0.22188609759305536,0.397737735104564,0.3819618134131355,0.2179054688448112,0.4001327177420532,"(0.215, 0.217]"
2a3301bc0b206a481cc153b60a324cfa,True,0.12319245396227212,0.9445555428057374,0.5314129875297938,0.20707521740598053,0.2615117950642256,2024-11-16,4,1,REG,1,0.6467313731087638,home,0.26133287775814296,0.21552621603873812,0.5231409062031188,0.2577216948360643,0.2108010019610779,0.5314773032025902,"(0.2, 0.209]"
2a568a3bac8936d57be82ece8742e82a,True,-0.07618469183346852,0.9842427679536757,0.35691406466649445,0.21694233455563194,0.4261436007778736,2024-11-15,2,0,REG,1,0.46305953026573776,home,0.4221450530668704,0.22029178631305654,0.3575631606200731,0.4257083317412239,0.21620093059003218,0.3580907376686699,"(0.215, 0.217]"
2ad2bb8a3218934a64b971791242dcfb,True,-0.03632828285200422,1.0563957370142356,0.393225541473709,0.2132781072526826,0.39349635127360844,2025-03-08,5,4,REG,1,0.5,home,0.3896027374700361,0.2223718640780252,0.38802539845193884,0.3916276389113055,0.21839578955266842,0.38997657153602594,"(0.209, 0.215]"
2b5765b6b218180e46367b20e3423f44,True,0.05864918779244609,0.9454453197067918,0.4714980434640161,0.21495691940250233,0.3135450371334816,2024-12-12,3,1,REG,1,0.5867360379346681,home,0.30945834719717,0.22258024972418258,0.4679614030786474,0.3079085508752128,0.21848309266167146,0.47360835646300214,"(0.209, 0.215]"
2b8a526f6728418f4af260a36ff3f716,True,-0.15916495436747113,0.9822374806109114,0.2887528012810421,0.20967226613514517,0.5015749325838127,2024-11-05,3,2,REG,1,0.38421186945302976,home,0.4929531480954816,0.21674282529597289,0.2903040266085455,0.5000113124429789,0.21218331262298826,0.28780537493387826,"(0.209, 0.215]"
2ba0d0ce1f9da6039fb825b3fba8cf46,True,0.14946831800066615,0.924438334803823,0.5545132816429896,0.20401454562277882,0.24147217273423158,2025-01-24,5,2,REG,1,0.6697626418988648,home,0.24245884927743314,0.20910752284844128,0.5484336278741256,0.23787108309651078,0.20377837553761408,0.5583505413654114,"(0.2, 0.209]"
2bc4288844f33b19c346df0e52ce7882,True,-0.0007309678648713871,0.9524602121929692,0.41759786915360075,0.22112379159759646,0.3612783392488027,2024-12-07,3,1,REG,1,0.5327102803738317,home,0.3566334852219451,0.2262603951054321,0.41710611967262273,0.35716043068099174,0.22246202048057345,0.42037754883843487,"(0.217, 0.226]"
2c22117959ee4275d3b12535a2400b2c,True,0.12166591314863665,1.0343377160247351,0.5433279003634821,0.19722732246047467,0.2594447771760432,2025-02-27,5,2,REG,1,0.6534585746204004,home,0.25681799611567496,0.21099804526684307,0.532183958617482,0.252850055146537,0.205930189469273,0.5412197553838728,"(0.145, 0.2]"
2c4deeb94abb565ba4184300ed48e7ab,True,-0.06913258924457046,0.9425224697699399,0.3588384515919011,0.21925577376372307,0.42190577464437584,2025-02-23,3,4,REG,0,0.4672897196261683,away,0.4093343875630589,0.2319231154715636,0.3587424969653774,0.4123991017724465,0.22816437443114723,0.35943652379640634,"(0.217, 0.226]"
2c4e914856516497f2412c2c14cb1c19,True,0.11623253508058644,1.06946461415631,0.5413579188101436,0.19652162171731527,0.26212045947254115,2025-01-02,6,5,OT,1,0.6495327102803738,draw,0.2632544693344118,0.21014172552132873,0.5266038051442594,0.2595636595729434,0.2051541567621373,0.5352821836646421,"(0.145, 0.2]"
2c66d28cd356e014d674712f665faa67,True,-0.03159903475291431,0.9426944526221984,0.3901908961453757,0.22108816304098838,0.3887209408136359,2025-02-01,1,3,REG,0,0.5023229882921391,away,0.37600490150572774,0.2310391563468929,0.39295594214737933,0.37745427383890023,0.2273643744692159,0.39518135169188373,"(0.217, 0.226]"
2c6bcf765868f62aefd6f33d8c31dafa,True,-0.11443629217612904,0.9934478411379439,0.32382977295920307,0.21637389964115855,0.4597963273996383,2024-10-19,2,4,REG,0,0.4259645555419215,away,0.44983954631810386,0.21976106276549573,0.3303993909164004,0.45475442065824945,0.215553332206235,0.32969224713542483,"(0.215, 0.217]"
2c77ce07ed28207358e5473d2e64ee8e,True,0.060936684295826334,1.0019872027808636,0.4798500516927151,0.2086530526890071,0.31149689561827787,2024-11-09,4,0,REG,1,0.5922935486449756,home,0.3141347275512642,0.22076288456943682,0.4651023878792989,0.31271830277303964,0.21650313533589,0.47077856189096257,"(0.2, 0.209]"
2c972fe3e18a4943cd6812a428b4f99e,True,0.15043335204387823,0.9721950906450725,0.558086086363123,0.19710510467868,0.24480880895819707,2025-03-22,6,3,REG,1,0.6686953451176703,home,0.2471783219932827,0.2089437667394198,0.5438779112672976,0.2429224207146667,0.2038455561565656,0.5532320231283591,"(0.145, 0.2]"
2caaa8d7f9aee2d25d227d2c7bba562c,True,-0.08818631282702491,0.9143072830488101,0.34155411940054625,0.21926041183458964,0.43918546876486414,2024-12-19,2,3,OT,0,0.4491310290958797,draw,0.4299004751953844,0.2277145034882915,0.342385021316324,0.4338431939574001,0.22385955543321723,0.3422972506092997,"(0.217, 0.226]"
2d3a91c810d9b567fac391660a02e874,True,-0.13618419354603045,1.00924599050136,0.3060530949924446,0.21302030369455593,0.4809266013129995,2024-10-18,1,4,REG,0,0.40609137055837563,away,0.4701094936443344,0.22251122204975454,0.30737928430591094,0.47590344460760836,0.21836809876063,0.30572845663164505,"(0.209, 0.215]"
2de3d70f2645fa0e3f963bc74921b846,True,-0.036291864263641435,0.9403690760345577,0.3859532670969713,0.22109598982275147,0.39295074308027717,2025-01-02,1,2,REG,0,0.497677011707861,away,0.383341003221353,0.22549470777726646,0.39116428900138056,0.38510274328428246,0.22160629303018453,0.3932909636855331,"(0.217, 0.226]"
2e52ca67c761d85ec534e983e9d5f92b,True,0.04325924056788368,0.9888901903799454,0.46219338760685247,0.21155786852450717,0.32624874386864045,2024-11-12,5,2,REG,1,0.5757997218358832,home,0.3235693453566983,0.21816976361180565,0.4582608910314962,0.32253009730610427,0.21383722818625245,0.4636326745075461,"(0.209, 0.215]"
2e72df8c79d3d7b9e4ce797361fb1dbc,True,-0.10099720611696072,1.0101441796398658,0.3357071636132891,0.21547984239401102,0.4488129939926999,2025-02-22,2,1,REG,1,0.4394987843650645,home,0.4414061512800424,0.2248477343374864,0.3337461143824711,0.44597579595665454,0.22078648822014763,0.3332377158231096,"(0.215, 0.217]"
2f73cbde97f9c10b4064de8a6df15ffe,True,-0.1207206454031165,0.9072066126088141,0.3159504621065448,0.21737344481590146,0.46667609307755387,2025-03-16,4,2,REG,1,0.4207141879874127,home,0.4562476594682312,0.2254400199725378,0.3183123205592311,0.46151224505717786,0.22135707276585537,0.31713068217686474,"(0.215, 0.217]"
2f7820d49bd2753946048113ae4f9b0a,True,0.1623171977063675,1.014416106182103,0.5765595302269342,0.18988120144287202,0.23355926833019372,2025-03-07,4,0,REG,1,0.683877766069547,home,0.23971298343788075,0.21120086646509315,0.549086150097026,0.23518614976858024,0.20605949248460853,0.5587543577463384,"(0.145, 0.2]"
2fe8e5ac430073986c7f474dfe21ed10,True,0.17759270425635007,1.022649170019796,0.5921494148792253,0.18553199109735327,0.2223185940234214,2025-01-30,2,3,SO,0,0.6976859702310604,draw,0.2228574652549226,0.202170274387377,0.5749722603577003,0.21749062042149814,0.19642087126189994,0.5860885083166019,"(0.145, 0.2]"
3084c5bd3c16d4d63f334f78904e1488,True,-0.17893435047180867,0.983166160376539,0.2737785466602786,0.20534551459461425,0.5208759387451072,2025-01-25,5,2,REG,1,0.36630974947487066,home,0.5102772999019782,0.21525594752419347,0.27446675257382835,0.5182233902152474,0.2105014793223043,0.27127513046224067,"(0.2, 0.209]"
3092127f989e15b0fef7f3c3d53a0f84,True,-0.23233232598119424,0.9793516538663196,0.23366698237632966,0.19385014405063744,0.5724828735730328,2024-10-22,2,7,REG,0,0.31808312064302313,away,0.5638406115664312,0.20694054979027438,0.22921883864329437,0.5744351611339485,0.20141971165654105,0.224145127209758,"(0.145, 0.2]"
30a55c410d948bc3c182f92089351213,True,0.024254992505539037,0.9766924592965096,0.4439435934329734,0.21462263663497877,0.34143376993204794,2025-03-26,6,2,REG,1,0.5586071603727317,home,0.33497796460530666,0.22756222773662163,0.43745980765807174,0.33455432794956075,0.22361356055778825,0.4418321114925637,"(0.209, 0.215]"
30f4545f65de9d8f5284b3d0714e4529,True,0.12200398818625417,0.9879396762979296,0.5330947424919807,0.201975809106106,0.26492944840191335,2025-03-29,3,2,REG,1,0.6455089820359281,home,0.26679039675007116,0.20686339618418045,0.5263462070657484,0.26315132379490647,0.20174496559163976,0.5351037106131858,"(0.2, 0.209]"
3152df3211373f6022dda8f7ab7cacb6,True,-0.19998701808630517,1.062336526290215,0.25395687060328676,0.1960381688306543,0.550004960566059,2025-04-05,3,2,SO,1,0.3430627570177007,draw,0.5378915972753756,0.20385519311633254,0.2582532096082919,0.5471520646175092,0.19859460892729816,0.25425332645485266,"(0.145, 0.2]"
315d4f7ef5591324dbff4538ebe4bd30,True,-0.022587716795330903,0.9494265447671623,0.39871816545518607,0.22071365576672597,0.380568178778088,2024-11-19,2,1,SO,1,0.5116279069767442,draw,0.3769319866909633,0.22580359580071857,0.39726441750831815,0.37843415258756863,0.22182820669239262,0.39973764071996765,"(0.217, 0.226]"
31cc126e4e422ad0c3c0fbd15d2a359f,True,0.12618414402872716,0.9833865104044829,0.5358771756601873,0.2017933998279885,0.26232942451182417,2025-01-12,4,1,REG,1,0.648330451760112,home,0.2773011132811742,0.21368860845275334,0.5090102782660726,0.2743301064235485,0.20909716340452408,0.516572730171729,"(0.2, 0.209]"
31e346dde67b789c521949be04daaae8,True,-0.059849546462592024,0.9283700476404554,0.3649215357145583,0.22070296630534728,0.41437549798009443,2025-03-11,2,5,REG,0,0.47476701248461406,away,0.4092479404730268,0.22800956683497203,0.36274249269200104,0.4122979034339866,0.22411086568484262,0.36359123088109596,"(0.217, 0.226]"
31ec2ea2c65b193542d6ec75c6a50b17,True,0.0006530231452389393,1.030404968530611,0.4250376640204002,0.21642853373408377,0.3585338022455159,2024-11-02,5,2,REG,1,0.5357590966122961,home,0.3562694640222915,0.22339507184614543,0.4203354641315631,0.35676648834625013,0.21940833910489915,0.42382517254877516,"(0.215, 0.217]"
3277a9c7f2c164d04205ccf733c7ce37,True,-0.09746402658238554,0.9584455640538578,0.33655749951134684,0.2175718858227125,0.4458706146659407,2024-10-17,1,4,REG,0,0.4413928396272682,away,0.43776299421277515,0.22347341662610196,0.3387635891611228,0.44205234711895447,0.21947327493639313,0.33847437794456786,"(0.217, 0.226]"
328d5bf32e7b6fdbabe0a9a0a5474343,True,0.1518760846257945,0.9763083861784743,0.5597068375410754,0.19616618763505458,0.24412697482387005,2024-10-11,4,3,REG,1,0.6697626418988648,home,0.24658709320110173,0.2094375092908921,0.5439753975080063,0.24233530537967432,0.20437109456258176,0.5532936000573334,"(0.145, 0.2]"
3297a7cb75ea8a0cd27c68ce0a7ef3bd,True,0.17166360220236226,0.9325254935774971,0.5750627802989456,0.19793257040870962,0.22700464929234462,2024-10-29,1,3,REG,0,0.6879918017787211,away,0.23621300907224602,0.2010534207197734,0.5627335702079805,0.2314165088889291,0.19556327763994524,0.5730202134714258,"(0.145, 0.2]"
3298a8d4d42ce3829458ee02e41b413c,True,0.07121058921474897,1.0036135705973679,0.489582935312288,0.20718119360106296,0.30323587108664907,2024-10-24,2,4,REG,0,0.6018002898771836,away,0.30029822242826404,0.2207261127986549,0.4789756647730811,0.2982734203319202,0.21636377888866196,0.48536280077928834,"(0.2, 0.209]"
329ef6497dcb14db5ca7c66edd87cd08,True,0.19711820201555502,1.01050376327262,0.6082439619518631,0.18185597277182713,0.20990006527630967,2025-03-25,6,1,REG,1,0.7121336070507972,home,0.212485161506273,0.19637460622813344,0.5911402322655935,0.20664692692247683,0.19027607422906379,0.6030769988484596,"(0.145, 0.2]"
32a958c4c454f56828c112213f270e5f,True,-0.0394581757600178,0.9459768213867513,0.38407284515714224,0.22038059462528672,0.39554656021757106,2024-11-25,1,4,REG,0,0.4953533757725013,away,0.40152968599825456,0.22794678136242955,0.370523532639316,0.4040736305676085,0.22425248308632426,0.3716738863460671,"(0.217, 0.226]"
32bd678c0340ea6f63ffbeede3a58cd7,True,-0.1072171736591373,1.0211414188127206,0.33040216871463596,0.2147471640702044,0.45485066721515954,2025-01-09,3,2,OT,1,0.43391066545123064,draw,0.4626360771832945,0.21814502956023227,0.31921889325647324,0.4682405895042773,0.21377781407084429,0.31798159642477625,"(0.209, 0.215]"
330b7f8ca917e9ec2f274a0d1f36b11e,True,-0.2351022504178522,0.9199901377501176,0.23192283545163853,0.20120975222422194,0.5668674123241395,2024-11-25,7,2,REG,1,0.32135553607946243,home,0.5500001459179892,0.21418515915275071,0.23581469492926005,0.560084301446551,0.20890258852112098,0.23101311003277838,"(0.2, 0.209]"
33b3616214d08e0192947e823ff2cb0d,True,0.09392305919421025,0.9985123763067243,0.5097047788932383,0.20454443889868368,0.28575078220807804,2024-10-09,0,6,REG,0,0.6219592373438527,away,0.2849002849002849,0.21367521367521364,0.5014245014245015,0.2820801762349013,0.2088843244825839,0.509035499282341,"(0.2, 0.209]"
33b68af4b8cd4b68a1e8fe1dc0b6ab85,True,-0.0034613224770079698,0.9416031284567717,0.41350016217763663,0.2226304226270504,0.363869415195313,2025-01-02,1,3,REG,0,0.5284039285250725,away,0.36579577649910916,0.22288021730875954,0.41132400619213133,0.3667230904861842,0.21889768371732046,0.4143792257964231,"(0.217, 0.226]"
347d02f2d9431babb1fc241c46bffc86,True,0.10466689473690789,0.8912506106134315,0.5098061775931595,0.21519730857941777,0.27499651382742263,2025-03-25,3,1,REG,1,0.6265670845558816,home,0.27823632781298263,0.22258906225038608,0.4991746099366313,0.2752401446039472,0.21802978763500877,0.5067300677608634,"(0.215, 0.217]"
34a1c512e7ed395074072e7e67c7aa41,True,-0.1030959144402246,0.9483269982967807,0.3309607467646465,0.21752137019274642,0.4515178830426071,2024-10-22,2,3,REG,0,0.43575788776936086,away,0.44553804589273394,0.22753130609723943,0.32693064801002664,0.45031793303675793,0.22353629359958943,0.32614577336355915,"(0.217, 0.226]"
34c199f612a68c55bcd17bb4f7ab2feb,True,-0.1532234140288395,1.0005674969040226,0.29292426463166676,0.21005239147595006,0.4970233438923833,2024-12-31,0,4,REG,0,0.39006574141709277,away,0.5042293233082707,0.22034252297410195,0.2754281537176274,0.5117716149189431,0.2158372975093262,0.2723910875715375,"(0.209, 0.215]"
34d70f03167a6858281c96f632b6cf17,True,-0.2951102880335738,0.9269706447086064,0.19399960740227845,0.18710582114390226,0.6188945714538193,2025-01-20,3,4,OT,0,0.27314865908840086,draw,0.6074940223706378,0.1976591003005591,0.19484687732880315,0.6201670518362944,0.19134157154113754,0.18849137662256807,"(0.145, 0.2]"
34dc3fca8e922bdfdb79fd2d9e7652af,True,0.027054924819100823,0.9490897910910394,0.44265770064236976,0.21833588028054787,0.33900641907708234,2024-11-30,2,3,OT,0,0.5578160286945135,draw,0.3364784989968006,0.22563852285667804,0.4378829781465214,0.3361122980748857,0.22172598614064148,0.4421617157843864,"(0.217, 0.226]"
35195f5ab9f1f274458ec5f6c703b71e,True,0.019686771732591053,0.9262611760279698,0.4325217293819934,0.2226217045036586,0.344856566114348,2024-12-14,1,5,REG,0,0.5480494766888678,away,0.3545391483362796,0.23462149522253795,0.41083935644118236,0.3550711487407578,0.23088936139716118,0.41403948986200234,"(0.217, 0.226]"
3533cffb627ab861935752ab1b778047,True,-0.027658844425453372,0.8780681130528981,0.395424901212078,0.22318402477223218,0.38139107401568983,2025-03-15,1,5,REG,0,0.5069715560513106,away,0.3755491167398823,0.23357323114309753,0.39087765211702025,0.37704019677781364,0.22987038429491874,0.3930894189272676,"(0.217, 0.226]"
3555583683b54c5843b4fbddb0899f06,True,0.005252732728640269,0.9500890409065288,0.422664822530902,0.22086649169650968,0.3564686857725884,2025-03-31,2,1,REG,1,0.537852568752202,home,0.3559793188011891,0.22217734746524326,0.42184333373356764,0.35646065804556976,0.21807170073723056,0.42546764121712466,"(0.217, 0.226]"
3566a7a4ed76b8aa5e9e5faa82ad1adf,True,0.2187371320496821,0.965445901095226,0.6224395882075942,0.1813869231232672,0.19617348866913864,2024-10-26,7,3,REG,1,0.7268513409115992,home,0.197671798699734,0.2026867280536384,0.5996414732466275,0.19150947475228336,0.19659826590120277,0.6118922593465139,"(0.145, 0.2]"
35890e5813a1fc2f1a11d47e3b5d8d00,True,0.03803320877679055,0.8407639902435176,0.44914434104848033,0.22427461441281565,0.326581044538704,2025-03-24,3,4,SO,0,0.5649948822927329,draw,0.3178538714468705,0.23507129067692384,0.4470748378762057,0.31671035538737685,0.23117844607463203,0.4521111985378906,"(0.217, 0.226]"
3594b17349ede78105c30614f602cb76,True,0.07090728627643288,0.9877885972022329,0.4870035372998661,0.2082290805478703,0.3047673821522637,2025-03-24,1,5,REG,0,0.6002460024600246,away,0.30553094282154225,0.21953481932714936,0.4749342378513083,0.30378412660504933,0.21532267976369876,0.48089319363113125,"(0.2, 0.209]"
35db4a75a74765cbfedb5c3bf50654a7,True,-0.11911360953331213,0.9532111810014737,0.3178421571129746,0.21691770772220753,0.46524013516481777,2025-02-04,2,1,REG,1,0.4207141879874127,home,0.44933059779257734,0.2273335328499263,0.3233358693574965,0.4543994603238682,0.2232314595851729,0.32236908009086207,"(0.215, 0.217]"
36098d04ed728f13fc1369acb969f65a,True,0.08165067912540926,0.9895382345817334,0.49697168854736024,0.20679156933489176,0.2962367421177481,2024-10-22,0,1,REG,0,0.6099342585829073,away,0.2948961807173572,0.21881565920808466,0.4862881600745582,0.29264316127262757,0.21440462311331435,0.49295221561391656,"(0.2, 0.209]"
36101b290ea0f31c0f20bc1f26acf1c8,True,-0.2548548730233739,1.011446762834961,0.21417866533571206,0.18903205258956424,0.5967892820747237,2025-01-02,2,1,REG,1,0.2966115620994511,home,0.5779566492436119,0.199208167755485,0.222835183000903,0.5892496244529903,0.19334778224096763,0.21740259330604203,"(0.145, 0.2]"
36517bac1dc1ef4b6e55afe8ac5f3a4f,True,0.0066959605409930446,0.8730980397649036,0.4242437313707005,0.22357106373887567,0.3521852048904238,2025-01-27,2,5,REG,0,0.537852568752202,away,0.3473248595920781,0.22662331264163957,0.4260518277662824,0.34744682896149587,0.22274178225364386,0.4298113887847802,"(0.217, 0.226]"
36751dfc3b620bc0c0bed669ad4b4c60,True,-0.1995046486149275,0.9564577464491858,0.25801939050047706,0.2029331480718073,0.5390474614277156,2024-11-02,4,2,REG,1,0.34927302475080935,home,0.5248357007612231,0.21396969057746143,0.26119460866131533,0.5333625747102095,0.2091291875371507,0.25750823775236475,"(0.2, 0.209]"
36b317884339cf6bb2834d47190b41a1,True,-0.1062841709931389,0.9942034766620378,0.33092154189673817,0.2163621094285889,0.4527163486746729,2025-03-15,0,4,REG,0,0.43391066545123064,away,0.44568925275593374,0.22388595640777048,0.3304247908362957,0.4504170336606426,0.21981907614761773,0.329763890191649,"(0.215, 0.217]"
36f434cad23bc1a55a8d5b91a6c6a312,True,-0.10983952254612339,0.9555165776989338,0.32584055772410736,0.21723617532115824,0.4569232669547344,2024-10-17,1,0,OT,1,0.4295364214803857,draw,0.4471139833542634,0.22408054435084862,0.3288054722948878,0.4520847515776908,0.21986756418740258,0.3280476842348145,"(0.215, 0.217]"
372f5280e1736b4a5767e3df53f3fd83,True,0.14932214789427536,0.9196749152195061,0.5540840424265955,0.20469881475208063,0.2412171428213239,2025-02-08,1,2,SO,0,0.6697626418988648,draw,0.24160079786081973,0.21267298614355973,0.5457262159956205,0.23720171131375165,0.2076435254152064,0.5551547632706044,"(0.2, 0.209]"
3737906169d278b82f4bb32e799ab26c,True,-0.0859912142169411,1.0152335814284918,0.3488680221194812,0.2154084720803911,0.43572350580012775,2024-12-27,1,4,REG,0,0.453954604539546,away,0.4340200032555027,0.22463330379266067,0.34134669295183667,0.43808653974218975,0.22072771616988737,0.34118574408783975,"(0.215, 0.217]"
373baa3254537b5bbebb80a8c378aa6d,True,-0.04738850982021636,0.9504990589458758,0.37801024811849243,0.21963337815823086,0.4023563737232767,2024-10-17,2,3,OT,0,0.48837209302325585,draw,0.3973027939288958,0.22423881343527846,0.3784583926358256,0.39975996486106663,0.2202241089041815,0.38001592623468133,"(0.217, 0.226]"
380cf4fa9fb30b64b851a24f2fd40cba,True,0.13646719210561997,0.9696387540204771,0.5446294152434636,0.20090827745344492,0.2544623073030914,2024-11-25,2,5,REG,0,0.6569372429822994,away,0.2432874206790038,0.2149220711827971,0.541790508138199,0.23891579679205444,0.20990953583106242,0.5511746673764779,"(0.2, 0.209]"
381a6dabf618ffcc5417f7ccefba2958,True,-0.06113257016838368,0.9575332552673416,0.3672656933814529,0.21862753594875683,0.4141067706697903,2025-01-16,3,5,REG,0,0.47598060819744376,away,0.4073085259982201,0.2273574907591015,0.3653339832426783,0.41029511163728277,0.22339624466287097,0.36630864369977245,"(0.217, 0.226]"
388e9de27b2cf8d2f71146601e83b9c9,True,-0.159932489473454,0.9914209948023288,0.28795944526679884,0.2090896527536502,0.502950901979551,2024-10-20,1,4,REG,0,0.38370387089493285,away,0.49314328990137285,0.2173180972054995,0.28953861289312777,0.5001470577249145,0.21281422491489835,0.2870387173600315,"(0.2, 0.209]"
38be52a68c3d7a6c5c2f9d4529f39f05,True,-0.017192538258122367,1.0155156759772566,0.40893547200043445,0.21640220790870135,0.3746623200908642,2024-11-12,3,6,REG,0,0.5195545777019441,away,0.3630132388588476,0.23431661383553978,0.40267014730561246,0.3639116380241732,0.23069070472027575,0.40539765725555094,"(0.215, 0.217]"
38f985a35358eac4e7c4558c1af8791d,True,-0.09920243708015794,1.0166194707668181,0.33735199725672593,0.2151392080351683,0.44750879470810573,2024-12-03,1,0,REG,1,0.4413928396272682,home,0.44340427354392925,0.2181670229737784,0.33842870348229237,0.44804197931294043,0.21389728458005186,0.3380607361069238,"(0.209, 0.215]"
38fd081501a02ff6b1064fb85082e6f3,True,0.22163408219069522,1.0190062581755883,0.6321342202352886,0.175386950542186,0.1924788292225253,2024-12-23,3,1,REG,1,0.7334033751395365,home,0.19832704870058632,0.18709368070777968,0.6145792705916341,0.1917565853569932,0.1803825177443517,0.6278608968986551,"(0.145, 0.2]"
390e31dd6b790b99bbe8868ad9fe29ad,True,0.006220438475356257,0.9578366135505666,0.42480689443026776,0.21957709594785274,0.3556160096218795,2025-01-26,4,1,REG,1,0.5399277029247453,home,0.34392724818283754,0.22577812292473334,0.43029462889242903,0.3438909401420907,0.22195387035185302,0.43415518950597437,"(0.217, 0.226]"
3978a19dc5ea3c400ba8638a578e7435,True,0.14477887934314557,0.9076718949328481,0.5480999705730023,0.2069338712105786,0.24496615821641912,2025-01-22,5,1,REG,1,0.6640273913973893,home,0.24907425866964564,0.20891849583401653,0.5420072454963377,0.2448776451404891,0.20382614324086404,0.5512962116182563,"(0.2, 0.209]"
39fa9e9dc1d44310e3178812cfbd62cb,True,0.18454657281724277,0.9723911132750371,0.5907319801382913,0.1886045305117269,0.22066348934998176,2024-12-09,1,2,REG,0,0.6976859702310604,away,0.22132516489184437,0.20521155545646386,0.5734632796516917,0.2159615476461916,0.19954675855611728,0.5844916937977214,"(0.145, 0.2]"
3a8ff8ca30bb088ff9cc6c97cda6eca7,True,-0.12163886149514645,0.9556330800975718,0.31586981540485964,0.21686761768750543,0.4672625669076349,2024-10-17,3,2,REG,1,0.41832534916672287,home,0.4583931056822591,0.22542155079433446,0.3161853435234064,0.4637731805114426,0.22131897285038354,0.31490784663806953,"(0.215, 0.217]"
3a990e26778b572bebefb32e1d79e309,True,0.03047321332529945,0.9279404000775566,0.4430009008824046,0.22099460696244952,0.33600449215514583,2025-01-25,4,5,REG,0,0.5586071603727317,away,0.3282111842389504,0.2260322306551262,0.4457565851059233,0.32747705784204206,0.2220408135099378,0.4504821286479278,"(0.217, 0.226]"
3b1e9ca02936c7452eb6d6b4cfc285c5,True,-0.018437947735647792,0.985649365724185,0.4070301071524709,0.2168971749260822,0.3760727179214469,2024-12-12,4,1,REG,1,0.5195545777019441,home,0.3728473744095943,0.222841337728525,0.40431128786188075,0.3741043119901168,0.21885017125487402,0.4070455167549384,"(0.215, 0.217]"
3bb3ec829e520ef8ddd28387c57f8a3b,True,0.1376516578467319,0.9094108284012987,0.5420576467669489,0.20834099442453397,0.24960135880851708,2025-03-24,3,0,REG,1,0.6584314375725417,home,0.253641533078097,0.2214237863822648,0.5249346805396381,0.24977911024702262,0.21677586744345878,0.5334450223092294,"(0.2, 0.209]"
3bc95ce4ed76b11e80c0587f7aa24be4,True,-0.0427238950492714,0.9310249104877655,0.37936144816950085,0.22163371741233184,0.39900483441816725,2025-02-24,5,2,REG,1,0.49070156678599663,home,0.3834531089586216,0.23155380975762171,0.3849930812837566,0.38525431121267306,0.2278806155329414,0.3868650732543856,"(0.217, 0.226]"
3c03317d9a81d29a339d6ef5b7553934,True,0.15235786553666655,0.9848559656282709,0.5613670912278708,0.195063090618039,0.2435698181540903,2024-10-24,1,5,REG,0,0.6708232495180279,away,0.24378146205557374,0.21290247686186772,0.5433160610825586,0.23934325930701084,0.20776400693239946,0.5528927337601726,"(0.145, 0.2]"
3c06fb40b72af0745fe1c30e14c5ccae,True,-0.0742498333918599,1.01729933663188,0.359153039583074,0.21548802642021367,0.4253589339967124,2025-01-02,3,5,REG,0,0.46516522837297414,away,0.41378045739265645,0.22802153471519315,0.35819800789215045,0.416858269567464,0.22434193884466555,0.3587997915878703,"(0.215, 0.217]"
3c6850e4b6315ed6d9594482a2ecd914,True,-0.173688592662839,0.9567939852119424,0.27710841892986393,0.20771463111149066,0.5151769499586454,2024-10-26,1,4,REG,0,0.3720770106723868,away,0.5040450089785419,0.21579720983376421,0.28015778118769386,0.5116297650153193,0.21114069342417008,0.2772295415603252,"(0.2, 0.209]"
3c6cf214d6081f7a1ae7271e7ce50c15,True,0.007214028627249132,0.8931903077260704,0.42253304957798943,0.22423368417421108,0.3532332662477995,2025-03-22,2,3,REG,0,0.5369404697342622,away,0.35333389797428916,0.2285286070430367,0.4181374949826741,0.35375330446506786,0.22461766143730508,0.42162903409754926,"(0.217, 0.226]"
3c989342bc154e0474b6a990f55b48dc,True,0.09806275270710964,0.9447796633782904,0.5080628042530811,0.21016295997109627,0.2817742357758226,2025-01-20,3,1,REG,1,0.6233496049929973,home,0.28094733375919173,0.22383888040159908,0.49521378583920916,0.2781463484972737,0.21944642335301887,0.502407228149537,"(0.209, 0.215]"
3d4265622c5d973b25d502db02b2a04d,True,0.16216898962054008,0.9729410728468395,0.5693636831464426,0.1940814649699857,0.23655485188357167,2024-12-11,5,1,REG,1,0.6786444639205376,home,0.23670879078849144,0.2125655438344546,0.550725665377054,0.23206873254564916,0.2074072613995919,0.5605240060552105,"(0.145, 0.2]"
3d69b8c0b23d1a988328e7996516039f,True,-0.11320477809409872,0.9049331767228262,0.3223693917978738,0.2180385208655014,0.45959208733662466,2024-12-04,2,4,REG,0,0.4277432126696832,away,0.44627492734022045,0.2273675577681218,0.3263575148916578,0.4508971819689339,0.22352406315724926,0.32557875487372284,"(0.217, 0.226]"
3d764ccbe8b5a774a108daed2135bb19,True,0.008587935673522036,1.0150299804028118,0.43204839577464155,0.21542723148820628,0.3525243727371522,2024-12-23,5,4,REG,1,0.5440238883060287,home,0.367235006557768,0.21783712888994874,0.4149278645522833,0.36817903717014255,0.21371195597648646,0.41810900685330116,"(0.215, 0.217]"
3d88d09b13b0fe74cf9992c9393008de,True,-0.006207077100863175,1.0047235681099467,0.418205852345755,0.21668520592592838,0.36510894172831654,2024-11-03,2,1,OT,1,0.5305667495498585,draw,0.36464184882265627,0.22199260703786708,0.4133655441394767,0.3654945282467521,0.21804411252244868,0.41646135923072686,"(0.215, 0.217]"
3d8f46caeade2c4ba6a01e4d98244b47,True,-0.09234281196816214,1.0197569291055344,0.34338472325415786,0.215078107024342,0.4415371697215002,2024-10-10,3,4,REG,0,0.4479937670432411,away,0.43003864549178106,0.22250259383913493,0.347458760669084,0.43392459407088213,0.21852870124278878,0.3475467046862497,"(0.209, 0.215]"
3e348b00afe6135bc6713c9df4203e69,True,-0.18092282431524534,0.9444690231106444,0.2714178089390125,0.20708525611170264,0.5214969349492848,2024-12-14,3,0,REG,1,0.36630974947487066,home,0.5060514565897275,0.2186947749450062,0.2752537684652664,0.5137976408414762,0.21406208549281497,0.27214027366551147,"(0.2, 0.209]"
3e560a3c4ddc2b0f6d9801ba8d4a0756,True,-0.14443087351451206,1.0018131594961668,0.2996975055217377,0.21178769914658044,0.4885147953316818,2025-03-25,3,2,REG,1,0.3981997101228163,home,0.4696627020773147,0.2182487271612123,0.312088570761473,0.47555064617076237,0.21389575062071478,0.3105536032084113,"(0.209, 0.215]"
3e87222ad607d014ddf601bb7c5f9b03,True,-0.024878036501124762,1.0329113803136485,0.40268138823495303,0.21593694011795375,0.38138167164709325,2024-10-22,0,4,REG,0,0.5116279069767442,away,0.3790086400256757,0.22145308528059116,0.3995382746937332,0.3805139512944508,0.217493445497475,0.40199260320807423,"(0.215, 0.217]"
3eb6cebc3414cfc7244119eb0ce613f1,True,0.15509914039446626,0.965170331258939,0.562108084455726,0.19695294303238192,0.24093897251189217,2025-01-31,2,3,OT,0,0.672924641027199,draw,0.2487969511036989,0.1974986106699466,0.5537044382263545,0.2442868205639817,0.19189166458433946,0.5638215148521382,"(0.145, 0.2]"
3f4081dd50c1f32b38bc1b4866819ab1,True,0.14715353837756395,0.9297309876176796,0.5527188903085538,0.20378776290044778,0.24349334679099838,2024-12-03,1,4,REG,0,0.6676212973221566,away,0.2496723958263452,0.20662543102869946,0.5437021731449554,0.24544279516588746,0.2014402267563379,0.5531169780773739,"(0.2, 0.209]"
3f49ad85f814ecf75c1e026dba12b65d,True,-0.08111439299039036,0.9400465650564714,0.3485908711987139,0.21876527127187603,0.43264385752941004,2024-10-24,3,4,OT,0,0.45597611169397145,draw,0.42596810933940776,0.22551252847380412,0.3485193621867882,0.4297348824793474,0.22158002670210838,0.34868509081846494,"(0.217, 0.226]"
4033907ceef0009b20b0044d72d1c36d,True,0.10860911331917725,1.0052398570805048,0.5245826048212107,0.20200281348434113,0.2734145816944482,2024-10-09,5,6,OT,0,0.6362901596282077,draw,0.27380332768086496,0.21154782491899066,0.5146488474001444,0.27056808872694327,0.20671666431894928,0.5227152469538895,"(0.2, 0.209]"
40369056b6f77a593382aeb3418b8a2f,True,0.03669148833923277,1.021261930128023,0.4591761624416006,0.21116904786496116,0.32965478969343825,2024-12-03,3,0,REG,1,0.5704635785196143,home,0.32584678368412423,0.2222713559237413,0.4518818603921345,0.32496037778375847,0.21810680394023718,0.4569328182759097,"(0.209, 0.215]"
40ac8331e5070d789b517a73279d46a8,True,0.0820152120535578,0.9455458001986309,0.4932043831799195,0.21204999334418456,0.29474562347589595,2024-11-29,1,2,REG,0,0.6084434892689964,away,0.2893956789879069,0.21770447669317544,0.49289984431891765,0.2868640238026606,0.21315791253248806,0.4999780636646956,"(0.209, 0.215]"
40db3f856114c27935908aa8e313e57f,True,-0.004572537432165056,0.9481869160632717,0.4136563127572624,0.22161172559654432,0.36473196164619326,2024-11-30,3,0,REG,1,0.5284039285250725,home,0.36040687882279937,0.22989983157521499,0.4096932896019857,0.36114443266676466,0.22615861101181228,0.41269695632142317,"(0.217, 0.226]"
41865748d852e835626af7b18abb0a81,True,0.10610162963538335,0.9308344405684504,0.5148933422764762,0.2109575416873457,0.2741491160361782,2025-02-23,5,4,OT,1,0.6310538349615464,draw,0.28094361378853416,0.21723757891585066,0.5018188072956151,0.27805799049574936,0.21262114044144712,0.5093208690626231,"(0.209, 0.215]"
418bd0c130735dbd98a61797ffb8aef8,True,-0.08215669200364871,0.9580578589685276,0.3495021289928953,0.21800563523088812,0.43249223577621654,2025-01-06,5,4,OT,1,0.45597611169397145,draw,0.4207716512000116,0.22258917975313838,0.35663916904685006,0.42418777611337705,0.21867922974279638,0.3571329941437514,"(0.217, 0.226]"
41988253c4b7849907b735f69751d6fc,True,-0.093355216463389,0.9562902567359053,0.3398499362284524,0.21773525743098548,0.44241480634056213,2025-02-27,2,1,REG,1,0.44522913947954246,home,0.4340865710239517,0.2257250169324549,0.3401884120435933,0.4381470999308672,0.22186485872411124,0.33998804134493754,"(0.217, 0.226]"
41f2b5e936cca22bcba9d1e6ce1f4eee,True,-0.10698451040919515,1.0145401921284196,0.3305338265371639,0.2151452004293153,0.45432097303352087,2025-04-03,3,7,REG,0,0.43391066545123064,away,0.44816486501782793,0.21649499122757376,0.3353401437545985,0.45286541849744255,0.21230321674649885,0.3348313647559723,"(0.209, 0.215]"
426e4847fa73b7a7522cb97eb1729af8,True,-0.24286946856556937,0.973362951146929,0.22579378229678626,0.1924226468904093,0.5817835708128045,2025-02-23,2,5,REG,0,0.309185691173827,away,0.5524924371494968,0.20842106005000202,0.23908650280050106,0.562355068536997,0.2031648612440906,0.23448007021935088,"(0.145, 0.2]"
4288d66c47ed612c79ea93a93563c468,True,-0.08067852860801142,0.9327808870905567,0.3482270068480433,0.21908733858599033,0.4326856545659664,2024-12-03,2,1,OT,1,0.45597611169397145,draw,0.4219422420407664,0.23475708074326954,0.3433006772159641,0.425630303417668,0.2310531040315529,0.34331659255069585,"(0.217, 0.226]"
42abb47b673ead61a9b3e4171325c7d5,True,0.1724655582156236,0.9539748864760152,0.57761059564355,0.19444552673169146,0.22794387762475854,2024-12-14,4,2,REG,1,0.6879918017787211,home,0.22713002437895247,0.20882106816539858,0.564048907455649,0.2220560750601072,0.2033831194133715,0.5745608055267623,"(0.145, 0.2]"
42ccf67a274674c28917b72726557d23,True,0.0019501131942222592,0.9502394993378812,0.4196405115801438,0.2212491083155749,0.3591103801042813,2024-12-05,3,4,OT,0,0.534834771627026,draw,0.35530912483264443,0.23303316666081167,0.41165770850654393,0.3561758099096606,0.22703679572326108,0.41678739436700457,"(0.217, 0.226]"
430d8352df9a5e8c331ee2a298946cb4,True,0.2855549907984138,0.9363736401284155,0.6756169452806293,0.16873429100600965,0.155648763713361,2025-01-18,3,0,REG,1,0.7770968087767574,home,0.1631029427419148,0.17661976120118952,0.6602772960568956,0.1554424221135792,0.1690060236120782,0.6755515542743427,"(0.145, 0.2]"
432d2c4a6f9930f025818140543db1b0,True,0.11817570569938135,0.9519491644864141,0.5269858927130473,0.2067679870373779,0.26624612024957484,2024-10-15,3,7,REG,0,0.6417917746589076,away,0.27493951514157494,0.211818743453443,0.513241741404982,0.27185541060843305,0.20715710618402605,0.5209874832073295,"(0.2, 0.209]"
434d9dee038ae109ec100d84dd569ef8,True,-0.0832882333202851,0.9400301147301743,0.3467793818544014,0.2186512501040263,0.43456936804157237,2025-01-25,0,2,REG,0,0.453954604539546,away,0.4275083462881316,0.22426667346262646,0.3482249802492418,0.43142023846360955,0.22021163988660958,0.3483681216497017,"(0.217, 0.226]"
43bc8d77011a8802c612bf4f63b3cf28,True,0.10852404658134902,0.936322731238364,0.5174206715152054,0.20994758638746266,0.272631742097332,2025-01-20,1,5,REG,0,0.6332518337408314,away,0.2728512960436562,0.21282401091405184,0.514324693042292,0.26954395370381484,0.20795173697639396,0.5225043093195713,"(0.209, 0.215]"
43c9939315471600d2a6fc8b4c38516d,True,0.11146339491552203,0.925991826628414,0.5197702805086502,0.21089197417467148,0.26933774531667837,2025-02-22,2,3,OT,0,0.6362901596282077,draw,0.2842137691982229,0.22069133691198414,0.49509489388979316,0.281494037209697,0.2161927310470412,0.5023132317430957,"(0.209, 0.215]"
441fc1c818cb090f6995689109cde7f7,True,-0.12542096709333528,0.9855904607962725,0.3142726166624066,0.21677743082292059,0.4689499525146728,2025-02-06,1,3,REG,0,0.41493775933609955,away,0.4722085587801279,0.2282341367437285,0.29955730447614365,0.47819553618115246,0.22418546823789456,0.297618995580827,"(0.215, 0.217]"
44b926b81ec422443a502b5b45c2bfd8,True,0.1127134006879913,0.9977305018484133,0.5268005514620523,0.2021686885139162,0.2710307600240316,2024-11-18,1,5,REG,0,0.638854296388543,away,0.2827496225081327,0.21735175063550333,0.4998986268563641,0.27997725175602134,0.2128127582045145,0.5072099900392897,"(0.2, 0.209]"
45361dc76848c608e74ce41fde43b6ac,True,-0.04616886445124462,0.9286384044119904,0.3762111334566415,0.22162104557016504,0.4021678209731935,2025-03-13,2,3,OT,0,0.48729792147806006,draw,0.39898640351856396,0.23129646580786312,0.36971713067357276,0.4015724702911705,0.22750704178150782,0.3709204879273217,"(0.217, 0.226]"
45679ef5395720df6afd7d68dbad22a2,True,0.20321013889436165,0.9630083781064573,0.6074206334664157,0.1855986333856743,0.2069807331479099,2025-03-31,2,3,SO,0,0.7137404580152672,draw,0.22353261438343075,0.20892263958712812,0.5675447460294413,0.2183925459695952,0.20350198562438856,0.5781054684061877,"(0.145, 0.2]"
458d015c54b2fd71e4850b24c6f221f1,True,0.041576597585239454,0.8847055712012616,0.4536365513539241,0.2210702674382123,0.3252931812078636,2025-02-01,6,0,REG,1,0.5686556434219985,home,0.3269501073057801,0.22540325044845547,0.4476466422457644,0.32614539711355406,0.2213436479677483,0.4525109549186038,"(0.217, 0.226]"
45b2abccd1c5eafc72847abc2288c4e3,True,0.26124040263448733,1.0476494420881586,0.6706109185854134,0.16397082169095512,0.1654182597236315,2025-04-04,5,3,REG,1,0.7675418034067822,home,0.17035321976658221,0.1799415811042885,0.6497051991291294,0.1629743585327771,0.1726174411287301,0.6644082003384929,"(0.145, 0.2]"
45e6338633539cbec3002037b0563450,True,-0.07846386103009038,0.9328151719947135,0.3500607486292505,0.2192248203107554,0.4307144310599941,2024-11-07,2,4,REG,0,0.45801526717557256,away,0.4340865710239517,0.2257250169324549,0.3401884120435933,0.4381470999308672,0.22186485872411124,0.33998804134493754,"(0.217, 0.226]"
460ccf2dead0191e1da561cf97a9a04c,True,0.014737361765943651,1.0057829878688527,0.43735656605786377,0.2147292286915985,0.34791420525053773,2024-10-15,4,1,REG,1,0.5500363507751557,home,0.34678699575948685,0.222072414917908,0.4311405893226053,0.3468425741812829,0.21789187312062677,0.4352655526980109,"(0.209, 0.215]"
4651175352fde586873ad95771f971b5,True,0.01219300583151927,0.8854853945801215,0.42774222094439407,0.22354528477079583,0.34871249428481016,2025-03-07,3,1,REG,1,0.5419847328244275,home,0.3482408188722163,0.2280148218806178,0.4237443592471659,0.34842046104351154,0.22408655724727106,0.4274929817091376,"(0.217, 0.226]"
46ba799ca902ad4c63234a9a80fa1f5d,True,0.010365806163473126,0.8918835192764228,0.42549335061815824,0.22389560827511729,0.3506110411067245,2024-11-27,3,6,REG,0,0.5399277029247453,away,0.33264569365652397,0.22176379577101596,0.44559051057246,0.33205819272144366,0.21761519957886788,0.4503266076995996,"(0.217, 0.226]"
46f4aa03e6e196a52c94612e612d80e7,True,-0.25410288043877105,1.0181598146072073,0.2139541901299104,0.1892898357231068,0.5967559741469828,2024-11-18,3,0,REG,1,0.29683377308707126,home,0.5839460413137023,0.1967701081665716,0.21928385051972624,0.5955218771954977,0.19078838247462498,0.2136897403298774,"(0.145, 0.2]"
47a8710d63edbb6f02980ebc88b79d82,True,-0.09267356091506632,0.9603925807841176,0.3407955135792095,0.21765496466107356,0.4415495217597169,2024-12-27,2,5,REG,0,0.4460406650060824,away,0.4352856109906001,0.222704266088214,0.3420101229211858,0.43956717699670106,0.2185801908515272,0.34185263215168965,"(0.217, 0.226]"
47dcf266d0f7bc449d1642603b705457,True,-0.06522211149530545,0.9797214689418947,0.3663100574105749,0.217123939444407,0.41656600314501807,2025-02-28,2,3,REG,0,0.47377843762281124,away,0.3995165975563785,0.2288400558795486,0.371643346564073,0.4020280173407895,0.22509570602281875,0.3728762766363917,"(0.215, 0.217]"
481b686aecf7189a4429e3032248d3f3,True,0.32575768951233036,0.9317420674746945,0.7076562628701335,0.1570012759309181,0.1353424611989485,2025-02-24,2,1,OT,1,0.8036751469039775,draw,0.14087332509469885,0.1662647043145406,0.6928619705907605,0.13249457953950192,0.1577709013980809,0.7097345190624172,"(0.145, 0.2]"
482ef5661945b0a985a6e1f3f1eba0fc,True,0.08881461793776081,0.9529652351674635,0.5000068286067217,0.21022606063266341,0.2897671107606149,2024-11-27,2,3,OT,0,0.6148543979079913,draw,0.28674033328887755,0.2227238867871746,0.490535779923948,0.2841466102068782,0.21830448107216424,0.4975489087208007,"(0.209, 0.215]"
4844ed13245dd00c6e69a58ba830db0d,True,0.09808486614002754,0.9522392479941801,0.5084951915608612,0.2091884773559052,0.2823163310832336,2025-01-14,3,6,REG,0,0.6233496049929973,away,0.28429522705542914,0.21385600785196343,0.5018487650926076,0.2815096181866396,0.2091625928638044,0.5093277889493811,"(0.209, 0.215]"
4892ebd3191fbbe2c873b5e464741cb2,True,0.08678186168034378,0.9462978617988651,0.4976817189520091,0.21135994034706057,0.29095834070093046,2024-10-12,3,0,REG,1,0.6128827999078977,home,0.2913887012052348,0.21987817132229878,0.48873312747246633,0.2890166697858587,0.21550557285435692,0.495477757359636,"(0.209, 0.215]"
489f5dbeef93e1d90383df02c063a467,True,0.2396544215894623,1.0245457575020869,0.6493205711745365,0.17078207079591487,0.17989735802954865,2024-10-12,2,5,REG,0,0.7487654855756736,away,0.18547930054795747,0.1851212324001815,0.629399467051861,0.17862758677186186,0.1782660589609911,0.6431063542671471,"(0.145, 0.2]"
48a78115314cd8cfc17c286225cc2e33,True,0.05634577792031113,0.8692410780649473,0.46656394116809685,0.22029286802802334,0.31314319080387987,2025-01-29,3,0,REG,1,0.5816746508332771,home,0.3099252843375819,0.22965686537245275,0.4604178502899653,0.308405989189924,0.22562504829512825,0.46596896251483727,"(0.217, 0.226]"
490dfa94886cc9151e1986471edcbac3,True,-0.021322732107779074,0.9986554357050814,0.40487694099592014,0.21665477586106086,0.37846828314301906,2024-10-25,3,4,OT,0,0.5162468054034319,draw,0.3698204331184011,0.22431731189148923,0.40586225499010964,0.3709611759725646,0.22033020606520784,0.4087086179621559,"(0.215, 0.217]"
492aebc717ca9f614971c1d53897048b,True,-0.14068570699224858,1.0366791196265175,0.302371978792365,0.21053166849722385,0.4870963527104112,2024-11-03,2,4,REG,0,0.40289836966706233,away,0.477242267773472,0.22205022181126816,0.3007075104152598,0.4833406916578934,0.21787673535220456,0.2987825729897744,"(0.209, 0.215]"
49ea7ddadf31f2dcba2ecda367e6abeb,True,-0.24257007168654168,1.01683707935785,0.22241424657867986,0.19186688701234292,0.5857188664089772,2025-01-18,5,3,REG,1,0.3070823635607395,home,0.5639704497749197,0.20565566087713538,0.2303738893479449,0.5745097747575189,0.20013959127018488,0.22535063397254748,"(0.145, 0.2]"
4a07d3566ec62e762e0305eb9227ff6e,True,0.10914553798685858,0.9851353117268272,0.5209211604036268,0.20380913616743349,0.27526970342893975,2024-12-21,6,2,REG,1,0.6336902505251294,home,0.2771108415863822,0.21212467077187666,0.5107644876417411,0.274059156325152,0.2074020180657541,0.5185388256088913,"(0.2, 0.209]"
4a5950e4e36bed12e962a91150ae97d9,True,-0.06597890501189069,0.855997106600608,0.36614428657292486,0.22272011864313765,0.41113559478393746,2025-03-07,1,6,REG,0,0.47476701248461406,away,0.40267014730561246,0.23431661383553978,0.3630132388588476,0.40539765725555094,0.23069070472027575,0.3639116380241732,"(0.217, 0.226]"
4a5f770c48972d7340180d6f668c3ecf,True,-0.2233723388358195,0.9206120067111987,0.24032698006789924,0.20271736251496614,0.5569556574171347,2025-03-25,1,5,REG,0,0.3313046548823297,away,0.5377203848065213,0.21917950467657119,0.24310011051690764,0.5470836330717862,0.21421667983405085,0.23869968709378417,"(0.2, 0.209]"
4a7e785cd87979c805dc101999b31248,True,0.20660654966162123,0.8526699702831276,0.5935928006536049,0.19673113646938734,0.20967606287700769,2025-03-23,7,2,REG,1,0.7050938337801608,home,0.21406655510081676,0.20448148546943695,0.5814519594297461,0.20853108425225644,0.19878026339442242,0.5926886523533211,"(0.145, 0.2]"
4aafc31539623ca09a425b4bdf0a7b87,True,0.1564429959698145,0.9596700713773455,0.5630269853512495,0.1974177810047968,0.2395552336439537,2025-01-19,4,1,REG,1,0.6742671009771987,home,0.25442931328174484,0.21458579666044245,0.5309848900578128,0.2505480230597864,0.20977135722454313,0.5396806197153559,"(0.145, 0.2]"
4ace8e6472c651c58e1b4ad6e3219920,True,0.053353244453887484,0.9435009224886592,0.46637228927241337,0.21588573494407298,0.31774197578351365,2025-01-23,6,1,REG,1,0.5816746508332771,home,0.31831232055923103,0.22544001997253774,0.4562476594682311,0.31713068217686474,0.22135707276585537,0.46151224505717786,"(0.215, 0.217]"
4b1894712a28c29ddfbc13233e3f8223,True,-0.12166427416904473,0.977305782614287,0.31726407513561905,0.21720051220561967,0.46553541265876114,2025-02-06,2,4,REG,0,0.41832534916672287,away,0.45863579674458765,0.22501145896624133,0.316352744289171,0.4639562820587292,0.22094888528730308,0.31509483265386334,"(0.215, 0.217]"
4b2c8d274f18a26ec56fa2905889cb0e,True,-0.15717785410413887,1.081875440896613,0.28615986994468734,0.20173850124311843,0.5121016288121942,2024-12-10,2,6,REG,0,0.3794411866160745,away,0.506211103352965,0.20517886569063284,0.2886100309564022,0.5138485687375517,0.20025631878542113,0.28589511247685495,"(0.2, 0.209]"
4bd593bd375a4962b2ee5d2ca1b37abb,True,-0.34125915029248743,1.041329650072101,0.15932647713238812,0.16209625242074088,0.6785772704468711,2025-01-11,3,4,REG,0,0.22503606054519892,away,0.6607483890909601,0.1693255827899987,0.16992602811904126,0.6763179858709752,0.16153975993755462,0.1621422541914701,"(0.145, 0.2]"
4becb015b7b5d01e490a525901d12af1,True,0.0743219372210746,0.8908924934330749,0.4826800686349057,0.21800904172972882,0.29931088963536545,2025-04-02,5,4,OT,1,0.5986798270759409,draw,0.30184293193717276,0.22531937172774869,0.47283769633507844,0.30003101850656794,0.2213227819191996,0.4786461995741088,"(0.217, 0.226]"
4bfc7d60a39847e7e2c87b5a915c3b0e,True,0.06820058328695276,0.8740452136266178,0.47671254063921265,0.21932681516889607,0.30396064419189134,2025-03-05,2,3,SO,0,0.5922935486449756,draw,0.30510589707603164,0.22756116789043693,0.46733293503353146,0.303370209609784,0.223467137517538,0.4731626528725601,"(0.217, 0.226]"
4bfe1e3bf129938d7685973f86273884,True,0.11343521441923089,0.9472127283072991,0.5224415411520755,0.2079485483230446,0.2696099105248798,2025-03-11,2,1,REG,1,0.6375766544186804,home,0.2690137784466179,0.21667173105655194,0.5143144904968302,0.26559932688982096,0.21188968973555844,0.5225109833743933,"(0.2, 0.209]"
4c06cee6042f06cc35b916e0ff94f7e1,True,0.33762732554767655,0.9900767880165454,0.7257292263146233,0.14617379287040175,0.12809698081497495,2025-03-10,3,0,REG,1,0.8149253731343284,home,0.13322153376896775,0.1606691864550365,0.7061092797759957,0.1245075858025325,0.1517256099913793,0.7237668042060882,"(0.145, 0.2]"
4c105120f454d93b727285592f242857,True,-0.015143434429545806,1.0087155985258673,0.41053395351189115,0.2165383182522255,0.3729277282358833,2024-11-30,6,2,REG,1,0.521797153024911,home,0.3846945867332492,0.22433009858683622,0.39097531467991453,0.38653119158418286,0.22036000055631144,0.39310880785943564,"(0.215, 0.217]"
4c238b3fa587a11991b5674577eff36b,True,-0.06255448376305686,1.0426299928716753,0.369769105708856,0.21446108217740711,0.41576981211373687,2024-12-12,2,9,REG,0,0.47598060819744376,away,0.4076181771360384,0.2182010743211139,0.3741807485428477,0.4104965637632627,0.21403588360052503,0.37546755263614356,"(0.209, 0.215]"
4c356fb5889ef66c1835035f0a48bcac,True,0.008743260847928066,0.942414976443934,0.42467320134324893,0.2215930116165571,0.3537337870401939,2025-01-21,1,2,REG,0,0.5399277029247453,away,0.34952979784430954,0.22857079859031226,0.42189940356537803,0.3497733745171079,0.22466907867686045,0.4255575468059522,"(0.217, 0.226]"
4c3fc73c30c746bce82ee8ab78938509,True,-0.13772515458807422,1.0046968396543567,0.304868991229689,0.2129855377273578,0.48214547104295324,2024-11-23,2,6,REG,0,0.4044887231062216,away,0.4972154719899114,0.2186301754056773,0.2841543526044114,0.5045695627931253,0.21403858404665732,0.28139185316004844,"(0.209, 0.215]"
4c44e292e8edb0593ef6a2224ceb70db,True,0.30855009106694087,1.0132638440285338,0.7063601228811874,0.15214411546345824,0.14149576165535427,2024-11-20,5,2,REG,1,0.7975620374401393,home,0.14554711297160272,0.17250997742497517,0.6819429096034221,0.13738610705033505,0.16430271815218506,0.69831117479748,"(0.145, 0.2]"
4c4c49a415b77af987fd03916a2b58f7,True,0.09865055980272253,0.9636603666279119,0.5096391867242855,0.20763296198352532,0.282727851292189,2025-01-09,0,4,REG,0,0.6238261481421341,away,0.2834884155127925,0.2167852589215472,0.49972632556566027,0.28071580023654163,0.21219515530976446,0.5070890444535205,"(0.2, 0.209]"
4c65910a5a8f219e8be7ccc5076a7954,True,0.1897405156352039,0.997340238397857,0.5992745416322329,0.18467905670727314,0.216046401660494,2024-12-21,3,0,REG,1,0.7042435333910685,home,0.22194014024213193,0.19527116208676376,0.5827886976711042,0.21648779181484798,0.18936130623167474,0.5941509019534773,"(0.145, 0.2]"
4c8d6b234faa7ee2fb4f230bb29c0357,True,-0.10690891734009193,1.0123790572588256,0.33057630109023184,0.2152751831455631,0.4541485157642051,2024-10-14,3,6,REG,0,0.43391066545123064,away,0.44568925275593374,0.22388595640777048,0.3304247908362957,0.4504170336606426,0.21981907614761773,0.329763890191649,"(0.215, 0.217]"
4cbdf20f96b6c6294bced1ebec6f774c,True,-0.1649391022281465,1.0102855278733254,0.28361460644140457,0.20724013404502328,0.5091452595135721,2025-02-04,3,4,REG,0,0.3794411866160745,away,0.4744611180312822,0.21537336144341349,0.3101655205253043,0.480525006564147,0.2109501336721187,0.30852485976361915,"(0.2, 0.209]"
4cf6d88e4d0b97a30239a457095a8742,True,-0.04750252160960199,0.8989080778826715,0.37666171614227467,0.2223511568552391,0.4009871270024862,2025-03-18,1,4,REG,0,0.48729792147806006,away,0.3916179293883935,0.23064036706768368,0.3777417035439229,0.39374271097605884,0.22701567556044763,0.3792416134634934,"(0.217, 0.226]"
4d09f31fd7ec667b9f1db03d259a2e86,True,-0.0021348349523721295,0.933903051865839,0.4133240459997574,0.22384910325536247,0.3628268507448801,2025-02-22,2,4,REG,0,0.5284039285250725,away,0.35616651191352566,0.23086455832467082,0.41296892976180344,0.35672989230442187,0.2270895797682908,0.4161805279272099,"(0.217, 0.226]"
4d6d6be473eda483a799d15d229883fe,True,-0.14989727242503437,0.9981445051481227,0.29552596044393764,0.21086075640882296,0.4936132831472394,2025-02-04,2,3,OT,0,0.3930584396321566,draw,0.4923930036825877,0.21407487813645065,0.29353211818096153,0.4996056019571575,0.20932474826637532,0.29106964977631794,"(0.209, 0.215]"
4d89951548382dd6f59830b94450d7f1,True,-0.12520516533954237,0.9591269938979098,0.3130934796175184,0.2167936450860042,0.4701128752964774,2025-02-25,4,5,OT,0,0.41493775933609955,draw,0.47388067570702486,0.22791403926861672,0.29820528502435834,0.4801578782740046,0.22370543723663514,0.29613668448923164,"(0.215, 0.217]"
4df6800f244b606a746f916a34ebde07,True,0.2806272704282366,0.9142797767959947,0.6676608421652006,0.17353008612300974,0.1588090717117897,2024-10-18,8,3,REG,1,0.7723756596198159,home,0.16479580882842393,0.17960891523996766,0.6555952759316085,0.1572626411778287,0.1721418287064587,0.6705955301157128,"(0.145, 0.2]"
4dfffc3d9741118cc36c98d8adf4a1b4,True,0.06250694199123417,0.9690971958723994,0.47735686243706427,0.21120739881090955,0.3114357387520262,2024-11-14,2,6,REG,0,0.5916792592354435,away,0.31067131945630694,0.21796529929964129,0.47136338124405186,0.3090195110328679,0.21345692003111755,0.47752356893590076,"(0.209, 0.215]"
4e8ae8f582eb9fab3f053e48c07c918b,True,-0.021506800954547343,0.9245654539340448,0.39589443845205946,0.22381012134476935,0.3802954402031712,2025-03-01,1,3,REG,0,0.5092984332140034,away,0.3769427167604316,0.22905131592619535,0.39400596731337306,0.3784715256578298,0.22518256202339856,0.3963459123186992,"(0.217, 0.226]"
4e9683f1e35bb723f3bdbed9ac782749,True,0.016354522897106913,0.9790508398570549,0.43724402792424166,0.21519410370517547,0.3475618683705829,2024-12-28,5,2,REG,1,0.5520062329567588,home,0.34245580922652535,0.22561794490218143,0.4319262458712933,0.3423519202878651,0.2217159439502511,0.4359321357618013,"(0.215, 0.217]"
4eacb29cd7d69cea068fd4fa97e0bb3d,True,0.11739407234057368,0.9671396929031676,0.5267662479426352,0.2049512803745203,0.2682824716828445,2025-01-02,4,2,REG,1,0.6405357494583416,home,0.27014035369621675,0.21076884738935592,0.5190907989144274,0.26680412955782634,0.20596368088804287,0.5272321895538944,"(0.2, 0.209]"
4edde452555399f50065b9ab704af86e,True,0.1716892012028584,1.0231421885209047,0.5868181586440107,0.18688155086051542,0.22630029049547398,2024-12-17,5,3,REG,1,0.6929176364392605,home,0.22243316618487372,0.19931121543800534,0.5782556183771209,0.21705696106691189,0.19352228993931406,0.5894207489937742,"(0.145, 0.2]"
4f43f04e6337196e4aa385106e9f0ea2,True,0.03321406340957929,0.9827231548922064,0.45260054472428957,0.21300392699642795,0.3343955282792826,2025-01-30,0,4,REG,0,0.5668328047122791,away,0.32821127423704144,0.22184650943800022,0.44994221632495823,0.3274336152592801,0.21771943958295778,0.45484694515766955,"(0.209, 0.215]"
4fa50322fb28e00e8ac0be293e5abe29,True,-0.09207496993036104,0.9741593509239725,0.3425483884824188,0.21731954584041943,0.4401320656771619,2024-12-16,3,1,REG,1,0.4471717836540323,home,0.44750430292598975,0.2176498200594586,0.3348458770145517,0.45235268717356114,0.21333943789556772,0.33430787493078445,"(0.215, 0.217]"
502a45293369c41b515d9f9290ee84c8,True,0.07528201816717885,0.9346745704179689,0.4860662693519382,0.21435598421286828,0.2995777464351935,2024-12-21,5,0,REG,1,0.6018002898771836,home,0.29953089212151895,0.21883535497462575,0.4816337529038554,0.29747940786913646,0.21446649094235148,0.48805410118838005,"(0.209, 0.215]"
50dbc84432de166a176ef7496fc963f2,True,0.07230191754673275,1.0285031063896217,0.4942652031555105,0.20542342828415674,0.3003113685603327,2024-12-08,1,4,REG,0,0.6048737248538933,away,0.2973727681546152,0.21911677653497963,0.4835104553104051,0.2951797815621516,0.21463510901147795,0.490185109426234,"(0.2, 0.209]"
514f9cdaa25f1a5352c843d98ffc4cf5,True,0.0385439768096464,0.9699546964490637,0.45586348161634327,0.2139230453335865,0.33021347305007026,2024-11-23,3,4,REG,0,0.5704635785196143,away,0.3293043933613329,0.22080087204642368,0.44989473459224355,0.32856196552677247,0.21663426876219716,0.454803765710939,"(0.209, 0.215]"
515f2c393e348f2f19ddfb0819cc05f1,True,-0.026274942837088523,0.9934942176286029,0.40043527674075485,0.2167304193467624,0.38283430391248274,2025-03-20,1,5,REG,0,0.5116279069767442,away,0.3928097254878691,0.22984549884661884,0.377344775665512,0.3950402039356379,0.22610015867599345,0.3788596373883686,"(0.215, 0.217]"
517ef93b76b15e48705b4645a981f856,True,0.007170202608329197,0.9521331335611016,0.42476240233818663,0.22032266311825588,0.3549149345435575,2025-01-14,2,4,REG,0,0.5399277029247453,away,0.35247701708749246,0.22141743336673889,0.42610554954576857,0.35277992527403995,0.21739779030781795,0.4298222844180656,"(0.217, 0.226]"
526d6be08ef61cd2f66e5dcd063a0c96,True,-0.26065761945214044,0.9292184252327703,0.21469226284497755,0.19517817726600234,0.5901295598890203,2025-03-03,5,1,REG,1,0.2994338435730762,home,0.5706342428612096,0.20843930491972607,0.22092645221906448,0.5813866374257382,0.20294534486574026,0.21566801770862123,"(0.145, 0.2]"
529331f2635a7cc818e4838d28af69be,True,-0.027634732360249475,1.0682375585012023,0.40149935704879625,0.2118472138492603,0.38665342910194345,2025-02-25,4,1,REG,1,0.5080764260660882,home,0.3615049578352331,0.23084051524418495,0.40765452692058196,0.3623138581213979,0.22706507717235866,0.41062106470624343,"(0.209, 0.215]"
52f6e7f3620a47528e615e9069a9896f,True,-0.10089179965387811,0.9410214575014476,0.33220557108043464,0.21770935893542004,0.4500850699841453,2025-04-05,5,4,REG,1,0.43762053107847504,home,0.4379709945302107,0.22782814204778182,0.3342008634220074,0.44224476774922417,0.22399667929159936,0.33375855295908846,"(0.217, 0.226]"
534512d6c1b6e0ec9783488a6ca13553,True,-0.15859724633553143,1.001789843589415,0.28875030969490023,0.208893121826682,0.5023565684784179,2025-03-30,2,3,REG,0,0.3851456020920085,away,0.4724995297576336,0.22203102902962873,0.30546944121273767,0.47838322744389733,0.21787731633833834,0.3037394562176444,"(0.2, 0.209]"
534946a43ead305dc7d5f9fa6916984b,True,0.18919375837997324,0.9459045871212022,0.592361323369357,0.1918158388515726,0.21582283777907046,2025-01-14,3,0,REG,1,0.7023044455316645,home,0.22014130540947036,0.20682822430479395,0.5730304702857357,0.21466192197778097,0.20109474151220263,0.5842433365100449,"(0.145, 0.2]"
5367c99632f0815179bc5ff1d0924bd5,True,-0.11981828541839423,1.0168836964731651,0.3193517411174485,0.21480891593750037,0.4658393429450512,2024-12-20,3,6,REG,0,0.4217673078901348,away,0.45810427883253046,0.22060782091243977,0.32128790025502973,0.4635267787488837,0.2163082747851863,0.32016494646583044,"(0.209, 0.215]"
5391cb719cde089ac3ac84734bc2853c,True,0.14362611060019545,0.9453350597026469,0.5502860757715755,0.20244702512383939,0.24726689910458519,2025-04-02,5,1,REG,1,0.6640273913973893,home,0.25198449990027155,0.2086146186538196,0.5394008814459088,0.247746118222943,0.2033618968880657,0.5488919848886217,"(0.2, 0.209]"
539f4e34b9f53d7e8a6ebfe41aeac24d,True,0.20372749191737802,0.985642023089976,0.6108406119198646,0.18209971908256434,0.207059668997571,2025-04-03,5,1,REG,1,0.7145373379088342,home,0.21259453728877786,0.20313588202804828,0.584269580683174,0.20695383914656523,0.19733454310800705,0.5957116177454277,"(0.145, 0.2]"
5432cf9b42b41bbee107a5245e24f159,True,0.08801660018857146,0.9681862829439859,0.5002897515796986,0.20830597750137286,0.29140427091892845,2025-01-16,4,1,REG,1,0.6143408084559349,home,0.2939516359185434,0.21295162957654476,0.4930967345049119,0.2915767107782791,0.20832851510696335,0.5000947741146087,"(0.2, 0.209]"
548f9697e9dbeaea05b77c4792600314,True,-0.24509184932027045,1.0298579870963962,0.2191536839265298,0.19151871591384073,0.5893276001596295,2025-01-07,2,4,REG,0,0.3041067405995495,away,0.5714684641458143,0.20374378825210168,0.22478774760208403,0.5826014773413519,0.19797427513286642,0.2194242475258614,"(0.145, 0.2]"
54a2c4c5b4151e03c3597206e5841398,True,-0.07101131284953983,0.8892370592850056,0.3587437768244865,0.22121651070593573,0.42003971246957783,2025-01-25,2,1,REG,1,0.4672897196261683,home,0.3941545629855871,0.23023932405167702,0.3756061129627359,0.3964892075440908,0.22644248050662777,0.37706831194928153,"(0.217, 0.226]"
54cd5d07c30ca38833cd79412055c5ae,True,-0.18687200843206184,0.9438694568277817,0.2670510864458545,0.20611945067214954,0.5268294628819958,2025-03-04,3,2,REG,1,0.361145703611457,home,0.5172191370694696,0.21557006193042333,0.2672108010001069,0.5252238094618084,0.210927314639332,0.26384887589862266,"(0.2, 0.209]"
54d44558b1fdcec80d6217f687bd4099,True,0.05792117078590741,1.0407478266808947,0.48184241793893684,0.20695362657995953,0.31120395548110363,2024-10-28,5,0,REG,1,0.5916792592354435,home,0.3102845913094112,0.21741029186985952,0.4723051168207293,0.30868884373438715,0.21309381378144354,0.47821734248405506,"(0.2, 0.209]"
54e596facd156f310cff19f619f96105,True,0.06277420517536936,0.9649320818003194,0.4771981916618115,0.21175165103168508,0.3110501573065034,2024-11-25,4,3,REG,1,0.5916792592354435,home,0.30499588491778595,0.223237081268496,0.4717670338137181,0.30319116584125305,0.21896014583761902,0.4778486883210078,"(0.209, 0.215]"
5545a1e17e7325beea46099d1a13705a,True,-0.047802217350353025,0.8534144814955599,0.38061416918802754,0.2235115593886561,0.3958742714233163,2025-01-16,1,5,REG,0,0.49070156678599663,away,0.40269383269724823,0.23150031928006057,0.3658058480226911,0.40540016091505615,0.22779262919014923,0.3668072098947946,"(0.217, 0.226]"
55684bdbbf2dff63bae83e37c12a37da,True,0.028407947662088855,0.9135982942904536,0.44034578029051835,0.22237321749326164,0.33728100221622004,2025-02-04,3,0,REG,1,0.555895865237366,home,0.33751138801539954,0.2326534810591589,0.42983513092544157,0.3372528293443002,0.2289296734074706,0.433817497248143,"(0.217, 0.226]"
5582e3406d4f3faf0b99362c47ee39d8,True,-0.11765399096426703,1.0256836630390347,0.3213198536536262,0.2142717370526859,0.4644084092936879,2024-11-05,2,3,OT,0,0.42420027816411693,draw,0.45875169938455196,0.2140158597575253,0.3272324408579227,0.46398358546455415,0.20968224813894135,0.3263341663964111,"(0.209, 0.215]"
5589941c5a999554799450dfe8b4eae9,True,-0.05214705765970864,0.9623334427691755,0.3754759180449575,0.21849796552566525,0.40602611642937725,2025-02-25,1,5,REG,0,0.48499267935578333,away,0.39125017151799923,0.229871203889472,0.37887862459252886,0.3934023956325017,0.22613764466642106,0.38045995970107704,"(0.217, 0.226]"
5593d33d8b0375e5284021c63ef7d504,True,0.0965726760475981,0.9678811987650305,0.5079935942390503,0.20733040855190815,0.2846759972090416,2024-11-05,1,5,REG,0,0.6219592373438527,away,0.28750242215625027,0.22213064171236968,0.49036693613138005,0.2849121118174689,0.2176601982200442,0.49742768996233117,"(0.2, 0.209]"
55ba03e523430cffc34405c557354244,True,-0.22063578908801268,0.9643516583467273,0.2424287037211404,0.19810708061717874,0.5594642156616808,2024-11-27,6,2,REG,1,0.3299244565496685,home,0.543034514366589,0.20953275229873228,0.24743273333467866,0.5527103114976298,0.20425977845742516,0.24302991004453825,"(0.145, 0.2]"
56318c64f629e2d6f74e0dd2cbdedcd7,True,-0.10250502602020724,0.9274803413813485,0.32975689078599424,0.21777599001867023,0.45246711919533555,2024-11-20,3,0,REG,1,0.43575788776936086,home,0.4458743051056168,0.2224198969784399,0.33170579791594335,0.4505546257948561,0.21835230305846678,0.3310930711465876,"(0.217, 0.226]"
566ccc51d40b1c64a9ca6339806424fc,True,0.046886981223418375,0.8608346627259104,0.45873234409254193,0.22103511467276005,0.3202325412346981,2025-03-31,3,2,SO,1,0.5733276913854508,draw,0.32259840055257566,0.22758129445157949,0.44982030499584486,0.3216272602818724,0.22358977169783173,0.45478296802019863,"(0.217, 0.226]"
56a1bb775d703bdacaa89df04e45f55a,True,-0.0674935767447347,1.0162029294989987,0.3650337085971497,0.21563743020877707,0.41932886119407325,2024-11-09,3,7,REG,0,0.47159607147492744,away,0.41836872273825443,0.22280566862107037,0.35882560864067514,0.4217864872811467,0.21877538693284151,0.3594381257859375,"(0.215, 0.217]"
56eda3b51b4eb1875c2ce1a037a23e88,True,-0.011500635731726813,1.072030357036654,0.41653716234605975,0.2116219936759525,0.3718408439779878,2024-10-22,4,3,SO,1,0.5240193918025562,draw,0.368220742150333,0.2226450999048525,0.4091341579448145,0.36928380096304275,0.21855628364759844,0.4121599153892871,"(0.209, 0.215]"
58aabe36693e1d46a62856cc4c58d79c,True,0.26153667293958566,0.9570848858798314,0.6597626203499254,0.17212109370669082,0.16811628594338365,2024-10-15,3,2,SO,1,0.7611733073611464,draw,0.16297247997005893,0.19089206817210091,0.6461354518578402,0.1554776360859585,0.18357713475926538,0.6609452291547762,"(0.145, 0.2]"
591896580785b51ce6bc47ead3adf3df,True,-0.026131915910766,0.9210780374088242,0.391594427412129,0.22387346948835288,0.3845321030995181,2025-01-16,0,1,OT,0,0.5046466242274987,draw,0.38272747464277784,0.22673428592581624,0.3905382394314059,0.3845387289981896,0.2227336230160498,0.3927276479856896,"(0.217, 0.226]"
5919ec4ce3522bb582ead85626298759,True,-0.1632057580366689,0.9991224988062184,0.28525864066965967,0.20806606516770018,0.5066752941626401,2024-10-19,1,3,REG,0,0.3808517736016902,away,0.49727639671231566,0.21425447534211958,0.28846912794556473,0.5045934628520055,0.20956541647221102,0.2858411206756213,"(0.2, 0.209]"
591b90e43be0ac92019730d5a17f720d,True,-0.041733672488820366,0.8930522058090082,0.3820955582905837,0.22267904890552637,0.39522539280388985,2025-02-07,5,4,SO,1,0.4930284439486894,draw,0.3768977439903218,0.2323592887707324,0.39074296723894586,0.37845527813571167,0.22858684898424952,0.39295787288003875,"(0.217, 0.226]"
59926d1038d1fcbb7d7af83c4781e4cb,True,-0.10711227812209864,0.953125896996016,0.32796128417731685,0.21733297615016295,0.45470573967252015,2024-11-27,0,1,REG,0,0.4320786780923455,away,0.45005450685638876,0.22608870273681791,0.32385679040679327,0.45495779489936206,0.22210448187499723,0.3229377232255444,"(0.215, 0.217]"
5a473f12e5a8bebcf564be649f563147,True,-0.23537470745540665,1.0138611428766557,0.22833665494275784,0.19325286231333583,0.5784104827439064,2024-12-31,4,3,SO,1,0.3139179553662376,draw,0.5609708774811661,0.2079875409193106,0.23104158159952326,0.5712365755051892,0.2026229691762763,0.22614045531883906,"(0.145, 0.2]"
5a620f0bd786618afb0b0d4df175af54,True,-0.018750467270709222,1.0352068167556772,0.4081135766659607,0.21603807058201766,0.37584835275202155,2024-11-18,2,6,REG,0,0.5172913928296243,away,0.3728473744095943,0.222841337728525,0.40431128786188075,0.3741043119901168,0.21885017125487402,0.4070455167549384,"(0.215, 0.217]"
5a9b9e82b21ba95e1f7e396a4e0c0425,True,-0.25435554142036704,0.9203383492068974,0.21863122657386674,0.1980731682540987,0.5832956051720346,2025-03-20,1,3,REG,0,0.3052540430854274,away,0.5671201996747071,0.21106554598253566,0.22181425434275737,0.5778588087890817,0.20559084955302387,0.21655034165806378,"(0.145, 0.2]"
5ad326ab68964c46cbef546fb8e55e18,True,0.10086908355468614,0.9961347871994133,0.5156256326684099,0.20384527881310063,0.28052908851848946,2024-10-29,8,1,REG,1,0.6279229893276131,home,0.28254272209771464,0.2114392556095481,0.5060180222927373,0.27963172069019016,0.20662158344519713,0.5137466958644282,"(0.2, 0.209]"
5b4719f10efe8bb20c88c9b8e3868827,True,-0.0793936889174732,0.9988499203837694,0.354365155053588,0.21626511112030447,0.4293697338261075,2024-12-05,3,0,REG,1,0.46007229707525465,home,0.4205423438242074,0.22715425870796604,0.3523033974678266,0.4263837200745605,0.22074717423862045,0.35286910568674534,"(0.215, 0.217]"
5b7b7fcbbbd7f6e75651deeca6832c56,True,-0.0719928087824633,0.9505946949081052,0.3573179058093861,0.21868567246838622,0.42399642172222773,2025-03-22,3,1,REG,1,0.46516522837297414,home,0.3909237877851807,0.22749721616952326,0.381578996045296,0.39308662353317436,0.2236129616702777,0.38330041479654803,"(0.217, 0.226]"
5b8ab17f7a4f50889a2d08af53bc6825,True,0.029550305836335417,0.9357488503642738,0.4431735073448191,0.2199740675745551,0.33685242508062574,2024-11-30,3,2,OT,1,0.5586071603727317,draw,0.3338378197455496,0.22866695529110445,0.4374952249633459,0.3333750042160958,0.22475815445136138,0.4418668413324548,"(0.217, 0.226]"
5b9470d201b3521a3f86fb53af337220,True,-0.011966974008635424,0.840383203946184,0.40812809356543434,0.22642995402608146,0.3654419524084841,2025-03-26,2,5,REG,0,0.521797153024911,away,0.36320696595063046,0.23559370764365214,0.4011993264057173,0.36411238854186445,0.2320561935303535,0.4038314179277819,"(0.217, 0.226]"
5c018b79cc54cd78f94d80b137373e57,True,-0.17896421830700554,0.9884115918223246,0.2735461980423879,0.2051674274116585,0.5212863745459537,2025-03-04,1,2,REG,0,0.36630974947487066,away,0.5109245531125646,0.21504573669673674,0.2740297101906988,0.5186570628260851,0.2104263382922799,0.2709165988814264,"(0.2, 0.209]"
5c13afe049ef62031aa452f0f2e759f6,True,0.03795635405325837,0.9678967819333532,0.4550780668893905,0.21428867437149146,0.330633258739118,2024-11-07,4,3,OT,1,0.5697382574399426,draw,0.3276836964902761,0.22097838192877745,0.4513379215809463,0.32684050484265925,0.21665769073540073,0.4565018044218468,"(0.209, 0.215]"
5c52663c5d30a76eb5f357e4d5018f7f,True,-0.17806265096387275,0.9324312030484256,0.273153894835188,0.208222293087251,0.518623812077561,2024-12-17,1,4,REG,0,0.36939382864303244,away,0.5014044943820225,0.2170582226762002,0.2815372829417773,0.5090358274632046,0.21234817408155282,0.27861599845506296,"(0.2, 0.209]"
5c9f06d80ae8f9653815d50ff6b75e74,True,0.08986404271685329,0.9504814233900767,0.5008116003899938,0.21042608468852428,0.28876231492148174,2025-01-14,2,1,REG,1,0.6157881305469703,home,0.28504225801307603,0.21766863339180353,0.4972891085951203,0.28231485101453097,0.2130683494777656,0.5046167995075356,"(0.209, 0.215]"
5cad9c44c4c0865dc7f95abc7633855a,True,0.06822501818981454,0.9637937413966036,0.48203555134103515,0.21125673327505154,0.3067077153839133,2025-04-03,4,1,REG,1,0.5965083053348824,home,0.3034129787766683,0.2219409752162666,0.4746460460070652,0.30157703416286435,0.2177297453818742,0.48069322045513835,"(0.209, 0.215]"
5da9f928450e6baeee7eb0c004d21b7c,True,-0.14156677230905138,0.9183310225348352,0.2991181168616473,0.2139705098118723,0.4869113733264804,2025-01-30,2,6,REG,0,0.401320172924059,away,0.4701578040979862,0.2272800759146663,0.30256211998734756,0.47596006069945934,0.22327429530350376,0.30076564399691513,"(0.209, 0.215]"
5dacf8a38e430a86233ff70fbb368f86,True,0.012447848835808507,1.0019712148129285,0.4350323314039769,0.21510963047690207,0.3498580381191209,2024-11-23,4,1,REG,1,0.5480494766888678,home,0.3425698747024091,0.22729754719591125,0.4301325781016796,0.3424877328573334,0.2234810308308879,0.4340312363116959,"(0.209, 0.215]"
5e1121f3376c47c6afc0b4afb8fbb71e,True,-0.016643855472982583,1.0282005118314559,0.40976619416051707,0.216203197991936,0.3740306078475468,2025-01-16,3,4,REG,0,0.5195545777019441,away,0.37569884457696606,0.2217666790905702,0.4025344763324636,0.3770851825759421,0.21772628887307938,0.4051885285509088,"(0.215, 0.217]"
5e76a99640b2c44af64a2036d5c20aab,True,-0.21438525344744008,1.0139232461493184,0.2447753279478903,0.1973756951090091,0.5578489769431008,2024-12-19,4,2,REG,1,0.333459564083144,home,0.5413260736575112,0.2073010272081711,0.2513728991343177,0.5508672190392623,0.2020226613809532,0.2471101195794016,"(0.145, 0.2]"
5ea36b5817dde6714872dac9bbd0c06b,True,0.25067417339387826,0.9874785461313573,0.6559660592306642,0.17020443628101145,0.17382950448832427,2025-03-18,4,3,OT,1,0.7544269227380846,draw,0.17368341091376052,0.1819226619058744,0.6443939271803651,0.16637491655190295,0.17467042438668282,0.6589546590614141,"(0.145, 0.2]"
5edbfe12fad3197125020813419c367e,True,0.2099746524766639,0.9979942731418275,0.6185202412712199,0.17965184064216272,0.2018279180866176,2025-01-30,1,2,OT,0,0.7213080518208594,draw,0.207065688193522,0.19328914039032397,0.5996451714161541,0.2010440408798894,0.1870648232641935,0.611891135855917,"(0.145, 0.2]"
5f0728cf2f61fdf7403336ebadc6493e,True,-0.13674196515407075,0.9310473838644833,0.30299809249739806,0.21450652557958835,0.48249538192301367,2024-12-19,3,7,REG,0,0.40508892967909366,away,0.4655547498187092,0.224075416968818,0.3103698332124728,0.47113434679006966,0.2200020412905407,0.30886361191927775,"(0.209, 0.215]"
5fec87e072d8dd7a3b6baae46ae044cc,True,-0.07070378265778424,1.0007342241760124,0.3619578968425087,0.21624322959864697,0.42179887355884427,2024-12-21,5,1,REG,1,0.46848381601362854,home,0.40287738164130893,0.22402994586596153,0.3730926724927296,0.40550978548683825,0.22013907474716357,0.37435113976599815,"(0.215, 0.217]"
5ff4d49a74477041d0cbc098082f8cc0,True,-0.031690550200531555,0.9145180814342726,0.3875885558803796,0.22348368670939334,0.388927757410227,2024-11-27,4,1,REG,1,0.5,home,0.3944361869689642,0.22820950817490068,0.37735430485613497,0.39672909430183323,0.2244152246270641,0.3788556810711026,"(0.217, 0.226]"
603a4c729ef3c1abac118b201d77dca9,True,0.11688363928998485,0.9539739968247903,0.5258635908420539,0.2066709401606619,0.2674654689972841,2024-11-08,3,1,REG,1,0.6405357494583416,home,0.2697232274092213,0.20998189853130161,0.5202948740594772,0.2662284364246178,0.2049617618633788,0.5288098017117611,"(0.2, 0.209]"
60e22037530137a0c310f8b9bec7f01f,True,-0.019281071385321254,1.022476406671615,0.4073016907066767,0.21624918901369888,0.37644912027962446,2024-12-23,7,3,REG,1,0.5172913928296243,home,0.3833323544958008,0.2239090855699771,0.3927585599342221,0.3850816285816403,0.219969733197858,0.39494863822050175,"(0.215, 0.217]"
60ec45b22c9888f77499dc348709cc2e,True,-0.009302986310457284,0.9072986100164253,0.40673529104221284,0.22490922270017233,0.36835548625761494,2025-01-03,4,0,REG,1,0.5207810820494446,home,0.3550741465680258,0.229904123677139,0.4150217297548353,0.35557179941356887,0.22615452637367187,0.4182736742127592,"(0.217, 0.226]"
61a421265a8a3cbfb29b4471600d4a0d,True,-0.11364743318507939,1.0378295268217104,0.32494213453880555,0.21358619601904433,0.46147166944215023,2024-10-17,2,5,REG,0,0.42845967856634903,away,0.45207369012321974,0.22082862282516727,0.32709768705161296,0.45707368268512366,0.21666599589555624,0.32626032141922645,"(0.209, 0.215]"
61d46eb546f16b0e17fb3b9fbdf73f64,True,0.12916919735918023,1.0021422364382078,0.5430225582322861,0.1990885141161103,0.2578889276516038,2024-11-16,4,3,SO,1,0.6542625784732964,draw,0.25887314044746396,0.2167037601030807,0.5244230994494553,0.2550598454863675,0.2118374481298674,0.5331027063834857,"(0.145, 0.2]"
61e4c17d13a861d543b648843857d97f,True,0.012207511705900809,1.0960876222738571,0.44099982236407653,0.20702482503897113,0.3519753525969523,2024-10-16,3,5,REG,0,0.5520062329567588,away,0.33732572830778446,0.22918781540528896,0.4334864562869266,0.33702266535581704,0.22529801303194585,0.43767932161215106,"(0.2, 0.209]"
620d6390f41ac219d3dbd5c912b62dec,True,-0.03237782325169499,0.9680790905267067,0.39311795806466426,0.21831300259258374,0.38856903934275205,2025-01-28,7,2,REG,1,0.5046466242274987,home,0.3756135327260671,0.22859534807911006,0.39579111919482274,0.3770620574056521,0.22474776654925258,0.3981901760450952,"(0.217, 0.226]"
623194b0b1eb984b1b0ee2090ac8b1b0,True,0.01499665029530471,1.0148482993491916,0.43809665252981134,0.2145123520193618,0.34739099545082675,2024-10-12,6,3,REG,1,0.5500363507751557,home,0.34503200809852225,0.22675862470777586,0.42820936719370173,0.3450528417387433,0.2229317114719821,0.4320154467891933,"(0.209, 0.215]"
624ecd9e27542f350b9cccb1c957ad62,True,-0.08321433894221954,0.9387188476114646,0.3467125583781355,0.21870453649934968,0.43458290512251485,2025-03-13,2,3,REG,0,0.453954604539546,away,0.42840000144577095,0.22264872464931018,0.3489512739049189,0.4321473309668529,0.2187479359933771,0.34910473303969125,"(0.217, 0.226]"
62556500c0bff9ef892f0d06fe0401a7,True,0.04837616469618678,1.0066599449210034,0.4687494756469158,0.21011022809626131,0.32114029625682283,2024-10-11,1,4,REG,0,0.5810079557598684,away,0.3182417271779651,0.22122577339622976,0.4605324994258052,0.31700421142751717,0.21698128214185441,0.4660145064305255,"(0.209, 0.215]"
625d0bdfe1a2a689b9ca1c6303233c4d,True,0.04771104322627368,0.9360473171104188,0.46027544630052064,0.21764297669967547,0.32208157699980394,2025-03-28,7,6,SO,1,0.5757997218358832,draw,0.32472518517177057,0.22972165377859072,0.4455531610496387,0.3238652949778878,0.2257934052050175,0.45034129981699944,"(0.217, 0.226]"
62b58f1dc9d75768b3269f6690573d2a,True,-0.12805392255088313,1.0012400075727297,0.31235078252491555,0.2151732123515477,0.4724760051235367,2024-10-16,5,4,OT,1,0.4132639620653319,draw,0.46746562804012715,0.21730261620912936,0.31523175575074364,0.4732114668968314,0.21295803412090522,0.313830498982156,"(0.215, 0.217]"
62f2f852d7eeb8f97c9289e4384a24c9,True,0.15507628753072966,0.9565390387337264,0.561545559209602,0.198194645145083,0.2402597956453149,2024-12-08,6,2,REG,1,0.6732289817653704,home,0.2601611860939326,0.21370383143430177,0.5261349824717656,0.25631472238139397,0.20869486300877774,0.534990414609544,"(0.145, 0.2]"
631ca587b31bc92f904cd5f2293fbd88,True,0.04961465692875883,1.0373654267129901,0.4733080888269761,0.20849664512022498,0.3181952660527989,2025-03-12,7,3,REG,1,0.5833751631362312,home,0.3171391439409148,0.22017476200035926,0.46268609405872585,0.3158360757218266,0.21587416054771288,0.46828976373035613,"(0.2, 0.209]"
636ceb1e670acbd1516fc713cc75c685,True,0.04994785562227562,0.9314338581168358,0.4618660802815703,0.21801254313260532,0.32012137658582435,2025-03-29,1,3,REG,0,0.5775497887748944,away,0.3220253559918793,0.2231710606641396,0.45480358334398113,0.32102352845246035,0.21919020955280955,0.45978626199463174,"(0.217, 0.226]"
63964843251ca5f47797fb3bfc72daae,True,0.05819615541417298,0.9519407895108911,0.4717347645276183,0.21410814291867578,0.31415709255370583,2025-01-21,2,3,REG,0,0.5867360379346681,away,0.31445316602830276,0.2199729716482393,0.46557386232345793,0.313077060271113,0.2157944259271127,0.4711285138016668,"(0.209, 0.215]"
649db83a54382f9678a811221f2ba7a7,True,0.13775796007813973,1.0106365306756158,0.5529593117482638,0.1961362679300645,0.2509044203216717,2024-11-07,1,2,SO,0,0.6629225583423973,draw,0.25707307865368156,0.2179278598586891,0.5249990614876294,0.2533082612364613,0.21321276557249103,0.5334789731907642,"(0.145, 0.2]"
64ee3de1a03be9d0a0352664a0bc3782,True,0.15129233091499494,0.9635204043803943,0.5584060443659494,0.1981134133566291,0.2434805422774215,2024-12-14,2,1,OT,1,0.6697626418988648,draw,0.25038886809679306,0.21123113762350604,0.538379994279701,0.2462826955568275,0.20623590026560282,0.5474814041772055,"(0.145, 0.2]"
64f3bbbd46769ec25928e9baaf361648,True,-0.15588036821458495,0.9097320852127627,0.2896633484450437,0.21293292849611856,0.49740372305883773,2025-03-15,0,5,REG,0,0.39006574141709277,away,0.4837334034345968,0.22330578978424184,0.2929608067811613,0.4903629664852282,0.21898239343692577,0.2906546400777042,"(0.209, 0.215]"
65352e3b36ada043103898742eb8854e,True,0.2206549609088809,1.0214329810889862,0.6315324161142725,0.17545690327509184,0.19301068061063578,2024-11-07,5,3,REG,1,0.7328666175386883,home,0.18796052443337533,0.1839920680633808,0.6280474075032438,0.1811034025347301,0.1770953465625961,0.6418012509026737,"(0.145, 0.2]"
653bc3752ed248cfe0db1d96dabaec3d,True,0.22437284183129846,0.9350103960541536,0.6231741122436292,0.18570647730966797,0.19111941044670294,2025-03-17,2,0,REG,1,0.73201018891955,home,0.20395840148540265,0.2005448717534294,0.595496726761168,0.19794853289599937,0.19448241583227038,0.6075690512717302,"(0.145, 0.2]"
655774fc10244290ba034254920b52c4,True,-0.04840123627061948,0.9601699933497857,0.3783897457644484,0.21876571934597466,0.402844534889577,2024-12-04,3,2,REG,1,0.48837209302325585,home,0.3944361869689642,0.22820950817490068,0.37735430485613497,0.39672909430183323,0.2244152246270641,0.3788556810711026,"(0.217, 0.226]"
658eeea153a6f174932e7f6f85375f16,True,-0.2557722619247061,0.9717085021584316,0.2169354016415244,0.18987400842933885,0.5931905899291368,2025-02-08,3,8,REG,0,0.29856223104380025,away,0.5436579288169492,0.21115946725748272,0.24518260392556818,0.5531009186670588,0.20605879594880305,0.24084028538372407,"(0.145, 0.2]"
65e5bfd4254cd7435fa5073d38c1c2ba,True,0.10416932476478631,0.9263755517208878,0.5128514597525226,0.211777921574409,0.27537061867306845,2025-02-04,4,3,REG,1,0.629269318749507,home,0.2782982468853875,0.2180742526846772,0.5036275004299354,0.27526195034098794,0.21338461534934644,0.5113534343094774,"(0.209, 0.215]"
664bae9a81218e455ea0a79c299467bc,True,-0.06554060576833962,0.9551056713085501,0.3632564861765464,0.2186520892312555,0.4180914245921981,2025-02-22,6,3,REG,1,0.47159607147492744,home,0.41094710811318047,0.2263609366202625,0.36269195526655706,0.4140778841741069,0.22239571291324225,0.36352640291257665,"(0.217, 0.226]"
6689678e8effcf29e5554877fed1198b,True,-0.22456423219257807,0.9721969941824393,0.23951238493154786,0.1963969462761402,0.564090668792312,2025-01-11,1,2,SO,0,0.3257328990228013,draw,0.5520920736339618,0.21480765196784324,0.23310027439819486,0.5621225832488087,0.2095944336822456,0.22828298306937017,"(0.145, 0.2]"
669bd57ec9cb151caa16b8b298191409,True,-0.07938013714091648,0.9056712209184458,0.3498354386585165,0.22022240301299068,0.42994215832849275,2024-12-17,3,4,OT,0,0.45801526717557256,draw,0.42281328318516276,0.22689979972347976,0.35028691709135745,0.426312804349031,0.22315041242831302,0.350536783222656,"(0.217, 0.226]"
66a8b45350f44ab4cd568dd3b56eeab4,True,0.1544533319167972,0.8862336603140778,0.5531646887063655,0.20685614222979545,0.23997916906383915,2025-01-16,2,1,REG,1,0.6683769240395445,home,0.2476509836820128,0.21063940809876694,0.5417096082192203,0.24336735433372716,0.20551742152440233,0.5511152241414761,"(0.2, 0.209]"
66bf2a27941780de47caa6e3138d1a86,True,0.06109968292443222,1.0158662955546576,0.4817967654110199,0.20785424394134747,0.31034899064763266,2024-11-21,3,5,REG,0,0.5933014354066986,away,0.3070607553366174,0.2233169129720854,0.46962233169129725,0.3053620498034191,0.2190919629086692,0.4755459872877949,"(0.2, 0.209]"
66d167b172d17d6b39b816efdebf6277,True,-0.24865420534066585,0.9190086002138,0.2222081594381418,0.1995449129813242,0.578246927580534,2025-04-05,5,1,REG,1,0.3098652446494199,home,0.5596755504055619,0.20857473928157594,0.23174971031286207,0.569712711715094,0.20332492104325572,0.22696236724198096,"(0.145, 0.2]"
673349f3926b9b3bb9d5742be76b75e3,True,-0.12924246650907265,0.9241312430710219,0.30800803315541003,0.2155362030514799,0.47645576379311005,2025-02-04,3,0,REG,1,0.4116032928263426,home,0.4691965036140528,0.220036981005211,0.31076651538073624,0.4752131820233209,0.21563080557341885,0.30915601240314733,"(0.215, 0.217]"
677c12971dc48ca4f8984370c8119c4e,True,0.14647631616603682,1.0146344010683142,0.5619142149306681,0.19364920916837242,0.24443657590095957,2025-03-07,5,2,REG,1,0.6708232495180279,home,0.24416371407978255,0.2045977390903082,0.5512385468299091,0.2397859423932001,0.19939434114629587,0.5608197164609771,"(0.145, 0.2]"
6787bc1150e6cb648b432576d63feb92,True,0.0026941963686481682,1.0279978886906007,0.426933166023441,0.21613662454029967,0.3569302094362593,2024-11-25,6,4,REG,1,0.537852568752202,home,0.35325995168266233,0.22685650925592768,0.41988353906141,0.35366242288577665,0.22287078301156119,0.4234667941025848,"(0.215, 0.217]"
680ad4b139a12cca1752d69fddbfd8a4,True,-0.2017970211667639,0.8811239873782462,0.25755237751634685,0.21087042136929604,0.5315772011143571,2025-03-11,3,2,REG,1,0.3532686268912361,home,0.5192028449470956,0.21800119452709327,0.26279596052581106,0.5273286694388547,0.21338557958565477,0.2592857509752392,"(0.209, 0.215]"
68376b66dd4277ac056aafff966c4a45,True,0.08069763184671411,0.9830610262840875,0.4950669585121817,0.20737089244713958,0.29756214904067874,2024-12-14,5,2,REG,1,0.6084434892689964,home,0.2941594051147355,0.21695919924751983,0.48888139563774463,0.29188495604885745,0.21254477880365316,0.4955702651473448,"(0.2, 0.209]"
6847eb558efccd1efdc9566bff7dedaa,True,0.17973497342626363,0.9640553906564998,0.5853434587160595,0.19112362130880345,0.223532919975137,2025-02-02,6,3,REG,1,0.6938344594594594,home,0.22776101382368436,0.2031512432622269,0.5690877429140887,0.2226685051785539,0.19759086692504244,0.5797406278965583,"(0.145, 0.2]"
688ba033c5ae1376348ca98aa60440ab,True,-0.22951231118862886,0.9715187053316402,0.2358090091902273,0.19545404000928773,0.5687369508004849,2025-03-05,3,4,OT,0,0.32135553607946243,draw,0.5525974039715666,0.21121564417156277,0.2361869518568707,0.5624238880920145,0.20603895400879293,0.23153715789962281,"(0.145, 0.2]"
689b7807c93d792c0135dd4fa43e8d48,True,-0.07745545851005312,1.0731551381510678,0.35560323729999,0.21027588190684432,0.4341208807931657,2024-11-04,0,3,REG,0,0.458306294613887,away,0.4267012898619881,0.22601992313354713,0.34727878700446474,0.4311837558988627,0.22140598998900946,0.34741025411204846,"(0.209, 0.215]"
68bb2a48a273edeafeff2a4801d65c73,True,0.1031473536387169,1.0444296208940549,0.5266803138434641,0.19945154262568346,0.2738681435308524,2024-11-07,1,6,REG,0,0.6362901596282077,away,0.2672551371341278,0.21955284721087384,0.5131920156549984,0.26396090128843813,0.2150593676961297,0.5209797310152066,"(0.145, 0.2]"
68e29ac8a640318a9fd43cf6b6d50cdd,True,-0.12702272376828283,1.0167397194250984,0.31323582667663563,0.21434592798590735,0.472418245337457,2024-12-03,4,5,REG,0,0.41493775933609955,away,0.46668459225684344,0.21547374192038943,0.3178416658227671,0.47261553365237446,0.21090584599390394,0.3164786203536172,"(0.209, 0.215]"
694daa574850b52d823f1179f001cc6a,True,-0.07540650916497448,0.9538331426006825,0.3547836476257952,0.21839847248161756,0.4268178798925873,2025-03-27,2,5,REG,0,0.462147431247798,away,0.42821546458925547,0.2165242981218809,0.3552602372888638,0.4319532397184266,0.21241081660580502,0.35563594367569445,"(0.217, 0.226]"
69bd722e3848ff24ec0b7cffc166e975,True,0.05731229541180501,0.9641805582830102,0.47217189676251614,0.21250873159689987,0.31531937164058393,2025-01-14,1,2,SO,0,0.5867360379346681,draw,0.314568826624809,0.21511993749005998,0.4703112358851311,0.3131554367028613,0.21082878515179757,0.47601577814523255,"(0.209, 0.215]"
69d93baab9c353ad17989c63d6025c99,True,-0.16510486003839908,0.9627995221611904,0.28367963771905463,0.2090967989256687,0.5072235633552765,2024-10-22,3,6,REG,0,0.3794411866160745,away,0.4975505902970161,0.21978109663136972,0.2826683130716141,0.5048061850455337,0.21529007739962971,0.2799037375546652,"(0.2, 0.209]"
6a22833b43c90c35808996aabe34ce55,True,0.12090396789546391,1.0026014674990111,0.5354149313694783,0.20060536062293957,0.2639797080075821,2024-12-13,0,3,REG,0,0.6471201212580522,away,0.2598512582543402,0.20935614475076753,0.5307925969948923,0.25607177932479736,0.20438522540515788,0.5395429952697435,"(0.2, 0.209]"
6a58f1594528c7358b6821068270dd42,True,0.0665492291272806,0.8550609568637677,0.47434090689879393,0.22067083088013864,0.30498826222106756,2025-01-14,6,1,REG,1,0.590044398353696,home,0.3032165463450617,0.21531781717986406,0.4814656364750742,0.3012627014026182,0.21082150342886144,0.48791579516839323,"(0.217, 0.226]"
6a9c53aa0bd7c746624b440dd0f5dde8,True,0.10166116255128473,0.9594382520289416,0.5121560623543778,0.20781916330366385,0.2800247743419584,2024-11-14,4,5,OT,0,0.6265670845558816,draw,0.2795359484951594,0.22041570191687287,0.5000483495879677,0.27669137632206936,0.21598438557299587,0.5073242381047552,"(0.2, 0.209]"
6aac6ca93acf1c320b3083dbb338ac4f,True,0.06421864520277183,1.0513576335030794,0.48883061126139515,0.20504828440263737,0.30612110433596756,2025-03-01,1,3,REG,0,0.5980932797457705,away,0.3082069565396767,0.2149156131924652,0.4768774302678581,0.3064809028779132,0.2104787493771746,0.4830403477447937,"(0.2, 0.209]"
6b1f15d86e7483e2c52e2952671f77d2,True,0.05052791144673623,0.9553262222064917,0.46504366577513445,0.21456892477488976,0.32038740944997585,2025-01-24,4,3,REG,1,0.5799605469015714,home,0.31812055236869147,0.22372496790414986,0.4581544797271586,0.3168939423395114,0.2195238558692331,0.46358220179115284,"(0.209, 0.215]"
6b6d0ce62dcbe63a231d4da4201c87b6,True,-0.15863708792008993,1.0441812426060388,0.28759247939244886,0.20655433030610007,0.5058531903014511,2025-01-07,4,5,OT,0,0.3851456020920085,draw,0.48852060289867283,0.22284929112551266,0.2886301059758146,0.49533915094348896,0.2185083730183217,0.2861524760380374,"(0.2, 0.209]"
6bc5b1be3485ead6ea28a19159eeb0a3,True,-0.22707103772354403,0.9836304280414395,0.23733040001118608,0.19491334832458665,0.5677562516642273,2024-11-20,1,4,REG,0,0.3226568033367435,away,0.5550705127862737,0.20196108060162227,0.24296840661210395,0.5654213820820116,0.19634349442252244,0.238235123495881,"(0.145, 0.2]"
6c1765cdc184abe7b0749e2ed7cd3a47,True,-0.13279808468478718,0.908974979096169,0.3065521333979909,0.21594846972594556,0.47749939687606346,2025-03-11,2,1,SO,1,0.4099556016463039,draw,0.4657766580340052,0.2247072401756559,0.30951610179033895,0.4713033850845758,0.22069757682691823,0.3079990380883932,"(0.215, 0.217]"
6c259aa51c3e3cd235d583a3dc2fbe11,True,-0.008362353189015978,0.9427943475971359,0.40960532640498515,0.22221457664678212,0.3681800969482327,2025-01-22,2,3,OT,0,0.5240193918025562,draw,0.36472270974192067,0.22359457496998864,0.4116827152880907,0.3655887353072058,0.21971670146399438,0.41469456322879983,"(0.217, 0.226]"
6c291d555c0c1bfa9c5d1677a14b7043,True,-0.14233698720706914,1.0745485709528315,0.2981139698437485,0.20574121308834165,0.4961448170679099,2024-11-01,3,0,REG,1,0.3945716506247384,home,0.4880632948470338,0.2136952956490275,0.29824140950393874,0.49497431159143856,0.20901881947722598,0.2960068689311969,"(0.2, 0.209]"
6c64f93a54a3dfcfef3ee96badd8916e,True,-0.11633964457635908,0.995516568938374,0.3221947902864465,0.21623341819046935,0.46157179152308414,2025-02-08,3,4,REG,0,0.42420027816411693,away,0.4547803617571059,0.222126519284142,0.3230931189587521,0.4597628886959458,0.2181126233389325,0.32212448796502446,"(0.215, 0.217]"
6c841b1fca5dfa5f43a6d6fe53be28a2,True,0.046319949535903175,1.075604622702032,0.47300566713449116,0.20533735920538554,0.32165697366012336,2024-12-05,5,3,REG,1,0.5810079557598684,home,0.3240725169015506,0.22064511789041738,0.45528236520803206,0.3224251007382181,0.21369133435059398,0.4638835649110935,"(0.2, 0.209]"
6c88c3f00317d96d67f5594bc5dece00,True,-0.10821125998637632,0.9953449399962818,0.32925894087662516,0.21628479478412005,0.4544562643392548,2024-10-09,0,6,REG,0,0.4320786780923455,away,0.45005450685638876,0.22608870273681791,0.32385679040679327,0.45495779489936206,0.22210448187499723,0.3229377232255444,"(0.215, 0.217]"
6ca3e9c372885283f3223b45f80afcb9,True,-0.19231161801434696,0.9345775912070655,0.2628806867294059,0.20589420796454833,0.5312251053060457,2024-12-06,1,5,REG,0,0.3569607343192248,away,0.5204490054681162,0.2105057386601117,0.269045255871772,0.5289129652546397,0.20553188903478894,0.2655551457103274,"(0.2, 0.209]"
6cba15f2b192d25cd838dfb04c4c45d7,True,0.013473380767646316,0.9687719020361983,0.4331095544422118,0.2170650825375559,0.3498253630202323,2024-11-21,1,0,REG,1,0.5480494766888678,home,0.3433130913712753,0.22327354893376644,0.43341335969495837,0.34322160837677834,0.21919434202840066,0.43758404959473945,"(0.215, 0.217]"
6cde37b5e7abed2600ee06a73f3b63a7,True,-0.14382988532377755,1.0318859138083825,0.2998891776634646,0.21022930748015933,0.4898815148563761,2024-11-11,1,7,REG,0,0.39975399753997537,away,0.4798735162617029,0.22113986924502438,0.2989866144932728,0.48601471353727227,0.21697965995403415,0.2970056265085624,"(0.209, 0.215]"
6cf61b8e7cb390265de4e19c7115c0a0,True,-0.21161288167805506,0.9469024482832491,0.24898727347014005,0.20165049451745332,0.5493622320124066,2025-01-25,3,2,OT,1,0.3393085088973019,draw,0.5323090826931767,0.21012200632625394,0.25756891098056933,0.5412968801869323,0.20506232123306575,0.2536407985796865,"(0.2, 0.209]"
6d047f3ebb734236309013a5ed0209d3,True,-0.11177640034767522,0.9588125437684928,0.324445496366073,0.21718115496182638,0.45837334867210056,2025-04-05,2,3,OT,0,0.4277432126696832,draw,0.45167706485032333,0.22372789193520692,0.3245950432144697,0.4567817789412607,0.2195600314184207,0.32365818964022286,"(0.215, 0.217]"
6d70b0b7f0fca948f50ae242889dfab4,True,0.07552814829912263,1.0896459146455013,0.5027717454329268,0.2005464133524319,0.29668184121464136,2024-11-15,2,5,REG,0,0.6099342585829073,away,0.2961798994023981,0.2123059455893296,0.49151415500827234,0.29397076618442175,0.20783587157271893,0.4981933622427159,"(0.2, 0.209]"
6d83489776e93187e3b962b1e246fe51,True,-0.010995988525186925,0.9292939892690447,0.40525963349835903,0.2239396204661564,0.3708007460354846,2025-03-20,3,4,OT,0,0.5195545777019441,draw,0.4009037237375903,0.22334729597502115,0.37574898028738857,0.4034840245215181,0.21936886290029273,0.3771471125781188,"(0.217, 0.226]"
6de086055e0fb11b9f69c173222b34c0,True,-0.2590417988462524,0.9304686174279249,0.21564391213047435,0.19538181729394963,0.588974270575576,2025-01-21,2,5,REG,0,0.3005418218760582,away,0.5708305151946265,0.21314457634629283,0.21602490845908062,0.5815030883107244,0.20778136935790387,0.21071554233146356,"(0.145, 0.2]"
6e1d7a1947b16e2a9a7ad8ae73c2c684,True,-0.010595339040623016,0.9567602911357298,0.40996665752649897,0.2201796834349199,0.36985365903858114,2024-10-24,2,5,REG,0,0.5240193918025562,away,0.36430266103790504,0.23142898515209903,0.4042683538099958,0.36524197830413535,0.22768904351953959,0.4070689781763252,"(0.217, 0.226]"
6e2cfec76a758cca9b48aca968625bba,True,-0.02267725037066063,1.0259189210437059,0.4044238849021123,0.21612193658828122,0.3794541785096065,2025-01-02,4,5,REG,0,0.513948077676165,away,0.3786195612786097,0.22225231787352262,0.3991281208478678,0.3801516660073818,0.2182167247766844,0.4016316092158641,"(0.215, 0.217]"
6f69ae3c1c23e77889d1e143a25d7c8a,True,0.09191023648827774,0.9577491795304793,0.5031529202361069,0.209218111636775,0.287628968127118,2024-12-12,3,4,REG,0,0.617727368199958,away,0.2891724149174633,0.21606336193607306,0.4947642231464636,0.28656166031046515,0.21137478444500837,0.5020635552443681,"(0.209, 0.215]"
6f811bb338772f7e2165f4b3a39ed620,True,-0.23752049012080864,0.9740968936004197,0.22979743115868076,0.19344236322901795,0.5767602056123013,2025-03-27,6,5,SO,1,0.3139179553662376,draw,0.5654187297403198,0.19918308220235337,0.2353981880573267,0.5760961850757369,0.1934852137155658,0.23041860120894503,"(0.145, 0.2]"
6f8968af552083b840c0f9b6c04aeafb,True,0.0965056177619779,0.906345593488835,0.5039259321038541,0.2147116321795679,0.28136243571657815,2025-02-08,5,1,REG,1,0.6205588133839256,home,0.28257673418298607,0.22225873059868273,0.49516453521833104,0.27981734570089595,0.21781517382805599,0.5023674804708799,"(0.209, 0.215]"
6fc0a9b0a968620618e1590ea1dd710b,True,0.14705531393156906,1.119270857756062,0.5725282067231119,0.1888791030448635,0.23859269023202462,2024-10-25,4,0,REG,1,0.6776342863861725,home,0.24374555802995462,0.20082181196178653,0.5554326300082587,0.23909807223478313,0.19526501062781715,0.5656369171378182,"(0.145, 0.2]"
6ffbee32ef41d37ead97faf23fe035e5,True,0.1863525789160432,1.024281567243759,0.6004575698532761,0.18333388841369186,0.21620854173303197,2025-03-04,4,1,REG,1,0.7050938337801608,home,0.22033535096625065,0.19560383198024286,0.5840608170535065,0.21478508276621336,0.1896303099946879,0.5955846072390988,"(0.145, 0.2]"
701bfc034ec9e0c7772e13b357dffd85,True,0.07143504439267519,0.9470229916413974,0.4835072612604713,0.21315856677243544,0.3033341719670932,2025-02-06,5,1,REG,1,0.5986798270759409,home,0.3009977451520359,0.21803481311696452,0.4809674417309996,0.2989300055118868,0.21350069378074513,0.48756930070723803,"(0.209, 0.215]"
70412d512d1852bd2e4fd092714a56e1,True,0.24167503276946575,0.9926430550803207,0.6479724492600101,0.1721697107788637,0.17985783996112625,2024-11-07,3,1,REG,1,0.7473979651502748,home,0.18728284588905583,0.18334381853766077,0.6293733355732835,0.18044216859432383,0.176465036391315,0.6430927950143612,"(0.145, 0.2]"
704d2342a11fb88830272009a8dffb60,True,-0.1479627961400818,1.007855830918133,0.29689126552603695,0.2107444259511569,0.4923643085228062,2025-03-11,2,3,REG,0,0.3951262751461066,away,0.47661150233520916,0.22022738383764837,0.30316111382714245,0.48287276326691014,0.21587139970702554,0.3012558370259396,"(0.209, 0.215]"
704d33e94c505329d1625839f68a3dac,True,0.07939524767271727,0.9254054912260232,0.48922559519724296,0.21508331709430875,0.2956910877084484,2025-02-02,2,3,OT,0,0.6054283493752615,draw,0.2980296925878912,0.22214250234560406,0.47982780506650485,0.29601595916463974,0.21799813136516907,0.48598590947005865,"(0.209, 0.215]"
70a8a7b38700abf41a201b63ddb55fe8,True,0.09863366551253472,0.9595445692134645,0.5093992296080322,0.20817062666205352,0.2824301437299144,2025-01-10,5,3,REG,1,0.6238261481421341,home,0.2853137408387286,0.22139819150534137,0.49328806765593003,0.28270714953459236,0.21702830370121515,0.5002645467640309,"(0.2, 0.209]"
70d5ddccf4640a6c69516a6472d8b93b,True,0.058325829276459025,0.9500973234320289,0.47166790666967756,0.21434903300797284,0.3139830603223496,2025-03-04,4,3,REG,1,0.5867360379346681,home,0.31043452304805774,0.22839111338535673,0.4611743635665857,0.30898447436292126,0.22447936086903858,0.4665361647679299,"(0.209, 0.215]"
70dfea015b7047890f488677384867c1,True,-0.18310475373450993,0.9575765442402051,0.2701685954130619,0.20591228389241273,0.5239191206945255,2025-01-11,1,3,REG,0,0.36370984037179227,away,0.5087505483006778,0.2164722962664943,0.27477715543282794,0.5164077729837212,0.21189005188261023,0.27170217513346556,"(0.2, 0.209]"
711353c3d11323069f6004b234c2b54b,True,-0.14366398786934753,0.9806575904539527,0.30047895020103943,0.21312948445826863,0.4863915653406919,2024-10-10,4,5,OT,0,0.3981997101228163,draw,0.4793325486394794,0.22294537146022297,0.29772207990029775,0.48563113115245665,0.21871738681734815,0.29565148203006264,"(0.209, 0.215]"
71adbd30fe76d7636db85e2246f8c851,True,-0.10295903246507877,1.0101754795503113,0.3339967617650387,0.21545435702256877,0.45054888121239256,2024-11-25,4,5,SO,0,0.43762053107847504,draw,0.42217669336313407,0.2254920221021916,0.3523312845346744,0.42577051255653886,0.22156005811469595,0.3526694293286876,"(0.215, 0.217]"
71e456078ca553b4fd4f0f6ebf8d508e,True,0.0019368440095239078,1.0315723170689897,0.4263227652857994,0.21621764450995656,0.3574595902042441,2024-12-14,3,2,OT,1,0.5369404697342622,draw,0.34691770863623145,0.2237132887467287,0.4293690026170398,0.3469954945663265,0.2196236637046787,0.4333808417289151,"(0.215, 0.217]"
72b5ce9ecfef0c0850e8b731f0b7fb2a,True,-0.18547569429769434,0.9660622209208888,0.26862700164221487,0.20491921811957023,0.5264537802382148,2025-01-26,2,4,REG,0,0.361145703611457,away,0.5140349310230031,0.21557848924543468,0.2703865797315621,0.5223212658008531,0.21070967601108898,0.266969058187833,"(0.2, 0.209]"
72e83dbf49cee39336def3ced19490bc,True,-0.1269797898122765,0.9792649286160485,0.3130129907138105,0.216804157962967,0.47018285132322246,2024-10-29,5,3,REG,1,0.4132639620653319,home,0.4674763168532612,0.22338611877603387,0.30913756437070494,0.47325059892097293,0.21920736045387296,0.30754204062504015,"(0.215, 0.217]"
732b6a04b2daf06497b7624cb6a62067,True,0.10690858596345165,0.9895179049698615,0.5198054604363685,0.2036756024593941,0.27651893710423736,2025-02-25,3,2,REG,1,0.6323766526926797,home,0.27107623356325367,0.21503350662433382,0.5138902598124127,0.2676569756048103,0.21012005091790148,0.5222229734770649,"(0.2, 0.209]"
733ca09dd175b26f7c3e0d01b1d82a17,True,0.003970046905259808,0.9098810107214187,0.41771105858281377,0.22519105243437884,0.35709788898280725,2025-04-04,3,1,REG,1,0.5327102803738317,home,0.3536381083389725,0.23148774724604235,0.41487414441498505,0.3540888912237186,0.22775354110180349,0.41815756767447776,"(0.217, 0.226]"
734a9d23e2e548e2d898e1b69c8169f7,True,0.13497493823155018,0.9334281505866936,0.5418696682549782,0.20600123277870064,0.2521290989663211,2025-01-04,2,4,REG,0,0.6572903685241233,away,0.2493251874174961,0.21134850324132123,0.5393263093411828,0.2450082266179763,0.20613913349261634,0.5488526398890303,"(0.2, 0.209]"
7356d72a897748c60dccb92b21ec24ae,True,0.07615886564841655,0.9553904116810348,0.48855900729573565,0.21144370644852456,0.29999728625573985,2025-02-01,2,3,OT,0,0.6033428208078484,draw,0.30117313116192046,0.2152203499089679,0.48360651892911155,0.2991069643172194,0.21065767099442156,0.4902353646882276,"(0.209, 0.215]"
73db246aa5feb35dd36394ece4497703,True,0.09460082847946266,0.9825257531640352,0.5073945809332926,0.20576888404670388,0.2868365350200035,2025-03-20,5,2,REG,1,0.6205588133839256,home,0.2864279249577474,0.21758130353933194,0.4959907715029206,0.28387967366969935,0.2131957297670548,0.5029245965630827,"(0.2, 0.209]"
740afc1ee3f264f057d06af65bb2802c,True,0.09684303914085397,1.076507228773477,0.5227823982705574,0.19876774027885818,0.2784498614505845,2024-11-27,3,4,OT,0,0.6306061713569675,draw,0.28282110885442047,0.21496940785122992,0.5022094832943496,0.28003841494303555,0.21038179195899007,0.5095797930977967,"(0.145, 0.2]"
746c14ed7f6f3f4702b3e0ee9bc2f597,True,-0.10573460368386946,0.9434588330291226,0.3283616799788118,0.21744443219711979,0.4541938878240684,2025-03-06,1,4,REG,0,0.43316719528772085,away,0.4473824286803527,0.22474140783473118,0.327876163484916,0.45229972824132936,0.22060584705203704,0.32709442470654077,"(0.217, 0.226]"
74d42c401da9279bef5ed00a1694c9e3,True,0.15508835989256164,0.878727767729148,0.552493029346574,0.20743259585943175,0.24007437479399424,2025-02-22,3,1,REG,1,0.6676212973221566,home,0.255036743658031,0.2084648165552601,0.536498439786709,0.25106421141635576,0.20342508784363886,0.5455107007396643,"(0.2, 0.209]"
74dfa40587e0166d0f6ea54be30e53fc,True,-0.15181023192981308,0.9309635775158152,0.2920961330855131,0.2122437418078062,0.4956601251066807,2025-02-06,2,3,REG,0,0.39209883849966704,away,0.48340497674325206,0.2247256865095667,0.29186933674718113,0.4901333559775992,0.22037190294918318,0.2894947410730745,"(0.209, 0.215]"
75046edfc166a64579c86ea3a2117387,True,-0.21751205279211977,1.0470348814060344,0.24034255648977607,0.1953291867995918,0.564328256710632,2024-11-13,2,3,REG,0,0.32886673747855216,away,0.5473145189480231,0.20619982684920263,0.24648565420277435,0.5568883651983548,0.2009751782895009,0.24213645651170712,"(0.145, 0.2]"
751de3b1c680eb0002a22627b451f4f1,True,-0.054731323395412534,0.9644900889299783,0.37353866305171524,0.218275165031449,0.4081861719168357,2024-10-15,1,4,REG,0,0.4827086071703758,away,0.40586225499010964,0.22431731189148923,0.3698204331184011,0.4087086179621559,0.22033020606520784,0.3709611759725646,"(0.217, 0.226]"
75254383e926508a4c8ffb09e8c28004,True,0.09009840015450427,1.0280251539538368,0.5113911100928754,0.20272332412583227,0.28588556578129243,2025-01-02,5,2,REG,1,0.6219592373438527,home,0.27980529979633517,0.22635192884467678,0.4938427713589881,0.27710985161392404,0.22222192671517377,0.5006682216707334,"(0.2, 0.209]"
7565bc100cb6534fe3559b652c722325,True,0.1395432687199025,0.9692657890268178,0.5475453833336059,0.2001993455485876,0.25225527111780643,2024-11-07,6,2,REG,1,0.6595651218976498,home,0.2555597436863927,0.2120241236336223,0.5324161326799849,0.25159934442301,0.2070300376677851,0.5413706179088843,"(0.2, 0.209]"
758cdc515f59d625ff17ab64aa0bfe67,True,-0.08760795758761268,0.9887027319306765,0.3470724797809108,0.21672177061857933,0.43620574960050984,2024-11-26,2,3,OT,0,0.4519505233111323,draw,0.44348994439759293,0.21920784437043495,0.3373022112319721,0.44811694490687204,0.21498683061809745,0.33689622447494555,"(0.215, 0.217]"
75aaf858b20729a500c48fe9542834c0,True,0.08008150138349529,0.9561481985709557,0.49221435342883496,0.21086499226177235,0.29692065430939274,2025-03-20,1,4,REG,0,0.6069415603678433,away,0.29054344171989466,0.22297519945945404,0.48648135882065124,0.28818096502319185,0.21871225192734875,0.49310678304931227,"(0.209, 0.215]"
75f6a95c27a6cb2811c3b24f107080bc,True,-0.11797909873315487,0.8989606367947254,0.3192534861410296,0.21816744702916588,0.4625790668298046,2025-01-27,5,2,REG,1,0.42420027816411693,home,0.4543272847103323,0.22824537398542885,0.31742734130423883,0.4594448166480565,0.22430295606587128,0.31625222728596986,"(0.217, 0.226]"
761bba91bd49e2150ffd86b8a3b9eaa7,True,-0.0049552261865878754,0.9642830901320161,0.4159770513181993,0.21925124573389226,0.3647717029479084,2024-12-20,1,2,REG,0,0.5305667495498585,away,0.3641493167018252,0.2248151884802348,0.41103549481794005,0.3650333137497945,0.22082328991550415,0.414143396334628,"(0.217, 0.226]"
7620a018b2c1625b82ed83078d422e74,True,-0.07193097193050704,0.9987068374075534,0.3608546212201337,0.2163208555425974,0.42282452323726893,2024-10-29,3,5,REG,0,0.4672897196261683,away,0.41687399225173827,0.22402107060256962,0.35910493714569214,0.4201651036139128,0.22010493467144693,0.3597299617145655,"(0.215, 0.217]"
7648c071dcc621b8d428f55f3337b704,True,-0.1131969618852388,0.9247382849354235,0.32077005150837523,0.21701655186552113,0.4622133966261036,2025-01-27,4,2,REG,1,0.4259645555419215,home,0.4503028233560376,0.22891289110939386,0.3207842855345686,0.4551652546208674,0.2250600705207001,0.3197746748583338,"(0.215, 0.217]"
76a759be0b990f4bb6dc0040b2e73836,True,0.07795480629992302,0.9519711957788958,0.4899380600666211,0.21168637297871576,0.2983755669546631,2025-02-22,2,5,REG,0,0.6048737248538933,away,0.29468935101073207,0.22169916453353683,0.4836114844557311,0.2924235608830975,0.2173074582483605,0.49026898086840215,"(0.209, 0.215]"
76d32822c0db9bfcc89357f081134d89,True,-0.1553479470041989,1.113383874169131,0.28640936440220155,0.19964507432313822,0.5139455612746603,2025-01-05,4,1,REG,1,0.3780407626561473,home,0.49338587288572483,0.21693308677208936,0.2896810403421858,0.5003153223849656,0.2124719736898713,0.2872127039250075,"(0.145, 0.2]"
76faf12908d24428f06ec6082a4c91eb,True,0.03744823933024138,1.073643949528425,0.4641295585029472,0.2066958022313662,0.32917463926568663,2024-10-10,3,6,REG,0,0.5722567873303167,away,0.32490447012407353,0.22084520434700852,0.454250325528918,0.3239723146608523,0.2166807969951129,0.45934688834393905,"(0.2, 0.209]"
777e494f93aec8705a6510b78ff300fb,True,0.017476349925137517,0.9931342047931045,0.43915827236835997,0.2146342520940917,0.3462074755375483,2024-11-05,4,3,SO,1,0.5528282163459677,draw,0.34466648624781004,0.21580469183984505,0.439528821912345,0.3445597695430283,0.21152783696054497,0.4439123934963473,"(0.209, 0.215]"
77f4fd53c9507651a3740dd6d95c9a14,True,-0.01545626330873129,0.89591771489212,0.40313387198948814,0.22416590431075,0.3727002236997619,2024-11-26,0,2,REG,0,0.5162468054034319,away,0.3701226019730849,0.23211078428820578,0.3977666137387095,0.3713194757152796,0.22844688498020677,0.4002336393045137,"(0.217, 0.226]"
783d55d616914db0add635c2de05b317,True,0.12980179889793592,1.0266728648167303,0.5491879039859024,0.1963857792350138,0.2544263167790837,2024-12-29,3,0,REG,1,0.6592187396607627,home,0.25209882925054805,0.20825555459827885,0.5396456161511732,0.24790608093683406,0.2030496058171803,0.549044313245616,"(0.145, 0.2]"
787d6a9121a568436fbfd18aa16f1a24,True,-0.2642084612088814,1.0304710208765535,0.20661734429516468,0.18637097981569528,0.6070116758891401,2024-10-20,1,4,REG,0,0.28806839301201836,away,0.5930928958877841,0.19183992434888825,0.21506717976332762,0.6048491836058428,0.185781756835572,0.20936905955858512,"(0.145, 0.2]"
78ba92fc327a15b32841b61b781d96b6,True,0.09400796436801076,0.9597070700518544,0.505188512769946,0.20870733662235902,0.2861041506076949,2024-12-10,3,4,REG,0,0.6196403872752421,away,0.2779769235188761,0.22407018367759873,0.4979528928035251,0.27512972827758997,0.21977133045653865,0.5050989412656933,"(0.2, 0.209]"
79199e8bf26d69a47b26ea2ecdd89bb3,True,-0.0292310710468838,0.9526241259047566,0.393593452687763,0.22009066332354205,0.38631588398869493,2025-02-04,4,5,SO,0,0.5057672787671864,draw,0.3806411614269845,0.22784221539097416,0.3915166231820412,0.38226026018214154,0.2241093659654903,0.39363037385236815,"(0.217, 0.226]"
794d0d208dfb1933357ad4f8076b51df,True,-0.0014363671049262656,1.0107282436390208,0.42254474680533544,0.21667619280564948,0.3607790603890152,2024-12-09,5,6,SO,0,0.534834771627026,draw,0.35362112592710915,0.22234646200985284,0.424032412063038,0.3539882126485409,0.21831518674406453,0.4276966006073183,"(0.215, 0.217]"
795eb058c00c1cd6e4059a77e4750e6e,True,-0.2546043401799335,0.9373195838335395,0.2182074000030816,0.19540941654657673,0.5863831834503419,2025-02-04,2,1,REG,1,0.30320780070978187,home,0.5625630597972402,0.2102487343571351,0.22718820584562463,0.572935470306076,0.2048934939347361,0.22217103575945626,"(0.145, 0.2]"
797aaebe180bc9f6314e58ff3214dab3,True,-0.07198659474546319,1.0106417753305004,0.36101385360012805,0.21580863710939577,0.4231775092904761,2025-01-09,6,2,REG,1,0.4672897196261683,home,0.4132947976878612,0.2235067437379576,0.36319845857418115,0.4164112351598096,0.21958569899722058,0.3640030658428966,"(0.215, 0.217]"
799da645c6ff0dda34f50d4e73677ab5,True,-0.02977789151112509,0.9289498778189137,0.3897440705942259,0.22270878287232782,0.38754714653344624,2025-04-02,3,2,REG,1,0.5023229882921391,home,0.3462192511801096,0.22943237458586213,0.42434837423402816,0.3463168334341506,0.225677839138235,0.4280053274275332,"(0.217, 0.226]"
79cf6e115a192f62d63a6e406b7df341,True,0.1322848898018808,0.9680548946125678,0.5405900600905247,0.2021437617128355,0.2572661781966399,2024-10-12,5,6,OT,0,0.6534585746204004,draw,0.25873279270881033,0.21132700508225133,0.5299402022089384,0.25478495306249666,0.20621173831900505,0.5390033086181948,"(0.2, 0.209]"
7a9db95590ae408a73f0c7dd04fc9e4f,True,-0.0010636659504435972,0.8782322402203351,0.4170362005273184,0.22421416547788642,0.3587496339947952,2025-03-01,4,1,REG,1,0.5305667495498585,home,0.3864468864468865,0.2271062271062271,0.3864468864468865,0.38836425501607097,0.22327148996785814,0.38836425501607097,"(0.217, 0.226]"
7a9fbdadf8d02247e1066f3a73ad95af,True,-0.05508006171776155,0.9814915651424012,0.37515928875960347,0.21703032779855486,0.4078103834418416,2025-01-07,3,2,REG,1,0.4837531945965681,home,0.3976399287776069,0.2265513542208115,0.37580871700158147,0.40008067570732103,0.22268786530797433,0.3772314589847046,"(0.215, 0.217]"
7afd5d1c0f6d28829917f94a0941fd48,True,0.19939975485968567,0.9727757413542527,0.6049873585132678,0.18484940013048934,0.21016324135624276,2024-12-03,2,4,REG,0,0.7103037895396179,away,0.21014319888144511,0.20301970061427746,0.5868371005042775,0.20433460323190053,0.19709116540865823,0.5985742313594412,"(0.145, 0.2]"
7bc55046c8f2eb693e425d8260ee9de0,True,0.020147277273293917,1.0204417614695003,0.44331838444836413,0.21364036387962318,0.34304125167201266,2025-01-20,5,3,REG,1,0.5547708605204574,home,0.33848364287459476,0.22807350222264358,0.4334428549027616,0.33822114831178707,0.22414142500277545,0.4376374266853523,"(0.209, 0.215]"
7c57a1926bf9e4366440dd12035eeb7d,True,0.1432672042105938,0.9645707182824861,0.5508697840458002,0.1999190512724415,0.2492111646817584,2025-02-27,3,0,REG,1,0.6629225583423973,home,0.2509963398181716,0.2107265973858056,0.5382770627960227,0.24688651186703361,0.20569796535463905,0.5474155227779649,"(0.145, 0.2]"
7c9f1c4b73df9e32d5e80da06617c0f6,True,-0.0923741171212264,0.9826713017833093,0.3428533683576459,0.21703099264387388,0.44011563899848016,2024-11-09,3,4,OT,0,0.4471717836540323,draw,0.43736479557634683,0.22537150642639986,0.33726369799725336,0.44174274871316954,0.2213383502566091,0.3369189010301358,"(0.215, 0.217]"
7ca7bf8cb7d86f63d5db28ee31492ff9,True,-0.2772381997084916,1.0263815046215707,0.19915900364932615,0.18258595852598936,0.6182550378246845,2024-11-02,2,3,REG,0,0.27793696275071633,away,0.6008781745244923,0.1920929367933056,0.20702888868220196,0.6132408352069447,0.1858027632725846,0.20095640152047076,"(0.145, 0.2]"
7d86671d89317cf2fc2ff0a7bbff8175,True,0.11806463121699454,0.9491626994947154,0.5267939483109815,0.20713194434985743,0.2660741073391611,2024-11-24,3,2,REG,1,0.6417917746589076,home,0.2680653194648599,0.21799389305001135,0.5139407874851287,0.2645690889963311,0.2131643321603712,0.5222665788430688,"(0.2, 0.209]"
7da828411b70a5fc50f0cf271d3a88fe,True,0.3130615275987113,1.0409099194492208,0.7147872198915672,0.1484460118698768,0.13676676823855588,2025-01-03,3,2,REG,1,0.8041069981086193,home,0.14354771427870341,0.16391431305670748,0.692537972664589,0.13506257342763445,0.15533797857160606,0.7095994480007596,"(0.145, 0.2]"
7db02ee4eb639e6b859293781a3f357a,True,0.13273029502250042,0.9587009212819253,0.540695079726444,0.20324160207718933,0.25606331819636674,2025-02-07,2,3,REG,0,0.6542625784732964,away,0.2575541963793766,0.20828295881114808,0.5341628448094754,0.2535924711561211,0.2031556783286258,0.5432518505149289,"(0.2, 0.209]"
7dcf85fa593e941166d874d8eac01f03,True,0.10185486566332112,0.980090143379483,0.5133961969098769,0.20512692278561573,0.2814768803045073,2024-10-17,4,2,REG,1,0.6265670845558816,home,0.2818134451337728,0.21629022877084145,0.5018963260953858,0.27896262852435333,0.2116670152996737,0.5093703561757937,"(0.2, 0.209]"
7e29b312602bd90bd46bcb7d81f35b90,True,-0.05823940122336568,1.0116380273966,0.3730229404007974,0.21594168604432717,0.4110353735548754,2025-02-01,3,0,REG,1,0.4804454222980557,home,0.41603922255296794,0.22150236385921898,0.362458413587813,0.41943390123521057,0.21731764624338012,0.36324845252133664,"(0.215, 0.217]"
7e51f121fd8826fe702b70142fafc0ee,True,-0.021447029302868254,0.9494236024112152,0.39967648793570265,0.22075940690742984,0.37956410515686745,2024-12-23,0,4,REG,0,0.5127020785219399,away,0.37466940934469584,0.22568322068762853,0.3996473699676755,0.3760032390431147,0.2218747390989647,0.4021220218579205,"(0.217, 0.226]"
7eb7fbd864c14ea953e488f4705a835f,True,0.0685083618278766,0.9709553048337665,0.48293235660022943,0.21024189493102743,0.3068257484687431,2024-11-14,4,3,OT,1,0.5971016303329377,draw,0.2911694176378151,0.2227784614019562,0.48605212096022865,0.28877887828033844,0.2184204589728735,0.49280066274664175,"(0.209, 0.215]"
7ece5e75baaa18938285f6abac12f4ad,True,-0.11163265874733001,0.9873024059148898,0.32620445373934986,0.21676577524435442,0.4570297710162957,2024-11-16,4,3,OT,1,0.42845967856634903,draw,0.44971073892893004,0.22224683849619972,0.3280424225748702,0.45466834800913253,0.21808022949652645,0.32725142249424827,"(0.215, 0.217]"
7eee099521163cb70e98323c301a0f1c,True,-0.11625371364630886,0.993488723336207,0.3222509701527371,0.21636390807846223,0.46138512176880064,2025-03-14,4,2,REG,1,0.42420027816411693,home,0.45815586672554526,0.22477600034187548,0.31706813293257935,0.4635887304821884,0.22060489060651467,0.31580637891119356,"(0.215, 0.217]"
7f0532e547ea7036796f4cc1e24af55e,True,0.03070872030208203,0.9827587378246784,0.45036564894471975,0.21329871946265522,0.33633563159262514,2024-10-17,6,4,REG,1,0.564639233473596,home,0.3490541936487132,0.22742671805751488,0.42351908829377205,0.34928864304830665,0.2230094703157456,0.4277018866358688,"(0.209, 0.215]"
800d42e4006f9569b9696270110b6534,True,-0.10752039153480923,0.9724757159083621,0.32911271011472965,0.2172390629829165,0.45364822690235396,2025-01-18,3,7,REG,0,0.4320786780923455,away,0.44977667864109755,0.21872701495560223,0.3314963064033003,0.4546989179980092,0.21447653148214998,0.3308245505197511,"(0.215, 0.217]"
802539eb32a9ffada5b017ccae3d78ef,True,0.16945630712026813,0.9427929648528894,0.5738961733366077,0.19686112524288624,0.22924270142050607,2024-12-17,4,0,REG,1,0.6858152072875999,home,0.23793822259322556,0.21120947952658564,0.5508522978801887,0.23334993077174518,0.20605123874490647,0.5605988304838025,"(0.145, 0.2]"
8025d0396ecac402e60066105af07a7f,True,-0.029840344430651297,0.9482201068877828,0.39244962368117786,0.22055936484636246,0.38699101147245973,2024-12-15,2,3,REG,0,0.5046466242274987,away,0.3829327322777911,0.22631958172446281,0.390747685997746,0.38472756016884285,0.2223561925331864,0.39291624729789987,"(0.217, 0.226]"
8029713faa1d3dbffc27b724ecc22714,True,0.1163949052484285,1.0320889605273615,0.5376893299961788,0.19828506241256527,0.264025607591256,2024-10-15,4,3,OT,1,0.6479455615150154,draw,0.26253462325880134,0.2187788527156678,0.5186865240255308,0.25893636750949667,0.21407195152941627,0.5269916809608357,"(0.145, 0.2]"
80528e3ac6eb40c990e6231ffe15f115,True,0.07932696118371042,0.9276722186017654,0.4893347843773702,0.21478716495225736,0.29587805067037243,2025-03-19,4,0,REG,1,0.6054283493752615,home,0.297706026627996,0.21590392021219534,0.4863900531598087,0.29554757135071213,0.2114408232186966,0.4930116054304536,"(0.209, 0.215]"
805d7cc02aabb1b8f7853d01cff4ee01,True,-0.10118772530342751,0.9507150279972421,0.332760227991458,0.2175694827816524,0.4496702892268896,2024-12-17,3,2,OT,1,0.43762053107847504,draw,0.4438014953660913,0.22449911709385417,0.33169938754005446,0.4483963524403491,0.22049623291727136,0.3311074146422898,"(0.217, 0.226]"
807748bc8ba76ce6c04905acb475731f,True,-0.0048776858863974325,0.9361011361337914,0.4114156232527205,0.22336079086690563,0.3652235858803739,2025-01-02,3,4,SO,0,0.5262215623771888,draw,0.3630042549406236,0.23092318868511955,0.4060725563742568,0.36387517260221786,0.2271854306365441,0.408939396761238,"(0.217, 0.226]"
807805467381c6b6ef95ee1de0959cbe,True,0.019554131477815605,1.0346205869845349,0.44363698062089524,0.2133934638417219,0.34296955553738284,2024-10-21,5,2,REG,1,0.5539593349939177,home,0.34116679289589175,0.22504194554869852,0.4337912615554098,0.3409994678642128,0.22109758079391684,0.4379029513417871,"(0.209, 0.215]"
80d3e18610d32424304f742b11bc87b1,True,-0.12342646076376323,0.957039616079023,0.3144477011241992,0.21683687393708412,0.4687154249387167,2025-03-16,2,3,OT,0,0.41662483686376867,draw,0.4583632791064064,0.2212423217857712,0.3203943991078225,0.4637285088699594,0.2170170087024173,0.3192544824275231,"(0.215, 0.217]"
812768da32fbc63cccd0b5b630c8bcfd,True,0.1990205788624901,0.9579101012856271,0.6028567111187697,0.18748638634595818,0.20965690253527214,2024-12-22,5,2,REG,1,0.7103037895396179,home,0.21408223875040044,0.1985690330438497,0.5873487282057499,0.20845553719788246,0.19268774398779318,0.5988567188143242,"(0.145, 0.2]"
81a1ecd880340d4dffb9be81a940bc7e,True,0.03769565584281389,0.9410310019202502,0.4514883203406455,0.21818711142296063,0.3303245682363939,2025-03-25,4,3,OT,1,0.5668328047122791,draw,0.33169938754005446,0.22449911709385417,0.4438014953660913,0.33110741464228993,0.2204962329172714,0.44839635244034914,"(0.217, 0.226]"
81e076f82bf2c187e4a6875d1dcfb9e9,True,0.19271750972340831,0.9622261683314022,0.5974220596192614,0.18827312372881622,0.2143048166519223,2024-12-06,3,2,REG,1,0.7048752649600523,home,0.21852015683552986,0.1998548934391617,0.5816249497253084,0.21310147028386153,0.19411651033077348,0.5927820193853649,"(0.145, 0.2]"
820603027645f1451e1a1b1990611256,True,-0.0030777592504663063,0.9797461979077005,0.42014136739986324,0.21699501346567923,0.3628636191344575,2025-03-24,3,4,SO,0,0.534834771627026,draw,0.36156286096697904,0.22544507801470456,0.41299206101831654,0.3623242346132479,0.2215115011310716,0.41616426425560626,"(0.215, 0.217]"
826fa13453fccb906655acd8676bc5c2,True,-0.009693020089455379,1.0258027229400744,0.415781344231941,0.21637846986784798,0.36784018590021106,2024-10-16,6,5,OT,1,0.5262215623771888,draw,0.36269195526655706,0.2263609366202625,0.41094710811318047,0.36352640291257665,0.22239571291324225,0.4140778841741069,"(0.215, 0.217]"
8295b240b0f6ff2fb05e2d538b8d6653,True,0.13456875641066626,0.9593924101440197,0.5424468275107602,0.20271085298871397,0.2548423195005258,2024-12-30,5,3,REG,1,0.6557852820085941,home,0.2699228791773779,0.2074082729609722,0.5226688478616499,0.26646162667314166,0.20239605728308369,0.5311423160435269,"(0.2, 0.209]"
82c085ba3c2b8f5af4ee186a426ea032,True,-0.11732245970128082,0.958955928473357,0.31974977329897003,0.21703365452867923,0.4632165721723507,2025-01-07,0,4,REG,0,0.4224502112251056,away,0.45454610017222086,0.2225272091330362,0.32292669069474284,0.4595844560425643,0.2184732942614809,0.3219422496958573,"(0.215, 0.217]"
82fe7beff9eb582f856f4ae514dcc916,True,-0.10757378173284451,1.0311139926596913,0.33019769885556205,0.21414293490219152,0.4556593662422465,2024-11-11,2,5,REG,0,0.43391066545123064,away,0.4580722985330168,0.21958052842523054,0.32234717304175253,0.4634964074994433,0.215245258060132,0.3212583344403264,"(0.209, 0.215]"
8371c87cac906e1016f3367b7786557e,True,0.03025495714392909,0.9828381961086278,0.44996665308550743,0.21334979512579222,0.33668355178870024,2024-11-16,5,0,REG,1,0.5642421122306391,home,0.33762009119890823,0.22455294121894598,0.43782696758214584,0.33729224643266603,0.22059743700932458,0.44211031655792393,"(0.209, 0.215]"
83c0969745a0dcf0d63cc504d84ec1b6,True,-0.18678510520405486,0.9678594048206802,0.26769502444876114,0.20453875820831813,0.5277662173429207,2025-02-07,6,2,REG,1,0.3598768256637934,home,0.516057091882248,0.21508573694122313,0.26885717117652896,0.524453759906592,0.2101807047542477,0.2653655353389273,"(0.2, 0.209]"
83d6f5b2a7386fd6c5fa63537771bde2,True,0.11116371931632076,0.9108103715639161,0.5180831409185365,0.2126221363347689,0.2692947227466946,2024-12-12,5,4,REG,1,0.6349947220491167,home,0.27273324690398176,0.22366675154976076,0.5036000015462575,0.2695324540210477,0.2191141636862965,0.5113533822924592,"(0.209, 0.215]"
84007e2ead42de76d2f327e46737eb8b,True,0.022011434651889324,0.8861433778049942,0.43633831471594775,0.22272575481608836,0.34093593046796383,2024-12-05,2,5,REG,0,0.5508689709041203,away,0.33588047622753087,0.2357948797758929,0.42832464399657616,0.33536108551614974,0.22978856453359775,0.43485034995016936,"(0.217, 0.226]"
841ae88fe2318d66b7b5f177009d7f25,True,0.03440368396319903,0.9870530346473536,0.45403693881310037,0.21271113007904954,0.3332519311078501,2024-12-06,1,3,REG,0,0.5679213219076544,away,0.33199028765917743,0.21756279622109356,0.450446916119729,0.3313526331161079,0.21343143770148196,0.45521592918232107,"(0.209, 0.215]"
844354f577926a27be1003fccac7cc5f,True,-0.19497877987199938,0.8783919453655384,0.2628734002163958,0.2119601212322671,0.525166478551337,2025-03-15,3,1,REG,1,0.35946425054165854,home,0.5147023392953431,0.21683512499569768,0.26846253570895906,0.5227692563498425,0.21214014467251846,0.2650905989774105,"(0.209, 0.215]"
84443c4cb6d629b2b03491f30de8111c,True,0.0778393798134581,0.9553318471162585,0.49009574566836656,0.21124729041284357,0.2986569639187898,2025-01-02,3,4,SO,0,0.6048737248538933,draw,0.29660913931251975,0.22436710069776084,0.47902375998971936,0.29447433229858316,0.2201121844813417,0.4854134832199413,"(0.209, 0.215]"
8492409a4960de3adef5ea028abcff90,True,0.05561167234080597,0.9883965818992408,0.47328989169606783,0.2100648550827761,0.3166452532211561,2024-12-20,3,4,REG,0,0.5867360379346681,away,0.31143650272297685,0.22517005361191753,0.4633934436651056,0.30999422399437004,0.22115702276691626,0.46884875323860353,"(0.209, 0.215]"
84d20dc0dc4467c9fbc67824a1ffa2e3,True,-0.01329541756725705,0.9984932528768732,0.41185516208651946,0.2167097783123168,0.37143505960116374,2025-03-13,4,2,REG,1,0.5240193918025562,home,0.3715522735764049,0.2239730994923189,0.4044746269312762,0.37274743893307416,0.22005445843269145,0.4071981026342342,"(0.215, 0.217]"
84d9fcfd835e05c83db8566fa4774f49,True,0.10013354900331134,1.0009881562301204,0.5158864444647491,0.20352034452881906,0.28059321100643175,2025-02-04,3,2,REG,1,0.6279229893276131,home,0.29931992264868396,0.21237777216758066,0.4883023051837354,0.29714160619272395,0.20772083137751216,0.49513756242962714,"(0.2, 0.209]"
84dda2dd887e3a55b43381ee5470ec04,True,0.09857884081216667,0.9457367552944858,0.5085947618789404,0.2099744029357254,0.2814308351853342,2024-11-14,2,5,REG,0,0.6238261481421341,away,0.28113896075202816,0.21887759273160187,0.4999834465163701,0.2783314392666923,0.2143944399314964,0.5072741208016343,"(0.209, 0.215]"
84e4eb52d2cbd8144f0797ae9d69e5c5,True,0.2468281691515135,0.9511930650299392,0.6464964200056884,0.17740264955558985,0.1761009304387219,2025-03-28,4,1,REG,1,0.7507239793310999,home,0.17949962765216484,0.18362605587405367,0.6368743164737816,0.17236128905667586,0.17652213330902422,0.6511165776343001,"(0.145, 0.2]"
84f112456d5af244f2051e46ed3088d7,True,-0.026287415784718972,0.9221741164512467,0.3916275713439696,0.22373380863839676,0.38463862001763366,2025-01-05,4,5,OT,0,0.5046466242274987,draw,0.40144502478557337,0.22953435627691876,0.36902061893750776,0.4040094702632516,0.2258677066016266,0.3701228231351217,"(0.217, 0.226]"
85458859c373c82ffd482954f21a8e43,True,-0.13713244187937115,1.006060730648087,0.30532420861563536,0.21302328412045607,0.4816525072639086,2024-12-07,5,2,REG,1,0.40508892967909366,home,0.47642144974400435,0.21665319320937754,0.3069253570466181,0.48271607095771746,0.2121609452526365,0.305122983789526,"(0.209, 0.215]"
854cfe74027cfa79976288f151fda4a0,True,0.14481113023402412,0.9428597606820868,0.5512561091235407,0.20251140194815098,0.2462324889283083,2025-01-18,4,1,REG,1,0.6651251793972254,home,0.24906215363628612,0.21261403359195158,0.5383238127717622,0.2449144631659578,0.20763604961767726,0.5474494872159975,"(0.2, 0.209]"
8559e341dfb69d90a8764337755446a7,True,0.09163181890955233,0.8499871966452524,0.4943836661394285,0.2198828732099132,0.2857334606506583,2025-02-26,2,3,OT,0,0.6114139890963926,draw,0.27400666099837,0.2214834442250104,0.5045098947766197,0.27096872342265504,0.21706518481240739,0.5119660917647422,"(0.217, 0.226]"
8594f0c47229243cf0e5e23a6a699a4e,True,0.051717152414643766,0.9108297556751261,0.4623605270986594,0.2196121362493275,0.3180273366520132,2025-02-08,6,3,REG,1,0.5782326921098653,home,0.3165389179307912,0.2267406433404958,0.456720438728713,0.31532544316989736,0.22279356802336667,0.4618809888066323,"(0.217, 0.226]"
8597257483fbea83a17cbfd1806d7ac8,True,0.1010984512984556,1.0043668569300728,0.5174319833538861,0.2030980303393549,0.279469986306759,2024-12-14,4,2,REG,1,0.629269318749507,home,0.27871077841061637,0.21691517595758378,0.5043740456317998,0.2757848875054539,0.21235684176931618,0.5118582707250419,"(0.2, 0.209]"
85c7dab77db8bfa0ad8f343748b96f6f,True,-0.12095201055208979,1.002475141281173,0.3182427243890975,0.21574815348912318,0.4660091221217793,2024-11-15,6,4,REG,1,0.42003945309842866,home,0.46071526570932037,0.2187871581450654,0.3204975761456142,0.46614008056650874,0.21451606693953038,0.3193438524938603,"(0.215, 0.217]"
85efd4370973868d4dd2ac5ca0cc81a9,True,0.0950480243263768,0.950240373645868,0.5055814583070695,0.20982162429415777,0.28459691739877274,2025-04-01,3,1,REG,1,0.6205588133839256,home,0.2914471598288101,0.2174288335230805,0.4911240066481095,0.2890594862989017,0.21299875077291536,0.4979417629280323,"(0.209, 0.215]"
85f51d0e830587fbc02f2cc88c3f5ecf,True,0.09182972428369596,0.9670805596855423,0.5036617880574946,0.2079990518721981,0.2883391600703073,2025-01-31,5,0,REG,1,0.617727368199958,home,0.28592190887284935,0.22120979092934076,0.4928683001978098,0.28328326349837635,0.21674664146907427,0.4999700950323887,"(0.2, 0.209]"
862935125406bf742e74922b0790a6ec,True,0.10962460852310453,0.9632721873918705,0.519583463094235,0.20636888005477377,0.2740476568509912,2025-01-18,4,1,REG,1,0.6336902505251294,home,0.277629108579487,0.21004833872790138,0.5123225526926116,0.27449154761199546,0.20514245256564786,0.520365999822151,"(0.2, 0.209]"
86453283f3209a481b7698ca22083c6f,True,0.19195884010109499,1.080518209947639,0.6115046463175423,0.17987779308607899,0.20861756059637865,2024-12-05,6,3,REG,1,0.7145373379088342,home,0.2110793316196927,0.19276253011550448,0.5961581382648028,0.20105409529977458,0.1822881852671784,0.616657719433047,"(0.145, 0.2]"
86713ee020fbd97893dceda64d4e021c,True,-0.03595722818168024,0.9894260922590161,0.3919240272666711,0.21679505722670575,0.39128091550662325,2024-11-16,5,2,REG,1,0.5023229882921391,home,0.3880065727526172,0.22710337315141332,0.38489005409596955,0.3899971169471891,0.22326728796803583,0.3867355950847751,"(0.215, 0.217]"
86cf1e7357d989761b64adec1c98a521,True,0.09947405093416961,0.9919590093253146,0.5135505118369215,0.2043834550204482,0.28206603314263035,2024-12-19,3,2,OT,1,0.6261005910022917,draw,0.2824809795702134,0.21375234838013915,0.5037666720496474,0.2795835782735375,0.20898497551310807,0.511431446213173,"(0.2, 0.209]"
874b121edc96c29d7f3351abbd8b89d8,True,0.2358654389507523,0.9959802202388259,0.642797886725386,0.17340810356245867,0.18379400971215537,2025-01-16,4,3,SO,1,0.7428308020767624,draw,0.1869343258330251,0.19295233229847458,0.6201133418685003,0.18029481944593498,0.1863807873522289,0.633324393201836,"(0.145, 0.2]"
877532119dfeaffe0e10fa6b2358374a,True,-0.15631345709517702,0.9960878006098748,0.29062952434199396,0.2096317672176415,0.49973870844036455,2024-11-22,2,3,OT,0,0.3871172000921022,draw,0.4927594337170299,0.2161685832993487,0.29107198298362147,0.49987286412902565,0.2115524117920018,0.2885747240788193,"(0.209, 0.215]"
87b92ba2671aa322e47b6a0be94282af,True,0.054484676922729625,1.0456774712372363,0.4788209347278791,0.20705422980311833,0.3141248354690025,2024-12-10,2,1,REG,1,0.5883967071736574,home,0.3138982813293856,0.21908232449762607,0.4670193941729883,0.3124252010014123,0.21468761077408363,0.4728871882243953,"(0.2, 0.209]"
87eef23325c4dc593b0d971156a1d07f,True,0.10661725704627235,1.034731174409815,0.5287132267476958,0.19957478066396406,0.2717119925883402,2024-11-14,3,2,OT,1,0.638854296388543,draw,0.2668376088046934,0.21870936429425786,0.5144530269010488,0.2633843371754159,0.21400625617931662,0.5226094066450361,"(0.145, 0.2]"
881734b7f9ca186423a76db0f9c7b3c1,True,-0.07315778617425654,0.9352969366108814,0.3547099977107887,0.21942967538285635,0.4258603269063549,2025-03-13,5,3,REG,1,0.46305953026573776,home,0.4244247201048976,0.2189954035244449,0.3565798763706575,0.42800162764764865,0.21495939652343873,0.3570389758288385,"(0.217, 0.226]"
8851bcc07756f096356684e7d40eddd3,True,-0.015379756412012412,0.9415382042661372,0.4035514080780558,0.22203601965641645,0.37441257226552777,2025-02-25,2,3,REG,0,0.5172913928296243,away,0.3658058480226911,0.23150031928006057,0.40269383269724823,0.3668072098947946,0.22779262919014923,0.40540016091505615,"(0.217, 0.226]"
886071dae15a413a5ef066b8bdcced35,True,-0.13106810074571953,0.9340422862664025,0.30727762531260255,0.21539357173393436,0.4773288029534631,2024-11-19,2,4,REG,0,0.4099556016463039,away,0.4674932164181987,0.22235756233348192,0.3101492212483195,0.47325825093028506,0.2181545169334015,0.30858723213620043,"(0.215, 0.217]"
88c7bcb4c8453c33f23482a49fc6dbfe,True,-0.11550935418350398,0.9609965478135861,0.32143227917831474,0.21709604335322102,0.4614716774684642,2025-01-08,1,4,REG,0,0.42420027816411693,away,0.4544810610755963,0.2204494342228755,0.32506950470152823,0.4595228838380962,0.21632494923402112,0.3241521669277873,"(0.215, 0.217]"
88c9da229f43d539ef7df6351bac4914,True,-0.17877631645621023,0.9468817324869182,0.2730584828282766,0.2073147464170904,0.5196267707546329,2025-04-04,5,3,REG,1,0.36806635562467604,home,0.4932758836519533,0.214458722789883,0.2922653935581638,0.5002274575446425,0.2099123758347834,0.28986016662042274,"(0.2, 0.209]"
88cfb6de98f6a634d87a8d204e94b60c,True,-0.08532656604955283,0.9782558845571941,0.34875547081815605,0.21721539061703735,0.4340291385648066,2025-01-14,5,3,REG,1,0.453954604539546,home,0.42948565229024566,0.22967697952212177,0.34083736818763266,0.4335139430129391,0.22579046372324124,0.34069559326373583,"(0.215, 0.217]"
88d40494aac7f3d958dc9498ea61732c,True,0.18710119926930244,0.9788580323797491,0.5938462269478384,0.18691268511173179,0.21924108794042968,2024-10-11,2,1,OT,1,0.6996895667431502,draw,0.2243893914897446,0.19919806687343228,0.5764125416368232,0.21900688178507782,0.19335355493643086,0.5876395632784913,"(0.145, 0.2]"
891e79853fc6e92428dbc09390d6df8a,True,0.011841914230497746,0.9146717106387637,0.4246099512668965,0.224412402072538,0.3509776466605655,2025-02-28,6,2,REG,1,0.5399277029247453,home,0.35371791061751773,0.2276901514901361,0.4185919378923463,0.35413657784503916,0.2238547709046546,0.4220086512502289,"(0.217, 0.226]"
8938215ebe3cce2fc0ef002e6a58efc5,True,-0.007444531642202629,0.979890708836921,0.41638234930563245,0.2169834109806108,0.36663423971375675,2024-11-12,1,4,REG,0,0.5305667495498585,away,0.3600602720979494,0.221703778652904,0.4182359492491465,0.3607241241968436,0.2176101458853882,0.42166572991769463,"(0.215, 0.217]"
8970e7a0f72e745958a6f47e122d970e,True,-0.11186621921052983,0.9933898444270413,0.32606235857508153,0.21638791867871554,0.45754972274620287,2024-10-19,0,3,REG,0,0.42845967856634903,away,0.4518432515020603,0.22122579519269467,0.3269309533052451,0.4568968058564175,0.21702348270618646,0.32607971143730247,"(0.215, 0.217]"
897783d7fe3db48c8efa51fb7cb829e9,True,0.22113051809888284,0.9555514324082096,0.6232513678664929,0.18263394382394726,0.1941146883095598,2024-10-24,3,2,REG,1,0.7290156953565923,home,0.1951983514153551,0.20134955996836001,0.6034520886162849,0.18888608321252937,0.1951247855481871,0.6159891312392836,"(0.145, 0.2]"
899d0dc22dbac52e33200a1323d9dc06,True,-0.14625918018754716,0.9884459444706039,0.29843441900148193,0.21213985738067412,0.489425723617844,2024-10-30,2,6,REG,0,0.3960962679598783,away,0.48166059962775537,0.21785279146079842,0.30048660891144613,0.48806888384879477,0.2134643756596168,0.2984667404914577,"(0.209, 0.215]"
89a3b1758e52e45161ab4f1ccea6b159,True,0.07880180841999426,0.9767900204794384,0.4926404389649269,0.20824117627015837,0.29911838476491476,2024-12-21,3,1,REG,1,0.6063931297709924,home,0.2830115391514417,0.22106200869202475,0.4959264521565336,0.28035901633208754,0.21674808449465258,0.502892899173092,"(0.2, 0.209]"
89a6126048760923084e95fca71eabeb,True,0.20910661160609026,0.9574616613155835,0.6122595551165086,0.18515327775003826,0.2025871671334531,2025-01-16,3,2,SO,1,0.7188330470275587,draw,0.21234341447146093,0.19001365064807316,0.5976429348804659,0.20628107514540076,0.18360812056121859,0.6101108042933807,"(0.145, 0.2]"
89d425ef4fb091f7b103aba36fa2ef7e,True,0.045333352959339795,1.0410715295498212,0.46946043639427154,0.20896123660061997,0.3215783270051086,2025-01-07,3,4,SO,0,0.5792858120125872,draw,0.3306187551820571,0.214976320634073,0.45440492418386985,0.3298806191934565,0.2106878778479428,0.45943150295851054,"(0.2, 0.209]"
8a3b4bb9c5e6542f7877d012902e29c9,True,-0.013487286048792988,0.9604091045221097,0.40809052767808296,0.2196053463913534,0.3723041259305637,2024-11-30,5,2,REG,1,0.521797153024911,home,0.37868691545513467,0.22865820909343462,0.3926548754514307,0.38026926549331713,0.22483991515271615,0.3948908193539665,"(0.217, 0.226]"
8aa4c7d9f19a350c29755104c406561a,True,-0.12517639645396314,0.9664450328725828,0.3135713646366734,0.21694365258071335,0.4694849827826133,2024-12-20,3,1,REG,1,0.41493775933609955,home,0.46316782497782893,0.22453334840845576,0.3122988266137154,0.4686758117607335,0.22045547582743974,0.3108687124117176,"(0.215, 0.217]"
8aae4bbba59a9625cd895c2f1e81738d,True,-0.1092699404180914,0.9248369766584277,0.32399616705776463,0.21730643773872793,0.4586973952035074,2025-01-30,0,3,REG,0,0.4295364214803857,away,0.43520098769018484,0.22528051127491922,0.33951850103489595,0.4395146561272804,0.22121316060872984,0.3392721832639056,"(0.215, 0.217]"
8abca4300fad0a05a8e632cea3438038,True,-0.0812573994930261,0.9424638833308002,0.34871241662596664,0.21866015517673992,0.43262742819729344,2025-01-16,4,3,OT,1,0.45597611169397145,draw,0.42582315133700394,0.22703841007304712,0.3471384385899489,0.42962406774084394,0.22311866666184682,0.34725726559722897,"(0.217, 0.226]"
8afe89096f1b29f12dccae46be8c783a,True,0.1550908246295782,1.0000734253095624,0.5670122815963653,0.19295220289961545,0.24003551550401916,2024-10-14,4,1,REG,1,0.675595238095238,home,0.2432738572080661,0.20437078835816216,0.5523553544337718,0.23873454055957793,0.19900304657639664,0.5622624128644781,"(0.145, 0.2]"
8b3e6f36ff1a4d535832b3367c21626b,True,0.23796317336162343,1.0387371798619303,0.6492541817255201,0.17032966251693252,0.18041615575754735,2024-10-27,6,2,REG,1,0.7487654855756736,home,0.18618489453797823,0.18333694204026538,0.6304781634217564,0.1793034593393063,0.1764285079836309,0.6442680326770628,"(0.145, 0.2]"
8b7e72d8f3e8ab870125eca98a6722eb,True,0.009550031692646071,1.0395862217902534,0.4340933778348444,0.2149017852362982,0.3510048369288574,2024-11-29,5,3,REG,1,0.5440238883060287,home,0.3495985714078311,0.22276746178080403,0.42763396681136484,0.34978893905760083,0.2186966684206993,0.4315143925216217,"(0.209, 0.215]"
8bc8af41373e90bd1018ff89a3a69f32,True,-0.2563661125182382,1.067208850517402,0.21084461287914794,0.18356360816393805,0.6055917789569141,2025-04-03,2,3,REG,0,0.29051686808644644,away,0.5913443894013631,0.19888776788453358,0.20976784271410326,0.6031926682097943,0.1928765309808966,0.2039308008093091,"(0.145, 0.2]"
8bdfaf8944d8e9ef38cab38cb4b71868,True,0.05959504789668904,0.957974312865104,0.47362431180419484,0.21309836410597638,0.3132773240898288,2024-12-23,1,7,REG,0,0.5883967071736574,away,0.3163476977216837,0.21834476630904362,0.46530753596927266,0.31501533653429253,0.21406476412850636,0.4709198993370955,"(0.209, 0.215]"
8bee1ae737849c57b946eb7cc22fc189,True,0.04281000135075142,0.9046488420668827,0.4541788194260761,0.22073253358958367,0.3250886469843403,2025-02-04,3,2,OT,1,0.5697382574399426,draw,0.3238405442020004,0.2282304787709336,0.447928977027066,0.3229413367752767,0.224311439470919,0.4527472237537083,"(0.217, 0.226]"
8c2278e6e6b9e99def27f860edd92f67,True,-0.013177631210994438,0.9583767650487389,0.4080342408553561,0.21988594828320226,0.3720798108614416,2025-02-25,6,1,REG,1,0.521797153024911,home,0.3657672551219224,0.22816909724272302,0.40606364763535446,0.3667416347001176,0.22434540044643292,0.40891296485344947,"(0.217, 0.226]"
8c86056de96780c267074196d13e5e14,True,0.09660185106454468,0.9942022265805895,0.511361058233838,0.20455570351434127,0.2840832382518208,2024-12-22,3,1,REG,1,0.6238261481421341,home,0.2844306996922815,0.21348139375567676,0.5020879065520417,0.28167841727278387,0.20883126802290014,0.5094903147041411,"(0.2, 0.209]"
8cb5cb4b4b7c5e74396ab632244a6c51,True,0.23098614255920477,0.9612030203661136,0.6333707070432191,0.1792100059385513,0.18741928701822969,2025-02-28,5,2,REG,1,0.7372763040995051,home,0.19614943059733303,0.18481131322176464,0.6190392561809023,0.1896710857120028,0.1782035328099424,0.6321253814780549,"(0.145, 0.2]"
8ccff0794731b94f9b3b03bf2b66af29,True,0.004817109111712464,1.0622495034568846,0.4311485363521928,0.2125595999988345,0.35629186364897275,2024-11-30,1,4,REG,0,0.5399277029247453,away,0.35362112592710915,0.22234646200985284,0.424032412063038,0.3539882126485409,0.21831518674406453,0.4276966006073183,"(0.209, 0.215]"
8cd3fa25e0dbcd2d3bc6f9e1fa81ee9a,True,0.14458956093569905,0.9383537698959358,0.5508306369835834,0.2031776899385006,0.24599167307791614,2024-11-30,2,4,REG,0,0.6651251793972254,away,0.24625868928622996,0.20870289789181581,0.5450384128219542,0.24183963989944113,0.2034387075008848,0.5547216525992505,"(0.2, 0.209]"
8cd75fceb07c4a4867d98cb7aa73dbd0,True,0.014867047143316627,1.010274740469981,0.43772345753549874,0.21462205815228003,0.3476544843122213,2024-11-13,4,2,REG,1,0.5500363507751557,home,0.3461747112396486,0.2199320986545474,0.4338931901058039,0.3461802248657541,0.21586602109708966,0.4379537540370767,"(0.209, 0.215]"
8cdd88e8dbeb642a12ce73edafda1f27,True,-0.1507567789474766,0.9039121709505868,0.2939834536162239,0.214160191092509,0.49185635529126714,2025-04-06,2,3,REG,0,0.3951262751461066,away,0.4887580529176707,0.2125759909500359,0.2986659561322934,0.4954622766815385,0.20802552041926708,0.2965122028990566,"(0.209, 0.215]"
8d1925290110e88d555bd69ba1da3b47,True,-0.20496863180234134,1.0337070056488504,0.2509089509473754,0.19891750264386948,0.5501735464087552,2024-12-20,2,4,REG,0,0.3419182948490231,away,0.5213171073531996,0.2151118184239943,0.2635710742228061,0.5294966346551683,0.21043294134104082,0.2600704240035344,"(0.145, 0.2]"
8d339d0238cef0f49c03ddbbc08465b5,True,-0.09507368460197398,0.948314441196415,0.3376949757866758,0.21785302586329297,0.44445199835003124,2025-01-28,5,2,REG,1,0.4433028919330289,home,0.4376958338168737,0.22714546826041546,0.3351586979227109,0.44201974329672594,0.22323546396112545,0.3347447927420615,"(0.217, 0.226]"
8d6be3ef6a49730324a0b1be29066ab2,True,0.059474309717386334,0.9332060463820834,0.47104355488202715,0.21655623603236424,0.3124002090856086,2024-11-25,2,4,REG,0,0.5867360379346681,away,0.3131640898390278,0.22389769039893112,0.462938219762041,0.31174669975413183,0.21975373239092824,0.4684995678548316,"(0.215, 0.217]"
8db7c35d1e80944a814d745ada256eea,True,-0.03381363488431159,0.98078881925197,0.39357320973188203,0.21701177626379156,0.38941501400432643,2025-04-06,1,2,REG,0,0.5046466242274987,away,0.39252887977456813,0.22588926100234577,0.3815818592230862,0.39475498998944347,0.2219550672944119,0.38328994271607386,"(0.215, 0.217]"
8dfd3a3e645d8465898f4ea45fdfa10b,True,-0.07618469183346852,0.9842427679536757,0.35691406466649445,0.21694233455563194,0.4261436007778736,2024-10-26,5,2,REG,1,0.46305953026573776,home,0.41883047034242854,0.22461868315788322,0.35655084649968827,0.4221905709114638,0.22074709266940565,0.3570623364190549,"(0.215, 0.217]"
8eb41095cd17d0872538eae96243ccc5,True,-0.12246763631552902,1.0114282000432653,0.3169946077546089,0.2151345307211139,0.46787086152427715,2024-12-27,6,2,REG,1,0.41899204424013164,home,0.46126919602529354,0.2231255645889792,0.3156052393857272,0.4665834154915536,0.21909149521194296,0.31432508929639796,"(0.209, 0.215]"
8ebe41f2500eda83444eb648169d1897,True,0.09962015543556463,0.957479393766991,0.5101889360270023,0.2083199263268296,0.28149113764616807,2025-01-30,4,1,REG,1,0.6247300215982722,home,0.28288873192242764,0.2169666971079253,0.500144570969647,0.2801510276735094,0.2124711372602839,0.5073778350660323,"(0.2, 0.209]"
8f4caf688fc87df6e47995fc9cf4f8c7,True,0.040943957737542155,0.9154578497273982,0.4521166893384179,0.22083605695567196,0.3270472537059102,2025-02-25,7,2,REG,1,0.5679213219076544,home,0.33281613653995346,0.2234290147401086,0.44375484871993787,0.33226099461183706,0.21938579116299822,0.44835321422507607,"(0.217, 0.226]"
8f78d2ba8f3a31f542817b48700901ed,True,0.019624378936124273,0.9920443881885403,0.4410448499699972,0.21438883850430318,0.3445663115256996,2025-03-27,7,3,REG,1,0.5547708605204574,home,0.34385590962378765,0.21607161888521795,0.4400724714909944,0.3437201078421084,0.2119283112325421,0.4443515809252696,"(0.209, 0.215]"
8fa6540cadfe31b2ed8a17fe9b6bf8af,True,0.07057352486033629,0.8963096553731097,0.47952501899161637,0.21809197816103443,0.30238300284734915,2025-01-31,5,3,REG,1,0.5955112768937786,home,0.30227601723145614,0.22336013394492213,0.47436384882362176,0.30038029402160554,0.21912692097539033,0.4804927850028796,"(0.217, 0.226]"
8faf7fde70d81b4fa1115653c6a5eed4,True,0.03760887654064907,0.952769971841674,0.4528741660808536,0.216507822374863,0.3306180115442834,2025-01-29,1,3,REG,0,0.5679213219076544,away,0.3214818354256259,0.23084719748635305,0.4476709670880212,0.32049208713439553,0.22694968081718542,0.4525582320483212,"(0.215, 0.217]"
904deb38cfc870eae14dae7e1f825ed1,True,0.16336283593098297,0.9815032958317707,0.5713080008077254,0.19260088388122837,0.23609111531104626,2024-10-19,4,3,SO,1,0.6796484843792343,draw,0.2368201620418883,0.21219505669682467,0.5509847812612869,0.23223291075259964,0.20708596594875325,0.5606811232990986,"(0.145, 0.2]"
9089d02273835077cfaebc975b89c598,True,-0.16936631278924252,0.9501158607507636,0.28006981440195833,0.2088011566738455,0.5111290289241963,2025-03-20,0,1,OT,0,0.3761738518578658,draw,0.49710727697445584,0.22213266651775976,0.28076005650778435,0.5045076359020836,0.21760850570725415,0.2778838583904884,"(0.2, 0.209]"
90a35b99b2c61bfdcfc4cdb73de0d59a,True,-0.0013568704346740934,0.929465525198101,0.41322582572586797,0.22456513904232195,0.3622090352318101,2024-12-12,2,3,OT,0,0.5284039285250725,draw,0.3571694792039529,0.22845207739059523,0.4143784434054519,0.35777018782455766,0.22451581515676133,0.4177139970186045,"(0.217, 0.226]"
916cb753022c302d81c9df2a9f8c09fb,True,0.22068086162817144,0.9282254466598396,0.6188238589463574,0.1877897076623504,0.19338643339129225,2024-12-20,2,1,OT,1,0.7290156953565923,draw,0.19962071356798142,0.19318133571094975,0.6071979507210687,0.1932595402056116,0.18673196648614165,0.6200084933082468,"(0.145, 0.2]"
91c65659456bb3930b22dc7d7dd7d65f,True,-0.13866499693398252,0.9665594242504713,0.30352589489057835,0.21424841875282563,0.482225686356596,2024-11-21,3,2,REG,1,0.40289836966706233,home,0.4744553437447896,0.2203217918079253,0.305222864447285,0.4805458635709071,0.21602699931798272,0.303427137110989,"(0.209, 0.215]"
91c66296473b1b2d2f762a53ad3ac1cf,True,0.18626064525109112,0.9854408712632646,0.5940395373504724,0.18649852566934993,0.2194619369801777,2025-02-25,2,1,REG,1,0.6996895667431502,home,0.2228574652549226,0.202170274387377,0.5749722603577003,0.21749062042149814,0.19642087126189994,0.5860885083166019,"(0.145, 0.2]"
91d507bc23ab34862564cb4e69d75a95,True,0.05520526268368469,0.9672813642681711,0.470585263547693,0.21232663073577762,0.31708810571652934,2024-12-19,4,5,OT,0,0.5850622406639004,draw,0.3215212278879884,0.2243871801185493,0.4540915919934623,0.32046967856969144,0.2202866556079178,0.4592436658222919,"(0.209, 0.215]"
92665b12616442f3ecd4be0f276879c2,True,0.020259022027107467,0.9373960720763947,0.4346800156249829,0.22090141329930965,0.34441857107570745,2025-03-11,4,1,REG,1,0.5500363507751557,home,0.3456099286919601,0.22315606118338682,0.43123401012465296,0.34562186247243454,0.21902861129611037,0.43534952623137485,"(0.217, 0.226]"
926fb1a0d10021e66dec1585e280204d,True,0.14854306550110546,1.0250860810257945,0.56598153917215,0.19214894782712671,0.2418695130007232,2024-10-31,6,3,REG,1,0.6742671009771987,home,0.24188399990879983,0.2095975141441679,0.5485184859470323,0.23729888756958215,0.20429747399698203,0.5584036384329704,"(0.145, 0.2]"
92e39f7498c26a42b2a1cd0ecd13f900,True,0.04635762175303115,0.9717499656252128,0.46310499303652686,0.21274395700492438,0.3241510499585488,2025-02-27,2,5,REG,0,0.5775497887748944,away,0.3119815716164037,0.2162039333775078,0.4718144950060883,0.31040434059592775,0.21174750971310025,0.47784814969085976,"(0.209, 0.215]"
9306bff17c406a45ef1e453a753519b3,True,0.03153690467856505,0.9529807133954996,0.44731451501481984,0.2172190165401502,0.33546646844503003,2024-11-09,2,3,OT,0,0.562379468921525,draw,0.3274674827850038,0.22417750573833206,0.4483550114766641,0.3267042220046721,0.22023623129721964,0.4530595466980151,"(0.215, 0.217]"
93214473dc5cf7d707acae73a925a747,True,0.03421332214429746,1.003136874368282,0.4552492851439013,0.2121710076626433,0.3325797071934554,2025-01-11,1,2,REG,0,0.5679213219076544,away,0.32949069228268596,0.22246355325814757,0.4480457544591665,0.3287844432229634,0.21840785489397987,0.45280770188296526,"(0.209, 0.215]"
93293c1b55c51809de00f5cc317c2f0c,True,0.044959681781156634,1.0186742353404834,0.466807854610071,0.21005614219393237,0.32313600319599656,2025-01-05,3,2,OT,1,0.5782326921098653,draw,0.3204975761456142,0.2187871581450654,0.46071526570932037,0.3193438524938603,0.21451606693953038,0.46614008056650874,"(0.209, 0.215]"
9371e4e418a488f96240b25c06125d56,True,-0.10286070236249553,0.9398783796445539,0.33047182226203176,0.21762023828131355,0.4519079394566548,2025-03-18,6,3,REG,1,0.43575788776936086,home,0.44121385964340426,0.22634375305583623,0.3324423873007595,0.44583099323277514,0.2222843979811218,0.33188460878601417,"(0.217, 0.226]"
938b837e4af2c71aa3cabc7de55f7206,True,-0.09752502339916719,1.0288076287219963,0.3389706947876979,0.2144925465528862,0.4465367586594159,2024-10-17,1,3,REG,0,0.4433028919330289,away,0.44109924733064937,0.2170488359880973,0.3418519166812533,0.44568049430725004,0.21269483660920704,0.34162466908346134,"(0.209, 0.215]"
938e8eec67ede8e909bf9a554a6dfdb4,True,0.1099669585376177,1.0466826731355154,0.5335614785238836,0.1982796404398733,0.26815888103624314,2025-01-04,3,1,REG,1,0.6430392656807751,home,0.2489626556016597,0.20746887966804978,0.5435684647302904,0.24469247663153756,0.20227116473668028,0.5530363586313792,"(0.145, 0.2]"
94078e21b6f775d2aff05c4b994ff000,True,0.09235102660053922,1.002706649984421,0.5090148458149877,0.20441241253049205,0.2865727416545202,2024-12-05,2,1,REG,1,0.6210456942003515,home,0.28383474510396167,0.2207603573030813,0.495404897592957,0.27935139660445685,0.2134378301862816,0.5072107732090864,"(0.2, 0.209]"
9413a40608666fe00523a2c1d9f1fe66,True,-0.14020323716360247,0.9791460952771451,0.3030475203402611,0.21392462857657002,0.4830278510831689,2025-03-08,2,4,REG,0,0.401320172924059,away,0.4720746530192195,0.21879259032625933,0.3091327566545212,0.4780542189704929,0.21446201750911156,0.3074837635202799,"(0.209, 0.215]"
946c01240c6c885c2b6a31402b40c02b,True,0.038300423698167635,0.9966087180601588,0.4584297938376968,0.2118725705349237,0.3296976356273796,2024-10-17,4,3,REG,1,0.571540321433651,home,0.32528159572103565,0.22631620457006016,0.4484021997089043,0.32444859785214275,0.2224436930396979,0.4531077091080644,"(0.209, 0.215]"
94e978de323e52decbd86fa19b409ca0,True,-0.17189219913603035,1.072069660731236,0.2754495829184933,0.20009643468661034,0.5244539823948964,2025-03-10,3,2,REG,1,0.3676233473073202,home,0.5123556810130262,0.21239076721835656,0.27525355176861727,0.5203976457651321,0.2075477366151832,0.2720546176194742,"(0.145, 0.2]"
95c579a30489d43285dbafc6dd551a51,True,-0.014734236468067452,0.9687112967739214,0.4083248189056055,0.21847735342610414,0.37319782766829035,2025-01-04,1,4,REG,0,0.521797153024911,away,0.3523312845346744,0.2254920221021916,0.42217669336313407,0.3526694293286876,0.22156005811469595,0.42577051255653886,"(0.217, 0.226]"
95d8c3ab95cd9f2556ed768cab0878ad,True,0.04723912949545786,1.0362685431680145,0.47085944926544854,0.2089280563942838,0.3202124943402677,2024-11-30,0,6,REG,0,0.5810079557598684,away,0.31737702627166015,0.21734209055338174,0.465280883174958,0.3160761093855317,0.21302953426262075,0.4708943563517429,"(0.2, 0.209]"
95fc029b865d3cafe47a8cc305b786ed,True,0.2313715387854024,1.012423012994914,0.6403770683812918,0.17348783772320112,0.186135093895507,2024-11-10,0,1,REG,0,0.7407407407407408,away,0.1846606477031552,0.19801420693788754,0.6173251453589573,0.1779487699040157,0.191461443880623,0.6305897862153612,"(0.145, 0.2]"
9611054da9c73d6dcb06e96f1769b936,True,0.03105435364585229,0.9947538627643716,0.4516452039197108,0.21286737221660817,0.335487423863681,2025-01-11,3,2,OT,1,0.5649948822927329,draw,0.33469872816000407,0.22417760246782473,0.44112366937217123,0.33421869031781093,0.22003514455227027,0.44574616512983134,"(0.209, 0.215]"
964c0e00df3a82f3af839fa7bdcb5f3a,True,-0.16324436689044577,1.0011234802195617,0.2851765595807892,0.2079718784335303,0.5068515619856806,2025-03-22,4,5,SO,0,0.3808517736016902,draw,0.49252729101756965,0.22259899506278927,0.28487371391964106,0.4997364115200409,0.218100591752128,0.2821629967276693,"(0.2, 0.209]"
96c1a7022b21da2b63ee692f99d72064,True,-0.019409174660911677,0.9688451890778251,0.4043394727054483,0.21839891285539073,0.37726161443916106,2024-12-31,5,3,REG,1,0.5172913928296243,home,0.36881760619932424,0.22995821969262425,0.40122417410805156,0.36992916369530415,0.2262541286880582,0.40381670761663735,"(0.217, 0.226]"
9735ef1113fa4ad59032df483269ae66,True,0.06734374669942002,0.9879299254634724,0.48381119794027005,0.20865549857510093,0.307533303484629,2024-10-15,4,2,REG,1,0.5971016303329377,home,0.30553094282154225,0.21953481932714936,0.4749342378513083,0.30378412660504933,0.21532267976369876,0.48089319363113125,"(0.2, 0.209]"
974a07e099bb2f3cbab267e0b45bd4e1,True,0.04860840388397981,1.0185720822730475,0.4702673380395896,0.20952754779457225,0.3202051141658382,2024-10-15,3,1,REG,1,0.5816746508332771,home,0.3207652151724676,0.22252621655816193,0.4567085682693705,0.3196876247806648,0.21846162097253133,0.461850754246704,"(0.209, 0.215]"
97563bcac7a0ea96e48a5f4ff4311ff9,True,-0.09429230898428229,1.0153466690928505,0.3416228542382293,0.21528194482482776,0.443095200936943,2024-10-30,6,3,REG,1,0.4460406650060824,home,0.4340200032555027,0.22463330379266067,0.34134669295183667,0.43808653974218975,0.22072771616988737,0.34118574408783975,"(0.215, 0.217]"
9765c449deeb6c38ead61e0471c9f39c,True,0.20440760272798253,0.9195997466082904,0.6030709711819087,0.19283587310308264,0.20409315571500863,2025-03-15,6,2,REG,1,0.7155242481712273,home,0.20795010738437925,0.20353503079447732,0.5885148618211434,0.20213479307313312,0.19764716043852384,0.600218046488343,"(0.145, 0.2]"
976a93760d71acbcc6e14df427f3fa56,True,0.27036830219746755,0.9250012786707796,0.6613183082197052,0.17551412347805628,0.16316756830223855,2025-03-30,8,1,REG,1,0.7669135219661878,home,0.1669874002393863,0.18980350047011435,0.6432090992904993,0.15962052572608498,0.18259724391714974,0.6577822303567653,"(0.145, 0.2]"
97bf6827a81ab196745333129bce7671,True,0.029658726473200864,0.9681931621853778,0.44762706111574296,0.21523075732056693,0.3371421815636901,2024-11-04,0,3,REG,0,0.562379468921525,away,0.3318766682269539,0.2220193451796057,0.44610398659344036,0.33127530902358343,0.21799120680322007,0.4507334841731071,"(0.215, 0.217]"
988f731347f5bf93d75cd5c01689ffb6,True,-0.10342974275661006,0.9606756258387831,0.3316777799662032,0.21738697167537196,0.4509352483584248,2024-11-08,4,3,OT,1,0.43575788776936086,draw,0.4462730430136254,0.22057173390328616,0.3331552230830884,0.45085834705475414,0.2165415143594566,0.33260013858570103,"(0.215, 0.217]"
989f282e97385b2a48abc95769e5bb9f,True,0.12508524513056715,1.0014788140517403,0.539024130068327,0.20015598603794987,0.260819883893723,2025-01-11,1,2,REG,0,0.6507269752491907,away,0.26277880513347074,0.20626723413702538,0.5309539607295038,0.25909816259678436,0.20126597085388362,0.5396358665490388,"(0.2, 0.209]"
98a2bd163695b58c723fa7c6b96e896c,True,-0.1415918200785385,1.016200332812093,0.30178935300515886,0.21154243576779838,0.48666821122704274,2025-04-05,1,5,REG,0,0.401320172924059,away,0.4763385543300185,0.2216297440285502,0.3020317016414312,0.4826800562233491,0.21725303659698664,0.3000669071795381,"(0.209, 0.215]"
98a3c21d509474ce17668c659fa26444,True,-0.13669530689229517,1.0369853304729015,0.30557732108766245,0.21123693348228895,0.48318574543004866,2024-11-19,2,3,OT,0,0.4066985645933014,draw,0.4715969989281887,0.21757770632368706,0.31082529474812437,0.4776945620757219,0.21311009984303642,0.30919533808112803,"(0.209, 0.215]"
98db93c59653e129272f59ed5254fc85,True,0.15437841824452825,0.9409327364055563,0.5599280778104265,0.2005891348561752,0.23948278733339834,2025-02-02,5,3,REG,1,0.6732289817653704,home,0.24521133804758255,0.20227348771435602,0.5525151742380614,0.24074517731003747,0.1969009961465031,0.5623538265439194,"(0.2, 0.209]"
98f9a6346c960ec091ed6e09976f2f27,True,-0.2144877943240426,0.9433055798155627,0.24685449262618317,0.20153336601503763,0.5516121413587791,2025-04-01,3,4,REG,0,0.33707744165760256,away,0.537673288735489,0.21095386466081276,0.25137284660369813,0.5470367035988744,0.20579718620332305,0.2471661101974418,"(0.2, 0.209]"
99011107bf85396208a0ff801b390a43,True,-0.1970156818415737,1.0892430234980301,0.2555137336193152,0.19224620253067673,0.552240063850008,2024-11-09,0,4,REG,0,0.3415685624274581,away,0.5359041995173284,0.20380340641721148,0.2602923940654603,0.5451196070146711,0.19853089835473142,0.2563494946302731,"(0.145, 0.2]"
99074ec24f824369d5a693bbe35215f8,True,-0.1260464825207104,0.9975546776215121,0.3138768646708609,0.21583358462476843,0.47028955070437073,2025-03-14,2,1,REG,1,0.41493775933609955,home,0.46270601654842164,0.22222771560446236,0.3150662678471161,0.46831574470478476,0.21798802419845728,0.31369623109665146,"(0.215, 0.217]"
9973711cc0af698ef578e60a6a68badf,True,0.13356180221695,0.940580512938611,0.540839485688284,0.20539048916154246,0.25377002515017355,2024-12-27,2,3,OT,0,0.6557852820085941,draw,0.25681751841549655,0.21870532960954386,0.5244771519749596,0.25295959326979467,0.2138975706856118,0.5331428360443103,"(0.2, 0.209]"
99f2167a545d143c6f1468d7bbd925a7,True,0.033433129640376376,0.9784314891037977,0.4523618140199549,0.21329906842167656,0.33433911755836854,2024-11-25,5,2,REG,1,0.5668328047122791,home,0.34070654312208754,0.2221311800865582,0.43716227679135433,0.3404820796852782,0.21795883043448455,0.44155908988015413,"(0.209, 0.215]"
9ad82f60776bebc088bdf444444c1827,True,0.0043715605161687,0.9359404967620141,0.41954090207341693,0.22311831523271472,0.35734078269386826,2024-11-05,4,0,REG,1,0.534834771627026,home,0.3566340706796059,0.23513373777650484,0.40823219154388923,0.35723520441877726,0.23161492126577451,0.41114987431544814,"(0.217, 0.226]"
9b1a31a39b4005e3897dd195f76e41de,True,0.07070890896787912,0.9899759741252688,0.48714170042352734,0.2081144290499096,0.30474387052656315,2025-02-22,5,1,REG,1,0.6002460024600246,home,0.3030826760939153,0.21330540232890255,0.48361192157718214,0.30107607045695756,0.20869454406447205,0.49022938547844175,"(0.2, 0.209]"
9ba1bcdf8f6232ce5cb85b6857643c77,True,0.12718396735918427,0.991860707642135,0.5387888433979185,0.2006522952878565,0.26055886131422507,2025-01-18,5,1,REG,1,0.6507269752491907,home,0.2634635268239452,0.20757732416432048,0.5289591490117344,0.25981619680831797,0.20260679267598672,0.5375770105154113,"(0.2, 0.209]"
9ba3e330acde025e587ffeddea362577,True,0.019467606470390128,0.8973433021371772,0.4332033520320064,0.22315266103830106,0.34364398692969256,2024-12-10,8,1,REG,1,0.5480494766888678,home,0.3325157673440785,0.2302032235459005,0.4372810091100211,0.3320027270898053,0.22629439449860295,0.4417028784115027,"(0.217, 0.226]"
9bf0ab2d62a757eb59ae695c9d4cfe5a,True,0.056614990596032026,0.9734534295303502,0.4724948621888593,0.21129700270835144,0.31620813510278933,2025-03-01,3,6,REG,0,0.5867360379346681,away,0.3124627478918393,0.2241263168289595,0.4634109352792012,0.3110540423182225,0.22008893284330838,0.46885702483836,"(0.209, 0.215]"
9c13f9890906c6771f376ef488fa4435,True,0.17420674215756185,0.9319497654514715,0.5773157553768674,0.19745454082677288,0.22522970379635976,2025-02-08,6,5,SO,1,0.6901347553505801,draw,0.22977892350650944,0.20473891261156932,0.5654821638819213,0.22469543236205422,0.19915908683232114,0.5761454808058465,"(0.145, 0.2]"
9c2a1db6c149a3c0ef11130448c430f7,True,-0.2024585254473593,0.9359394107357483,0.2555394467241997,0.2041988784314837,0.5402616748443165,2024-11-08,2,5,REG,0,0.3480866758875058,away,0.5245671402551941,0.21578686992107424,0.2596459898237316,0.533193635399656,0.21093008309445074,0.25587628150561526,"(0.2, 0.209]"
9c2cf0cd9ea57df93a9aca37717ca324,True,0.11589212814836057,0.9775148485786329,0.5257687606173316,0.20382021657616353,0.270411022806505,2024-10-11,2,3,SO,0,0.638854296388543,draw,0.27129849234969966,0.212346713524266,0.5163547941260342,0.2679177819931394,0.20744090025812195,0.5246413177485105,"(0.2, 0.209]"
9c5d91c96cbdc30cc48c8ab751780b59,True,0.10894389466155642,0.9862920159108622,0.5209792398384538,0.2037254029128262,0.27529535724872,2025-01-03,3,2,SO,1,0.6336902505251294,draw,0.27129039106350517,0.2206578526392104,0.5080517562972844,0.26802033267278486,0.2160292463777956,0.5159504209492113,"(0.2, 0.209]"
9c8d6b43505644bb761eb3368d1e7356,True,0.11905301725233976,1.0415959358056273,0.5421521421702642,0.19701795563378205,0.26082990219595387,2025-01-18,1,0,SO,1,0.6519133241124943,draw,0.261806171001964,0.20967408881120095,0.5285197401868349,0.25804672470952444,0.20465172178766558,0.5373015535025217,"(0.145, 0.2]"
9c97b35d0cc715d72729e1b5a4528ca0,True,-0.004932319738156209,0.9503452452279153,0.4137085936255682,0.2212823395795508,0.365009066794881,2025-01-04,2,1,REG,1,0.5284039285250725,home,0.3548232695139911,0.22864506627393227,0.4165316642120766,0.35530672101928085,0.22478887990131777,0.4199043990793241,"(0.217, 0.226]"
9d0d98d83954465a9dc49bf3f418d69c,True,-0.21398203621686096,1.030352717058791,0.24392795406712497,0.19729708309007563,0.5587749628427995,2025-01-09,5,3,REG,1,0.333459564083144,home,0.5433239467031336,0.2078253906847442,0.24885066261212221,0.5528855694681268,0.2025804859877375,0.24453394454373295,"(0.145, 0.2]"
9d6255a58b107ffb19c361f6b33d7854,True,0.014166309557228796,0.9354597197832845,0.4286711224428886,0.221956080641019,0.3493727969160924,2024-12-23,4,1,REG,1,0.5440238883060287,home,0.3395760785103749,0.22115578323308485,0.4392681382565402,0.3392911171900036,0.2169705767924788,0.44373830601743386,"(0.217, 0.226]"
9d9aa12d99aa96c3ad343bc6ec85d83a,True,0.18039629680449087,0.9751497575157373,0.5870238496340334,0.18919606355664578,0.22378008680932082,2024-10-28,4,5,OT,0,0.6940796970600095,draw,0.22551092873063056,0.20566983843458797,0.5688192328347815,0.22031788233456268,0.20009435304624376,0.5795877646193404,"(0.145, 0.2]"
9e4174705dce3d595580b4aeec21c9b4,True,-0.08562970729616959,0.9435356768110538,0.3451659173539303,0.2184073681202622,0.4364267145258075,2025-01-23,0,3,REG,0,0.4519505233111323,away,0.42976294835933493,0.22549914702148632,0.34473790461917875,0.43371674665528115,0.2215496452131286,0.34473360813150894,"(0.217, 0.226]"
9e53eb6c7ee9b61be628459b15c7698c,True,0.08287768414529209,1.0425262946370488,0.5065681573214875,0.2027915124093465,0.2906403302691659,2024-12-12,1,4,REG,0,0.6162961291050671,away,0.2893956789879069,0.21770447669317544,0.49289984431891765,0.2868640238026606,0.21315791253248806,0.4999780636646956,"(0.2, 0.209]"
9e61dc6cc4e22cb787b4f40b5ad4c06a,True,0.08571661449823888,0.9882044407225702,0.5004224849922261,0.2063899620104292,0.29318755299734467,2024-10-19,5,6,OT,0,0.6134020618556701,draw,0.29422887715242874,0.21220932290197295,0.4935617999455984,0.29191140636983587,0.2076711358076164,0.5004174578223993,"(0.2, 0.209]"
9ea0d44b79f7aaf238ad3f2eca9789fb,True,-0.10408963672465131,0.9850626646805579,0.33272446966295377,0.21690468021062137,0.45037085012642486,2025-01-03,4,2,REG,1,0.43575788776936086,home,0.4610276596120241,0.22249130672691647,0.31648103366105945,0.4663971764569172,0.21838840533006762,0.3152144182129105,"(0.215, 0.217]"
9ecd006689ad309e8f76f2fde09bbff0,True,0.021913590188395,1.0011506190066908,0.44372670045421,0.21387024930198514,0.3424030502438049,2024-10-28,3,2,OT,1,0.556697108066971,draw,0.33990903492756286,0.22239987900132882,0.4376910860711084,0.33965879231887325,0.21835339330861822,0.44198781437242496,"(0.209, 0.215]"
9f36be82c26eb0e56ef46b4c30152438,True,-0.02829616964927949,1.0050594384765448,0.3989745018927008,0.21646872081441204,0.3845567772928873,2024-11-01,5,3,REG,1,0.5092984332140034,home,0.3804405520169851,0.22664543524416134,0.3929140127388535,0.3820621108825444,0.22282662949066656,0.39511125962678895,"(0.215, 0.217]"
9fa63a2c3eaf1d1f39eb1dbad148f164,True,0.1118956370850832,0.9418947142797643,0.5208060527009932,0.20881469738681863,0.27037924991218804,2025-03-05,3,2,REG,1,0.6362901596282077,home,0.25746299419846225,0.2142645052389887,0.5282725005625489,0.2535516965585053,0.20929180375414191,0.5371564996870543,"(0.2, 0.209]"
9fe413f068f04a04a491b268049cba0e,True,-0.13017272019495954,1.0078182509393672,0.3107338464381119,0.21431226638591158,0.4749538871759764,2024-11-29,3,4,OT,0,0.4116032928263426,draw,0.4691940475982304,0.2190288002518055,0.3117771521499642,0.4752060195722694,0.21459438061787867,0.31019959980974016,"(0.209, 0.215]"
a008650f541f617eb383e659cd568783,True,-0.1796507908605379,1.0334586645463215,0.2711951326912879,0.20356762669094675,0.5252372406177653,2024-10-22,6,2,REG,1,0.3658922580236754,home,0.5091839698244613,0.2148877289474123,0.2759283012281265,0.5182737880365121,0.20941463986444006,0.2723115720988403,"(0.2, 0.209]"
a011520d6f318d0d7e9bbcf3ed4687ba,True,0.12177998112162886,0.9711146333795065,0.5308403194519162,0.20393327371620773,0.2652264068318761,2025-04-01,8,4,REG,1,0.6442783070059086,home,0.2722636944417502,0.219306225271158,0.5084300802870917,0.26907475954806914,0.21472397937734675,0.5162012610743771,"(0.2, 0.209]"
a03fef203f4edf14fcc106b6ecfd74e4,True,0.09341055872447988,0.9690805349880263,0.5052115869552967,0.20754839511466505,0.2872400179300383,2025-04-05,3,2,REG,1,0.6191482263983098,home,0.28687908413911245,0.21340225858009695,0.4997186572807907,0.2842034081298432,0.20872698716038787,0.5070696047096014,"(0.2, 0.209]"
a065d13f9c5f8d1df6eb693996c40b16,True,0.06068603513251065,0.9956781750143743,0.47880615842002605,0.2090376403679816,0.3121562012119923,2024-12-09,3,2,SO,1,0.5916792592354435,draw,0.30704201890642563,0.2187148627826594,0.47424311831091487,0.30528632372342585,0.21433152952377946,0.48038214675267565,"(0.2, 0.209]"
a0e1c044c7470b53649504bb2b4c386f,True,-0.08742710319915384,0.8777180883591853,0.34685637493593613,0.22089999485779774,0.4322436302062661,2024-12-17,0,3,REG,0,0.453954604539546,away,0.4319319978914075,0.23161570901423295,0.3364522930943595,0.4359709707465173,0.22788842893772415,0.3361406003156717,"(0.217, 0.226]"
a0e9fd0e05b236c4538605839e81c600,True,0.2784683849421193,0.935746232151381,0.6697517678739692,0.17102592360033747,0.1592223085256934,2025-01-21,7,5,REG,1,0.7723756596198159,home,0.16784834214113478,0.1829034415316564,0.6492482163272087,0.16033621319069374,0.175479488253119,0.6641842985561871,"(0.145, 0.2]"
a0f68bff29ca7380880076335286d203,True,-0.12632604184274424,0.9674517318836134,0.3127767446177511,0.21673219202248664,0.47049106335976226,2024-11-16,1,2,REG,0,0.4139072847682118,away,0.4631814519108628,0.22142854629456954,0.31539000179456783,0.4686707102615546,0.21726962025191632,0.3140596694864229,"(0.215, 0.217]"
a11b19bac8088e57e49e08cd6982a56e,True,-0.08576892958074664,1.0019030077623012,0.3488644706115761,0.21607159355172972,0.4350639358366942,2025-03-26,3,4,REG,0,0.453954604539546,away,0.4300452853553353,0.21995435466568758,0.35000035997897727,0.4339133073551448,0.2159101911606723,0.3501765014841055,"(0.215, 0.217]"
a11f084845e738c4c362ab8adc592c98,True,0.05046361679453867,0.9695279525647656,0.46654875547716745,0.2125734240109062,0.32087782051192637,2024-10-22,3,1,REG,1,0.5810079557598684,home,0.3180788400543725,0.22162437698232895,0.46029678296329857,0.31682289204489805,0.21733977210895944,0.46583733584603937,"(0.209, 0.215]"
a122d4da8681adf4e908c25a2333b70b,True,0.17304924273321726,0.9393430905611252,0.5769017230499491,0.1965694026785366,0.22652887427151436,2025-02-22,1,2,REG,0,0.6889382060284139,away,0.22938664065956235,0.20799048979543833,0.5626228695449993,0.22442686893456876,0.20260519077191932,0.572967940293786,"(0.145, 0.2]"
a18ccf810509cdc9bba2a58bf6df99a4,True,0.24643866033766965,0.9996592628750414,0.6531733861490971,0.1705919996639138,0.17623461418698916,2025-03-03,2,3,SO,0,0.7520531346766594,draw,0.1844234805727294,0.1884090567737118,0.6271674626535587,0.1776211033525291,0.18164672353521988,0.6407321731122511,"(0.145, 0.2]"
a1b1183d5615881641ad5116d861d46f,True,0.1485048825095939,0.9852744483562632,0.5577509223726637,0.19599076791502584,0.24625830971231055,2024-11-09,4,1,REG,1,0.6676212973221566,home,0.26859400436473674,0.2164516017115373,0.5149543939237259,0.26526304485862273,0.21180159147357605,0.5229353636675725,"(0.145, 0.2]"
a1b4bc31fd1eb11ba3757bf96c367baa,True,-0.08081039503460466,0.971647619626082,0.352001355132422,0.21748623931776165,0.4305124055498165,2024-10-28,3,4,OT,0,0.45801526717557256,draw,0.42189940356537803,0.22857079859031226,0.34952979784430954,0.4255575468059522,0.22466907867686045,0.3497733745171079,"(0.217, 0.226]"
a1dd2bf2622cd16bf7b94db8abece057,True,-0.05031874704326978,0.9855690128594774,0.3793732399849984,0.21688984819271698,0.4037369118222847,2025-03-10,3,4,SO,0,0.48837209302325585,draw,0.39747559731800625,0.22539204459679887,0.3771323580851949,0.3999243492725606,0.2214541801515344,0.3786214705758339,"(0.215, 0.217]"
a1e910d4ec8e61ea52980ff4d0b83f48,True,0.13697144126508967,1.006067759527724,0.5512262771230667,0.1967869011068486,0.2519868217700847,2025-01-10,2,3,OT,0,0.6614708059389559,draw,0.252714088580028,0.20958126820969497,0.5377046432102771,0.24854588006362327,0.20440145787933628,0.5470526620566832,"(0.145, 0.2]"
a218896b721c955ced1614c287f39e60,True,0.06766273867951296,0.9536991447693095,0.4806137895462002,0.21270862947976515,0.3066775809740347,2025-02-27,2,5,REG,0,0.5955112768937786,away,0.3082217652243253,0.2218911319091786,0.46988710286649593,0.3065802790880949,0.21768406209188434,0.4757356588199049,"(0.209, 0.215]"
a26053ec4cc4c670eca389373e164fad,True,0.07699250773821936,0.9323213357823682,0.4874888036464564,0.21445779474617796,0.2980534016073657,2025-03-27,4,0,REG,1,0.6033428208078484,home,0.30126309388905775,0.21972858682734034,0.4790083192836018,0.2992712930164589,0.21534682603220007,0.4853818809512128,"(0.209, 0.215]"
a2760ceccb8411d1481f8e8d3fd3f8c9,True,0.09121908510664642,1.055409150714513,0.5157213034331357,0.20070868988678675,0.2835700066800775,2025-04-05,5,0,REG,1,0.6247300215982722,home,0.2840906469909389,0.21660304985508239,0.49930630315397884,0.28128376606506916,0.21191771693689318,0.5067985169978655,"(0.2, 0.209]"
a35549327d647a86aaca34a442365508,True,0.09819520460773393,1.027806959993456,0.5191736007272318,0.20149932184200375,0.27932707743076446,2024-10-28,2,5,REG,0,0.6297217024951263,away,0.2795693431284264,0.21597361417353667,0.5044570426980369,0.27667825659532197,0.21141043231464976,0.5119113110898416,"(0.2, 0.209]"
a355b95242b9c1b924ce960f95259fc1,True,-0.11524403459349004,0.934738852070327,0.31979988730546555,0.21693072407140687,0.4632693886231276,2025-01-28,1,3,REG,0,0.42420027816411693,away,0.4562476594682312,0.2254400199725378,0.3183123205592311,0.46151224505717786,0.22135707276585537,0.31713068217686474,"(0.215, 0.217]"
a45f5f8f79a53962a38af247e3a172d0,True,0.13819952506009928,1.0211878491916462,0.5556660479012174,0.1949699213013482,0.24936403079743447,2025-03-04,2,6,REG,0,0.6651251793972254,away,0.25157473136935465,0.20307197595704263,0.5453532926736029,0.24733726358193728,0.19776242970912497,0.5549003067085321,"(0.145, 0.2]"
a48d320f790c05e16c25aa7206d9abb8,True,-0.058715082668260296,0.956577890250964,0.369200892908417,0.21876496900308381,0.41203413808849915,2024-11-17,3,5,REG,0,0.4782028469750889,away,0.4039846455081474,0.22634600705775634,0.3696693474340963,0.4067834385532801,0.22238442646813086,0.37083213497851636,"(0.217, 0.226]"
a494adaa217d31439f83f008a6fc955c,True,0.035059827162845184,1.0660530706586122,0.46120974164832407,0.20785097641072578,0.33093928194095024,2024-10-10,2,4,REG,0,0.5697382574399426,away,0.32821127423704144,0.22184650943800022,0.44994221632495823,0.3274336152592801,0.21771943958295778,0.45484694515766955,"(0.2, 0.209]"
a4dc3c55e71afc66e6ba155ac05a9ec3,True,0.06108570246012713,0.9353836925249478,0.47277587657232234,0.21605028388169156,0.31117383954598615,2025-01-29,1,3,REG,0,0.5883967071736574,away,0.3102070468579731,0.22448238285506716,0.4653105702869596,0.30867832629827574,0.22036839972467087,0.47095327397694153,"(0.215, 0.217]"
a4dce89357d3e7541873dbae790babda,True,0.21585879055783394,0.9611314940929838,0.6191055531806164,0.18287316114422936,0.1980212856751542,2024-10-10,6,4,REG,1,0.7244791813095673,home,0.2042024625125361,0.18889734697905208,0.6069001905084118,0.19783589425105177,0.18231838859147742,0.6198457171574708,"(0.145, 0.2]"
a54ba0e155990815845c6d5bec744c7c,True,0.052313502503544926,1.0161156305305297,0.473507933639966,0.2091069887218571,0.3173850776381769,2025-03-01,2,4,REG,0,0.5850622406639004,away,0.31631736421058587,0.22289339850187795,0.4607892372875361,0.3150314735622603,0.21875019687268407,0.4662183295649509,"(0.2, 0.209]"
a5fc119db581523d45ad7a4ebea42a57,True,-0.1597892076338149,0.9614865893461356,0.28757508643138396,0.21016954679879035,0.5022553667698257,2024-12-14,4,2,REG,1,0.38421186945302976,home,0.5041141050268185,0.22130968970030734,0.27457620527287413,0.5116963037947176,0.21680428491433887,0.27149941129074917,"(0.209, 0.215]"
a68e9010804b963fc226c1e6df49002d,True,0.15462396485503144,0.9079378973260449,0.556875085956636,0.20470028330767012,0.23842463073569392,2025-03-01,1,2,SO,0,0.6721843886695558,draw,0.2422150934836849,0.20851560221638962,0.5492693042999255,0.23777887235418219,0.20336023914960855,0.5588608884957436,"(0.2, 0.209]"
a6abee067a4789162efa7a9273e68395,True,-0.08876495178868028,0.9644785424755824,0.34449777176343255,0.21762874738496046,0.43787348085160704,2024-11-11,3,1,REG,1,0.4460406650060824,home,0.433623782675551,0.2265504869297796,0.3398257303946694,0.43777570246870084,0.22261298210615876,0.3396113154250563,"(0.217, 0.226]"
a6ffcfbadc613d9dd35997a46a67179a,True,-0.12709544152991958,0.9588650860175707,0.31167740106457464,0.2164308208806911,0.4718917780547343,2025-02-06,2,3,OT,0,0.4132639620653319,draw,0.4811507584221323,0.2196187265938064,0.29923051498406117,0.48770929482052705,0.21516642908088715,0.2971242760984535,"(0.215, 0.217]"
a72329983ff0ab739b7387af26f1cc9e,True,-0.06755836041583321,1.0909237535416505,0.36440673991568673,0.20819650055762587,0.42739675952668743,2024-11-15,6,2,REG,1,0.4663529511067969,home,0.41682256570463344,0.22140690557059048,0.3617705287247762,0.42010295216962273,0.21740298312508383,0.3624940647052204,"(0.2, 0.209]"
a7393546487716637f6d55ae5c19d45f,True,-0.014804217448876143,1.0423218783071035,0.41183678978008753,0.21573313917988385,0.3724300710400288,2024-11-16,5,1,REG,1,0.5207810820494446,home,0.39270890778742057,0.21777493977302412,0.38951615243955534,0.3948524279045383,0.2136387977449163,0.39150877435047876,"(0.215, 0.217]"
a73c68998d9465ce0e2f391e99482dae,True,0.036484358342138874,1.0099043009886384,0.45795955693793766,0.21161760132214552,0.33042284173991676,2024-10-19,2,1,OT,1,0.5700987706956584,draw,0.32614411186871606,0.22250953426557266,0.4513463538657113,0.32514402679648374,0.21775668958537156,0.45709928361805047,"(0.209, 0.215]"
a7a4e33b395caef1e8c03c3504a6b92c,True,-0.10345460007909729,0.961612438939912,0.33173229022995177,0.2173772507711093,0.45089045899893887,2024-10-26,3,6,REG,0,0.43575788776936086,away,0.4438014953660913,0.22449911709385417,0.33169938754005446,0.4483963524403491,0.22049623291727136,0.3311074146422898,"(0.215, 0.217]"
a7ad02026fe3d719fc6290ba3cffc771,True,-0.12522486736692137,1.0169260751306273,0.3146501784627966,0.21468299750925307,0.47066682402795024,2025-01-09,1,4,REG,0,0.41662483686376867,away,0.45866134132602393,0.2163887592260474,0.32494989944792874,0.46392879656830954,0.212097560722379,0.3239736427092157,"(0.209, 0.215]"
a87c4d83a10ff51046f97a6ea8ecafcd,True,-0.25410288043877105,1.0181598146072073,0.2139541901299104,0.1892898357231068,0.5967559741469828,2025-02-05,3,4,OT,0,0.29683377308707126,draw,0.5793222949557182,0.20295854190732895,0.2177191631369529,0.5907571159716553,0.19710801570220315,0.21213486832614156,"(0.145, 0.2]"
a8a56dbcf09ead7b246f1a0513f29a90,True,0.048817813471726174,1.0409819418789146,0.4728878821431942,0.20840627633445186,0.3187058415223539,2024-12-23,0,4,REG,0,0.5827163817472069,away,0.30377002168287054,0.22252920193047493,0.4737007763866546,0.30186497828792264,0.21813289182536794,0.4800021298865868,"(0.2, 0.209]"
a8ac43b9370186d21670cf4837b86b8b,True,-0.0032203294786229213,1.0186867126280892,0.42122949117301384,0.21657553921751652,0.36219496960946973,2024-10-19,1,4,REG,0,0.5327102803738317,away,0.3616242676562425,0.2270863292154129,0.41128940312834444,0.362399962725242,0.2232210744535892,0.4143789628210942,"(0.215, 0.217]"
a8c7c039844051dde259614a1326da04,True,0.07060165610741526,0.9646542701756297,0.4842671145717117,0.21085485333007342,0.30487803209821496,2024-12-29,1,3,REG,0,0.5986798270759409,away,0.3110640699971775,0.223849844764324,0.46508608523849837,0.30954713871810474,0.21967101362172994,0.4707818476600541,"(0.209, 0.215]"
a8cfc7def321a5bba2e49c7fbb91f3b3,True,0.11435498503095777,0.8777923420066748,0.5166637994452861,0.21572225301336018,0.2676139475413537,2025-03-28,4,0,REG,1,0.6336902505251294,home,0.2638715824965183,0.22172542695887995,0.5144029905446016,0.2603299846051295,0.21708543296924696,0.5225845824253872,"(0.215, 0.217]"
a9446196200ca9a7fef47da29b86e5b1,True,-0.13549045282213484,0.9372865452996915,0.30425261559294037,0.2147277367024763,0.48101964770458333,2025-01-23,2,0,REG,1,0.40609137055837563,home,0.4607887579329102,0.22393472348141436,0.31527651858567546,0.4662232319153884,0.21981998294025773,0.31395678514424813,"(0.209, 0.215]"
a9ecc86e083630bc41bac3d09dce3648,True,-0.14869479935372953,1.0597438373840875,0.29435928761592944,0.2063583507061684,0.49928236167790224,2024-10-24,5,3,REG,1,0.39155651073100356,home,0.48615311780099013,0.21628587721317802,0.2975610049858318,0.49284441911512533,0.2117807279860114,0.29537485289872556,"(0.2, 0.209]"
a9fa4dececb1ace29476f3f2e5b57483,True,-0.10367888605670401,0.9701771350672312,0.3322313629178062,0.21729139153090474,0.4504772455512891,2024-10-12,3,5,REG,0,0.43575788776936086,away,0.44559051057246,0.22176379577101596,0.33264569365652397,0.4503266076995996,0.21761519957886788,0.33205819272144366,"(0.215, 0.217]"
aac375391dfab7bbb04a4f343244db00,True,0.03760210744509062,1.066977371890911,0.46378156332781784,0.20739944350815162,0.3288189931640305,2025-03-04,6,2,REG,1,0.5722567873303167,home,0.328347840880093,0.2193994726246846,0.45225268649522243,0.3275582025512661,0.2152373087173301,0.4572044887313112,"(0.2, 0.209]"
aac58d71ac9f5f6ea7971121e3c74056,True,0.1969942857897168,0.9923543046880637,0.6053896223723855,0.1832752549244849,0.2113351227031298,2025-02-23,4,1,REG,1,0.709690074539035,home,0.2152590315088548,0.19956306046133415,0.585177908029811,0.20951734084682394,0.19355126428006061,0.5969313948731154,"(0.145, 0.2]"
aad153ec0b41536e00a9c64cbc509c2b,True,0.14482939748935866,0.9909028150703032,0.5554030118166088,0.19636323510395864,0.24823375307943263,2024-11-12,4,3,OT,1,0.6654526975522995,draw,0.2476226129914841,0.21438467836175468,0.5379927086467613,0.2433811850591331,0.20937315165940154,0.5472456632810951,"(0.145, 0.2]"
ab1f749a16bedb1c247cbf72d4285fdd,True,-0.26963749423812583,0.9499787680811042,0.20886868260492508,0.18993046636593375,0.6012008510291412,2024-12-29,1,5,REG,0,0.290309925460965,away,0.5855330190762582,0.20051966247714514,0.2139473184465968,0.5971319388014467,0.1946065773553695,0.20826148384318383,"(0.145, 0.2]"
abd5cb47eefeb225d6bc2c0ee01251ce,True,0.13689929858185046,0.9519865446850073,0.5443458145122702,0.20312655059778525,0.25252763488994456,2024-11-21,3,2,SO,1,0.658081705150977,draw,0.2535657686212362,0.21394611727416799,0.532488114104596,0.2495681039874991,0.20901037170971618,0.5414215243024594,"(0.2, 0.209]"
ac3b53d344969339c55cdfe1fac3ffd3,True,0.29957658773854096,0.93535233833748,0.6868572613289523,0.1645844791823191,0.14855825948872853,2024-12-02,4,1,REG,1,0.7864014348605903,home,0.16029667607031425,0.16641911855911096,0.6732842053705748,0.15221186131626052,0.15833734911550124,0.6894507895682384,"(0.145, 0.2]"
ac831e69b18f235219a0a67061abaaaa,True,-0.07668497807802387,0.9736721018963477,0.3557557878149155,0.21742939688443946,0.426814815300645,2025-03-06,2,4,REG,0,0.462147431247798,away,0.4334133596949583,0.22327354893376639,0.3433130913712752,0.43758404959473945,0.21919434202840066,0.34322160837677834,"(0.217, 0.226]"
ace0c578eb46706e72261fdb18721cf9,True,0.19103387160349256,0.9647420680059519,0.5961067485486382,0.18826285913666888,0.21563039231469294,2025-03-14,4,2,REG,1,0.7033884379005488,home,0.22551092873063056,0.20566983843458797,0.5688192328347815,0.22031788233456268,0.20009435304624376,0.5795877646193404,"(0.145, 0.2]"
adac6778c011fc7b1e1006134fe1d72b,True,-0.1258269207967917,0.9035277713028413,0.312334000320482,0.21727929866497864,0.4703867010145394,2025-02-08,2,1,REG,1,0.41662483686376867,home,0.44365341205070324,0.22816461191179024,0.32818197603750654,0.4482991677770634,0.2242344510821764,0.3274663811406676,"(0.215, 0.217]"
adae5352f800d6406a29c61cc579dba9,True,-0.07298632697386982,0.9328992590936713,0.3545966161220446,0.21956399026738127,0.4258393936105741,2025-02-04,6,3,REG,1,0.46305953026573776,home,0.4200587494754511,0.229122954259337,0.3508182962652119,0.42362939596434934,0.22524482891827804,0.35112577511729354,"(0.217, 0.226]"
add06f84a38dcb31f112dcac005fe48f,True,0.056614990596032026,0.9734534295303502,0.4724948621888593,0.21129700270835144,0.31620813510278933,2025-03-22,5,4,REG,1,0.5867360379346681,home,0.31093994694621113,0.22640544600338774,0.462654607050401,0.30943096660468244,0.22227142049765108,0.46829761289755606,"(0.209, 0.215]"
ae2d6c0742e0fc4c3e374dcc00fc486b,True,0.07882585148870276,0.9075525533658741,0.4875959651084464,0.21661648337832257,0.2957875515132311,2025-02-08,3,2,REG,1,0.6039037320401216,home,0.2931130250033576,0.22290223064208825,0.483984744354554,0.2908378851159399,0.21862087707555683,0.49054123780836145,"(0.215, 0.217]"
ae5aab3844c472a7fbc03fc5b36ccd57,True,-0.025990261368320874,0.9381502201997621,0.3942082327029953,0.22189346037982371,0.38389830691718096,2025-01-25,2,1,REG,1,0.5069715560513106,home,0.3913043478260869,0.22826086956521738,0.3804347826086956,0.39343994414448097,0.22449053705103758,0.3820695188044816,"(0.217, 0.226]"
ae6fe2d0ab0ffd75f5b87a5d98669118,True,0.2938928768403627,0.9593746425525395,0.6860180741570534,0.16238119071423573,0.15160073512871092,2025-03-06,7,3,REG,1,0.7830848285738355,home,0.15747411422950672,0.17500316709082042,0.6675227186796728,0.14962473895774353,0.16718567669970774,0.6831895843425486,"(0.145, 0.2]"
aea834d82496335ea3476d702858ac06,True,-0.03365439568673588,0.9588835504608412,0.3907389225128057,0.21927031644372988,0.3899907610434644,2025-02-27,5,4,OT,1,0.5023229882921391,draw,0.38373427507592617,0.22787070966503928,0.3883950152590346,0.38548839427547893,0.22415115373003514,0.3903604519944859,"(0.217, 0.226]"
af03e241b32bac1d4a2b153a62d0a6ac,True,-0.00787641141336598,0.9685158284932764,0.4141692927182288,0.21859541294001794,0.3672352943417533,2024-12-18,3,2,OT,1,0.5284039285250725,draw,0.3642536859003931,0.22809218902810327,0.4076541250715037,0.365165497233333,0.22423239096293332,0.4106021118036593,"(0.217, 0.226]"
afd5a3bfa38d60e732ccacf5861ae8be,True,0.004087764684547932,0.9702162623185787,0.4248824020472952,0.2179587740730704,0.35715882387963444,2025-03-15,2,4,REG,0,0.5399277029247453,away,0.3526082569209846,0.2267362786820515,0.420655464396964,0.3529638023461625,0.22291918239945166,0.42411701525430817,"(0.217, 0.226]"
b08e8ec69fee51401f02535b558fb175,True,0.030169661958670015,0.9234844628800684,0.4421178431637143,0.2216824595695111,0.3361996972667746,2025-01-16,4,1,REG,1,0.5578160286945135,home,0.3353387704570876,0.22673023250762897,0.43793099703528343,0.33493443336458995,0.22285903038607802,0.44220653624924494,"(0.217, 0.226]"
b12f9c1afcbb349d42433ca3aba62fb0,True,0.07431979546354603,0.9886569203920681,0.4902103432120726,0.2077549258917129,0.3020347308962146,2025-03-18,4,1,REG,1,0.6033428208078484,home,0.301738618161281,0.21611009138578238,0.48215129045293653,0.29980131746937255,0.2117844913351735,0.4884141911953248,"(0.2, 0.209]"
b1359d1fd53b5316e032a801ad3503bc,True,-0.051246972181001944,0.9643948377135536,0.37649984831304034,0.21834917008366594,0.4051509816032936,2025-01-04,6,4,REG,1,0.48605192232383504,home,0.37096578165224786,0.22519805097948223,0.4038361673682698,0.37219006629427737,0.2211662134151226,0.4066437202905282,"(0.217, 0.226]"
b169469d481fb7ed175c91d3cc640261,True,-0.0520050424787378,1.0719452625555792,0.37913936915961255,0.21089249125996862,0.4099681395804188,2025-01-14,3,2,SO,1,0.4837531945965681,draw,0.4041612483745123,0.21573472041612488,0.38010403120936276,0.40685546492263014,0.21149613921961324,0.38164839585769017,"(0.209, 0.215]"
b21ede89a739255bfdc6bc24b70baa54,True,-0.12092118622367479,0.948355728021876,0.3159968370655371,0.21678544351500523,0.46721771941945756,2025-02-04,3,0,REG,1,0.41899204424013164,home,0.4695622328309776,0.21429685793628506,0.3161409092327374,0.47545394202184615,0.20981666209536162,0.3147293958826856,"(0.215, 0.217]"
b258c5a929e83fc794e66a3f29d85203,True,-0.2045779208280314,1.0733598171618959,0.250126884186949,0.1932960617672336,0.5565770540458175,2024-12-07,1,2,REG,0,0.33707744165760256,away,0.518514974790225,0.2124023159537545,0.26908270925602046,0.5268588670246875,0.20750803740928306,0.2656330955657909,"(0.145, 0.2]"
b2bbbe5eea3328f58ca8dfd25e295db5,True,-0.03315552154047832,1.0042150939479912,0.3947208202411798,0.21644240604901183,0.3888367737098083,2025-03-21,6,3,REG,1,0.5046466242274987,home,0.3774487097656606,0.2214133309017963,0.4011379593325431,0.3788884951355242,0.21743376303080392,0.40367774183367167,"(0.215, 0.217]"
b2f5c18c85ebf4391b9d83d1ee2bcf02,True,-0.08375933627625833,1.0077217866413393,0.35070223389445654,0.2158054674626393,0.43349229864290406,2024-12-14,1,5,REG,0,0.45597611169397145,away,0.42588726513569936,0.22181628392484343,0.3522964509394573,0.4296432791231667,0.2177580758594848,0.35259864501727184,"(0.215, 0.217]"
b31a524df85cb62bd843187691873e09,True,0.06090003471928248,0.992546214075253,0.47859748378723455,0.20918507358783558,0.3122174426249299,2024-11-27,4,5,REG,0,0.5916792592354435,away,0.30917370334028943,0.21635180143451407,0.47447449522519664,0.3075030072412801,0.21195696283556473,0.48054002992303874,"(0.209, 0.215]"
b34e5acf401e6c0be8b542444d6a8f08,True,-0.22631013833174066,1.0136215441950156,0.23545738243653797,0.1950339637199494,0.5695086538435126,2024-11-23,5,4,SO,1,0.3223657136138275,draw,0.5558227630662965,0.20748763662993067,0.23668960030377278,0.5658885622436246,0.20215026250951665,0.23196117524724988,"(0.145, 0.2]"
b39c374a581ea8c0726d5b6b4eeea32f,True,0.11535906589921129,0.9934396198374327,0.5282968089941917,0.20224705357113323,0.269456137434675,2024-12-28,4,0,REG,1,0.6405357494583416,home,0.2668204040022671,0.21671611999279158,0.5164634760049412,0.26333392159700786,0.21193793420566895,0.524728144197086,"(0.2, 0.209]"
b3ee13d12f99fca096305bde17dea1f7,True,0.18134321752192645,0.9816997269726425,0.5886867347695754,0.18804295524070616,0.22327030998971847,2024-11-14,3,0,REG,1,0.6949891067538126,home,0.21339271460261214,0.2012885060012035,0.5853187793961844,0.20764943491485577,0.19533822627255282,0.5970123388125913,"(0.145, 0.2]"
b41654c9f18219736912ff8c6ea401c0,True,-0.015683403134767494,0.9963958010847549,0.40971943689196655,0.2167275803519149,0.37355298275611853,2025-03-23,4,2,REG,1,0.521797153024911,home,0.38219419497496315,0.22625175221395222,0.39155405281108463,0.38386727116781255,0.22248007072380208,0.3936526581083854,"(0.215, 0.217]"
b43cac0943e7bd2eb7bac55a0aace6b1,True,0.09016398615658289,0.9722478266679456,0.502488943484249,0.2075147515532025,0.28999630496254847,2024-12-03,3,2,OT,1,0.6162961291050671,draw,0.2861442819242103,0.2183561149079965,0.49549960316779323,0.2835296470688273,0.2138843281425982,0.5025860247884111,"(0.2, 0.209]"
b45823e10fdfe80abeb4d84eb1069693,True,-0.08117722500536452,0.978116847988116,0.3523304841329029,0.21722104672649373,0.43044846914060336,2024-12-17,6,1,REG,1,0.45801526717557256,home,0.4277324727806608,0.22385998575436455,0.34840754146497466,0.43160320973661864,0.21984333164316497,0.3485534586201373,"(0.215, 0.217]"
b46a46cfb8aeb4fdbb25206fe974c8b2,True,-0.1832925653552884,1.0211045398523844,0.2688204484104927,0.2032681952670078,0.5279113563224995,2024-10-24,2,4,REG,0,0.3624233455813195,away,0.5183388036642844,0.207274670186393,0.2743865261493225,0.5267226412325478,0.2022222429823961,0.2710551157848299,"(0.2, 0.209]"
b48256ae7d6833b34313cf0993bfe246,True,-0.0854434316654991,0.9400137275972017,0.34498347941966073,0.21853811199704692,0.43647840858329234,2025-02-04,3,6,REG,0,0.4519505233111323,away,0.4299905598721952,0.2250889550504684,0.3449204850773364,0.43390134506985295,0.22117797942541392,0.344920675504652,"(0.217, 0.226]"
b4cbeb2650f483a47065c7f9684bb547,True,-0.12886429081085582,0.981030279251885,0.31164209399652,0.2163367184121454,0.4720211875913346,2025-03-29,1,5,REG,0,0.4116032928263426,away,0.46095982936366864,0.22774262353359404,0.31129754710273727,0.4663709781070408,0.22376871249176794,0.3098603094010818,"(0.215, 0.217]"
b5031b0659e54dc98be3313fb31a3d20,True,-0.07707156400016826,0.88684435898196,0.35411591383948443,0.22099442921811152,0.42488965694240405,2025-04-03,2,4,REG,0,0.462147431247798,away,0.4431296438451399,0.2268151731529626,0.33005518300189735,0.4478763578839641,0.22273413236257394,0.32938950975337083,"(0.217, 0.226]"
b534f2a53c05db69116764b3097973a9,True,0.05597140805323522,0.8836370595137876,0.4662827646533012,0.21989951468531954,0.3138177206613793,2025-03-12,3,4,SO,0,0.5816746508332771,draw,0.33769427789743295,0.22834565457826417,0.43396006752430294,0.3374079387211078,0.22453267596620777,0.4380593853125987,"(0.217, 0.226]"
b53f130dfecfa7138241f85360af55a3,True,-0.3023666978597028,0.9816859858092084,0.1879835606069985,0.17806307600437982,0.6339533633886216,2024-10-29,4,2,REG,1,0.26205285258737726,home,0.619770308759873,0.18502753062329272,0.19520216061683426,0.6331453523235968,0.17828158575862726,0.18857306191777595,"(0.145, 0.2]"
b609b2ea2fae8c239ee0668d3e321172,True,0.1245662325693295,0.990952539645673,0.5361032682625357,0.2013448789096762,0.2625518528277881,2024-10-31,4,1,REG,1,0.648330451760112,home,0.26468748236897405,0.20875134775069412,0.5265611698803319,0.26102698359124377,0.2037232014470543,0.5352498149614283,"(0.2, 0.209]"
b76d81f287af564a1d6864bb7486b2a3,True,0.19258791378500353,0.9857035518710172,0.6001561456967621,0.1848898807332859,0.214953973569952,2025-01-02,3,4,OT,0,0.7050938337801608,draw,0.23366040068632488,0.20917197441352225,0.5571676249001528,0.2287724338906613,0.20376978558206246,0.567457780527637,"(0.145, 0.2]"
b851fea35190a681f95141e56cf7e2a5,True,0.09178003780429128,1.0506543553280128,0.5159296058354338,0.20089791170660304,0.2831724824579632,2024-11-27,4,3,REG,1,0.6252015045674368,home,0.2852491074757581,0.2148961885916025,0.49985470393263937,0.2825428417407581,0.2102872998765274,0.507169858382544,"(0.2, 0.209]"
b8d62b22e0f64266e7d9325de7693db6,True,-0.033143068394340724,1.0046494749202433,0.394742371962993,0.21643199064122462,0.3888256373957824,2024-11-19,2,5,REG,0,0.5046466242274987,away,0.38748397918837574,0.2170261742846458,0.39548984652697855,0.38942789385209625,0.21274870529469833,0.3978234008531391,"(0.215, 0.217]"
ba4d0432ae6c3a77d778513993476a19,True,0.29019519458216814,0.981950902970654,0.6866391728206195,0.15982928603635874,0.15353154114302175,2025-01-28,1,4,REG,0,0.7811534500514932,away,0.1850857965460683,0.19022706867234798,0.6246871347815838,0.17829511847213325,0.18349062756585868,0.638214253962008,"(0.145, 0.2]"
baabc477773df33dbfe008b4afade874,True,-0.19725048064915862,0.9502405025526315,0.25957515474889237,0.20385659807724643,0.5365682471738612,2024-12-10,1,2,SO,0,0.35166954823988805,draw,0.5267365633344004,0.20701681312225492,0.26624662354334455,0.535356929389869,0.20198945494372164,0.2626536156661398,"(0.2, 0.209]"
bad8a89fefa407ab22842fd156b2f70e,True,-0.1471122068467742,0.9821443369748518,0.29786059734757364,0.21229661402365074,0.4898427886287755,2025-03-07,4,3,OT,1,0.3951262751461066,draw,0.48423389009963896,0.21794840864555942,0.29781770125480167,0.4906984417108441,0.2135925585007287,0.29570899978829135,"(0.209, 0.215]"
baf9e15a19ff2802ffe9db9744c001a3,True,0.14205013618703052,0.9401333067095634,0.5485937488593855,0.20351351721596111,0.24789273392465327,2025-01-04,0,4,REG,0,0.6629225583423973,away,0.24820492977919348,0.21578176327650603,0.5360133069443005,0.24398152983569252,0.2107952348675083,0.5452232352964416,"(0.2, 0.209]"
bafb36812aafc06a4d5a8edee71c5673,True,0.05291185835752237,0.9632090008541958,0.46807624574227374,0.21317147139407283,0.31875228286365337,2025-01-04,6,4,REG,1,0.5827163817472069,home,0.3362445414847161,0.2281659388646288,0.43558951965065495,0.33588598458837743,0.22426752200028727,0.4398464934112488,"(0.209, 0.215]"
bb18097194a720326fcd90871d249fbe,True,0.2920208041898474,0.9485101600480282,0.6827985401188865,0.16472649264490022,0.15247496723621315,2025-01-30,3,2,REG,1,0.7816192653689182,home,0.16063475640106958,0.1718619167946927,0.6675033268042377,0.15278355774075283,0.1640314985699434,0.6831849436893038,"(0.145, 0.2]"
bb7c109d21d9d53a657ea88bd22db4c4,True,-0.09232009839443818,1.018744805325116,0.3433908057238041,0.21513177122329108,0.4414774230529048,2024-10-12,0,2,REG,0,0.4479937670432411,away,0.43192624587129325,0.22561794490218137,0.3424558092265253,0.4359321357618013,0.2217159439502511,0.3423519202878651,"(0.209, 0.215]"
bb8f7a8c38b7e03d38305a618a3fd115,True,-0.171310678787218,1.001956769576742,0.27892013528307347,0.20628795394297447,0.514791910773952,2024-11-17,0,2,REG,0,0.37343291544411844,away,0.506722898031949,0.21034080197128208,0.28293629999676884,0.5142208119412138,0.20565352072271245,0.2801256673358899,"(0.2, 0.209]"
bbbc92bd92e17ea6d5f913b3230cac01,True,0.08730583749570225,0.9484462763148129,0.49831311554005825,0.21101003887740244,0.2906768455825393,2025-01-23,6,2,REG,1,0.6134020618556701,home,0.2896967753835271,0.2214541169790935,0.4888491076373793,0.2872876577356585,0.21714626013361732,0.49556608213057357,"(0.209, 0.215]"
bbbdad8ca7da439e69cf021aeed1ad5e,True,-0.0256619743337034,1.0111224027071193,0.4014269892248472,0.21636887747876105,0.3822041332963918,2024-11-06,1,4,REG,0,0.5116279069767442,away,0.382929812410663,0.22472406831611677,0.3923461192732203,0.3847114886179189,0.2207094374008339,0.394579073981177,"(0.215, 0.217]"
bbd87994921c6323c8a6b71a959e7456,True,0.03517981144420602,0.9742253944518144,0.45338005694061584,0.2137037219907844,0.33291622106859964,2025-01-17,3,2,REG,1,0.5679213219076544,home,0.32770287312007723,0.2251511504730884,0.44714597640683446,0.32690740889460007,0.22097648088091218,0.45211611022439485,"(0.209, 0.215]"
bc3d72f16efb9a257463019fef1f07c2,True,-0.03282214968214613,1.0157328105709234,0.3952957233453292,0.21616804246239393,0.3885362341922769,2024-10-09,8,4,REG,1,0.5046466242274987,home,0.3784864684881333,0.22745148818883074,0.394062043323036,0.38006972150935225,0.22354563782433887,0.3963846406662371,"(0.215, 0.217]"
bc475b52f664d5f0b3bfcffecff4fceb,True,-0.22120560590797195,0.9707922694561943,0.2420231901122871,0.19725622823086544,0.5607205816568475,2024-11-27,3,4,REG,0,0.32886673747855216,away,0.5625666736337503,0.2075195643853539,0.2299137619808957,0.5729339509883673,0.20211266093378769,0.2249533880781208,"(0.145, 0.2]"
bcc04f35f5e75688584e294ce3165534,True,-0.051013042086774915,0.9379169288784504,0.37338592840215445,0.22052753568703976,0.40608653591080573,2025-01-01,3,0,REG,1,0.4837531945965681,home,0.40095386103307873,0.22761988785488316,0.371426251112038,0.4035604555911286,0.22378281060172675,0.37265673380714454,"(0.217, 0.226]"
bcdffe9539be1d88d947191a2c77bf3b,True,0.07156133662005443,0.9303344506578937,0.4821924486847568,0.2154172777252364,0.3023902735900068,2024-11-23,3,1,REG,1,0.5980932797457705,home,0.302186208664085,0.2259269531757428,0.47188683816017213,0.30030197336385456,0.22174891123964469,0.4779491153963777,"(0.215, 0.217]"
bd3289f06af71cba049131fa712db898,True,0.08516158875131398,1.0767990587599898,0.511310275950495,0.20024722248548504,0.28844250156401985,2024-11-02,3,1,REG,1,0.6191482263983098,home,0.2906970930290697,0.20899791002089982,0.5003049969500305,0.288198357549623,0.20434758881939402,0.5074540536308223,"(0.2, 0.209]"
bd50fcc55e7ab88050b5078672259d76,True,0.02402329375979627,0.9470698222989518,0.43957104891748444,0.21900583598791257,0.3414231150946029,2025-02-08,2,3,OT,0,0.5547708605204574,draw,0.33990903492756286,0.22239987900132882,0.4376910860711084,0.33965879231887325,0.21835339330861822,0.44198781437242496,"(0.217, 0.226]"
bdb2f3079bad25c28ded05435f19464d,True,-0.16741602576654177,1.039246450335596,0.2808181922715216,0.2055794454389287,0.5136023622895497,2025-01-04,2,4,REG,0,0.37755908731565024,away,0.5125329871882479,0.22129650014152683,0.26617051267022535,0.5205455359926531,0.21670646756460457,0.26274799644251545,"(0.2, 0.209]"
bdbc4f47f08c5be9c1754ca9b5431ac0,True,0.026091245580357397,1.0013841073313237,0.44759938234791996,0.21331002298145016,0.33909059467062985,2025-03-18,7,1,REG,1,0.5605012156349355,home,0.33166155319488544,0.21833756007590402,0.4500008867292107,0.3310013072026886,0.21412669747223595,0.454871995324986,"(0.209, 0.215]"
be09f150bec356f99e9ee2550d2fe311,True,-0.05840600490387316,0.9879128009624102,0.3724047464304867,0.21680239995967854,0.4107928536098348,2024-11-23,2,4,REG,0,0.4804454222980557,away,0.4025376644184304,0.22756286017003907,0.3698994754115307,0.4052348837280639,0.22369890356934233,0.3710662127025937,"(0.215, 0.217]"
be38e34d0c92456c6d164055cec8b006,True,0.08880925444878905,1.0601257499193164,0.5136899655457481,0.20078241845616324,0.28552761599808874,2024-11-08,2,4,REG,0,0.6224409126843496,away,0.28495672478552,0.2113586303044917,0.5036846449099883,0.2821207443503242,0.20651435346120742,0.5113649021882917,"(0.2, 0.209]"
bee37681a266d59f7455f7a4fc9a1a9b,True,0.05776983151358445,1.0480187686269606,0.4822311001986046,0.20632756890972617,0.31144133089166914,2024-10-29,0,2,REG,0,0.5916792592354435,away,0.31082529474812437,0.21757770632368706,0.4715969989281887,0.30919533808112803,0.21311009984303642,0.4776945620757219,"(0.2, 0.209]"
bf06ea7607f8d5ad2dd3ca6f820efc90,True,0.06321581324630805,1.019243645814488,0.48424861518825824,0.20735489647340877,0.308396488338333,2024-11-21,2,3,REG,0,0.5955112768937786,away,0.3045489992201716,0.2205354821939174,0.47491551858591113,0.3027707213601712,0.21634511902785497,0.48088415961185177,"(0.2, 0.209]"
bf235368930542fc5fdc03f85f1e3915,True,0.12076588383015695,0.9794014049636475,0.5301693283540676,0.203016057517458,0.2668146141284744,2025-02-25,1,3,REG,0,0.6430392656807751,away,0.2698892091596278,0.21150258112950965,0.5186082097108626,0.2664750921934638,0.20660783270535962,0.5269170751009398,"(0.2, 0.209]"
bf5f3ae9ab7c17861fe7fa7248b16c5e,True,-0.1250276811199193,0.991669647139643,0.31461637759614247,0.21644673068216125,0.46893689172169617,2025-04-01,3,2,OT,1,0.4155887507302011,draw,0.4691965036140528,0.220036981005211,0.31076651538073624,0.4752131820233209,0.21563080557341885,0.30915601240314733,"(0.215, 0.217]"
bf654a8c9c068b3184086265085346d8,True,-0.11612138527595821,1.0333900124610609,0.32273134236917506,0.21380790789485155,0.46346074973597345,2024-10-12,3,0,REG,1,0.4259645555419215,home,0.45461117203781604,0.21800672113631633,0.3273821068258676,0.459609382831137,0.21384550675620087,0.32654511041256884,"(0.209, 0.215]"
bf74012278f2195feb2ecbc8980ae9b3,True,-0.22447407797105098,1.0463795449511166,0.23477857713069328,0.19416655753661194,0.5710548653326948,2025-01-08,3,1,REG,1,0.3223657136138275,home,0.5520180955592074,0.2114599898584161,0.23652191458237648,0.562072770157526,0.20616070035313325,0.23176652948977272,"(0.145, 0.2]"
bf94478e26c7827ea5b390db7d55e8d8,True,0.10190739399217064,1.0022992142728329,0.517779077987903,0.20317040075589968,0.27905052125619734,2024-11-05,6,3,REG,1,0.6297217024951263,home,0.27964242621092206,0.21362439240611641,0.5067331813829614,0.27674267095688765,0.20901608551198456,0.5142412435309376,"(0.2, 0.209]"
bfb094657d2eb6d6432dbefc1f9302c1,True,-0.06187539820940127,1.007547776709804,0.3697723659045692,0.2160507619160102,0.4141768721794207,2024-11-15,2,4,REG,0,0.4769828064337216,away,0.40939220885172345,0.2207322047725882,0.36987558637568835,0.41237030195005664,0.2166474058256518,0.3709822922242212,"(0.215, 0.217]"
c02bb2d4d51ba290b2d89dc0316436f9,True,-0.24968130042843048,0.9616845200767924,0.220861285171908,0.1928004588645101,0.5863382559635819,2024-11-07,2,5,REG,0,0.3043478260869565,away,0.5653122364096448,0.21192260583203254,0.22276515775832256,0.5760544998889562,0.20644294371949867,0.21750255639174818,"(0.145, 0.2]"
c047bb93eb8b8918fdfa06a485471ae5,True,-0.012464186540925177,1.0164863906888424,0.41309113483362825,0.21645756966567747,0.3704512955006942,2024-11-10,4,2,REG,1,0.5240193918025562,home,0.39431392690281325,0.22545478644090258,0.38023128665628414,0.3965976325128566,0.22154716593612042,0.38185520155102276,"(0.215, 0.217]"
c083803811051dbc47aaa4c192125cd1,True,0.14848250657225986,0.99375323566283,0.5594750998032855,0.19518001580997013,0.24534488438674448,2024-11-12,3,1,REG,1,0.6690111708729831,home,0.24755368090011792,0.20558642598357435,0.5468598931163078,0.24314623048395864,0.20024686095693964,0.5566069085586689,"(0.145, 0.2]"
c0adb60704b43de5c282d0b3ac84077f,True,0.17833095106112742,0.9851436006090303,0.5863740300530672,0.18851379279255917,0.2251121771543737,2025-03-08,4,0,REG,1,0.6929176364392605,home,0.22987878812021229,0.19805672447547215,0.5720644874043154,0.22474036085991275,0.19232288737750194,0.5829367517626891,"(0.145, 0.2]"
c0b6a495b589ebb5fec6dc1840711e89,True,-0.09588953222742752,0.9699416707902454,0.33889475744338093,0.2173830359754137,0.4437222065812053,2024-12-12,1,7,REG,0,0.4433028919330289,away,0.44333312879671105,0.22531754310609317,0.33134932809719586,0.4480294224201189,0.22123649173190083,0.33073408584789044,"(0.215, 0.217]"
c136ac7063d55c7b38c6d040c2144398,True,0.18542410075934868,1.0444535032129871,0.6025578763708518,0.18217426885602542,0.21526785477312277,2024-11-07,5,1,REG,1,0.706780205655527,home,0.21539278273647122,0.2005225697023634,0.5840846475611653,0.2097598545689703,0.19463498496559362,0.5956051604654361,"(0.145, 0.2]"
c153792d3457562122fba5c3b99a645c,True,-0.16838944804815084,0.9087522922812484,0.28064116640904657,0.21144215375458703,0.5079166798363663,2024-11-12,2,3,REG,0,0.3794411866160745,away,0.4879823261321329,0.2262874943875139,0.28573017948035334,0.4949707796456653,0.22192645655758111,0.2831027637965983,"(0.209, 0.215]"
c1c86627576754e0acb6110b6382a54a,True,0.09208934761907352,1.0006624952498804,0.508405949509197,0.2046112675637317,0.2869827829270713,2024-10-08,5,2,REG,1,0.6205588133839256,home,0.2818134451337728,0.21629022877084145,0.5018963260953858,0.27896262852435333,0.2116670152996737,0.5093703561757937,"(0.2, 0.209]"
c1eceeb01632dca8766a1f319b3e0c74,True,-0.14039775567567292,0.9852685627651008,0.3029143763863984,0.2135744944704121,0.48351112914318956,2025-04-01,1,4,REG,0,0.401320172924059,away,0.4765023555095944,0.22325634838561412,0.30024129610479144,0.48280697821695684,0.2189584454888244,0.2982345762940907,"(0.209, 0.215]"
c210b0d7e5923a981992d6eb5f90d593,True,0.09656942258913022,0.9526965704244339,0.5071257922998991,0.20931407333273655,0.2835601343673643,2025-01-11,0,3,REG,0,0.6219592373438527,away,0.2803524430712896,0.2174161803410001,0.5022313765877103,0.2775030876585904,0.21289268801900202,0.509604224322226,"(0.209, 0.215]"
c261cb807bb130c9d72a06aa97cefd4a,True,0.037013798982084796,0.8440895438205264,0.44870509795272234,0.22385721837549696,0.3274376836717807,2025-03-20,4,3,OT,1,0.5642421122306391,draw,0.3315627610712449,0.23089551313154155,0.43754172579721357,0.3310217819908911,0.22706188464037463,0.4419163333686444,"(0.217, 0.226]"
c2bbf481c2b4f0d9232239ca5560c325,True,-0.020973848965522353,0.9381955421835034,0.39838353118255954,0.22216553252415933,0.3794509362932812,2024-11-19,6,3,REG,1,0.5116279069767442,home,0.36989947541153056,0.22756286017003902,0.40253766441843036,0.3710662127025937,0.22369890356934233,0.4052348837280639,"(0.217, 0.226]"
c33b7be13cd8d97fa3ecaf9853b464cf,True,-0.04768763925020095,1.0012489857330835,0.3819994544733959,0.21640098474937694,0.40159956077722725,2024-11-16,4,0,REG,1,0.49070156678599663,home,0.40595576406039663,0.22125995454562036,0.3727842813939829,0.40876759424656467,0.21720322029060612,0.37402918546275893,"(0.215, 0.217]"
c364ceffb852d45e5971d437bbaad834,True,-0.08980829470927275,0.9970070349673382,0.34527936745112986,0.2162906756678385,0.4384299568810316,2025-01-25,2,0,REG,1,0.4499636492248442,home,0.42790521437523676,0.22606313212276657,0.34603165350199655,0.431760107017771,0.22214918079696738,0.34609071218518095,"(0.215, 0.217]"
c3a1b87a1fe9bac036ac2d28cb331efe,True,-0.1147663792784863,1.0014917736277547,0.3236186525118495,0.2158624053358092,0.4605189421523411,2025-01-07,2,3,OT,0,0.4259645555419215,draw,0.4540915919934623,0.2243871801185493,0.3215212278879884,0.4592436658222919,0.2202866556079178,0.32046967856969144,"(0.215, 0.217]"
c3a675dafb706c2bf60ddadce820b833,True,0.08687692722790967,1.0049805674738257,0.5043377594578996,0.20497132179076963,0.29069091875133085,2025-03-29,3,2,OT,1,0.6162961291050671,draw,0.2893956789879069,0.21770447669317544,0.49289984431891765,0.2868640238026606,0.21315791253248806,0.4999780636646956,"(0.2, 0.209]"
c3b363dd150016ed9ab0f80182b5840b,True,-0.12745255233979466,0.9892960407253619,0.31275141371891096,0.21609319945593153,0.47115538682515756,2025-01-23,2,4,REG,0,0.4132639620653319,away,0.4610100036157648,0.22562371941665665,0.3133662769675787,0.4663991745032982,0.22160211332979293,0.3119987121668013,"(0.215, 0.217]"
c43e687221dc588b838480fd84a40729,True,-0.19454752978492554,0.9431148008923623,0.2614241267896608,0.20488668077789143,0.5336891924324477,2025-03-14,2,4,REG,0,0.35449101796407184,away,0.5201552710639218,0.21319833872283672,0.2666463902132415,0.528729735049672,0.2082230437853184,0.26304722116476026,"(0.2, 0.209]"
c4a19cb2dec774ca49d550963543c7bb,True,0.0027564380965234133,0.9513857169376599,0.42057415196795767,0.22097605335449091,0.3584497946775515,2025-03-06,5,3,REG,1,0.5357590966122961,home,0.35371791061751773,0.2276901514901361,0.4185919378923463,0.35413657784503916,0.2238547709046546,0.4220086512502289,"(0.217, 0.226]"
c4c6a94554b841f2afe432bb45f766fc,True,0.015508713932078496,0.9038872227410348,0.42903317441743605,0.22370494392426152,0.34726188165830235,2025-01-22,2,1,REG,1,0.5440238883060287,home,0.352144007024733,0.22590370261963996,0.4219522903556271,0.3524816252405654,0.22193362408579173,0.42558475067356516,"(0.217, 0.226]"
c4cf4528f37a9bb8daa6c9e8d6c4518b,True,0.11891569660479545,1.0512699229515774,0.5427047966988454,0.19673447233297103,0.26056073096818344,2024-10-26,4,3,REG,1,0.6519133241124943,home,0.2605315403403642,0.21258449411364527,0.5268839655459905,0.2568159453088183,0.207713203273339,0.5354708514175588,"(0.145, 0.2]"
c5428ee89f935869b82e0ad7edf279fc,True,0.017860713203670994,0.9308140093476058,0.431458159862095,0.2221798948850566,0.34636194525284836,2024-12-21,3,6,REG,0,0.5468998410174881,away,0.3479344795109971,0.23055899244704622,0.42150652804195676,0.34812724947537504,0.22663261145593858,0.42524013906860614,"(0.217, 0.226]"
c54fd63008cbc54a01d61a56020babc3,True,0.05719917333517697,1.0753327873843852,0.48369003864788596,0.20395738363086463,0.3123525777212494,2024-12-08,0,4,REG,0,0.5916792592354435,away,0.30803141310450466,0.21772220335341125,0.4742463835420839,0.3063072776792904,0.21331323327036839,0.48037948905022343,"(0.2, 0.209]"
c56564be1baf962a95ff5dfadd767a83,True,0.04082641033690559,0.9484531875110408,0.45531156112705856,0.21673309153354622,0.32795534733939524,2025-02-26,5,1,REG,1,0.5704635785196143,home,0.3085372568425601,0.22109467022588986,0.47036807293155,0.30694203716652696,0.21696964740876404,0.47608831542459346,"(0.215, 0.217]"
c5efd04a39cd712c74377f53834b6aa7,True,0.1918835947907814,0.9093799710349013,0.590170724106803,0.19625131299578824,0.21357796289740866,2025-03-25,1,3,REG,0,0.7031662269129288,away,0.21804370252274216,0.20632092281721837,0.5756353746600394,0.21272921891272917,0.2007962644761323,0.5864745166111386,"(0.145, 0.2]"
c6a47beb2560f832b3633c106f58c37a,True,-0.04155527637683926,0.942650155721563,0.38187338178627656,0.2206037092355272,0.3975229089781963,2024-11-07,2,4,REG,0,0.4930284439486894,away,0.3980105367866485,0.2272998563165457,0.37468960689680586,0.4004183091442992,0.22354592068117454,0.3760357701745261,"(0.217, 0.226]"
c76f2eddbd210adf55906792b0967e86,True,-0.05651002451202224,0.9699265739452543,0.37267598599867346,0.21783625714865987,0.4094877568526667,2024-11-29,4,3,REG,1,0.4814756210583422,home,0.38940083693086125,0.22433865546836504,0.3862605076007737,0.39145795132297445,0.22037273079695852,0.3881693178799971,"(0.217, 0.226]"
c77303dd04fcf712292055c545a80afb,True,0.08953389500047529,0.9764025347328272,0.5021936355458303,0.20703967341562235,0.2907666910385473,2024-12-28,4,2,REG,1,0.6157881305469703,home,0.29231088121955584,0.21889947269409663,0.48878964608634745,0.28997222304771336,0.21451409264756172,0.49551368430457776,"(0.2, 0.209]"
c789c5f0559852ac4d27d29e8b47707c,True,0.10778894862532455,1.0299325174602763,0.5288756435021512,0.19983228227107147,0.2712920742267773,2024-10-26,4,3,OT,1,0.6392711044998141,draw,0.27672136366339667,0.20502268057288062,0.5182559557637229,0.2734422554811295,0.19989980347687827,0.526657941041772,"(0.145, 0.2]"
c79540c26d0f4c594b5ec9c66f194bfa,True,0.01300072083973754,0.9288313255465644,0.4265588786816929,0.22309435384888276,0.3503467674694243,2025-01-21,5,0,REG,1,0.5419847328244275,home,0.3524189058516717,0.2271515222551059,0.42042957189322233,0.35277426279836305,0.2232963169515639,0.42392942024999514,"(0.217, 0.226]"
c80728069ac25427e133aae7eae58d7b,True,-0.07396182309004501,0.9650208082411744,0.35718599131554307,0.21788294922199763,0.4249310594624593,2024-10-15,4,2,REG,1,0.46424090338770396,home,0.42240027996704554,0.2250818393251628,0.3525178807077917,0.4259554544050817,0.2211881232698836,0.35285642232495723,"(0.217, 0.226]"
c82f22cb23af81e77b1e5c3e48852656,True,0.046039624780995686,0.9338794527639902,0.4584553495557748,0.2181614891692896,0.32338316127493555,2025-03-03,5,4,SO,1,0.5740354444580784,draw,0.33615854913672616,0.22436811827626923,0.4394733325870045,0.3357560846243913,0.22032088751876402,0.4439230278567583,"(0.217, 0.226]"
c83d30d9113aacf0bdf2f4cf5808d6d6,True,-0.03324766554907048,1.0009908976367945,0.39456116755450193,0.2165198790451271,0.38891895340037097,2024-11-20,3,0,REG,1,0.5046466242274987,home,0.3862605076007737,0.22433865546836504,0.38940083693086125,0.3881693178799971,0.22037273079695852,0.39145795132297445,"(0.215, 0.217]"
c8b4d72d4f0d72ad0598434e53050f5a,True,-0.11543247043739503,0.9531847737437491,0.3209461390074806,0.21704477995243449,0.4620090810400848,2025-01-14,6,2,REG,1,0.42420027816411693,home,0.42625383321792454,0.22999307547729744,0.3437530913047779,0.4299989945801014,0.2262537878051878,0.34374721761462834,"(0.215, 0.217]"
c8b7af6890d55e1df8f060e7b0f00af8,True,0.18993590802062063,1.0087391346278918,0.6012708816022851,0.18372559174086114,0.21500352665685374,2024-10-10,3,2,REG,1,0.7059393782718283,home,0.21577322595079315,0.20042533958609238,0.5838014344631146,0.21008444256614422,0.1944701484231303,0.5954454090107255,"(0.145, 0.2]"
c8be79daf44535c58b12495ab8310a5c,True,-0.023312142583400593,0.9627089640304503,0.4000829857387607,0.21908656641516364,0.38083044784607567,2025-01-18,4,2,REG,1,0.5127020785219399,home,0.37580871700158147,0.2265513542208115,0.3976399287776069,0.37723145898470467,0.22268786530797438,0.40008067570732114,"(0.217, 0.226]"
c8fa1c80d495a223a143ce9cbea4376d,True,0.002700250834924896,0.9458887899533464,0.41961416142722596,0.22181785243529079,0.3585679861374833,2024-12-31,4,2,REG,1,0.534834771627026,home,0.35759318175184607,0.22391348763900643,0.41849333060914734,0.35815552823545455,0.21994446499131654,0.42190000677315387,"(0.217, 0.226]"
c92efebbc42fbb72f3a87d781278ac04,True,0.024683550351099027,0.9736035196430506,0.44389409600649155,0.2150263835021829,0.3410795204913256,2024-10-22,4,0,REG,1,0.5586071603727317,home,0.32745781951025016,0.22628571018043225,0.4462564703093176,0.3267146221707417,0.22240831470720515,0.45087706312195996,"(0.209, 0.215]"
c94762e0677328a4550df6494bce2e4f,True,-0.16426819905854756,1.0277616350453322,0.28366524566707535,0.2066322451568245,0.5097025091761002,2024-12-03,5,4,OT,1,0.380359612724758,draw,0.48799529436928507,0.21656595903962358,0.29543874659109143,0.49493997838382786,0.21194894574530104,0.2931110758707284,"(0.2, 0.209]"
c9a4220dcc8b92a45a4c99e63308f6ee,True,0.21600993787739847,0.9943182349589799,0.6237541450286659,0.1784208652104305,0.19782498976090362,2024-11-05,6,4,REG,1,0.7259511720108507,home,0.19796670691293963,0.19356744675931872,0.6084658463277417,0.19155452829251704,0.1870958959958448,0.6213495757116381,"(0.145, 0.2]"
ca366a9171873f7569fbc81f074088cf,True,0.12005361763942225,0.8901167950328228,0.5233868491590459,0.213908989768828,0.26270416107212624,2025-03-13,6,3,REG,1,0.6405357494583416,home,0.26563416764980574,0.22352898489878759,0.5108368474514068,0.2622824718405022,0.21909367312539438,0.5186238550338812,"(0.209, 0.215]"
ca4df83f24c2cabfd129e0944f3144cc,True,-0.032239709455911335,0.9957868907560754,0.3953092714350889,0.21665151478955663,0.38803921377535444,2024-11-21,4,2,REG,1,0.5057672787671864,home,0.3744390916862656,0.22448807370417798,0.40107283460955645,0.3757725058487162,0.22058424369115284,0.40364325046013094,"(0.215, 0.217]"
caa7be3b25d9a0d00392ca553518d37f,True,-0.13247290044285934,1.0045451247577073,0.3089410981811128,0.21405873855194918,0.47700016326693806,2024-12-12,3,8,REG,0,0.4093341068781022,away,0.46773396684571805,0.2219570907485467,0.31030894240573526,0.47343589520034796,0.21779480828307307,0.3087692965164662,"(0.209, 0.215]"
caf745d6a429849a2d93f08e4cfc4e8b,True,-0.014051614401991215,1.0328517519429818,0.4121666485117859,0.21618681943776247,0.3716465320504517,2024-11-25,8,2,REG,1,0.521797153024911,home,0.3674371114316755,0.22097024443241317,0.41159264413591123,0.36840685750422963,0.21699534623336353,0.41459779626233567,"(0.215, 0.217]"
cb1aaad6017a8813004dea372b770ffe,True,0.105165483313462,1.0001113656819303,0.5203534166846793,0.20293349245783582,0.27671309085748486,2025-01-30,6,2,REG,1,0.6323766526926797,home,0.27386625164496414,0.2218823798049478,0.504251368550088,0.27078854297029714,0.2174199426489827,0.5117915143805246,"(0.2, 0.209]"
cb7e921a7ba7cbd9a065d9dddf5ac422,True,0.03016792351048859,1.010849891841338,0.45211594792739734,0.21246751024241867,0.33541654183018405,2024-10-23,6,3,REG,1,0.5642421122306391,home,0.32600454890068237,0.22820318423047764,0.44579226686884005,0.32519694816129646,0.22428125940538646,0.45052179243322277,"(0.209, 0.215]"
cb9e2241813638b192f6dbfbbd765bde,True,0.021919507279392042,1.0015632844637425,0.4437594786083989,0.21385897099319157,0.3423815503984094,2024-12-10,1,2,OT,0,0.556697108066971,draw,0.3365105409168924,0.2235559537559775,0.4399335053271301,0.3361261656292266,0.21958675829141983,0.44428707607926743,"(0.209, 0.215]"
cc995353625f94810a457c0221da4c76,True,0.16119601236682704,0.9933010704625018,0.5714766867614202,0.19207326096722543,0.2364500522713544,2025-02-23,3,2,REG,1,0.6796484843792343,home,0.2390172512796754,0.20523751127012813,0.5557452374501964,0.23432454670251548,0.1998383738314149,0.5658370794664688,"(0.145, 0.2]"
cc9d3fa63805bf3582bee01993ede180,True,0.06170269989496593,0.9640248878245073,0.47613906516081805,0.2120052643737466,0.31185567046543533,2024-12-19,3,1,REG,1,0.5906658931218978,home,0.30929824561403507,0.22298245614035084,0.46771929824561403,0.3077256809811201,0.21884444582657034,0.473429873192196,"(0.209, 0.215]"
cce4380605c5b947c9236adbadffe342,True,0.2143735297928083,1.0125445818218353,0.6245907537585587,0.17755916116922302,0.19785008507221838,2024-10-26,2,1,REG,1,0.726681428176031,home,0.20304795586336066,0.19091361587152642,0.606038428265113,0.19679145551608376,0.18448954870153178,0.6187189957823845,"(0.145, 0.2]"
ccef89249d1b2a0fc8a9e13e1e0fd2df,True,0.1655299242142037,0.9315045736752788,0.5694302855370531,0.19945416539494493,0.23111554906800194,2025-04-03,5,4,OT,1,0.6829002792370674,draw,0.23662817464571997,0.20433776275376672,0.5590340626005134,0.23181624572754725,0.1988620272240018,0.5693217270487991,"(0.145, 0.2]"
cd2ab76f2b9c133631c0c8933555c9ce,True,0.30042129144196605,0.9530494846087585,0.6902623040786473,0.16151071225724856,0.14822698366410417,2024-12-12,3,2,REG,1,0.7873619567541832,home,0.15469431552790078,0.17250085544478147,0.6728048290273178,0.1467332714120684,0.16455024491399162,0.68871648367394,"(0.145, 0.2]"
cd732af52a4c55b1a1c53806fad68578,True,-0.08548658517683916,0.9845198070242779,0.34885165851731126,0.21693203896917015,0.4342163025135186,2024-10-30,2,0,REG,1,0.453954604539546,home,0.4294959831571624,0.22222181959175685,0.3482821972510808,0.4334756863709373,0.21811705592366656,0.34840725770531755,"(0.215, 0.217]"
cdd01cc3a2eed7f63c8b8a78ca9791cf,True,0.1289729676778021,0.9663798219473259,0.5373910576261117,0.20316948795939468,0.2594394544144935,2024-12-12,1,4,REG,0,0.6507269752491907,away,0.2455694819225352,0.207748585574379,0.5466819325030857,0.241082936919476,0.20241398030363097,0.556503082776454,"(0.2, 0.209]"
ceafe7e6aa4e23e870c9cb2b73935e18,True,0.07151202729705443,0.9812457344861736,0.4865920238059883,0.2085747374139311,0.3048332387800806,2024-12-28,6,3,REG,1,0.6002460024600246,home,0.30010041710984786,0.214165622053784,0.4857339608363681,0.29795175507786636,0.2095137087911711,0.4925345361308283,"(0.2, 0.209]"
ced257bd481c4a96cbafbf39c9ff93ec,True,0.21496189160624687,1.0160866010351615,0.6256000320460873,0.17717269411798733,0.19722727383592545,2025-01-27,4,2,REG,1,0.7275765290367737,home,0.20225668076783448,0.19021759262689197,0.6075257266052736,0.19600997900710374,0.1838087410459907,0.6201812799469056,"(0.145, 0.2]"
cf2c75904e9a02a343cd1ab44f241525,True,-0.2158216310219406,0.9696483921735374,0.24604273631474088,0.19848740484496852,0.5554698588402907,2025-01-15,3,5,REG,0,0.33378401216832854,away,0.5416610592826753,0.2034656926915161,0.2548732480258087,0.5510642071654727,0.1981824693533988,0.2507533234807573,"(0.145, 0.2]"
cf5da4322bb9390dfe5d27a55e8edbd6,True,0.059868368692709374,0.9539699952331998,0.4734766132155631,0.21362161353616033,0.3129017732482765,2024-11-14,3,1,REG,1,0.5883967071736574,home,0.3067917679399683,0.22628612670749437,0.46692210535253725,0.30507839633265105,0.22207114137611428,0.47285046229111855,"(0.209, 0.215]"
cf6bc4c24577249834da4559bc401a0f,True,-0.12376478528351939,0.9876273704760424,0.3156791539777776,0.21673035412680905,0.46759049189541335,2024-11-23,2,4,REG,0,0.41662483686376867,away,0.45810427883253046,0.22060782091243977,0.32128790025502973,0.4635267787488837,0.2163082747851863,0.32016494646583044,"(0.215, 0.217]"
cf95d79582536f04de890357ee6a7165,True,-0.14267810394455777,0.9428088674765366,0.2993109656827355,0.21355866439565335,0.48713036992161124,2025-02-06,3,4,REG,0,0.39975399753997537,away,0.47000895255147723,0.22560429722470907,0.30438675022381384,0.475842879475087,0.22152260458082065,0.30263451594397267,"(0.209, 0.215]"
cfc0696343155390c9edf870630df7a7,True,-0.02276326948526093,0.9943975697037594,0.40351065104213724,0.2167273389348655,0.3797620100229972,2025-01-17,2,5,REG,0,0.5150073206442166,away,0.37881445106980005,0.2218519817607857,0.39933356716941426,0.380333196799622,0.21785430778040718,0.4018124954199014,"(0.215, 0.217]"
d14bbb038f69bc48459bf2313dc22a18,True,0.022050489949808807,0.9306028010598165,0.43538952839185124,0.22167832331807685,0.3429321482900719,2024-12-21,4,5,OT,0,0.5508689709041203,draw,0.3425698747024091,0.22729754719591125,0.4301325781016796,0.3424877328573334,0.2234810308308879,0.4340312363116959,"(0.217, 0.226]"
d161138bce6f855d88b0479dfd613e31,True,0.03218610276993009,1.0065164021426058,0.4536515121010246,0.2123297435381615,0.33401874436081386,2025-03-12,5,4,OT,1,0.5660893345487693,draw,0.32677962699434004,0.22370661380687298,0.449513759198787,0.3259387291128339,0.21953858285834257,0.4545226880287297,"(0.209, 0.215]"
d1631b0d75b0637d453a05d5dc9be98a,True,0.08913315735799562,0.9294320728116097,0.49875767764283163,0.21330051273346257,0.28794180962370575,2025-01-08,2,1,OT,1,0.6148543979079913,draw,0.2908682751626545,0.21898320944739894,0.4901485153899464,0.2883560953418704,0.21438323631981707,0.49726066833816135,"(0.209, 0.215]"
d172475cd20920b7adfc712a44429759,True,-0.1167927697723002,0.9894590065950392,0.32174617817111406,0.21662120067432092,0.461632621154565,2024-12-30,5,2,REG,1,0.42350907519446845,home,0.4562476594682312,0.2254400199725378,0.3183123205592311,0.46151224505717786,0.22135707276585537,0.31713068217686474,"(0.215, 0.217]"
d179064d029fe5f1efce9753ab5dbcef,True,-0.10302917836215485,0.9459091532568853,0.33082068529901065,0.21754907849352786,0.4516302362074615,2024-11-23,1,2,REG,0,0.43575788776936086,away,0.44363281673349947,0.22707272136122247,0.329294461905278,0.4482769777049947,0.22310677363347395,0.3286162486614398,"(0.217, 0.226]"
d17c6ce4147ba6fa457097fb74596e72,True,0.007482341046530467,0.9638852736095094,0.42692672329322,0.21851221368064122,0.35456106302613866,2024-12-30,3,0,REG,1,0.5419847328244275,home,0.3550469355156342,0.2245027461105884,0.4204503183737774,0.3554958546400119,0.22057453455067133,0.4239296108092404,"(0.217, 0.226]"
d18d7b296aa9af7dbc4ec762142b28fc,True,0.02504382424073979,0.9551828247014326,0.44164820938927674,0.2176886584398045,0.34066313217091876,2024-10-10,4,5,OT,0,0.556697108066971,draw,0.337575089236484,0.22664615920369136,0.43577875155982476,0.33726457110228353,0.2227445696608474,0.4399908592367833,"(0.217, 0.226]"
d1e707ee60f15f916dd76d6bb52866e1,True,-0.16467400585672898,0.9731028934259126,0.2843902542503898,0.2088144755723267,0.5067952701772835,2024-11-10,2,1,OT,1,0.3794411866160745,draw,0.5015711706893095,0.21762385505114665,0.28080497425954404,0.5091524670856836,0.21296392995808264,0.27788360295605286,"(0.2, 0.209]"
d224353a5b5ba668ca041478ecc8aefd,True,-0.11735263963150629,0.9631542971246144,0.3200137446242869,0.21707251099916502,0.46291374437654814,2025-01-09,1,6,REG,0,0.4224502112251056,away,0.4564723425406519,0.22292835333380676,0.3205993041255415,0.46167165473694044,0.21882371318103164,0.31950463208192803,"(0.215, 0.217]"
d23b2bec6ff965d4638f2ff7307e9b99,True,-0.016932903848900085,1.0887360702342925,0.4123987686806503,0.20918591615472865,0.3784153151646211,2024-10-30,0,6,REG,0,0.5185243789416578,away,0.37096578165224786,0.22519805097948223,0.4038361673682698,0.37219006629427737,0.2211662134151226,0.4066437202905282,"(0.209, 0.215]"
d26556b9123ebf41f3be5df45840b21f,True,0.0792580892901671,0.929940145249534,0.48944386874287926,0.2144908558459159,0.2960652754112048,2025-01-09,6,3,REG,1,0.6054283493752615,home,0.2975674382148728,0.22334898625918193,0.4790835755259452,0.29546809733594126,0.2190793436518207,0.48545255901210543,"(0.209, 0.215]"
d2e04b2771dc0196eaf4ca53300d4960,True,-0.136787294905412,1.0392306485527794,0.3054969355961286,0.2110843038440634,0.48341876055980804,2024-11-01,2,6,REG,0,0.4066985645933014,away,0.47231004695682954,0.2184030513262788,0.3092869017168916,0.47822606019521047,0.2141135396292381,0.3076604001754361,"(0.209, 0.215]"
d325efac00f33d3926f120e311e77cfe,True,-0.02894637447108092,0.984926458543458,0.3978961410487666,0.21690996798290382,0.3851938909683296,2024-12-08,2,4,REG,0,0.5092984332140034,away,0.3788939388912848,0.22661977905317984,0.3944862820555354,0.38044859436702505,0.22278880411272628,0.39676260152024867,"(0.215, 0.217]"
d34eb2ad0f2436cfa46f29a88923820b,True,0.0628865718513129,1.024009136394165,0.48456556849858523,0.2071296995619496,0.30830473193946517,2024-10-26,3,0,REG,1,0.5955112768937786,home,0.3069253570466181,0.21665319320937754,0.47642144974400435,0.30512298378952596,0.21216094525263646,0.4827160709577174,"(0.2, 0.209]"
d357553f7df30141731681603821b550,True,0.11105734568444757,0.8907809901675449,0.5154562138940348,0.21465657634770863,0.26988720975825664,2025-02-07,4,3,REG,1,0.6323766526926797,home,0.2780134438425896,0.21314364027931867,0.5088429158780918,0.2750392008730333,0.20850294474236855,0.5164578543844012,"(0.209, 0.215]"
d390467a40d1f344ba2950593a1d9eeb,True,-0.09179936791573114,0.9128767959229219,0.3387918389977992,0.21905862827131478,0.442149532730886,2025-03-16,1,3,REG,0,0.4460406650060824,away,0.4259614961657454,0.22928549434759027,0.34475300948666443,0.42975261049090235,0.22546244367129628,0.3447849458377196,"(0.217, 0.226]"
d3ab3a6ea4f5fe3755c84470cf627635,True,0.014937721092033613,0.9812423470121989,0.43619489217698626,0.21519239635168488,0.3486127114713288,2024-12-16,5,6,REG,0,0.5508689709041203,away,0.3420101229211858,0.222704266088214,0.4352856109906001,0.34185263215168954,0.2185801908515271,0.439567176996701,"(0.215, 0.217]"
d3bf508be03c0d9fa45ae6e5de390e9e,True,0.008488661807441993,0.9379689319293639,0.4237309877649007,0.22229418127273043,0.35397483096236887,2025-03-04,3,6,REG,0,0.5390276170001654,away,0.34092177497309817,0.2275511134618541,0.4315271115650477,0.3407645615811143,0.2236181098879338,0.43561732853086826,"(0.217, 0.226]"
d4478a22710e7293b1faeb01c627cf56,True,-0.11997072957945075,1.0356287403898334,0.31937679954795495,0.21357092304073474,0.4670522774113103,2024-10-24,1,5,REG,0,0.4224502112251056,away,0.46332208222394594,0.2169856810415313,0.31969223673452274,0.4687530895688786,0.21273962309333383,0.31850728733768585,"(0.209, 0.215]"
d461de759f13217951b6a8bb7145d36a,True,0.06094145510685231,0.9376526115216687,0.47286270880495207,0.21575380668314587,0.311383484511902,2024-11-27,5,1,REG,1,0.5883967071736574,home,0.3093529237580902,0.22511597738264782,0.46553109885926197,0.30781292628478674,0.22106562402237942,0.47112144969272096,"(0.215, 0.217]"
d47d726497f6a9e91854bebac383b467,True,-0.07072074299807478,0.963981025133739,0.35984018731855005,0.2179992575999391,0.4221605550815108,2025-02-23,0,5,REG,0,0.4672897196261683,away,0.41682256570463344,0.22140690557059048,0.3617705287247762,0.42010295216962273,0.21740298312508383,0.3624940647052204,"(0.217, 0.226]"
d48223d79cf677c9fd1c0d1a4663385d,True,-0.01329541756725705,0.9984932528768732,0.41185516208651946,0.2167097783123168,0.37143505960116374,2024-11-06,3,2,REG,1,0.5240193918025562,home,0.36401303469529195,0.22686120408735014,0.409125761217358,0.36491703830239236,0.22289935184908924,0.4121836098484445,"(0.215, 0.217]"
d4a9d82f5a74007b2def6b90c936a1c7,True,-0.06462294287037064,1.0453386235638014,0.3679040032833077,0.21406170212771858,0.4180342945889737,2024-12-10,3,5,REG,0,0.47377843762281124,away,0.4149412269223579,0.22606467787515253,0.3589940952024895,0.4181798392106553,0.22218286107256188,0.35963729971670744,"(0.209, 0.215]"
d4f7472cc0ac97e8b37c961e5bdce2e5,True,-0.030298104388544314,0.9608376154511404,0.3938656153505682,0.21914377327442883,0.3869906113750031,2024-12-18,6,4,REG,1,0.5057672787671864,home,0.3806411614269845,0.22784221539097416,0.3915166231820412,0.38226026018214154,0.2241093659654903,0.39363037385236815,"(0.217, 0.226]"
d5208605e1ad1687e826840c9beb8044,True,-0.029708516277085692,0.9472180639877403,0.39241681987087623,0.22067655998306646,0.38690662014605726,2025-01-02,2,1,REG,1,0.5046466242274987,home,0.38135281324931686,0.2295433000613394,0.3891038866893436,0.38310452439491116,0.22566940619796388,0.3912260694070528,"(0.217, 0.226]"
d574555773df6b4e740a2958c6b35de1,True,0.09656781214989103,0.9448512885786314,0.5066774550828925,0.21033895253901877,0.2829835923780887,2025-01-20,4,5,SO,0,0.6219592373438527,draw,0.28113896075202816,0.21887759273160187,0.4999834465163701,0.2783314392666923,0.2143944399314964,0.5072741208016343,"(0.209, 0.215]"
d5a66537bd82f00e72e6f7dbaf288e6e,True,-0.09995238101644845,0.9744113088445376,0.33578344460581133,0.21727128899254694,0.4469452664016418,2025-01-07,2,3,REG,0,0.4394987843650645,away,0.4389537619540588,0.2241028573910651,0.33694338065487606,0.4435040518473977,0.219933725388179,0.33656222276433756,"(0.215, 0.217]"
d5eb0bdc852679892d2afda66409a40e,True,0.11040984334816217,1.0298624348356575,0.5314015836808621,0.19943280105836897,0.2691656152607689,2025-01-22,1,5,REG,0,0.6417917746589076,away,0.2676275050010022,0.21578974502333065,0.5165827499756672,0.26418080781366793,0.2110150894698277,0.5248041027162687,"(0.145, 0.2]"
d65b038e377d67afc1ec3d32d7ea6da7,True,0.060425070111768606,0.9168794444942127,0.4705984546953162,0.218377471164703,0.3110240741399808,2025-04-02,0,5,REG,0,0.5867360379346681,away,0.30871712169432985,0.22895288929483798,0.4623299890108321,0.3071115047429649,0.2248241815757042,0.4680643136812186,"(0.217, 0.226]"
d676544d766a410e13222c2f6237f0b0,True,0.22974395458323021,1.0522576535217731,0.6431441211441731,0.17188640261424612,0.1849694762415808,2025-01-04,1,2,SO,0,0.7434736683265429,draw,0.19049653786291654,0.1828621346279523,0.626641327509131,0.1836250087250324,0.17591181213046211,0.6404631791445055,"(0.145, 0.2]"
d697d7e852fa374512c5b2f7c4774b45,True,-0.035197539137584624,1.019298246171224,0.39330835039071477,0.21604305196149792,0.39064859764778725,2024-11-02,2,1,REG,1,0.5022899015342339,home,0.3855835623161785,0.2240920938637555,0.3903243438200659,0.3877214376860958,0.21956057936129358,0.3927179829525415,"(0.215, 0.217]"
d6afcda7ac508371ccc82fb162580ae3,True,0.03641661052772823,0.9528113413419304,0.45178226290433754,0.2166475166976981,0.33157022039796435,2024-12-04,3,2,REG,1,0.5668328047122791,home,0.33296389445415403,0.21893516347670405,0.44810094206914197,0.3323748182377306,0.21479489082003536,0.4528302909421458,"(0.215, 0.217]"
d6b4d2666c45b8c85e2d628ebd4e71ce,True,-0.16826230251754487,0.9623723532216603,0.28131862070344205,0.20849931289623014,0.5101820664003278,2025-01-13,4,3,REG,1,0.37665039500700276,home,0.5060060833418782,0.21475274196924687,0.2792411746888749,0.5137523136635641,0.21001304775213814,0.27623463858410685,"(0.2, 0.209]"
d6baabeda9f34a8194b64baef4950cfb,True,-0.12445290063263204,0.9795923449066316,0.3149983396183111,0.21724084163807522,0.46776081874361364,2025-03-13,4,3,SO,1,0.4155887507302011,draw,0.46700909984463673,0.22316285656911541,0.30982804358624766,0.4729006010996895,0.21887859707857849,0.3082208018216189,"(0.215, 0.217]"
d6db500dc03df53837de7e21d3f2f678,True,0.02672259293884874,0.9258983907652704,0.4391613510735261,0.22177297463038212,0.3390656742960918,2024-12-27,4,2,REG,1,0.5547708605204574,home,0.3389609395782392,0.2289402050134647,0.432098855408296,0.33873680275477175,0.22517085300666032,0.43609234423848287,"(0.217, 0.226]"
d6e95836add14c0d41b625b4cc6834d2,True,-0.12805392255088313,1.0012400075727297,0.31235078252491555,0.2151732123515477,0.4724760051235367,2024-12-01,4,3,SO,1,0.4132639620653319,draw,0.4723076548821724,0.21940149643267964,0.30829084868514794,0.4782292852922022,0.21513760016439964,0.30663311454328157,"(0.215, 0.217]"
d72a2d2a7efe02b1b7ce9d3db5237c00,True,-0.030193772997287125,0.9849645398700275,0.396815207392367,0.21690914275847156,0.38627564984916146,2025-01-11,1,2,REG,0,0.5080764260660882,away,0.3804405520169851,0.22664543524416134,0.3929140127388535,0.3820621108825444,0.22282662949066656,0.39511125962678895,"(0.215, 0.217]"
d7488533cc89531efe63489faa80fc59,True,-0.17464553385646558,0.9776394478288722,0.27706224951616576,0.20650441337060713,0.5164333371132273,2024-12-05,5,7,REG,0,0.3702782975048739,away,0.5056550904873093,0.21877666360940226,0.2755682459032884,0.518217578780181,0.21127274399185636,0.2705096772277521,"(0.2, 0.209]"
d78103e3ed862dd9d65e0723c322797b,True,-0.0322578032053182,0.9671146190137206,0.39308472062807714,0.21841883669206869,0.3884964426798542,2025-03-09,4,1,REG,1,0.5046466242274987,home,0.3777592208041738,0.22899962311279276,0.3932411560830334,0.3792456670355248,0.2253289650872924,0.3954253678771827,"(0.217, 0.226]"
d7eaf962011fc863889ba84f5a4d0581,True,0.06804489334120505,1.0214898533492802,0.48916229021530816,0.2065089689307122,0.30432874085397965,2025-01-04,3,2,OT,1,0.6002460024600246,draw,0.2985766605694829,0.21982364230000928,0.4815996971305078,0.2964928510411286,0.2154731009375484,0.4880340480211899,"(0.2, 0.209]"
d8025fd980e91ec583e12afcc573a54d,True,-0.13739831865347832,0.9968374252460919,0.30514920268019996,0.21352446929071608,0.48132632802908404,2025-01-23,5,1,REG,1,0.4044887231062216,home,0.4722807848986121,0.22141570285085047,0.30630351225053754,0.47821919084200004,0.2171990908423871,0.30458171831549424,"(0.209, 0.215]"
d80360961653670e37e2caec4b5bb05b,True,0.09212199759722697,0.9315511620339355,0.5017200387141464,0.21264063655534823,0.28563932473050535,2025-01-29,5,0,REG,1,0.617727368199958,home,0.28113896075202816,0.21887759273160187,0.4999834465163701,0.2783314392666923,0.2143944399314964,0.5072741208016343,"(0.209, 0.215]"
d82cd215bc91fe923b6054cef532e21a,True,-0.17907643352470584,1.0085600818101386,0.2726531042277476,0.20448579281564255,0.5228611029566099,2025-03-11,3,2,OT,1,0.36630974947487066,draw,0.5127339685152049,0.2102170160769814,0.2770490154078137,0.5206420626490711,0.20540646621740524,0.27395147113331675,"(0.2, 0.209]"
d8bd0da1851ffcaf37cdf000f05c8c9c,True,-0.060594645989304766,1.0094865125775119,0.3709264442250022,0.2159920783125035,0.4130814774624943,2024-11-05,5,1,REG,1,0.4782028469750889,home,0.40115063332108997,0.2198967921186709,0.37895257456023906,0.4036770927071869,0.2158757437187861,0.3804471635739585,"(0.215, 0.217]"
d900e10ef342c7f6d4fc89d80dd160eb,True,-0.11310546890160961,0.8910091156842456,0.32425160343289194,0.21900491714077053,0.45674347942633764,2024-12-19,3,1,REG,1,0.4295364214803857,home,0.450275423501614,0.22461045715654282,0.3251141193418433,0.45512214444417687,0.22063233702065033,0.32424551853507755,"(0.217, 0.226]"
d9604ba40ca31350db2bc23c82e5a8c6,True,-0.10284985357800204,0.9930403834366857,0.33389260773093155,0.216444393053624,0.4496629992154444,2024-10-19,2,1,OT,1,0.43721066940994935,draw,0.44038160476858956,0.22702249792366438,0.33259589730774597,0.44568117107870936,0.22235592329817416,0.331962905623028,"(0.215, 0.217]"
d9ad5ca07c028f69a82c321a4f8d7120,True,-0.10081915469759109,1.0041269261195742,0.33579013941661967,0.21582332923113426,0.44838653135224604,2025-02-02,4,2,REG,1,0.4394987843650645,home,0.441153546375682,0.220576773187841,0.33826968043647704,0.4457475710960292,0.216336326779585,0.33791610212430145,"(0.215, 0.217]"
d9af83bd6e62c3cfa295fdf2fa49c77d,True,-0.1624689296475754,1.0396217278605464,0.2847946907290684,0.20645206192491114,0.5087532473460203,2025-01-27,2,1,REG,1,0.382272631800042,home,0.49698745232436015,0.21557680614670283,0.287435741528937,0.5043985721305142,0.21085805076935077,0.284743377099971,"(0.2, 0.209]"
d9b36762d6c466391b623bcb0a16cc41,True,0.05242608643488591,1.0137811196853546,0.4733451226797515,0.20920567536045848,0.31744920195979004,2024-10-14,2,6,REG,0,0.5850622406639004,away,0.31309904153354634,0.21725239616613418,0.4696485623003195,0.31159544257790406,0.21286976155771695,0.4755347958642687,"(0.209, 0.215]"
d9c27e02b7cead35baa17fd417b67a97,True,0.02013730971594346,0.9114692139110071,0.43270772468220065,0.22333789672850007,0.3439543785892994,2025-01-07,6,4,REG,1,0.5480494766888678,home,0.34102474984908626,0.22925348016170635,0.42972176998920736,0.3408895088768268,0.22540502594909892,0.43370546517399056,"(0.217, 0.226]"
d9f11b3ad9893cd78a6e7d145dd2fc97,True,-0.06297901732624665,0.9880387861920225,0.3684383373232183,0.21679114782631215,0.4147705148504695,2025-03-20,2,3,SO,0,0.47598060819744376,draw,0.40275484936029715,0.22714609987618653,0.37009905076351635,0.4054240202071071,0.22331968500599123,0.37125629478690186,"(0.215, 0.217]"
da012f5d2662c47e7df0f1327cb68f1d,True,-0.08542768206971302,0.8755221927595004,0.3487634259823289,0.22106681385123905,0.43016976016643194,2024-12-10,1,3,REG,0,0.45597611169397145,away,0.4240230479426756,0.23372977764645048,0.3422471744108739,0.4277592100438485,0.2300336330152266,0.34220715694084136,"(0.217, 0.226]"
da996da6af85275f5cc645099fd9296a,True,0.1506793990361309,1.0451271450844029,0.5713616327651735,0.19009912422609487,0.2385392430087317,2025-03-06,3,2,OT,1,0.6786444639205376,draw,0.23763766298031005,0.21047907292541743,0.5518832640942726,0.2328812587969411,0.20512962830128925,0.5619891129022045,"(0.145, 0.2]"
da9ecb29b1bd4fd5fb735f10aa53ecfe,True,0.13024931161708475,0.9641375119443438,0.5385330093425877,0.20314320242258818,0.25832378823482394,2025-01-11,6,0,REG,1,0.6519133241124943,home,0.2634023608732057,0.2116522281630174,0.524945410963777,0.25979004434791453,0.20678338389407647,0.5334265717577388,"(0.2, 0.209]"
dac9ad05ca2e1d7302fbf7be2857e1cf,True,-0.055408509321433506,0.9214046045934801,0.3677293680044596,0.2215383549745119,0.4107322770210286,2024-12-12,5,1,REG,1,0.4782028469750889,home,0.40403524170342303,0.22908218249691695,0.36688257579966,0.40684776961154817,0.22521703522352074,0.3679351951648572,"(0.217, 0.226]"
dadbc3117509cdfba7422beb60db0f1b,True,0.14175285034249654,0.9605263692849945,0.5492517561378376,0.2008327720270223,0.2499154718351401,2024-12-19,3,1,REG,1,0.6618106139438085,home,0.25556189389617795,0.21391899600684539,0.5305191100969766,0.2516297392579339,0.20898887837401864,0.5393813823677359,"(0.2, 0.209]"
dafda5bf92afdc6831baea931b85c174,True,0.185605763881959,1.0021722852666897,0.596151529149688,0.18530451949717253,0.21854395135313953,2024-12-05,8,1,REG,1,0.7014377689561997,home,0.22278914101856415,0.20836752251513027,0.5688433364663057,0.21401616736796503,0.19914588631456506,0.5868379463174698,"(0.145, 0.2]"
db108561439a2fe0890e6c1f0b5eeded,True,0.12880577307520036,0.9633612115203153,0.5371447410248519,0.20359246601394673,0.25926279296120125,2025-03-29,2,1,REG,1,0.6507269752491907,home,0.26095114599524255,0.21667210538519008,0.5223767486195673,0.25720770407901733,0.21180939784592343,0.5309828980747915,"(0.2, 0.209]"
db9750a02597ff73c6c54c68aeedc164,True,0.08704148987117256,1.003625881975853,0.5042586511313609,0.2050522878911202,0.2906890609775189,2025-03-02,4,0,REG,1,0.6162961291050671,home,0.2892522359203594,0.21809223255043042,0.4926555315292102,0.2866886185427931,0.21350304640700976,0.4998083350500413,"(0.2, 0.209]"
dbee39176f0719f4d8c7b7bfc51811ea,True,0.019554131477815605,1.0346205869845349,0.44363698062089524,0.2133934638417219,0.34296955553738284,2024-11-13,2,3,OT,0,0.5539593349939177,draw,0.3412304919598333,0.22093494986339435,0.43783455817677236,0.34102619568899356,0.21687942824585035,0.4420943760650737,"(0.209, 0.215]"
dc5181e581148e1fa8da2b082f168aae,True,-0.16494930746893727,0.9288033341109031,0.2825124785084729,0.21034853809379778,0.5071389833977293,2024-12-12,4,0,REG,1,0.3808517736016902,home,0.4975346815978606,0.21728229984957378,0.2851830185525656,0.5047854978005407,0.2127251032010861,0.28248939899820585,"(0.209, 0.215]"
dd1d5357a1ec91609c78e02c295cd5a3,True,-0.05600451366373916,0.9972535440979265,0.37467930205346883,0.21647681865247706,0.4088438792940541,2025-03-27,6,1,REG,1,0.4827086071703758,home,0.4061869145305351,0.2193595236366277,0.3744535618328372,0.40895613263486263,0.21530270887529251,0.3757411584897758,"(0.215, 0.217]"
dd1ef608c7f97a6e92106f2fd8135c62,True,-0.05734243399772353,0.8917753007488931,0.36954887562996847,0.2218615503769047,0.4085895739931268,2025-04-05,4,1,REG,1,0.4792189179505553,home,0.40107283460955645,0.22448807370417798,0.3744390916862656,0.40364325046013094,0.22058424369115284,0.3757725058487162,"(0.217, 0.226]"
dd6007e03e94d37ed84750734b56ec53,True,0.055183979605275255,0.9434135210741851,0.46806736271191435,0.21567045923375075,0.3162621780543349,2025-01-30,3,0,REG,1,0.5833751631362312,home,0.3113212168716014,0.22093763777984615,0.4677411453485524,0.3098139810835911,0.21674977171945983,0.4734362471968374,"(0.215, 0.217]"
ddf2f7e5e77a0e385cad0cbe970a9fea,True,-0.16816987199082986,0.9644177496770344,0.2814603577486236,0.2084345442544272,0.5101050979969493,2025-01-15,4,2,REG,1,0.37665039500700276,home,0.5021817902864079,0.2116359140279865,0.28618229568560555,0.5095467519536472,0.20696215846095486,0.28349108958522623,"(0.2, 0.209]"
de22bd20e93ccdedbfff5604872390d0,True,-0.09434717658072897,0.9301106130766319,0.3366947540469597,0.21828901126897,0.4450162346840703,2024-12-27,7,4,REG,1,0.4433028919330289,home,0.44363281673349947,0.22707272136122247,0.329294461905278,0.4482769777049947,0.22310677363347395,0.3286162486614398,"(0.217, 0.226]"
de2d035e971a9825e5847bfae7ff6e02,True,0.09008474575031108,0.9316552010676706,0.49980219622386246,0.21288558877490588,0.2873122150012317,2024-12-10,3,4,OT,0,0.6157881305469703,draw,0.29479768786127175,0.21676300578034685,0.48843930635838156,0.2924962053294501,0.21224768339679653,0.49525611127360986,"(0.209, 0.215]"
de54591a52ab0be351078ef4ac07e68f,True,0.05586766952480584,0.9840239814901459,0.4729919516580724,0.21026046499094692,0.31674758335098063,2025-01-09,0,4,REG,0,0.5867360379346681,away,0.317032709949099,0.2226601823363439,0.46030710771455713,0.3157424139697232,0.21840683550702286,0.46585075052314984,"(0.209, 0.215]"
dec13b2e7c2b05607efea4c366bd7e0a,True,-0.13202279461624375,0.8479829437063503,0.31225922784001225,0.22188871152817577,0.465852060631812,2025-01-18,4,2,REG,1,0.41662483686376867,home,0.46365316576015203,0.2237207583038496,0.31262607593599834,0.4690374351113929,0.21972397515654116,0.31123858973195706,"(0.217, 0.226]"
df108406778c6d458f739bd64e4d9361,True,0.058006502377074505,1.0206716656217296,0.479466432326701,0.20804212274392977,0.3124914449293692,2025-02-01,3,4,REG,0,0.5906658931218978,away,0.3180960317654844,0.21711316453834648,0.464790803696169,0.31679024182266424,0.21268571049170423,0.4705240476855279,"(0.2, 0.209]"
df95f0c1a6a41f3a1762993fc45aac5b,True,-0.11989020043255126,0.970672298399103,0.3183537945880355,0.21711695695515584,0.46452924845680865,2025-03-18,2,6,REG,0,0.42003945309842866,away,0.4581286553855867,0.2216409467027491,0.32023039791166424,0.46355121058620685,0.2173756478923511,0.31907314152134164,"(0.215, 0.217]"
dfcec4e256137573270af7e9d9df9039,True,-0.07196338251821188,1.005690465975714,0.36094794382552386,0.2160212139431404,0.4230308422313358,2024-12-02,1,2,REG,0,0.4672897196261683,away,0.41836872273825443,0.22280566862107037,0.35882560864067514,0.4217864872811467,0.21877538693284151,0.3594381257859375,"(0.215, 0.217]"
e0007c71c4be49543066be6a73846b69,True,0.19408673298659956,1.0094661659507387,0.6052591517173954,0.18266659657460535,0.21207425170799926,2024-11-11,4,3,SO,1,0.7094831319135536,draw,0.21552765032600818,0.20149118570393623,0.5829811639700555,0.21000338368780053,0.19572780468875725,0.5942688116234424,"(0.145, 0.2]"
e06e25d8fb8316678dbd5f1efac2ca63,True,0.04160939136306778,0.8921420271538614,0.45344338250800087,0.22099165605043125,0.3255649614415679,2025-03-11,2,4,REG,0,0.5686556434219985,away,0.329611908559277,0.22837396521607048,0.4420141262246526,0.32897644636473355,0.22454401604858734,0.4464795375865878,"(0.217, 0.226]"
e0705d2dbaccfee831399983caa4e97f,True,-0.17106655013341165,0.9823592382658533,0.2797563019747463,0.20708115431475763,0.5131625437104961,2024-12-14,3,4,REG,0,0.37343291544411844,away,0.5060780592489271,0.21382443510995805,0.28009750564111463,0.5137975086140933,0.20907777167673305,0.27712471970898456,"(0.2, 0.209]"
e089ac754d12413d6b443b549a9a84c5,True,0.10019626422946995,0.9656804645092146,0.5111487456086726,0.20718574934707926,0.28166550504424814,2025-01-10,2,0,REG,1,0.6252015045674368,home,0.28618623840159335,0.22505255836745017,0.48876120323095645,0.2836638763274499,0.22081887158669877,0.4955172520856963,"(0.2, 0.209]"
e0bfe8735fba7e05492abfd6a948c4b1,True,-0.09195134975551654,0.894667011656555,0.34100311583357334,0.21991764029934152,0.4390792438670851,2025-03-27,2,3,REG,0,0.4479937670432411,away,0.43181519884499275,0.22824517653235327,0.3399396246226538,0.4358569029510207,0.22439481560275143,0.3397482814461437,"(0.217, 0.226]"
e0c1573335e2f35ae53675cf741f1590,True,-0.10792404546208706,0.9872019304458942,0.32942157772620945,0.2167759161170083,0.4538025061567822,2025-03-17,1,2,REG,0,0.4320786780923455,away,0.4518857191164401,0.21431716432368075,0.3337971165598791,0.4568870844628584,0.20993378614929226,0.33317912938776234,"(0.215, 0.217]"
e0d502c75388fb82fb7ed85d80b8f01e,True,-0.009809371116740772,1.0234580422517376,0.4156115419018529,0.21640677002764427,0.36798168807050274,2024-10-30,5,1,REG,1,0.5262215623771888,home,0.3616242676562425,0.2270863292154129,0.41128940312834444,0.362399962725242,0.2232210744535892,0.4143789628210942,"(0.215, 0.217]"
e0f74a38503ed3fd67458529ba6de743,True,0.03202884020832982,1.0295765022243006,0.45540761828917864,0.21158297228039047,0.3330094094304309,2024-11-14,4,1,REG,1,0.5660893345487693,home,0.33487421675728585,0.21966519723069672,0.44546058601201743,0.33436071464516287,0.2154283592953183,0.45021092605943214,"(0.209, 0.215]"
e0f782a583f30d683622c3dd6a186cd5,True,-0.18784390010505603,0.995907495465182,0.2664304167275954,0.20307253724381039,0.5304970460285943,2024-11-18,2,3,REG,0,0.35820822534109253,away,0.5282068583763081,0.20203445751074867,0.2697586841129433,0.5370704189130813,0.1967731609123065,0.26615642017434693,"(0.2, 0.209]"
e12128c95b909dabee3a20f69d2f935c,True,0.04732969238392078,0.9096714180966371,0.45826742387433306,0.22014865500919645,0.3215839211164705,2024-12-03,3,2,OT,1,0.5740354444580784,draw,0.3249037436055024,0.22929809656369193,0.4457981598308056,0.3240591809178234,0.22540876969242898,0.4505320493896525,"(0.217, 0.226]"
e127be949a9901f457c2c49edbf52ef6,True,-0.15413588932489952,1.0715331221622602,0.28922994692672455,0.20374437546993462,0.5070256776033408,2024-11-21,7,6,OT,1,0.38421186945302976,draw,0.4790336937546146,0.21873684646329433,0.3022294597820912,0.4853956016753077,0.21433442407713277,0.30026997424743224,"(0.2, 0.209]"
e188db24739046809d9d19fa3b704686,True,-0.09821767407395364,0.9808082114742095,0.33776430931456536,0.21714088460960382,0.44509480607583074,2025-02-04,2,3,SO,0,0.4413928396272682,draw,0.43738717801822447,0.2217309999675721,0.3408818220142034,0.44173829669684517,0.21759748403722537,0.34066421926584667,"(0.215, 0.217]"
e1caf4cbf33fb05bd9a956877c64313d,True,-0.15118366726252383,0.9731229606730659,0.294499814380911,0.21163556536970388,0.49386462024938504,2024-10-25,2,3,REG,0,0.39155651073100356,away,0.49912833298652054,0.2160370733203198,0.28483459369315967,0.5066732138373926,0.21129882064559405,0.28202796551684256,"(0.209, 0.215]"
e1ce3e1e2c796d64e422167b1b559ae9,True,0.05451591788181008,0.9521838948391815,0.4683703084267473,0.21452438758166065,0.317105303991592,2025-01-24,3,1,REG,1,0.5833751631362312,home,0.305222864447285,0.2203217918079253,0.4744553437447896,0.303427137110989,0.21602699931798272,0.4805458635709071,"(0.209, 0.215]"
e227925d20ce0abccf3d7a5faa5a234b,True,0.11960440933465043,0.9953658532470935,0.5325932018915763,0.201514337174919,0.2658924609335046,2024-10-16,6,2,REG,1,0.644674925573802,home,0.269247678130356,0.20792228506378904,0.5228300368058548,0.2657927552174661,0.20295767162298003,0.5312495731593043,"(0.2, 0.209]"
e22c25b2122ec26eaaf92e9b07413892,True,0.06417828179462189,0.9085428912997633,0.4739938688683364,0.21823726117809134,0.3077688699535723,2025-02-23,2,1,REG,1,0.590044398353696,home,0.30422487654581526,0.22601612290549952,0.4697590005486853,0.3024468935445059,0.2218935529411374,0.47565955351423683,"(0.217, 0.226]"
e23739a51e69d01f4e9ba7c2cb9473fd,True,-0.0742498333918599,1.01729933663188,0.359153039583074,0.21548802642021367,0.4253589339967124,2024-11-09,1,8,REG,0,0.46516522837297414,away,0.4375963020030817,0.22496147919876733,0.337442218798151,0.4419269399210091,0.22096708552949132,0.33710597454941416,"(0.215, 0.217]"
e25156b6ea2ec943c6cd1fc9df878ada,True,-0.16225705918798036,0.9542921086557542,0.28546017325315726,0.20992491822395998,0.5046149085228827,2025-01-18,3,2,REG,1,0.382272631800042,home,0.49548433083911664,0.21492237643790527,0.28959329272297807,0.5025610772905438,0.2103619736824012,0.2870769490268972,"(0.209, 0.215]"
e2c7c617ceabae3dd9b3ba27713b3fc3,True,-0.15118366726252383,0.9731229606730659,0.294499814380911,0.21163556536970388,0.49386462024938504,2025-01-25,3,4,OT,0,0.39155651073100356,draw,0.48423389009963896,0.21794840864555942,0.29781770125480167,0.4906984417108441,0.2135925585007287,0.29570899978829135,"(0.209, 0.215]"
e2fd578a70b9d63d84eac284c70ac8a1,True,-0.024754782174288222,0.947216553193701,0.3965710197101081,0.2208889521384139,0.382540028151478,2024-11-01,3,4,REG,0,0.5092984332140034,away,0.3777291137200905,0.22416634318902573,0.3981045430908838,0.3791785533543715,0.22034185780686238,0.40047958883876605,"(0.217, 0.226]"
e305ae2fba80faa2dcedd2a03b7e97e9,True,-0.03677665280029784,0.8907187511658341,0.3864237488694606,0.22292676827994698,0.39064948285059237,2025-02-01,4,5,OT,0,0.497677011707861,draw,0.38440111420612816,0.23119777158774377,0.38440111420612816,0.38631286604469756,0.22737426791060494,0.38631286604469756,"(0.217, 0.226]"
e32895e86b4ced6565de676cf48f17c4,True,0.14831378953159804,0.9270874843602401,0.5536227302712631,0.20389819364290432,0.24247907608583255,2025-03-20,3,2,REG,1,0.6686953451176703,home,0.2455769738579351,0.20596778452601003,0.548455241616055,0.24106577965252426,0.2005781620048698,0.5583560583421524,"(0.2, 0.209]"
e33125c8afd502f97270a7e197d2aa6e,True,0.13250772963870758,0.9721985996043595,0.540941965449586,0.20155481158108796,0.25750322296932604,2025-02-05,3,2,REG,1,0.6534585746204004,home,0.26201549416215164,0.2071223992728888,0.5308621065649595,0.258301160511674,0.20211876900622605,0.5395800704818046,"(0.2, 0.209]"
e34da9f787d6cd743e5bc7f541aba01c,True,-0.1295781599606675,0.971279408753277,0.3105796147429618,0.21612978074202222,0.4732906045150159,2025-02-25,1,4,REG,0,0.4109744805964815,away,0.4715210969131774,0.22364201559199776,0.3048368874948249,0.477668923254207,0.21932421564197982,0.303006861103693,"(0.215, 0.217]"
e3958e7254d91c6f5283cfaffa1f3cdf,True,0.19039170526100604,0.9170260056729795,0.5901612724903795,0.19603949134078247,0.213799236168838,2025-03-25,7,2,REG,1,0.7033884379005488,home,0.21863564270461372,0.20374981171195916,0.5776145455834271,0.21304993955920004,0.1978897752745301,0.5890602851662697,"(0.145, 0.2]"
e3a3662ba276acf34c1a0442d4ea4458,True,0.005252732728640269,0.9500890409065288,0.422664822530902,0.22086649169650968,0.3564686857725884,2024-10-22,6,1,REG,1,0.537852568752202,home,0.360239852398524,0.22493849938499386,0.4148216482164822,0.3609342370977709,0.22099601045131836,0.4180697524508364,"(0.217, 0.226]"
e410d2cbd66db59002100d8f7c24fc59,True,-0.207755416239412,0.9726687332878422,0.25210346941003187,0.19984587243223098,0.5480506581577371,2025-02-25,4,0,REG,1,0.3407812603392373,home,0.5374576233630985,0.20994438412621036,0.2525979925106911,0.5468982041432898,0.20471784225849274,0.24838395359786036,"(0.145, 0.2]"
e4498741ad46739c1a55ff48e71778f5,True,-0.0740209193942032,0.9820988579144526,0.3587539898026236,0.21703558721552293,0.4242104229818534,2024-12-28,2,5,REG,0,0.46516522837297414,away,0.41997529557084873,0.227986589024175,0.35203811540497615,0.4235517096865145,0.22405559881159556,0.3523926915018116,"(0.215, 0.217]"
e4551ca893c0db47b0a341920e2f49f6,True,-0.1008769186276013,1.0060858970987991,0.3357633460767193,0.21571161896778043,0.4485250349555002,2024-10-10,3,1,REG,1,0.4394987843650645,home,0.4455195130887631,0.21720339073488448,0.3372770961763524,0.4502417755859796,0.21291082572869438,0.33684739868524133,"(0.215, 0.217]"
e53665a513e63063379f0afdea5d38f8,True,-0.06061528252990106,0.9637056633179224,0.3684262798702501,0.21821735658825098,0.41335636354149885,2025-03-18,2,4,REG,0,0.4769828064337216,away,0.4076787807737397,0.2238423212192263,0.36847889800703393,0.4105932396221922,0.21985956469757612,0.36954719568015976,"(0.217, 0.226]"
e59ca2160e463df95aa3bf087a225e1d,True,0.11331558173314119,1.020228440998892,0.5321596608082126,0.19991451833930624,0.26792582085248107,2025-04-01,4,3,SO,1,0.6430392656807751,draw,0.2922653935581638,0.214458722789883,0.4932758836519533,0.28986016662042274,0.2099123758347834,0.5002274575446425,"(0.145, 0.2]"
e6adc065cc5ae54b71e546daee28914a,True,0.032872929656288755,0.958912257342936,0.4493171988472955,0.21619549198205165,0.3344873091706529,2024-12-31,3,1,REG,1,0.5642421122306391,home,0.3371404321947401,0.22961122960025462,0.43324833820500536,0.3368287583053016,0.22568324461309397,0.43748799708151836,"(0.215, 0.217]"
e740bfb5feb08696652ed74b9e0c2f2f,True,0.08112249033424263,0.8981727640446924,0.48917924436375115,0.21693617718872477,0.293884578447524,2025-02-22,5,3,REG,1,0.6054283493752615,home,0.29359561904299847,0.22310529558978437,0.48329908536721705,0.29126365722331254,0.2186854649457914,0.490050877830755,"(0.215, 0.217]"
e74fab7ff8afc49dc96fa80117f9ef5c,True,-0.12489595866660974,1.0105215892575823,0.31486964609195867,0.2151656326114833,0.469964721296558,2024-12-04,1,4,REG,0,0.41662483686376867,away,0.46317087826939485,0.22040545241785003,0.31642366931275495,0.4686574195625159,0.21621677739024966,0.3151258030471294,"(0.209, 0.215]"
e7c1b11993368096defb383e0307ad38,True,-0.19503369185841254,0.9890977093602373,0.26128015400262405,0.20172546788990495,0.5369943781074711,2024-11-13,4,1,REG,1,0.35166954823988805,home,0.5252488769196579,0.20900628711219935,0.2657448359681427,0.5336144760278624,0.20414599655946192,0.262239527412411,"(0.2, 0.209]"
e7d93876407b41d8d42bd0460a99aadb,True,-0.0075480719818600585,0.8615059328034727,0.4138316083754179,0.223351164474523,0.3628172271500591,2025-04-01,4,1,REG,1,0.5262215623771888,home,0.3589435774309724,0.23149259703881547,0.4095638255302121,0.35963388529383183,0.22777099682406557,0.41259511788210246,"(0.217, 0.226]"
e816e2289d2c1573047b346d69e06c4e,True,0.0208895299864371,0.9634096175498722,0.43902360517590955,0.21697829304577068,0.34399810177831974,2025-03-08,1,0,REG,1,0.5539593349939177,home,0.3411057062130436,0.2271343683551309,0.4317599254318255,0.34095501148027857,0.22323974538683303,0.43580524313280494,"(0.215, 0.217]"
e822e56bc33f6b00c83b220e38f0435a,True,-0.05268981469310868,0.9856390226711512,0.37731795219112707,0.21688684655106577,0.40579520125780716,2025-03-17,2,3,OT,0,0.48605192232383504,draw,0.3908774481791262,0.2291028105356123,0.3800197412852616,0.39305653493697534,0.2252579741729369,0.38168549089008774,"(0.215, 0.217]"
e83ff8ec53b20d0c6ccd1e6f47cc9e91,True,0.0708018543869731,0.9605233824673296,0.48409054856421085,0.2113946001201169,0.3045148513156722,2025-03-02,2,0,REG,1,0.5986798270759409,home,0.3016121622186025,0.22357265171448856,0.47481518606690887,0.2997355946113065,0.219440143837645,0.4808242615509232,"(0.209, 0.215]"
e86451452ca634f8ea391b328b002519,True,0.06181094741643841,0.9517753414410323,0.47504851633486495,0.21368874947576771,0.31126273418936734,2025-03-11,5,3,REG,1,0.590044398353696,home,0.31177715214996415,0.21902880025180543,0.4691940475982303,0.31019959980974016,0.21459438061787867,0.4752060195722694,"(0.209, 0.215]"
e8d97157c87c9ca3acd3d12ecb190cda,True,-0.13515187565386974,0.8560351123867508,0.3104008271120058,0.22048039771874736,0.46911877516924694,2025-03-17,3,1,REG,1,0.4139072847682118,home,0.4543272847103323,0.22824537398542885,0.31742734130423883,0.4594448166480565,0.22430295606587128,0.31625222728596986,"(0.217, 0.226]"
e8e7b1f2264819ed165a1e9fc8ae1831,True,-0.3068493798505505,0.9754040405447281,0.1855113911937992,0.17777882720000066,0.6367097816062002,2025-03-28,3,5,REG,0,0.2592592592592593,away,0.6276024215014957,0.18457022841033738,0.18782735008816692,0.6415750947972237,0.1775672607996354,0.18085764440314098,"(0.145, 0.2]"
e9210538012e8900193fbb6c2b851b09,True,0.17786775034413888,0.9413657847914328,0.5814933285548851,0.1951545532293737,0.2233521182157412,2025-03-28,2,1,OT,1,0.6929176364392605,draw,0.22724592902527488,0.20360463279971552,0.5691494381750096,0.22215604456546706,0.19806656191337058,0.5797773935213149,"(0.145, 0.2]"
e966501f7888bd99fde71c9734b2405e,True,-0.22219746638952945,0.944603168301558,0.2412227864104672,0.20009193302302936,0.5586852805665035,2025-03-23,2,5,REG,0,0.3302373581011352,away,0.5472316678858655,0.20311102749045282,0.24965730462368163,0.5568285761083683,0.1978055379529904,0.24536588593821598,"(0.145, 0.2]"
e98f1ea454e0456600691846bddd9e2c,True,0.12013223379146559,1.0499300436935102,0.5438079634526121,0.19659018705918732,0.2596018494882006,2024-12-31,5,2,REG,1,0.6530918333466906,home,0.25962810301380435,0.2119530310002075,0.5284188659859882,0.25579653473388536,0.206959556223238,0.5372439090425831,"(0.145, 0.2]"
e9a18c781ccaa509e41656b7e3a54c06,True,-0.0811797457046046,0.9411491821836397,0.34864628224154326,0.21871719978185367,0.432636517976603,2024-12-23,5,2,REG,1,0.45597611169397145,home,0.41128940312834444,0.2270863292154129,0.3616242676562425,0.41437896282109415,0.22322107445358913,0.36239996272524194,"(0.217, 0.226]"
ea3a48472d9cd4655ec1a1917ab6c086,True,-0.1801652643757679,0.9489018840590222,0.272097456708343,0.2069596279382237,0.5209429153534333,2025-01-03,0,3,REG,0,0.36674816625916873,away,0.5104747364094734,0.21729242469592097,0.2722328388946056,0.5183630674917119,0.2126297457221705,0.26900718678590596,"(0.2, 0.209]"
ea7f764dcdbab8eef9c0864b1fd9f9cf,True,-0.06471228502196287,0.9448970182334249,0.36279755738274666,0.21932371426100028,0.41787872835625306,2025-01-14,1,4,REG,0,0.47159607147492744,away,0.4149412269223579,0.22606467787515253,0.3589940952024895,0.4181798392106553,0.22218286107256188,0.35963729971670744,"(0.217, 0.226]"
eaed1646282dce800ca4bc06a4d973cb,True,0.07684703386854236,0.953380277376464,0.4890299696180773,0.21163157184677334,0.29933845853514934,2025-02-02,2,3,REG,0,0.6039037320401216,away,0.2919488675548584,0.22217918458931216,0.48587194785582943,0.2895626536480424,0.21776744471913342,0.4926699016326788,"(0.209, 0.215]"
eafd0d9fbccc7fdf565fe38aab855327,True,0.027917294303904827,0.9490500508858537,0.4434495078697167,0.21823561229734934,0.33831487983293396,2025-03-20,3,4,REG,0,0.5586071603727317,away,0.3347965668610365,0.2279805193387058,0.43722291380025774,0.3343630331159117,0.2239933322038426,0.4416436346801583,"(0.217, 0.226]"
eb064d27a1a381acc500a217d533b577,True,0.10857285743617487,1.0549676662164487,0.5327810921921424,0.19815491149797568,0.269063996309882,2024-10-12,4,2,REG,1,0.6417917746589076,home,0.27014035369621675,0.21076884738935592,0.5190907989144274,0.26680412955782634,0.20596368088804287,0.5272321895538944,"(0.145, 0.2]"
eb740901928686d80738be6c7321f92d,True,-0.029758552966377146,0.9082115944187447,0.38995153720321124,0.22353756365354344,0.38651089914324543,2025-03-01,6,3,REG,1,0.5023229882921391,home,0.38605015500238327,0.22633673390210646,0.38761311109551033,0.3879904401641347,0.2223815552587808,0.38962800457701363,"(0.217, 0.226]"
eb9a4017a18d24531787d039d4f1ba5d,True,-0.153024807649311,0.9474649822393888,0.291962374666498,0.2117439743915698,0.49629365094193223,2025-01-28,1,4,REG,0,0.39060205580029367,away,0.48574793809189154,0.22058706866058336,0.2936649932475251,0.4925747835188707,0.21610676650158187,0.2913184499794043,"(0.209, 0.215]"
ebcd9ea845549c007288c80d77a86bb9,True,-0.036702736800482486,0.9437091696361455,0.3860695293580109,0.22073431574154956,0.3931961549004395,2025-01-10,1,2,OT,0,0.497677011707861,draw,0.38289733419083344,0.22955475670913275,0.38754790910003384,0.3847206244524358,0.22568616343841924,0.3895932121090725,"(0.217, 0.226]"
ec2dfed84bb75c82b42727eb673202c2,True,0.059914611218526384,1.053846800875227,0.48477471301849756,0.20548503315498173,0.3097402538265207,2024-11-06,2,4,REG,0,0.6002460024600246,away,0.31146563715331993,0.22732563090811025,0.46120873193856987,0.3100506153002651,0.2233919510739351,0.4665574336256903,"(0.2, 0.209]"
ec3408527f89b9addaab7084a2018999,True,0.29793656379409816,1.013671133238327,0.6976148375141185,0.1551612018253682,0.1472239606605134,2024-11-18,2,4,REG,0,0.790117887055962,away,0.15541449356480705,0.17277611266574047,0.6718093937694524,0.14743675665151504,0.16481258517414357,0.6877506581743413,"(0.145, 0.2]"
ec44b733ed316a8283b2ea7b1b297b23,True,-0.04245103621198095,0.9504804642684243,0.38216228790978013,0.21982428555115732,0.3980134265390626,2024-10-28,4,6,REG,0,0.4930284439486894,away,0.39610284605433377,0.22501617076326003,0.37888098318240615,0.3984443496437027,0.22113248458703574,0.38042316576926166,"(0.217, 0.226]"
ec56a63f847bd686dda02b4ddfca6a64,True,0.06659065312951215,0.9730946062037981,0.4814037072135495,0.2101743275960828,0.3084219651903677,2025-03-05,5,2,REG,1,0.5955112768937786,home,0.3031000935192552,0.22274332453973175,0.4741565819410131,0.30121239837149516,0.2184496302282589,0.48033797140012247,"(0.209, 0.215]"
ec6d581a9772c85907b1d069eee40f3a,True,0.026241921108510136,0.945988548038699,0.44147793820224945,0.21889037771863623,0.3396316840791143,2025-01-23,5,2,REG,1,0.556697108066971,home,0.3362445414847161,0.2281659388646288,0.43558951965065495,0.33588598458837743,0.22426752200028727,0.4398464934112488,"(0.217, 0.226]"
ec6deddac7acc074eb909b205e72e348,True,0.19030040071787627,0.9985460634249554,0.5999957262435506,0.18444564674427072,0.2155586270121788,2024-12-07,4,2,REG,1,0.7048752649600523,home,0.2166493377587127,0.20727057854837883,0.5760800836929085,0.21104752202021676,0.2014936275620166,0.5874588504177667,"(0.145, 0.2]"
ecc152a9b8730229d56e3f92daf5ff40,True,-0.11191593394754283,0.9682506796023825,0.32502154518108084,0.21719575769365412,0.45778269712526504,2024-12-18,3,2,REG,1,0.4277432126696832,home,0.4519512046661343,0.22544389503345996,0.32260490030040573,0.45700401556129755,0.22138364319261483,0.3216123412459901,"(0.215, 0.217]"
ece27b51ddf830dcef8c62253d75f132,True,0.06341136939528391,0.9547305420479759,0.47680440083888626,0.21308466940977144,0.31011092975134236,2025-01-23,0,4,REG,0,0.5916792592354435,away,0.32839227076641314,0.22352107940278007,0.4480866498308068,0.3276507014251589,0.21950358019433325,0.45284571838041554,"(0.209, 0.215]"
ed392d65ea47e6edd5c89e5b22a01417,True,0.024154682955978654,0.9394474872527497,0.43862207072753145,0.22011028747100708,0.3412676418014614,2025-02-03,2,5,REG,0,0.5539593349939177,away,0.337575089236484,0.22664615920369136,0.43577875155982476,0.33726457110228353,0.2227445696608474,0.4399908592367833,"(0.217, 0.226]"
ed71b37f27daa755c7dd8623fbe5c54e,True,-0.12152514379977847,0.9915914313207607,0.31765506981074987,0.2164689129122248,0.46587601727702527,2024-10-28,2,5,REG,0,0.41899204424013164,away,0.4588771574395138,0.2235555382397631,0.3175673043207231,0.4641330038596638,0.21950454471597872,0.31636245142425445,"(0.215, 0.217]"
ee68eb4b3105497b10da857d708e32e1,True,0.09139360730910244,0.8552542643778087,0.4948175575478096,0.21930425683674976,0.28587818561544065,2025-03-20,3,5,REG,0,0.6114139890963926,away,0.28677739699549953,0.23192167214648146,0.481300930858019,0.284300969385121,0.22783376288473575,0.48786526772999705,"(0.217, 0.226]"
ee86066c5bf4b2f21befde294a337e45,True,-0.0042615907060342875,1.0044470589038301,0.4198920945681439,0.21670649431450226,0.36340141111735375,2024-11-02,3,0,REG,1,0.5324532453245325,home,0.3566646649318298,0.22566224060852735,0.41767309445964274,0.35728168068426913,0.22113860314238493,0.42157971617327056,"(0.215, 0.217]"
eedd0fd3a82fa882999ead1a9afff464,True,-0.11743576542775043,0.9749767570038755,0.3207575293626813,0.21718381682100793,0.46205865381631067,2024-10-22,4,2,REG,1,0.4224502112251056,home,0.45624532535527296,0.2243829468960359,0.31937172774869105,0.4615050223464275,0.2202698812412798,0.3182250964121917,"(0.215, 0.217]"
efa2e80860eff06dfd773ceb3d6bcae4,True,-0.15552639422112838,0.9414769148341648,0.28986671844041256,0.21144672247924137,0.49868655908034615,2025-01-20,5,2,REG,1,0.38858601090360756,home,0.48593678241941113,0.22118246335375333,0.29288075422683546,0.49271198261290117,0.21675803892990902,0.29052997845704576,"(0.209, 0.215]"
efda6a6808ec067472fbebe1971ffc59,True,0.10469357338621506,0.9625038541565243,0.5150690633886116,0.20705851468179204,0.2778724219295964,2025-01-21,2,3,REG,0,0.629269318749507,away,0.27780335602320455,0.2158607158288414,0.5063359281479539,0.2748000658017153,0.21121949486173988,0.5139804393363515,"(0.2, 0.209]"
efe5f64f2d3e50fcc9e17d60e89b0b03,True,0.10432304832120176,1.052715674565188,0.5284337597052096,0.19888882055921583,0.27267741973557463,2024-12-06,4,2,REG,1,0.6375766544186804,home,0.26510547952448926,0.20895868582607124,0.5259358346494394,0.2613583075095786,0.2037959932062458,0.5348456992839035,"(0.145, 0.2]"
efec572fbf82d389e58d23eb8a315a3d,True,-0.2249958213923168,0.9443387853712891,0.23917522600261593,0.19965005141489076,0.5611747225824933,2025-03-26,3,5,REG,0,0.32781561133044423,away,0.5453827852574843,0.20883476295592587,0.2457824517865897,0.5549347254761375,0.2036499347722978,0.24141533975113907,"(0.145, 0.2]"
f00eadde750d5382fa9c5dcf40b9be92,True,0.04090264553039979,0.9206798039985428,0.45201709875599116,0.22070164967339848,0.3272812515706104,2025-03-04,3,6,REG,0,0.5679213219076544,away,0.3302516322823174,0.2242926776624638,0.4454556900552188,0.32957847069660456,0.22018659010641725,0.45023493919688745,"(0.217, 0.226]"
f02c503fcd50d41529a660e7478f0355,True,0.08387955468404948,0.9342427253083165,0.4941262820945638,0.21332798675353468,0.29254573115190163,2024-11-20,0,1,REG,0,0.6099342585829073,away,0.2899504962567367,0.2199624454361451,0.49008705830711835,0.287403257740441,0.21537528349534804,0.49722145876405854,"(0.209, 0.215]"
f0c0a19ce2ac60bd2b99ed42eab267e7,True,0.17788344561276162,1.0005185686476792,0.5885973574270762,0.18732963405001607,0.22407300852290776,2025-03-08,3,2,OT,1,0.6947459569145725,draw,0.2250786040552217,0.20271349963535823,0.5722078963094201,0.21987636346209236,0.19709486031040796,0.5830287762275786,"(0.145, 0.2]"
f12b3498d96e586591f0ce8b3489095b,True,0.05803997404078964,1.009017029515301,0.47804771219640063,0.2086619192729233,0.3132903685306761,2025-03-08,7,4,REG,1,0.590044398353696,home,0.3152284263959392,0.2218274111675127,0.46294416243654823,0.313878331249614,0.2176280514322465,0.46849361731803313,"(0.2, 0.209]"
f150258c0c507d1030ec93b2450f575e,True,-0.20313802015637605,0.949602030523099,0.25523796195190207,0.2028707738126255,0.5418912642354725,2025-02-06,1,2,OT,0,0.3465414253795997,draw,0.508083026412418,0.21188363345963865,0.28003334012794345,0.5159395340345304,0.20704604040303354,0.2770144255622432,"(0.2, 0.209]"
f24d36cd662c3ac95d90bd2a6cfb7205,True,-0.22217982018594853,0.948409338947311,0.2412442555436826,0.1996532067871785,0.559102537669139,2024-12-17,3,4,REG,0,0.3299244565496685,away,0.5453934697899404,0.21254331282548236,0.24206321738457715,0.5549493943144443,0.2074384157454719,0.23761218993964786,"(0.145, 0.2]"
f2790a3cee948752528edca7133102e6,True,0.09953977674145315,0.9434914210637418,0.509366620465454,0.2101472248719059,0.28048615466264015,2025-03-09,5,6,REG,0,0.6247300215982722,away,0.2752883893437715,0.2207381555106739,0.5039734551455547,0.2722124059303659,0.21618892551249486,0.511598668556946,"(0.209, 0.215]"
f28771b334cf6c5084fda67bfa01ee31,True,0.15557450400204184,1.01023980718768,0.5694801131187106,0.19188414661571168,0.2386357402655776,2025-03-06,6,5,REG,1,0.6776342863861725,home,0.23524643517845675,0.20458397247357246,0.5601695923479708,0.23027458734208547,0.19897240010693765,0.5707530125512972,"(0.145, 0.2]"
f290619ed1d0e26020e9e5059ff16804,True,-0.23553997205647295,0.9797056845388182,0.23124885318808813,0.19310351487681685,0.575647631935095,2024-11-05,1,5,REG,0,0.31515060832483893,away,0.5572170501805043,0.20737935624457396,0.23540359357492177,0.5674842241493967,0.20195240585800608,0.2305633699929632,"(0.145, 0.2]"
f33e406c3d998a310dae4df6d134f61a,True,-0.3400891942819689,1.0197543051816376,0.16175960783845506,0.1649826851527934,0.6732577070087516,2025-04-02,2,3,SO,0,0.22863877430760168,draw,0.6682436682280414,0.17275394478280742,0.1590023869891511,0.6840477173203151,0.16486340367441113,0.15108887900527374,"(0.145, 0.2]"
f347a2347fb39ba645db5032fa6fd0e5,True,-0.1009340097924238,1.0080155882011625,0.33573674576333035,0.21560147007465055,0.4486617841620191,2025-01-21,3,2,REG,1,0.4394987843650645,home,0.4391837206613482,0.22369638108451845,0.33711989825413347,0.4436864163876409,0.21956599107903965,0.3367475925332338,"(0.215, 0.217]"
f3b11bf6918eaec55ff0c954ba1beafa,True,0.061357595223601284,0.9859875501429811,0.478161955871406,0.2094960649939886,0.3123419791346055,2024-12-27,6,2,REG,1,0.5916792592354435,home,0.30837979465086807,0.22149218507256344,0.47012802027656847,0.30676153525911304,0.21732609065520778,0.4759123740855635,"(0.209, 0.215]"
f3e84e2691457fe95f0bd61309438b8c,True,-0.13978210711573286,1.0131819593936175,0.30322742940833747,0.21207197059470423,0.48470059999695825,2024-10-31,3,2,REG,1,0.40289836966706233,home,0.4724325834847003,0.22407433282101444,0.3034930836942853,0.4783430765785029,0.21996033145135435,0.30169659197002086,"(0.209, 0.215]"
f400e8da0dcebe31c6174c03e8cd9bd2,True,0.20109185585309397,1.01125746416547,0.6120569663296079,0.18084269211324666,0.20710034155714538,2024-10-13,3,1,REG,1,0.7155242481712273,home,0.210058176805534,0.1962838701297613,0.5936579530647047,0.2040657025114828,0.19007172803921174,0.6058625694493055,"(0.145, 0.2]"
f46257ef1ed350aab8f9766d311ce6b2,True,-0.006508664758329593,0.9316091494597118,0.40933176566302953,0.2239105809463326,0.36675765339063776,2025-02-02,1,2,REG,0,0.5240193918025562,away,0.3786905768655531,0.22703487191228655,0.3942745512221603,0.38025957484671213,0.2231663861099334,0.39657403904335425,"(0.217, 0.226]"
f4b9a944bd539daf2181b34c0bda8833,True,0.010487812376830411,1.008144947595044,0.43351559219800917,0.2152686329691376,0.3512157748328532,2024-10-31,1,5,REG,0,0.5460453954604539,away,0.3535451537953699,0.2243811163431973,0.42207372986143277,0.35393009721081753,0.22039323372426486,0.42567666906484086,"(0.215, 0.217]"
f539f28ef68aab920d5da830cdc2b2fe,True,-0.12273255910759504,0.9633030861160606,0.3154388994934647,0.21696286565031744,0.4675982348562179,2025-02-23,3,1,REG,1,0.4172836182527931,home,0.4588703691207234,0.22565625210877924,0.3154733787704973,0.4641381860886805,0.2216609972498024,0.31420081666141186,"(0.215, 0.217]"
f53e39663a904b1a65279971760234f0,True,-0.07083148146145651,1.0354289888238093,0.362457789703592,0.2147735509660446,0.4227686593303634,2024-10-17,2,4,REG,0,0.46848381601362854,away,0.4163947574691483,0.22220601906706283,0.36139922346378905,0.41974334571034616,0.21812562737292807,0.3621310269166526,"(0.209, 0.215]"
f54bea2b4d17e9c599edab55d475f550,True,0.07293137921413415,0.9515467321452689,0.4852751000214993,0.2123587191836401,0.30236618079486055,2024-12-16,3,1,REG,1,0.6002460024600246,home,0.3082069565396767,0.2149156131924652,0.4768774302678581,0.3064809028779132,0.2104787493771746,0.4830403477447937,"(0.209, 0.215]"
f58f948e9704be1dfee923ac6fb6a1d7,True,-0.005955713374332015,1.0095542237752693,0.4185683687548657,0.2166335206007841,0.3647981106443502,2025-03-03,4,3,OT,1,0.5305667495498585,draw,0.3627380091588335,0.222704266088214,0.4145577247529525,0.36353842751593474,0.21863412297767493,0.41782744950631745,"(0.215, 0.217]"
f69742064e8bca89bdea8b97f849f6b9,True,-0.12546243221870162,0.9193505498407141,0.3105528117198834,0.21604036558026907,0.4734068226998475,2024-12-18,1,6,REG,0,0.41493775933609955,away,0.4612542991805019,0.22521336673601974,0.31353233408347847,0.46658220100847986,0.22123209286328127,0.31218570612813135,"(0.215, 0.217]"
f7034251e10b8bf2cd7865994205a155,True,-0.17172357034010657,0.9340179632101816,0.27779727594913695,0.20911506497625093,0.5130876590746121,2025-01-25,3,2,OT,1,0.37479849543256316,draw,0.4991746099366313,0.22258906225038608,0.27823632781298263,0.5067300677608634,0.21802978763500877,0.2752401446039472,"(0.2, 0.209]"
f7083fa8038a83266b8b69f3cc4822aa,True,-0.15510019913095333,0.9891358513562178,0.2916930167884386,0.21022128727787415,0.4980856959336872,2024-10-29,2,8,REG,0,0.38806099337843886,away,0.4836541747815648,0.22697273326334932,0.28937309195508587,0.49032024736111746,0.22273108730443042,0.28694866533430613,"(0.209, 0.215]"
f70e8da5ddcc6692634252c44b727608,True,0.14969970766145577,1.0130754327736637,0.564583954947584,0.1930277784831561,0.24238826656925988,2024-12-06,5,2,REG,1,0.6732289817653704,home,0.24395357568330567,0.20183948472324026,0.554206939593454,0.23942760107045905,0.19643240951749447,0.5641399894124839,"(0.145, 0.2]"
f776f3d8296c63156eced3577b83aa24,True,-0.08356990978564525,0.9948120020030466,0.3506706705248648,0.21643297235131323,0.4328963571238219,2024-10-22,2,3,REG,0,0.45597611169397145,away,0.4279646017699115,0.22088495575221243,0.35115044247787613,0.4317756620183958,0.21683527061302676,0.3513890673685003,"(0.215, 0.217]"
f7a725994d42e38c7fdcac24c6eedc9e,True,0.13283750813111347,0.9351368581382828,0.5399899077568321,0.20625873937381334,0.2537513528693546,2024-11-27,2,5,REG,0,0.6554256340733209,away,0.2568244472414303,0.21287893071345218,0.5302966220451175,0.25288680047004036,0.20787698334649699,0.5392362161831542,"(0.2, 0.209]"
f7c82b8f331393dab2a5680e6981bc9c,True,0.0797933753981078,0.9654484845131689,0.49265999904721114,0.20964988860364808,0.2976901123491408,2024-10-13,2,0,REG,1,0.6069415603678433,home,0.294990729804939,0.22090319628250038,0.4841060739125607,0.2927846413773117,0.2165955169022172,0.4906198417203315,"(0.209, 0.215]"
f868201d3efc919185661264f10b8535,True,-0.1053112974674638,0.9586462331051595,0.32991771910011924,0.21735586236681656,0.45272641853306417,2025-03-09,1,4,REG,0,0.43391066545123064,away,0.4166593258163026,0.2270892060136246,0.35625146817007286,0.4200029065881234,0.22321479212071355,0.3567823012910865,"(0.215, 0.217]"
f8a60855603b6adee707bddb9ad8a2a5,True,0.09342878421565887,0.9659208617901374,0.5050366060820511,0.20796117300775055,0.2870022209101984,2025-03-10,2,1,REG,1,0.6191482263983098,home,0.2878717513927457,0.21886140003147103,0.49326684857578335,0.28533716747953486,0.21442290254116173,0.5002399299791452,"(0.2, 0.209]"
f94b8afa273442d9a53f1bebec1d6b1d,True,0.07227438551736888,0.9280374768764696,0.48267186099646014,0.21563919591915495,0.30168894308438493,2024-10-08,6,4,REG,1,0.5986798270759409,home,0.30211835088724726,0.22376522717583505,0.4741164219369178,0.30019601977396165,0.2194908517087552,0.4803131285171587,"(0.215, 0.217]"
f9cce0070126baed76b3809a3005e2e5,True,0.16617243228040918,0.9475204972168652,0.5712424242736132,0.19690494315710497,0.23185263256928182,2024-12-23,4,3,REG,1,0.6829002792370674,home,0.23938199254128928,0.20372935535428874,0.556888652104422,0.2345654269728052,0.19815570207481062,0.567278870952765,"(0.145, 0.2]"
fa4954d3693fc962ae0454b0f473acac,True,0.14227736962311227,0.9135823602044558,0.5468347761632542,0.2068653668471811,0.24629985698956458,2024-12-23,4,3,REG,1,0.6629225583423973,home,0.25481313703284253,0.21291053227633067,0.5322763306908267,0.25081036384584054,0.20790562293945694,0.5412840132143802,"(0.2, 0.209]"
faa8329058f9750c74760477d39deeb4,True,-0.2696417903902488,1.0191957113497103,0.20444384487169395,0.1849160980891775,0.6106400570391286,2024-12-31,3,2,REG,1,0.28447575182877266,home,0.585080742467058,0.1927049568929935,0.2222143006399484,0.5968651482103189,0.18655842373921666,0.2165764280504645,"(0.145, 0.2]"
fac3abd2fa8e5a1e719da3b6492fecbd,True,-0.10289236231863008,1.0080508872360403,0.33403019819371815,0.21557779769056318,0.45039200411571856,2024-11-23,2,3,REG,0,0.43762053107847504,away,0.4475816788674624,0.2186814595379839,0.3337368615945538,0.45242023888126054,0.2144174374499561,0.33316232366869564,"(0.215, 0.217]"
fac682e965b2100f88cd67f030b7afe9,True,-0.09767974754268972,0.9910152507843024,0.3383590564705934,0.21657617351801617,0.44506477001139055,2024-10-26,3,5,REG,0,0.44218397130548653,away,0.41491027339515835,0.2234132241358545,0.36167650246898714,0.41813502306511524,0.21944605312185445,0.3624189238129567,"(0.215, 0.217]"
fb20b2864a844fe06cd72dd5a9bfcf09,True,-0.007542598640971656,0.9139961926729819,0.40734114128190163,0.225273691221308,0.36738516749679034,2025-03-04,3,4,REG,0,0.521797153024911,away,0.3670832732636155,0.22866046377518776,0.4042562629611968,0.3681279245957576,0.2248326263912751,0.40703944901296724,"(0.217, 0.226]"
fb26a2335022a64e99d9c2b1ebdcc65b,True,-0.23447917926396417,1.0283064647122682,0.227754863135357,0.19348545821420254,0.5787596786504405,2024-12-27,3,6,REG,0,0.3141847927124001,away,0.5489333993514478,0.2102160504193486,0.24085055022920343,0.5586590088249702,0.20502073883853364,0.23632025233602683,"(0.145, 0.2]"
fbb183510030eb7847cefb1450e36cfd,True,0.03450225296445111,0.9520151351869378,0.44991840734525484,0.21699657460619226,0.33308501804855295,2025-03-20,4,3,OT,1,0.5649948822927329,draw,0.3318734653436913,0.2240921296362775,0.4440344050200313,0.3312928847028275,0.22012851391660943,0.44857860138047356,"(0.215, 0.217]"
fbe12432bf0f366d1c35c962a0e6215f,True,-0.07866167931364818,1.0657685577855638,0.35475024914333364,0.21117187075268973,0.43407788010397663,2024-11-05,2,1,OT,1,0.45801526717557256,draw,0.4243646865883924,0.22303818411389925,0.35259712929770837,0.4279789789438682,0.21910262108227455,0.35291839997378033,"(0.209, 0.215]"
fc69aa388c5101c94d1c8e283456f8f1,True,0.08832269422997788,0.9483985657359422,0.49925073199796677,0.21089113146302524,0.289858136539008,2025-02-27,6,1,REG,1,0.6143408084559349,home,0.28884623853758845,0.22458302387465895,0.4865707375877525,0.28644349801691926,0.22038021702471425,0.49317628495821725,"(0.209, 0.215]"
fca822e93649550c3487b7e6fc2416f7,True,0.17472921430253263,1.073598102644426,0.5953130306126423,0.18394311450241624,0.22074385488494147,2024-10-13,1,4,REG,0,0.6996895667431502,away,0.23218056244900018,0.2084577658509502,0.5593616717000495,0.22733911799380682,0.20313559392216396,0.5695252880843616,"(0.145, 0.2]"
fcb9f2d01ad08103e1ca151a324009c1,True,0.04405516336939415,1.024522910276253,0.46654351432815594,0.2099386348098452,0.3235178508619988,2024-12-21,5,4,OT,1,0.5775497887748944,draw,0.3292161604038336,0.21674638614822528,0.4540374534479411,0.3284198879315413,0.21242224804438076,0.4591578640239865,"(0.209, 0.215]"
fcbfb4ae2c2b1c7c7dbaaa2fbca72fc5,True,0.1544877803856524,0.9514335447572994,0.5606784124239965,0.1990641910594306,0.24025739651657302,2024-11-27,0,3,REG,0,0.672924641027199,away,0.24378146205557374,0.21290247686186772,0.5433160610825586,0.23934325930701084,0.20776400693239946,0.5528927337601726,"(0.145, 0.2]"
fcc27891a0e910e4ada8cbeb16087f66,True,0.014248700180931006,0.9555596813328132,0.4318017644100459,0.21894536434720788,0.34925287124274623,2024-10-12,4,5,SO,0,0.5468998410174881,draw,0.34201327247370944,0.22855302217813522,0.42943370534815534,0.34191378359725716,0.22462164779693813,0.4334645686057214,"(0.217, 0.226]"
fcc6c5b2381ba7e8616c381794758969,True,-0.07139579229586988,0.9735061217142825,0.3602920941723011,0.2174718492323932,0.4222360565953057,2024-10-26,4,3,OT,1,0.4672897196261683,draw,0.4094290619359951,0.22489765373949025,0.3656732843245146,0.41243337609674996,0.22094592454082362,0.3666206993623535,"(0.217, 0.226]"
fccd645a529bd94e0204ebbc3c6dcebf,True,0.10100337758026835,0.9854519178253672,0.51367830433793,0.20475865910271546,0.28156303655935444,2024-12-20,1,3,REG,0,0.6265670845558816,away,0.2795359484951594,0.22041570191687287,0.5000483495879677,0.27669137632206936,0.21598438557299587,0.5073242381047552,"(0.2, 0.209]"
fce14efd6dafb43885d7433ddc1e642e,True,0.17580602356016614,0.9854189099900462,0.583996816036789,0.18912437425652673,0.22687880970668423,2025-03-06,3,2,OT,1,0.6908143088261729,draw,0.22981031266207816,0.20787613965311627,0.5623135476848057,0.22479623362734635,0.20241928347880003,0.5727844828941296,"(0.145, 0.2]"
fcfbff50fa3dbf044134ca5e5a8da1ec,True,-0.10053227649174588,0.9016786443138887,0.33311374316638126,0.21904989935613348,0.4478363574774853,2025-03-27,4,2,REG,1,0.4394987843650645,home,0.4372560239975798,0.229088682429354,0.33365529357306606,0.44167659479088783,0.2251414349792972,0.33318197022972684,"(0.217, 0.226]"
fd01a2201ebf5da48943806ea26a52b4,True,0.06286191628378676,0.9998177197632582,0.48134257569538236,0.208521161770646,0.3101362625339717,2024-12-28,6,2,REG,1,0.5939086294416244,home,0.30432230131356863,0.22345343802744552,0.4722242606589858,0.3025340565975389,0.21927903061036996,0.47818691279197023,"(0.2, 0.209]"
fd079f663e0a5c41fed600f03644043f,True,0.2865054819719682,1.01900702700395,0.6888617038618161,0.15804890065907584,0.1530893954791079,2024-11-14,3,2,REG,1,0.7826252442294191,home,0.15612948809547222,0.17398095406646086,0.669889557838067,0.14814269133867305,0.16601671477222,0.6858405938891071,"(0.145, 0.2]"
fd084c7b4cde9d46512660d1c00374e0,True,-0.057708894228989664,0.9572563597517754,0.37013376001050097,0.21874564222933937,0.4111205977601597,2025-01-07,3,2,OT,1,0.4792189179505553,draw,0.40477624216076497,0.22625464479269172,0.36896911304654345,0.40748002034428815,0.2224740456808298,0.370045933974882,"(0.217, 0.226]"
fd5310b4fbb883ace6f3f210296b4489,True,0.12757413420631972,0.9665527629823144,0.536068361211625,0.20348985064408803,0.260441788144287,2025-01-09,6,2,REG,1,0.6495327102803738,home,0.26186928449727004,0.21733369189569351,0.5207970236070365,0.25824265217863346,0.21259437093348166,0.5291629768876254,"(0.2, 0.209]"
fd90cd96f73166cccdc9573289aaba89,True,0.12979783364213068,0.9559316726009177,0.5378571661227187,0.20429680720010515,0.25784602667717615,2025-01-26,5,2,REG,1,0.6519133241124943,home,0.23170858623686996,0.20541189443696825,0.5628795193261618,0.22684848986869371,0.20003574617938427,0.5731157639522033,"(0.2, 0.209]"
fdf439cccdf6299d85b8e35aa74383b0,True,0.07733954753381804,1.0307431965986642,0.49948542720596417,0.20449467693944057,0.29601989585459526,2024-11-16,4,0,REG,1,0.6099342585829073,home,0.3028448791008641,0.21239342184728743,0.4847616990518485,0.3009338268652092,0.20801624501511848,0.4910499281195433,"(0.2, 0.209]"
fe044d4b2228d62f28f0a0be82684e3b,True,0.09025917059151717,1.0577717683830419,0.51494708440757,0.20071222535605313,0.2843406902363768,2024-10-31,2,1,OT,1,0.6238261481421341,draw,0.2840228504055346,0.21460919414050486,0.5013679554539604,0.2811699978311883,0.20982934994205069,0.5090006522265859,"(0.2, 0.209]"
fe1c2fa4903b8f99d355628443cff605,True,0.10163274979316236,0.9565038133241079,0.5119801359033458,0.20820249355812118,0.27981737053853317,2024-10-31,8,2,REG,1,0.6265670845558816,home,0.2796773367439866,0.22002139106235652,0.5003012721936568,0.2768695195220654,0.21563375511414057,0.5074967253636147,"(0.2, 0.209]"
fe36caff87c20d586ec3e4015a3c6e83,True,-0.14797528065410276,0.9673000729781653,0.2966229893805237,0.2123775081951042,0.4909995024243721,2024-10-19,4,3,REG,1,0.3945716506247384,home,0.4816337529038554,0.21883535497462575,0.29953089212151895,0.48805410118838005,0.21446649094235148,0.29747940786913646,"(0.209, 0.215]"
fe482cdbabfec82468360b49d3a8e925,True,-0.09821767407395364,0.9808082114742095,0.33776430931456536,0.21714088460960382,0.44509480607583074,2024-12-06,3,2,REG,1,0.4413928396272682,home,0.4462564703093176,0.22628571018043225,0.32745781951025016,0.45087706312195996,0.22240831470720515,0.3267146221707417,"(0.215, 0.217]"
fe8a705bdc4049ddf776108ca4206500,True,-0.1078168338704776,1.0378122392196822,0.3300565210934544,0.2137350880971433,0.45620839080940234,2025-03-16,1,3,REG,0,0.43391066545123064,away,0.4474253755330319,0.220112713480618,0.33246191098635003,0.45230607197496625,0.2158539609664597,0.3318399670584852,"(0.209, 0.215]"
fedfa2b85db342576050e02a1ae0e116,True,0.18901027957074384,0.8929447659733916,0.5848013464662859,0.19807907362235702,0.21711957991135705,2025-01-16,2,5,REG,0,0.6976859702310604,away,0.22167403442467354,0.1962360304743012,0.5820899351010252,0.21606619109918904,0.1901768307191633,0.5937569781816476,"(0.145, 0.2]"
ff34983a759297a4b4cbcdd7f95576c7,True,-0.14939087804595136,0.9776065901857857,0.296055640158656,0.21194713600091106,0.4919972238404329,2024-12-23,2,3,REG,0,0.3930584396321566,away,0.48896898174977765,0.2094173502623334,0.30161366798788897,0.49559578208466937,0.20483711727092493,0.2995671006442723,"(0.209, 0.215]"
ff8d3befa7f6e4018b84de25829080fe,True,-0.032898800598199274,0.8780364051027213,0.39116687770628816,0.22298209626485083,0.38585102602886096,2025-01-30,5,4,OT,1,0.5023229882921391,draw,0.38038165383327754,0.2315366588550385,0.388081687311684,0.3820448016268367,0.2278557547629387,0.3900994436102245,"(0.217, 0.226]"
ffa112e052ea1db39b7e3df98de7542e,True,-0.07899348588147743,1.0631388858493285,0.35454160638508037,0.21149176398012265,0.43396662963479704,2024-11-09,6,4,REG,1,0.45801526717557256,home,0.4279557878775787,0.22345477036032083,0.3485894417621005,0.4317853784414266,0.21947661905877214,0.34873800249972225,"(0.209, 0.215]"
