metric,vs,r,p,N
HHI_rolling,rolling_pts,0.2895787190029191,8.201792263395413e-45,2255
HHI_percentile,rolling_pts,0.3099543298404398,1.0646450265258807e-48,2132
