model,R2,fh_coef,dR2
M1,0.027717479004154777,,
M2,0.053750397077445555,,0.02603291807329078
M3,0.060311801812080956,0.9267914166481823,0.006561404734635401
