actual,shuffle_mean,pctl
0.9267914166481823,0.08580007556081802,60.0
