event_id,market_key,player_name,line,p_first,tag,reason,conf,conf_rank
2a529c108305ffa049d8b6cfdbaa4d36,spreads,,8.5,0.455,price_vs_sharp,SEA -8.5 at HR vs -9.5 at Pinnacle after Daniels (elbow) out; Mariota starts. HR is a full point stale.,75,1
b225458a282e140c44c45651255f2f6c,spreads,,-7.0,0.5406,price_vs_sharp,BUF -7 at HR vs -7.5 at Pinnacle: the key number 7 for free; Allen at home vs a Chargers team that travels east early.,72,2
71123be049587b6facce3a20c53e5d09,spreads,,3.0,0.5133,price_vs_sharp,PIT +3 at even money vs -120 on the other side: paying for the 3 is free here; Rodgers at home as a dog.,64,3
555afd4a27aaa392662881cffa8f2eef,spreads,,-2.0,0.53,price_vs_sharp,NYG -2 at HR vs -2.5 Pinnacle; Winston replaces Dart and pushes the ball against a Titans rookie QB.,62,4
613b8cd3a5fab58f7be4e3fd6f76223e,spreads,,2.0,0.53,line_move,Moved 3 to 1.5 toward CLE at Pinnacle; HR still +2. Take CLE +2 with the move and the extra half point.,58,5
555afd4a27aaa392662881cffa8f2eef,totals,,38.0,0.53,price_vs_sharp,38 at HR vs 38.5 Pinnacle; Winston's volume and turnovers create short fields both ways. Over.,55,6
9d2b09e0f9b6dd5ce0d985894f4f98fa,spreads,,-7.5,0.4808,line_move,"Opened -8.5, now -7.5 at Pinnacle: money on ARI. ARI +7.5 with the move; Brissett keeps it close enough.",55,7
2a529c108305ffa049d8b6cfdbaa4d36,h2h,,0.0,0.1937,price_vs_sharp,Moneyline follows the spread read: SEA -8.5 at HR vs -9.5 at Pinnacle after Daniels (elbow) out; Mariota starts. HR is a full point stale.,50,8
84cfca14efc21363fd605508404cf1ff,spreads,,3.0,0.4533,price_vs_sharp,BAL -3 at HR vs -3.5 at Pinnacle: the hook off the key number for -120; Lamar vs a Dallas defence that leaks.,48,9
b225458a282e140c44c45651255f2f6c,h2h,,0.0,0.7692,price_vs_sharp,Moneyline follows the spread read: BUF -7 at HR vs -7.5 at Pinnacle: the key number 7 for free; Allen at home vs a Chargers team that travels east early.,47,10
1f3cfd315a24d1a7dd5859a8e6b88e18,spreads,,-3.0,0.4642,matchup,JAX -3 priced -105 and NE +3 -115: the market leans NE at the key number; Maye's form over Lawrence. NE +3.,45,11
0339a0e41bcee12820eb3e64bb5fadb4,spreads,,9.5,0.4692,price_vs_sharp,"KC -9.5 at HR vs -10 at Pinnacle: half a point better than the sharp number, with Willis starting for Miami.",40,12
71123be049587b6facce3a20c53e5d09,totals,,42.5,0.52,price_vs_sharp,42.5 at HR vs 43 at Pinnacle; Burrow-Rodgers can move the ball. Over the half point.,40,13
71123be049587b6facce3a20c53e5d09,h2h,,0.0,0.4034,price_vs_sharp,Moneyline follows the spread read: PIT +3 at even money vs -120 on the other side: paying for the 3 is free here; Rodgers at home as a dog.,39,14
9d2b09e0f9b6dd5ce0d985894f4f98fa,totals,,48.0,0.48,price_vs_sharp,48 at HR vs 47.5 Pinnacle: under the extra half point.,38,15
555afd4a27aaa392662881cffa8f2eef,h2h,,0.0,0.5696,price_vs_sharp,Moneyline follows the spread read: NYG -2 at HR vs -2.5 Pinnacle; Winston replaces Dart and pushes the ball against a Titans rookie QB.,37,16
0339a0e41bcee12820eb3e64bb5fadb4,totals,,45.5,0.48,matchup,Willis-led Miami offence is limited and KC grinds with a lead; under 45.5.,36,17
f1724dead3eab61546033032fc782375,totals,,42.5,0.5308,price_vs_sharp,42.5 at HR vs 43 Pinnacle: over the half point.,34,18
3bfd8bfb4b8e9a365a0877879b73b16b,spreads,,1.5,0.5092,matchup,DEN +1.5 at altitude against a Rams team on the road; home dog with the hook.,34,19
613b8cd3a5fab58f7be4e3fd6f76223e,h2h,,0.0,0.4783,line_move,Moneyline follows the spread read: Moved 3 to 1.5 toward CLE at Pinnacle; HR still +2. Take CLE +2 with the move and the extra half point.,33,20
2e523fcb0497aa689473e290eb2b97de,spreads,,-3.5,0.4692,matchup,LV +3.5 gets the hook past 3 against a rookie QB favourite; take the points.,32,21
84cfca14efc21363fd605508404cf1ff,totals,,53.5,0.48,price_vs_sharp,53.5 at HR vs 53 Pinnacle: under the extra half point despite the upward move.,32,22
9d2b09e0f9b6dd5ce0d985894f4f98fa,h2h,,0.0,0.7409,line_move,"Moneyline follows the spread read: Opened -8.5, now -7.5 at Pinnacle: money on ARI. ARI +7.5 with the move; Brissett keeps it close enough.",30,23
47dc7baa254659f3beb2ed2b38c207b6,spreads,,3.5,0.5308,matchup,CHI +3.5 at home on Monday: the hook past 3 against a road favourite; take the points.,30,24
2a529c108305ffa049d8b6cfdbaa4d36,totals,,40.5,0.485,injury_news,Mariota for Daniels and a 40.5 total: Washington's offense shrinks; lean under.,30,25
07f552badfa8a565d1be22123713e4da,spreads,,-7.0,0.5042,matchup,DET -7 at home against Geno Smith's Jets; Lions' offence at home clears a touchdown margin a bit more often.,30,26
07f552badfa8a565d1be22123713e4da,totals,,48.5,0.515,line_move,Total 48 to 48.5 at Pinnacle; Detroit home games run high. Small over.,28,27
17a730b7d399feeab6a78c30767c29d2,totals,,42.5,0.485,matchup,"Division game, two defences that limit big plays; under 42.5.",28,28
f1724dead3eab61546033032fc782375,spreads,,1.0,0.515,matchup,"TB +1 at home is basically a pick; Mayfield at home vs Murray's Vikings, lean home.",28,29
17a730b7d399feeab6a78c30767c29d2,spreads,,1.5,0.515,matchup,IND +1.5 at home in a division game; the hook matters little but home dog side slightly preferred.,26,30
3bfd8bfb4b8e9a365a0877879b73b16b,totals,,44.0,0.485,matchup,"Two good defences, Nix limited downfield: under 44.",26,31
1f3cfd315a24d1a7dd5859a8e6b88e18,totals,,46.0,0.515,line_move,Total ticked 45 to 45.5 at Pinnacle; slight over with the move.,25,32
84cfca14efc21363fd605508404cf1ff,h2h,,0.0,0.3661,price_vs_sharp,Moneyline follows the spread read: BAL -3 at HR vs -3.5 at Pinnacle: the hook off the key number for -120; Lamar vs a Dallas defence that leaks.,23,33
1f3cfd315a24d1a7dd5859a8e6b88e18,h2h,,0.0,0.5655,matchup,Moneyline follows the spread read: JAX -3 priced -105 and NE +3 -115: the market leans NE at the key number; Maye's form over Lawrence. NE +3.,20,34
613b8cd3a5fab58f7be4e3fd6f76223e,totals,,42.0,0.51,line_move,Total rose 41 to 42 at Pinnacle; small over lean with the move.,20,35
47dc7baa254659f3beb2ed2b38c207b6,totals,,42.0,0.49,matchup,"Monday night, cold-ish Chicago, two defences: slight under 42.",20,36
2e523fcb0497aa689473e290eb2b97de,totals,,43.5,0.5208,price_vs_sharp,"43.5 at HR vs 44 Pinnacle, but the over is -115; small over.",18,37
555afd4a27aaa392662881cffa8f2eef,player_pass_completions,Cam Ward,16.5,0.5636,game_script,Cam Ward: game total lean over; expected to trail -> more dropbacks.,17,38
555afd4a27aaa392662881cffa8f2eef,player_pass_yds,Cam Ward,177.5,0.533,game_script,Cam Ward: game total lean over; expected to trail -> more dropbacks.,17,39
555afd4a27aaa392662881cffa8f2eef,player_pass_attempts,Cam Ward,30.5,0.5229,game_script,Cam Ward: game total lean over; expected to trail -> more dropbacks.,17,40
0339a0e41bcee12820eb3e64bb5fadb4,h2h,,0.0,0.1594,price_vs_sharp,"Moneyline follows the spread read: KC -9.5 at HR vs -10 at Pinnacle: half a point better than the sharp number, with Willis starting for Miami.",15,41
0339a0e41bcee12820eb3e64bb5fadb4,player_pass_attempts,Patrick Mahomes,30.5,0.4831,game_script,Patrick Mahomes: game total lean under; expected to lead -> fewer dropbacks.,14,42
0339a0e41bcee12820eb3e64bb5fadb4,player_pass_completions,Patrick Mahomes,21.5,0.473,game_script,Patrick Mahomes: game total lean under; expected to lead -> fewer dropbacks.,14,43
0339a0e41bcee12820eb3e64bb5fadb4,player_pass_yds,Patrick Mahomes,237.5,0.473,game_script,Patrick Mahomes: game total lean under; expected to lead -> fewer dropbacks.,14,44
9d2b09e0f9b6dd5ce0d985894f4f98fa,player_pass_attempts,Brock Purdy,30.5,0.4831,game_script,Brock Purdy: game total lean under; expected to lead -> fewer dropbacks.,14,45
9d2b09e0f9b6dd5ce0d985894f4f98fa,player_pass_completions,Brock Purdy,21.5,0.4629,game_script,Brock Purdy: game total lean under; expected to lead -> fewer dropbacks.,14,46
9d2b09e0f9b6dd5ce0d985894f4f98fa,player_pass_yds,Brock Purdy,235.5,0.473,game_script,Brock Purdy: game total lean under; expected to lead -> fewer dropbacks.,14,47
84cfca14efc21363fd605508404cf1ff,player_pass_attempts,Lamar Jackson,28.5,0.473,game_script,Lamar Jackson: game total lean under; expected to lead -> fewer dropbacks.,14,48
84cfca14efc21363fd605508404cf1ff,player_pass_completions,Lamar Jackson,19.5,0.4527,game_script,Lamar Jackson: game total lean under; expected to lead -> fewer dropbacks.,14,49
84cfca14efc21363fd605508404cf1ff,player_pass_yds,Lamar Jackson,241.5,0.473,game_script,Lamar Jackson: game total lean under; expected to lead -> fewer dropbacks.,14,50
555afd4a27aaa392662881cffa8f2eef,player_pass_interceptions,Jameis Winston,0.5,0.6267,game_script,Jameis Winston: INT props: Winston's turnover rate.,14,51
07f552badfa8a565d1be22123713e4da,player_pass_attempts,Geno Smith,32.5,0.524,game_script,Geno Smith: game total lean over; expected to trail -> more dropbacks.,13,52
07f552badfa8a565d1be22123713e4da,player_pass_yds,Geno Smith,227.5,0.524,game_script,Geno Smith: game total lean over; expected to trail -> more dropbacks.,13,53
2a529c108305ffa049d8b6cfdbaa4d36,player_pass_attempts,Sam Darnold,28.5,0.4659,game_script,Sam Darnold: game total lean under; expected to lead -> fewer dropbacks.,13,54
2a529c108305ffa049d8b6cfdbaa4d36,player_pass_completions,Sam Darnold,18.5,0.4963,game_script,Sam Darnold: game total lean under; expected to lead -> fewer dropbacks.,13,55
2a529c108305ffa049d8b6cfdbaa4d36,player_pass_yds,Sam Darnold,222.5,0.476,game_script,Sam Darnold: game total lean under; expected to lead -> fewer dropbacks.,13,56
07f552badfa8a565d1be22123713e4da,player_pass_completions,Geno Smith,21.5,0.5139,game_script,Geno Smith: game total lean over; expected to trail -> more dropbacks.,13,57
b225458a282e140c44c45651255f2f6c,totals,,50.0,0.503,matchup,"50 is the same at HR and Pinnacle; no total read, slight under on a big early road trip for LAC.",12,58
555afd4a27aaa392662881cffa8f2eef,player_pass_tds,Cam Ward,0.5,0.6467,game_script,Cam Ward: game total lean over.,11,59
555afd4a27aaa392662881cffa8f2eef,player_pass_tds,Jameis Winston,0.5,0.6944,game_script,Jameis Winston: game total lean over.,11,60
555afd4a27aaa392662881cffa8f2eef,player_reception_yds,Cam Skattebo,11.5,0.5281,game_script,Cam Skattebo: game total lean over.,11,61
555afd4a27aaa392662881cffa8f2eef,player_reception_yds,Carnell Tate,38.5,0.518,game_script,Carnell Tate: game total lean over.,11,62
555afd4a27aaa392662881cffa8f2eef,player_reception_yds,Darnell Mooney,17.5,0.518,game_script,Darnell Mooney: game total lean over.,11,63
555afd4a27aaa392662881cffa8f2eef,player_reception_yds,Devin Singletary,6.5,0.518,game_script,Devin Singletary: game total lean over.,11,64
555afd4a27aaa392662881cffa8f2eef,player_reception_yds,Elic Ayomanor,13.5,0.518,game_script,Elic Ayomanor: game total lean over.,11,65
555afd4a27aaa392662881cffa8f2eef,player_reception_yds,Gunnar Helm,20.5,0.518,game_script,Gunnar Helm: game total lean over.,11,66
555afd4a27aaa392662881cffa8f2eef,player_reception_yds,Isaiah Likely,40.5,0.518,game_script,Isaiah Likely: game total lean over.,11,67
555afd4a27aaa392662881cffa8f2eef,player_reception_yds,Malachi Fields,21.5,0.518,game_script,Malachi Fields: game total lean over.,11,68
555afd4a27aaa392662881cffa8f2eef,player_reception_yds,Malik Nabers,53.5,0.518,game_script,Malik Nabers: game total lean over.,11,69
555afd4a27aaa392662881cffa8f2eef,player_reception_yds,Tony Pollard,6.5,0.5281,game_script,Tony Pollard: game total lean over.,11,70
555afd4a27aaa392662881cffa8f2eef,player_reception_yds,Wan'Dale Robinson,30.5,0.518,game_script,Wan'Dale Robinson: game total lean over.,11,71
555afd4a27aaa392662881cffa8f2eef,player_receptions,Calvin Ridley,1.5,0.4428,game_script,Calvin Ridley: game total lean over.,11,72
555afd4a27aaa392662881cffa8f2eef,player_receptions,Cam Skattebo,1.5,0.5845,game_script,Cam Skattebo: game total lean over.,11,73
555afd4a27aaa392662881cffa8f2eef,player_receptions,Carnell Tate,3.5,0.4772,game_script,Carnell Tate: game total lean over.,11,74
555afd4a27aaa392662881cffa8f2eef,player_receptions,Darnell Mooney,1.5,0.4772,game_script,Darnell Mooney: game total lean over.,11,75
555afd4a27aaa392662881cffa8f2eef,player_receptions,Devin Singletary,1.5,0.4674,game_script,Devin Singletary: game total lean over.,11,76
555afd4a27aaa392662881cffa8f2eef,player_receptions,Elic Ayomanor,1.5,0.4428,game_script,Elic Ayomanor: game total lean over.,11,77
555afd4a27aaa392662881cffa8f2eef,player_receptions,Gunnar Helm,2.5,0.5383,game_script,Gunnar Helm: game total lean over.,11,78
555afd4a27aaa392662881cffa8f2eef,player_receptions,Isaiah Likely,3.5,0.5901,game_script,Isaiah Likely: game total lean over.,11,79
555afd4a27aaa392662881cffa8f2eef,player_receptions,Malachi Fields,2.5,0.3977,game_script,Malachi Fields: game total lean over.,11,80
555afd4a27aaa392662881cffa8f2eef,player_receptions,Malik Nabers,4.5,0.4874,game_script,Malik Nabers: game total lean over.,11,81
555afd4a27aaa392662881cffa8f2eef,player_receptions,Tony Pollard,1.5,0.4163,game_script,Tony Pollard: game total lean over.,11,82
555afd4a27aaa392662881cffa8f2eef,player_receptions,Wan'Dale Robinson,3.5,0.4977,game_script,Wan'Dale Robinson: game total lean over.,11,83
555afd4a27aaa392662881cffa8f2eef,player_rush_attempts,Cam Skattebo,15.5,0.518,game_script,Cam Skattebo: game total lean over.,11,84
555afd4a27aaa392662881cffa8f2eef,player_rush_yds,Cam Skattebo,58.5,0.5281,game_script,Cam Skattebo: game total lean over.,11,85
555afd4a27aaa392662881cffa8f2eef,player_rush_yds,Devin Singletary,12.5,0.518,game_script,Devin Singletary: game total lean over.,11,86
555afd4a27aaa392662881cffa8f2eef,player_rush_yds,Najee Harris,17.5,0.518,game_script,Najee Harris: game total lean over.,11,87
555afd4a27aaa392662881cffa8f2eef,player_rush_yds,Tony Pollard,60.5,0.518,game_script,Tony Pollard: game total lean over.,11,88
555afd4a27aaa392662881cffa8f2eef,player_reception_yds,Calvin Ridley,14.5,0.5079,game_script,Calvin Ridley: game total lean over.,11,89
555afd4a27aaa392662881cffa8f2eef,player_rush_attempts,Tony Pollard,15.5,0.5079,game_script,Tony Pollard: game total lean over.,11,90
0339a0e41bcee12820eb3e64bb5fadb4,player_pass_interceptions,Malik Willis,0.5,0.5353,game_script,Malik Willis: INT props: trailing QB forces throws.,10,91
0339a0e41bcee12820eb3e64bb5fadb4,player_rush_attempts,Patrick Mahomes,3.5,0.5356,game_script,Patrick Mahomes: QB rushing: default slight under.,10,92
0339a0e41bcee12820eb3e64bb5fadb4,player_rush_yds,Patrick Mahomes,15.5,0.485,game_script,Patrick Mahomes: QB rushing: default slight under.,10,93
07f552badfa8a565d1be22123713e4da,player_pass_interceptions,Geno Smith,0.5,0.5251,game_script,Geno Smith: INT props: trailing QB forces throws.,10,94
07f552badfa8a565d1be22123713e4da,player_rush_yds,Jared Goff,0.5,0.4544,game_script,Jared Goff: QB rushing: default slight under.,10,95
2a529c108305ffa049d8b6cfdbaa4d36,player_pass_interceptions,Marcus Mariota,0.5,0.5783,game_script,Marcus Mariota: INT props: trailing QB forces throws.,10,96
2a529c108305ffa049d8b6cfdbaa4d36,player_rush_yds,Sam Darnold,6.5,0.485,game_script,Sam Darnold: QB rushing: default slight under.,10,97
555afd4a27aaa392662881cffa8f2eef,player_anytime_td,Calvin Ridley,0.5,0.14,game_script,Calvin Ridley: anytime TD follows the game total lean (over).,10,98
555afd4a27aaa392662881cffa8f2eef,player_anytime_td,Cam Skattebo,0.5,0.4912,game_script,Cam Skattebo: anytime TD follows the game total lean (over).,10,99
555afd4a27aaa392662881cffa8f2eef,player_anytime_td,Cam Ward,0.5,0.1889,game_script,Cam Ward: anytime TD follows the game total lean (over).,10,100
555afd4a27aaa392662881cffa8f2eef,player_anytime_td,Darnell Mooney,0.5,0.1579,game_script,Darnell Mooney: anytime TD follows the game total lean (over).,10,101
555afd4a27aaa392662881cffa8f2eef,player_anytime_td,Elic Ayomanor,0.5,0.1579,game_script,Elic Ayomanor: anytime TD follows the game total lean (over).,10,102
555afd4a27aaa392662881cffa8f2eef,player_anytime_td,Gunnar Helm,0.5,0.1889,game_script,Gunnar Helm: anytime TD follows the game total lean (over).,10,103
555afd4a27aaa392662881cffa8f2eef,player_anytime_td,Isaiah Likely,0.5,0.265,game_script,Isaiah Likely: anytime TD follows the game total lean (over).,10,104
555afd4a27aaa392662881cffa8f2eef,player_anytime_td,Malik Nabers,0.5,0.3227,game_script,Malik Nabers: anytime TD follows the game total lean (over).,10,105
555afd4a27aaa392662881cffa8f2eef,player_anytime_td,Najee Harris,0.5,0.2055,game_script,Najee Harris: anytime TD follows the game total lean (over).,10,106
555afd4a27aaa392662881cffa8f2eef,player_anytime_td,Theo Johnson,0.5,0.1261,game_script,Theo Johnson: anytime TD follows the game total lean (over).,10,107
555afd4a27aaa392662881cffa8f2eef,player_anytime_td,Tony Pollard,0.5,0.4695,game_script,Tony Pollard: anytime TD follows the game total lean (over).,10,108
555afd4a27aaa392662881cffa8f2eef,player_anytime_td,Wan'Dale Robinson,0.5,0.215,game_script,Wan'Dale Robinson: anytime TD follows the game total lean (over).,10,109
555afd4a27aaa392662881cffa8f2eef,player_pass_interceptions,Cam Ward,0.5,0.4644,game_script,Cam Ward: INT props: trailing QB forces throws.,10,110
555afd4a27aaa392662881cffa8f2eef,player_rush_yds,Jameis Winston,5.5,0.4951,game_script,Jameis Winston: QB rushing: default slight under.,10,111
b225458a282e140c44c45651255f2f6c,player_pass_attempts,Josh Allen,29.5,0.5053,game_script,Josh Allen: game total lean flat; expected to lead -> fewer dropbacks.,10,112
b225458a282e140c44c45651255f2f6c,player_pass_completions,Josh Allen,20.5,0.4951,game_script,Josh Allen: game total lean flat; expected to lead -> fewer dropbacks.,10,113
b225458a282e140c44c45651255f2f6c,player_pass_completions,Justin Herbert,20.5,0.4947,game_script,Justin Herbert: game total lean flat; expected to trail -> more dropbacks.,10,114
b225458a282e140c44c45651255f2f6c,player_pass_interceptions,Justin Herbert,0.5,0.5251,game_script,Justin Herbert: INT props: trailing QB forces throws.,10,115
b225458a282e140c44c45651255f2f6c,player_pass_yds,Josh Allen,239.5,0.485,game_script,Josh Allen: game total lean flat; expected to lead -> fewer dropbacks.,10,116
b225458a282e140c44c45651255f2f6c,player_pass_yds,Justin Herbert,226.5,0.515,game_script,Justin Herbert: game total lean flat; expected to trail -> more dropbacks.,10,117
b225458a282e140c44c45651255f2f6c,player_rush_attempts,Josh Allen,8.5,0.4544,game_script,Josh Allen: QB rushing: default slight under.,10,118
b225458a282e140c44c45651255f2f6c,player_rush_yds,Josh Allen,33.5,0.485,game_script,Josh Allen: QB rushing: default slight under.,10,119
9d2b09e0f9b6dd5ce0d985894f4f98fa,player_pass_interceptions,Jacoby Brissett,0.5,0.4742,game_script,Jacoby Brissett: INT props: trailing QB forces throws.,10,120
9d2b09e0f9b6dd5ce0d985894f4f98fa,player_rush_yds,Brock Purdy,16.5,0.4951,game_script,Brock Purdy: QB rushing: default slight under.,10,121
84cfca14efc21363fd605508404cf1ff,player_pass_interceptions,Dak Prescott,0.5,0.5251,game_script,Dak Prescott: INT props: trailing QB forces throws.,10,122
84cfca14efc21363fd605508404cf1ff,player_rush_attempts,Lamar Jackson,5.5,0.5156,game_script,Lamar Jackson: QB rushing: default slight under.,10,123
84cfca14efc21363fd605508404cf1ff,player_rush_yds,Lamar Jackson,39.5,0.4951,game_script,Lamar Jackson: QB rushing: default slight under.,10,124
555afd4a27aaa392662881cffa8f2eef,player_anytime_td,Chris Manhertz,0.5,0.0394,game_script,Chris Manhertz: anytime TD follows the game total lean (over).,10,125
555afd4a27aaa392662881cffa8f2eef,player_anytime_td,David Martin-Robinson,0.5,0.0394,game_script,David Martin-Robinson: anytime TD follows the game total lean (over).,10,126
555afd4a27aaa392662881cffa8f2eef,player_anytime_td,Kylen Granson,0.5,0.0394,game_script,Kylen Granson: anytime TD follows the game total lean (over).,10,127
555afd4a27aaa392662881cffa8f2eef,player_anytime_td,Odell Beckham Jr.,0.5,0.0394,game_script,Odell Beckham Jr.: anytime TD follows the game total lean (over).,10,128
555afd4a27aaa392662881cffa8f2eef,player_anytime_td,Thomas Fidone,0.5,0.0394,game_script,Thomas Fidone: anytime TD follows the game total lean (over).,10,129
555afd4a27aaa392662881cffa8f2eef,player_anytime_td,Tyrone Tracy Jr.,0.5,0.0394,game_script,Tyrone Tracy Jr.: anytime TD follows the game total lean (over).,10,130
555afd4a27aaa392662881cffa8f2eef,player_anytime_td,Braxton Berrios,0.5,0.0691,game_script,Braxton Berrios: anytime TD follows the game total lean (over).,10,131
555afd4a27aaa392662881cffa8f2eef,player_anytime_td,Chimere Dike,0.5,0.0983,game_script,Chimere Dike: anytime TD follows the game total lean (over).,10,132
555afd4a27aaa392662881cffa8f2eef,player_anytime_td,Daniel Bellinger,0.5,0.0691,game_script,Daniel Bellinger: anytime TD follows the game total lean (over).,10,133
555afd4a27aaa392662881cffa8f2eef,player_anytime_td,Julius Chestnut,0.5,0.0576,game_script,Julius Chestnut: anytime TD follows the game total lean (over).,10,134
555afd4a27aaa392662881cffa8f2eef,player_anytime_td,Carnell Tate,0.5,0.2503,game_script,Carnell Tate: anytime TD follows the game total lean (over).,10,135
555afd4a27aaa392662881cffa8f2eef,player_anytime_td,Devin Singletary,0.5,0.1817,game_script,Devin Singletary: anytime TD follows the game total lean (over).,10,136
555afd4a27aaa392662881cffa8f2eef,player_anytime_td,Jameis Winston,0.5,0.1817,game_script,Jameis Winston: anytime TD follows the game total lean (over).,10,137
555afd4a27aaa392662881cffa8f2eef,player_anytime_td,Malachi Fields,0.5,0.1817,game_script,Malachi Fields: anytime TD follows the game total lean (over).,10,138
555afd4a27aaa392662881cffa8f2eef,player_anytime_td,Nicholas Singleton,0.5,0.175,game_script,Nicholas Singleton: anytime TD follows the game total lean (over).,10,139
b225458a282e140c44c45651255f2f6c,player_pass_attempts,Justin Herbert,31.5,0.5049,game_script,Justin Herbert: game total lean flat; expected to trail -> more dropbacks.,10,140
3bfd8bfb4b8e9a365a0877879b73b16b,h2h,,0.0,0.4713,matchup,Moneyline follows the spread read: DEN +1.5 at altitude against a Rams team on the road; home dog with the hook.,9,141
0339a0e41bcee12820eb3e64bb5fadb4,player_pass_tds,Malik Willis,0.5,0.6293,game_script,Malik Willis: game total lean under.,8,142
0339a0e41bcee12820eb3e64bb5fadb4,player_pass_tds,Patrick Mahomes,1.5,0.6352,game_script,Patrick Mahomes: game total lean under.,8,143
0339a0e41bcee12820eb3e64bb5fadb4,player_reception_yds,Chris Bell,19.5,0.4779,game_script,Chris Bell: game total lean under.,8,144
0339a0e41bcee12820eb3e64bb5fadb4,player_reception_yds,De'Von Achane,27.5,0.4779,game_script,De'Von Achane: game total lean under.,8,145
0339a0e41bcee12820eb3e64bb5fadb4,player_reception_yds,Emmett Johnson,10.5,0.488,game_script,Emmett Johnson: game total lean under.,8,146
0339a0e41bcee12820eb3e64bb5fadb4,player_reception_yds,Greg Dulcich,22.5,0.488,game_script,Greg Dulcich: game total lean under.,8,147
0339a0e41bcee12820eb3e64bb5fadb4,player_reception_yds,Kenneth Walker III,22.5,0.4981,game_script,Kenneth Walker III: game total lean under.,8,148
0339a0e41bcee12820eb3e64bb5fadb4,player_reception_yds,Kevin Coleman Jr.,14.5,0.4981,game_script,Kevin Coleman Jr.: game total lean under.,8,149
0339a0e41bcee12820eb3e64bb5fadb4,player_reception_yds,Malik Washington,38.5,0.4779,game_script,Malik Washington: game total lean under.,8,150
0339a0e41bcee12820eb3e64bb5fadb4,player_reception_yds,Rashee Rice,47.5,0.4981,game_script,Rashee Rice: game total lean under.,8,151
0339a0e41bcee12820eb3e64bb5fadb4,player_reception_yds,Travis Kelce,52.5,0.488,game_script,Travis Kelce: game total lean under.,8,152
0339a0e41bcee12820eb3e64bb5fadb4,player_reception_yds,Tyquan Thornton,19.5,0.488,game_script,Tyquan Thornton: game total lean under.,8,153
0339a0e41bcee12820eb3e64bb5fadb4,player_reception_yds,Xavier Worthy,39.5,0.488,game_script,Xavier Worthy: game total lean under.,8,154
0339a0e41bcee12820eb3e64bb5fadb4,player_receptions,Chris Bell,1.5,0.4981,game_script,Chris Bell: game total lean under.,8,155
0339a0e41bcee12820eb3e64bb5fadb4,player_receptions,De'Von Achane,3.5,0.5083,game_script,De'Von Achane: game total lean under.,8,156
0339a0e41bcee12820eb3e64bb5fadb4,player_receptions,Emmett Johnson,1.5,0.4574,game_script,Emmett Johnson: game total lean under.,8,157
0339a0e41bcee12820eb3e64bb5fadb4,player_receptions,Greg Dulcich,2.5,0.4159,game_script,Greg Dulcich: game total lean under.,8,158
0339a0e41bcee12820eb3e64bb5fadb4,player_receptions,Kenneth Walker III,3.5,0.4247,game_script,Kenneth Walker III: game total lean under.,8,159
0339a0e41bcee12820eb3e64bb5fadb4,player_receptions,Kevin Coleman Jr.,1.5,0.4281,game_script,Kevin Coleman Jr.: game total lean under.,8,160
0339a0e41bcee12820eb3e64bb5fadb4,player_receptions,Malik Washington,3.5,0.5288,game_script,Malik Washington: game total lean under.,8,161
0339a0e41bcee12820eb3e64bb5fadb4,player_receptions,Rashee Rice,4.5,0.4281,game_script,Rashee Rice: game total lean under.,8,162
0339a0e41bcee12820eb3e64bb5fadb4,player_receptions,Travis Kelce,4.5,0.488,game_script,Travis Kelce: game total lean under.,8,163
0339a0e41bcee12820eb3e64bb5fadb4,player_receptions,Tyquan Thornton,1.5,0.4247,game_script,Tyquan Thornton: game total lean under.,8,164
0339a0e41bcee12820eb3e64bb5fadb4,player_receptions,Xavier Worthy,3.5,0.4779,game_script,Xavier Worthy: game total lean under.,8,165
0339a0e41bcee12820eb3e64bb5fadb4,player_rush_attempts,De'Von Achane,15.5,0.488,game_script,De'Von Achane: game total lean under.,8,166
0339a0e41bcee12820eb3e64bb5fadb4,player_rush_attempts,Emmett Johnson,6.5,0.5186,game_script,Emmett Johnson: game total lean under.,8,167
0339a0e41bcee12820eb3e64bb5fadb4,player_rush_attempts,Kenneth Walker III,17.5,0.4779,game_script,Kenneth Walker III: game total lean under.,8,168
0339a0e41bcee12820eb3e64bb5fadb4,player_rush_yds,De'Von Achane,60.5,0.488,game_script,De'Von Achane: game total lean under.,8,169
0339a0e41bcee12820eb3e64bb5fadb4,player_rush_yds,Emmett Johnson,28.5,0.488,game_script,Emmett Johnson: game total lean under.,8,170
0339a0e41bcee12820eb3e64bb5fadb4,player_rush_yds,Kenneth Walker III,84.5,0.488,game_script,Kenneth Walker III: game total lean under.,8,171
0339a0e41bcee12820eb3e64bb5fadb4,player_rush_yds,Ollie Gordon II,8.5,0.4981,game_script,Ollie Gordon II: game total lean under.,8,172
71123be049587b6facce3a20c53e5d09,player_pass_attempts,Joe Burrow,35.5,0.4917,game_script,Joe Burrow: game total lean over; neutral script.,8,173
71123be049587b6facce3a20c53e5d09,player_pass_completions,Aaron Rodgers,22.5,0.4814,game_script,Aaron Rodgers: game total lean over; neutral script.,8,174
71123be049587b6facce3a20c53e5d09,player_pass_completions,Joe Burrow,23.5,0.512,game_script,Joe Burrow: game total lean over; neutral script.,8,175
71123be049587b6facce3a20c53e5d09,player_pass_tds,Aaron Rodgers,1.5,0.3752,game_script,Aaron Rodgers: game total lean over.,8,176
71123be049587b6facce3a20c53e5d09,player_pass_tds,Joe Burrow,1.5,0.512,game_script,Joe Burrow: game total lean over.,8,177
71123be049587b6facce3a20c53e5d09,player_pass_yds,Aaron Rodgers,223.5,0.512,game_script,Aaron Rodgers: game total lean over; neutral script.,8,178
71123be049587b6facce3a20c53e5d09,player_pass_yds,Joe Burrow,254.5,0.512,game_script,Joe Burrow: game total lean over; neutral script.,8,179
71123be049587b6facce3a20c53e5d09,player_reception_yds,DK Metcalf,52.5,0.512,game_script,DK Metcalf: game total lean over.,8,180
71123be049587b6facce3a20c53e5d09,player_reception_yds,Drew Sample,6.5,0.512,game_script,Drew Sample: game total lean over.,8,181
71123be049587b6facce3a20c53e5d09,player_reception_yds,Ja'Marr Chase,75.5,0.5221,game_script,Ja'Marr Chase: game total lean over.,8,182
71123be049587b6facce3a20c53e5d09,player_reception_yds,Michael Pittman Jr.,26.5,0.512,game_script,Michael Pittman Jr.: game total lean over.,8,183
71123be049587b6facce3a20c53e5d09,player_reception_yds,Pat Freiermuth,35.5,0.5221,game_script,Pat Freiermuth: game total lean over.,8,184
71123be049587b6facce3a20c53e5d09,player_reception_yds,Roman Wilson,22.5,0.512,game_script,Roman Wilson: game total lean over.,8,185
71123be049587b6facce3a20c53e5d09,player_reception_yds,Tee Higgins,53.5,0.512,game_script,Tee Higgins: game total lean over.,8,186
71123be049587b6facce3a20c53e5d09,player_receptions,Chase Brown,3.5,0.4712,game_script,Chase Brown: game total lean over.,8,187
71123be049587b6facce3a20c53e5d09,player_receptions,DK Metcalf,4.5,0.4814,game_script,DK Metcalf: game total lean over.,8,188
71123be049587b6facce3a20c53e5d09,player_receptions,Darnell Washington,1.5,0.5528,game_script,Darnell Washington: game total lean over.,8,189
71123be049587b6facce3a20c53e5d09,player_receptions,Drew Sample,1.5,0.3938,game_script,Drew Sample: game total lean over.,8,190
71123be049587b6facce3a20c53e5d09,player_receptions,Erick All,0.5,0.5753,game_script,Erick All: game total lean over.,8,191
71123be049587b6facce3a20c53e5d09,player_receptions,Ja'Marr Chase,6.5,0.5323,game_script,Ja'Marr Chase: game total lean over.,8,192
71123be049587b6facce3a20c53e5d09,player_receptions,Jaylen Warren,3.5,0.5955,game_script,Jaylen Warren: game total lean over.,8,193
71123be049587b6facce3a20c53e5d09,player_receptions,Michael Pittman Jr.,2.5,0.5661,game_script,Michael Pittman Jr.: game total lean over.,8,194
71123be049587b6facce3a20c53e5d09,player_receptions,Mike Gesicki,2.5,0.5221,game_script,Mike Gesicki: game total lean over.,8,195
71123be049587b6facce3a20c53e5d09,player_receptions,Pat Freiermuth,3.5,0.5661,game_script,Pat Freiermuth: game total lean over.,8,196
71123be049587b6facce3a20c53e5d09,player_receptions,Roman Wilson,2.5,0.4614,game_script,Roman Wilson: game total lean over.,8,197
71123be049587b6facce3a20c53e5d09,player_receptions,Tee Higgins,4.5,0.4314,game_script,Tee Higgins: game total lean over.,8,198
71123be049587b6facce3a20c53e5d09,player_rush_attempts,Chase Brown,15.5,0.5426,game_script,Chase Brown: game total lean over.,8,199
71123be049587b6facce3a20c53e5d09,player_rush_attempts,Jaylen Warren,15.5,0.4917,game_script,Jaylen Warren: game total lean over.,8,200
71123be049587b6facce3a20c53e5d09,player_rush_yds,Chase Brown,64.5,0.512,game_script,Chase Brown: game total lean over.,8,201
71123be049587b6facce3a20c53e5d09,player_rush_yds,Jaylen Warren,57.5,0.512,game_script,Jaylen Warren: game total lean over.,8,202
71123be049587b6facce3a20c53e5d09,player_rush_yds,Samaje Perine,14.5,0.512,game_script,Samaje Perine: game total lean over.,8,203
9d2b09e0f9b6dd5ce0d985894f4f98fa,player_pass_tds,Brock Purdy,1.5,0.5715,game_script,Brock Purdy: game total lean under.,8,204
9d2b09e0f9b6dd5ce0d985894f4f98fa,player_pass_tds,Jacoby Brissett,1.5,0.3467,game_script,Jacoby Brissett: game total lean under.,8,205
9d2b09e0f9b6dd5ce0d985894f4f98fa,player_reception_yds,Christian McCaffrey,38.5,0.488,game_script,Christian McCaffrey: game total lean under.,8,206
9d2b09e0f9b6dd5ce0d985894f4f98fa,player_reception_yds,Deebo Samuel,40.5,0.488,game_script,Deebo Samuel: game total lean under.,8,207
9d2b09e0f9b6dd5ce0d985894f4f98fa,player_reception_yds,George Kittle,45.5,0.488,game_script,George Kittle: game total lean under.,8,208
9d2b09e0f9b6dd5ce0d985894f4f98fa,player_reception_yds,Jeremiyah Love,14.5,0.488,game_script,Jeremiyah Love: game total lean under.,8,209
9d2b09e0f9b6dd5ce0d985894f4f98fa,player_reception_yds,Kendrick Bourne,23.5,0.488,game_script,Kendrick Bourne: game total lean under.,8,210
9d2b09e0f9b6dd5ce0d985894f4f98fa,player_reception_yds,Kyle Juszczyk,8.5,0.488,game_script,Kyle Juszczyk: game total lean under.,8,211
9d2b09e0f9b6dd5ce0d985894f4f98fa,player_reception_yds,Marvin Harrison Jr.,33.5,0.488,game_script,Marvin Harrison Jr.: game total lean under.,8,212
9d2b09e0f9b6dd5ce0d985894f4f98fa,player_reception_yds,Michael Wilson,45.5,0.488,game_script,Michael Wilson: game total lean under.,8,213
9d2b09e0f9b6dd5ce0d985894f4f98fa,player_reception_yds,Mike Evans,54.5,0.488,game_script,Mike Evans: game total lean under.,8,214
9d2b09e0f9b6dd5ce0d985894f4f98fa,player_reception_yds,Trey McBride,67.5,0.488,game_script,Trey McBride: game total lean under.,8,215
9d2b09e0f9b6dd5ce0d985894f4f98fa,player_reception_yds,Tyler Allgeier,7.5,0.488,game_script,Tyler Allgeier: game total lean under.,8,216
9d2b09e0f9b6dd5ce0d985894f4f98fa,player_receptions,Christian McCaffrey,4.5,0.5083,game_script,Christian McCaffrey: game total lean under.,8,217
9d2b09e0f9b6dd5ce0d985894f4f98fa,player_receptions,Deebo Samuel,3.5,0.5715,game_script,Deebo Samuel: game total lean under.,8,218
9d2b09e0f9b6dd5ce0d985894f4f98fa,player_receptions,George Kittle,4.5,0.4128,game_script,George Kittle: game total lean under.,8,219
9d2b09e0f9b6dd5ce0d985894f4f98fa,player_receptions,Jeremiyah Love,2.5,0.488,game_script,Jeremiyah Love: game total lean under.,8,220
9d2b09e0f9b6dd5ce0d985894f4f98fa,player_receptions,Kendrick Bourne,2.5,0.4779,game_script,Kendrick Bourne: game total lean under.,8,221
9d2b09e0f9b6dd5ce0d985894f4f98fa,player_receptions,Kyle Juszczyk,1.5,0.3546,game_script,Kyle Juszczyk: game total lean under.,8,222
9d2b09e0f9b6dd5ce0d985894f4f98fa,player_receptions,Marvin Harrison Jr.,2.5,0.4247,game_script,Marvin Harrison Jr.: game total lean under.,8,223
9d2b09e0f9b6dd5ce0d985894f4f98fa,player_receptions,Michael Wilson,3.5,0.5513,game_script,Michael Wilson: game total lean under.,8,224
9d2b09e0f9b6dd5ce0d985894f4f98fa,player_receptions,Mike Evans,4.5,0.4128,game_script,Mike Evans: game total lean under.,8,225
9d2b09e0f9b6dd5ce0d985894f4f98fa,player_receptions,Trey McBride,7.5,0.4247,game_script,Trey McBride: game total lean under.,8,226
9d2b09e0f9b6dd5ce0d985894f4f98fa,player_rush_attempts,Christian McCaffrey,13.5,0.488,game_script,Christian McCaffrey: game total lean under.,8,227
9d2b09e0f9b6dd5ce0d985894f4f98fa,player_rush_attempts,Jeremiyah Love,10.5,0.5186,game_script,Jeremiyah Love: game total lean under.,8,228
9d2b09e0f9b6dd5ce0d985894f4f98fa,player_rush_yds,Christian McCaffrey,56.5,0.488,game_script,Christian McCaffrey: game total lean under.,8,229
9d2b09e0f9b6dd5ce0d985894f4f98fa,player_rush_yds,Jeremiyah Love,38.5,0.488,game_script,Jeremiyah Love: game total lean under.,8,230
9d2b09e0f9b6dd5ce0d985894f4f98fa,player_rush_yds,Kaelon Black,32.5,0.488,game_script,Kaelon Black: game total lean under.,8,231
9d2b09e0f9b6dd5ce0d985894f4f98fa,player_rush_yds,Tyler Allgeier,33.5,0.488,game_script,Tyler Allgeier: game total lean under.,8,232
f1724dead3eab61546033032fc782375,player_pass_attempts,Kyler Murray,30.5,0.512,game_script,Kyler Murray: game total lean over; neutral script.,8,233
f1724dead3eab61546033032fc782375,player_pass_completions,Baker Mayfield,19.5,0.512,game_script,Baker Mayfield: game total lean over; neutral script.,8,234
f1724dead3eab61546033032fc782375,player_pass_completions,Kyler Murray,18.5,0.512,game_script,Kyler Murray: game total lean over; neutral script.,8,235
f1724dead3eab61546033032fc782375,player_pass_tds,Baker Mayfield,1.5,0.4029,game_script,Baker Mayfield: game total lean over.,8,236
f1724dead3eab61546033032fc782375,player_pass_tds,Kyler Murray,1.5,0.4103,game_script,Kyler Murray: game total lean over.,8,237
f1724dead3eab61546033032fc782375,player_pass_yds,Baker Mayfield,216.5,0.512,game_script,Baker Mayfield: game total lean over; neutral script.,8,238
f1724dead3eab61546033032fc782375,player_pass_yds,Kyler Murray,210.5,0.512,game_script,Kyler Murray: game total lean over; neutral script.,8,239
f1724dead3eab61546033032fc782375,player_reception_yds,Aaron Jones,12.5,0.5221,game_script,Aaron Jones: game total lean over.,8,240
f1724dead3eab61546033032fc782375,player_reception_yds,Bucky Irving,15.5,0.512,game_script,Bucky Irving: game total lean over.,8,241
f1724dead3eab61546033032fc782375,player_reception_yds,Cade Otton,27.5,0.512,game_script,Cade Otton: game total lean over.,8,242
f1724dead3eab61546033032fc782375,player_reception_yds,Chris Godwin,35.5,0.512,game_script,Chris Godwin: game total lean over.,8,243
f1724dead3eab61546033032fc782375,player_reception_yds,Emeka Egbuka,49.5,0.512,game_script,Emeka Egbuka: game total lean over.,8,244
f1724dead3eab61546033032fc782375,player_reception_yds,Jalen McMillan,14.5,0.512,game_script,Jalen McMillan: game total lean over.,8,245
f1724dead3eab61546033032fc782375,player_reception_yds,Jauan Jennings,14.5,0.512,game_script,Jauan Jennings: game total lean over.,8,246
f1724dead3eab61546033032fc782375,player_reception_yds,Jordan Addison,37.5,0.512,game_script,Jordan Addison: game total lean over.,8,247
f1724dead3eab61546033032fc782375,player_reception_yds,Justin Jefferson,72.5,0.512,game_script,Justin Jefferson: game total lean over.,8,248
f1724dead3eab61546033032fc782375,player_reception_yds,Kenny Gainwell,9.5,0.512,game_script,Kenny Gainwell: game total lean over.,8,249
f1724dead3eab61546033032fc782375,player_reception_yds,T.J. Hockenson,30.5,0.512,game_script,T.J. Hockenson: game total lean over.,8,250
f1724dead3eab61546033032fc782375,player_reception_yds,Ted Hurst III,24.5,0.512,game_script,Ted Hurst III: game total lean over.,8,251
f1724dead3eab61546033032fc782375,player_receptions,Aaron Jones,1.5,0.6061,game_script,Aaron Jones: game total lean over.,8,252
f1724dead3eab61546033032fc782375,player_receptions,Bucky Irving,2.5,0.5528,game_script,Bucky Irving: game total lean over.,8,253
f1724dead3eab61546033032fc782375,player_receptions,Cade Otton,3.5,0.4103,game_script,Cade Otton: game total lean over.,8,254
f1724dead3eab61546033032fc782375,player_receptions,Chris Godwin,3.5,0.4399,game_script,Chris Godwin: game total lean over.,8,255
f1724dead3eab61546033032fc782375,player_receptions,Emeka Egbuka,4.5,0.4368,game_script,Emeka Egbuka: game total lean over.,8,256
f1724dead3eab61546033032fc782375,player_receptions,Jalen McMillan,1.5,0.4368,game_script,Jalen McMillan: game total lean over.,8,257
f1724dead3eab61546033032fc782375,player_receptions,Jauan Jennings,1.5,0.4814,game_script,Jauan Jennings: game total lean over.,8,258
f1724dead3eab61546033032fc782375,player_receptions,Jordan Addison,3.5,0.4368,game_script,Jordan Addison: game total lean over.,8,259
f1724dead3eab61546033032fc782375,player_receptions,Josh Oliver,1.5,0.4487,game_script,Josh Oliver: game total lean over.,8,260
f1724dead3eab61546033032fc782375,player_receptions,Justin Jefferson,5.5,0.5626,game_script,Justin Jefferson: game total lean over.,8,261
f1724dead3eab61546033032fc782375,player_receptions,Kenny Gainwell,1.5,0.6035,game_script,Kenny Gainwell: game total lean over.,8,262
f1724dead3eab61546033032fc782375,player_receptions,Ted Hurst III,2.5,0.4205,game_script,Ted Hurst III: game total lean over.,8,263
f1724dead3eab61546033032fc782375,player_rush_attempts,Aaron Jones,13.5,0.5323,game_script,Aaron Jones: game total lean over.,8,264
f1724dead3eab61546033032fc782375,player_rush_attempts,Bucky Irving,14.5,0.5221,game_script,Bucky Irving: game total lean over.,8,265
f1724dead3eab61546033032fc782375,player_rush_yds,Aaron Jones,52.5,0.512,game_script,Aaron Jones: game total lean over.,8,266
f1724dead3eab61546033032fc782375,player_rush_yds,Bucky Irving,57.5,0.512,game_script,Bucky Irving: game total lean over.,8,267
f1724dead3eab61546033032fc782375,player_rush_yds,Kenny Gainwell,18.5,0.512,game_script,Kenny Gainwell: game total lean over.,8,268
84cfca14efc21363fd605508404cf1ff,player_pass_tds,Dak Prescott,1.5,0.5601,game_script,Dak Prescott: game total lean under.,8,269
84cfca14efc21363fd605508404cf1ff,player_pass_tds,Lamar Jackson,1.5,0.5513,game_script,Lamar Jackson: game total lean under.,8,270
84cfca14efc21363fd605508404cf1ff,player_reception_yds,CeeDee Lamb,83.5,0.488,game_script,CeeDee Lamb: game total lean under.,8,271
84cfca14efc21363fd605508404cf1ff,player_reception_yds,Derrick Henry,10.5,0.4779,game_script,Derrick Henry: game total lean under.,8,272
84cfca14efc21363fd605508404cf1ff,player_reception_yds,George Pickens,65.5,0.488,game_script,George Pickens: game total lean under.,8,273
84cfca14efc21363fd605508404cf1ff,player_reception_yds,Jake Ferguson,27.5,0.488,game_script,Jake Ferguson: game total lean under.,8,274
84cfca14efc21363fd605508404cf1ff,player_reception_yds,Javonte Williams,14.5,0.488,game_script,Javonte Williams: game total lean under.,8,275
84cfca14efc21363fd605508404cf1ff,player_reception_yds,Justice Hill,13.5,0.488,game_script,Justice Hill: game total lean under.,8,276
84cfca14efc21363fd605508404cf1ff,player_reception_yds,Mark Andrews,39.5,0.488,game_script,Mark Andrews: game total lean under.,8,277
84cfca14efc21363fd605508404cf1ff,player_reception_yds,Rashod Bateman,44.5,0.488,game_script,Rashod Bateman: game total lean under.,8,278
84cfca14efc21363fd605508404cf1ff,player_reception_yds,Ryan Flournoy,29.5,0.488,game_script,Ryan Flournoy: game total lean under.,8,279
84cfca14efc21363fd605508404cf1ff,player_receptions,CeeDee Lamb,6.5,0.488,game_script,CeeDee Lamb: game total lean under.,8,280
84cfca14efc21363fd605508404cf1ff,player_receptions,Derrick Henry,1.5,0.4128,game_script,Derrick Henry: game total lean under.,8,281
84cfca14efc21363fd605508404cf1ff,player_receptions,George Pickens,5.5,0.4339,game_script,George Pickens: game total lean under.,8,282
84cfca14efc21363fd605508404cf1ff,player_receptions,Jake Ferguson,3.5,0.4981,game_script,Jake Ferguson: game total lean under.,8,283
84cfca14efc21363fd605508404cf1ff,player_receptions,Javonte Williams,2.5,0.5386,game_script,Javonte Williams: game total lean under.,8,284
84cfca14efc21363fd605508404cf1ff,player_receptions,Justice Hill,1.5,0.5686,game_script,Justice Hill: game total lean under.,8,285
84cfca14efc21363fd605508404cf1ff,player_receptions,Mark Andrews,4.5,0.3965,game_script,Mark Andrews: game total lean under.,8,286
84cfca14efc21363fd605508404cf1ff,player_receptions,Rashod Bateman,3.5,0.4374,game_script,Rashod Bateman: game total lean under.,8,287
84cfca14efc21363fd605508404cf1ff,player_receptions,Ryan Flournoy,3.5,0.4074,game_script,Ryan Flournoy: game total lean under.,8,288
84cfca14efc21363fd605508404cf1ff,player_rush_attempts,Derrick Henry,18.5,0.4981,game_script,Derrick Henry: game total lean under.,8,289
84cfca14efc21363fd605508404cf1ff,player_rush_attempts,Javonte Williams,14.5,0.5083,game_script,Javonte Williams: game total lean under.,8,290
84cfca14efc21363fd605508404cf1ff,player_rush_yds,Derrick Henry,91.5,0.488,game_script,Derrick Henry: game total lean under.,8,291
84cfca14efc21363fd605508404cf1ff,player_rush_yds,Emari Demercado,7.5,0.4779,game_script,Emari Demercado: game total lean under.,8,292
84cfca14efc21363fd605508404cf1ff,player_rush_yds,Javonte Williams,57.5,0.488,game_script,Javonte Williams: game total lean under.,8,293
84cfca14efc21363fd605508404cf1ff,player_rush_yds,Justice Hill,13.5,0.488,game_script,Justice Hill: game total lean under.,8,294
71123be049587b6facce3a20c53e5d09,player_pass_attempts,Aaron Rodgers,35.5,0.5019,game_script,Aaron Rodgers: game total lean over; neutral script.,8,295
71123be049587b6facce3a20c53e5d09,player_reception_yds,Chase Brown,22.5,0.5019,game_script,Chase Brown: game total lean over.,8,296
71123be049587b6facce3a20c53e5d09,player_reception_yds,Darnell Washington,15.5,0.5019,game_script,Darnell Washington: game total lean over.,8,297
71123be049587b6facce3a20c53e5d09,player_reception_yds,Erick All,5.5,0.5019,game_script,Erick All: game total lean over.,8,298
71123be049587b6facce3a20c53e5d09,player_reception_yds,Jaylen Warren,26.5,0.5019,game_script,Jaylen Warren: game total lean over.,8,299
71123be049587b6facce3a20c53e5d09,player_reception_yds,Mike Gesicki,24.5,0.5019,game_script,Mike Gesicki: game total lean over.,8,300
71123be049587b6facce3a20c53e5d09,player_reception_yds,Samaje Perine,8.5,0.5019,game_script,Samaje Perine: game total lean over.,8,301
71123be049587b6facce3a20c53e5d09,player_receptions,Samaje Perine,1.5,0.5019,game_script,Samaje Perine: game total lean over.,8,302
f1724dead3eab61546033032fc782375,player_pass_attempts,Baker Mayfield,30.5,0.5019,game_script,Baker Mayfield: game total lean over; neutral script.,8,303
f1724dead3eab61546033032fc782375,player_reception_yds,Josh Oliver,11.5,0.5019,game_script,Josh Oliver: game total lean over.,8,304
f1724dead3eab61546033032fc782375,player_receptions,T.J. Hockenson,3.5,0.5019,game_script,T.J. Hockenson: game total lean over.,8,305
0339a0e41bcee12820eb3e64bb5fadb4,player_anytime_td,Chris Bell,0.5,0.1329,game_script,Chris Bell: anytime TD follows the game total lean (under).,8,306
0339a0e41bcee12820eb3e64bb5fadb4,player_anytime_td,De'Von Achane,0.5,0.4662,game_script,De'Von Achane: anytime TD follows the game total lean (under).,8,307
0339a0e41bcee12820eb3e64bb5fadb4,player_anytime_td,Emmett Johnson,0.5,0.2122,game_script,Emmett Johnson: anytime TD follows the game total lean (under).,8,308
0339a0e41bcee12820eb3e64bb5fadb4,player_anytime_td,Greg Dulcich,0.5,0.2005,game_script,Greg Dulcich: anytime TD follows the game total lean (under).,8,309
0339a0e41bcee12820eb3e64bb5fadb4,player_anytime_td,Kenneth Walker III,0.5,0.6674,game_script,Kenneth Walker III: anytime TD follows the game total lean (under).,8,310
0339a0e41bcee12820eb3e64bb5fadb4,player_anytime_td,Malik Washington,0.5,0.2253,game_script,Malik Washington: anytime TD follows the game total lean (under).,8,311
0339a0e41bcee12820eb3e64bb5fadb4,player_anytime_td,Malik Willis,0.5,0.24,game_script,Malik Willis: anytime TD follows the game total lean (under).,8,312
0339a0e41bcee12820eb3e64bb5fadb4,player_anytime_td,Noah Gray,0.5,0.15,game_script,Noah Gray: anytime TD follows the game total lean (under).,8,313
0339a0e41bcee12820eb3e64bb5fadb4,player_anytime_td,Ollie Gordon II,0.5,0.1718,game_script,Ollie Gordon II: anytime TD follows the game total lean (under).,8,314
0339a0e41bcee12820eb3e64bb5fadb4,player_anytime_td,Patrick Mahomes,0.5,0.2253,game_script,Patrick Mahomes: anytime TD follows the game total lean (under).,8,315
0339a0e41bcee12820eb3e64bb5fadb4,player_anytime_td,Rashee Rice,0.5,0.4551,game_script,Rashee Rice: anytime TD follows the game total lean (under).,8,316
0339a0e41bcee12820eb3e64bb5fadb4,player_anytime_td,Travis Kelce,0.5,0.4155,game_script,Travis Kelce: anytime TD follows the game total lean (under).,8,317
0339a0e41bcee12820eb3e64bb5fadb4,player_anytime_td,Tyquan Thornton,0.5,0.1718,game_script,Tyquan Thornton: anytime TD follows the game total lean (under).,8,318
0339a0e41bcee12820eb3e64bb5fadb4,player_anytime_td,Xavier Worthy,0.5,0.3471,game_script,Xavier Worthy: anytime TD follows the game total lean (under).,8,319
71123be049587b6facce3a20c53e5d09,player_anytime_td,Chase Brown,0.5,0.5449,game_script,Chase Brown: anytime TD follows the game total lean (over).,8,320
71123be049587b6facce3a20c53e5d09,player_anytime_td,DK Metcalf,0.5,0.3548,game_script,DK Metcalf: anytime TD follows the game total lean (over).,8,321
71123be049587b6facce3a20c53e5d09,player_anytime_td,Darnell Washington,0.5,0.1433,game_script,Darnell Washington: anytime TD follows the game total lean (over).,8,322
71123be049587b6facce3a20c53e5d09,player_anytime_td,Drew Sample,0.5,0.1529,game_script,Drew Sample: anytime TD follows the game total lean (over).,8,323
71123be049587b6facce3a20c53e5d09,player_anytime_td,Germie Bernard,0.5,0.17,game_script,Germie Bernard: anytime TD follows the game total lean (over).,8,324
71123be049587b6facce3a20c53e5d09,player_anytime_td,Ja'Marr Chase,0.5,0.4978,game_script,Ja'Marr Chase: anytime TD follows the game total lean (over).,8,325
71123be049587b6facce3a20c53e5d09,player_anytime_td,Jaylen Warren,0.5,0.4862,game_script,Jaylen Warren: anytime TD follows the game total lean (over).,8,326
71123be049587b6facce3a20c53e5d09,player_anytime_td,Joe Burrow,0.5,0.1433,game_script,Joe Burrow: anytime TD follows the game total lean (over).,8,327
71123be049587b6facce3a20c53e5d09,player_anytime_td,Michael Pittman Jr.,0.5,0.2205,game_script,Michael Pittman Jr.: anytime TD follows the game total lean (over).,8,328
71123be049587b6facce3a20c53e5d09,player_anytime_td,Mike Gesicki,0.5,0.21,game_script,Mike Gesicki: anytime TD follows the game total lean (over).,8,329
71123be049587b6facce3a20c53e5d09,player_anytime_td,Pat Freiermuth,0.5,0.2205,game_script,Pat Freiermuth: anytime TD follows the game total lean (over).,8,330
71123be049587b6facce3a20c53e5d09,player_anytime_td,Roman Wilson,0.5,0.1638,game_script,Roman Wilson: anytime TD follows the game total lean (over).,8,331
71123be049587b6facce3a20c53e5d09,player_anytime_td,Samaje Perine,0.5,0.2005,game_script,Samaje Perine: anytime TD follows the game total lean (over).,8,332
71123be049587b6facce3a20c53e5d09,player_anytime_td,Tee Higgins,0.5,0.3874,game_script,Tee Higgins: anytime TD follows the game total lean (over).,8,333
9d2b09e0f9b6dd5ce0d985894f4f98fa,player_anytime_td,Brock Purdy,0.5,0.2678,game_script,Brock Purdy: anytime TD follows the game total lean (under).,8,334
9d2b09e0f9b6dd5ce0d985894f4f98fa,player_anytime_td,Christian McCaffrey,0.5,0.7043,game_script,Christian McCaffrey: anytime TD follows the game total lean (under).,8,335
9d2b09e0f9b6dd5ce0d985894f4f98fa,player_anytime_td,Deebo Samuel,0.5,0.3604,game_script,Deebo Samuel: anytime TD follows the game total lean (under).,8,336
9d2b09e0f9b6dd5ce0d985894f4f98fa,player_anytime_td,George Kittle,0.5,0.3604,game_script,George Kittle: anytime TD follows the game total lean (under).,8,337
9d2b09e0f9b6dd5ce0d985894f4f98fa,player_anytime_td,Jacob Cowing,0.5,0.1329,game_script,Jacob Cowing: anytime TD follows the game total lean (under).,8,338
9d2b09e0f9b6dd5ce0d985894f4f98fa,player_anytime_td,Jacoby Brissett,0.5,0.1381,game_script,Jacoby Brissett: anytime TD follows the game total lean (under).,8,339
9d2b09e0f9b6dd5ce0d985894f4f98fa,player_anytime_td,Jeremiyah Love,0.5,0.39,game_script,Jeremiyah Love: anytime TD follows the game total lean (under).,8,340
9d2b09e0f9b6dd5ce0d985894f4f98fa,player_anytime_td,Kaelon Black,0.5,0.24,game_script,Kaelon Black: anytime TD follows the game total lean (under).,8,341
9d2b09e0f9b6dd5ce0d985894f4f98fa,player_anytime_td,Kendrick Bourne,0.5,0.1329,game_script,Kendrick Bourne: anytime TD follows the game total lean (under).,8,342
9d2b09e0f9b6dd5ce0d985894f4f98fa,player_anytime_td,KhaDarel Hodge,0.5,0.1329,game_script,KhaDarel Hodge: anytime TD follows the game total lean (under).,8,343
9d2b09e0f9b6dd5ce0d985894f4f98fa,player_anytime_td,Kyle Juszczyk,0.5,0.1329,game_script,Kyle Juszczyk: anytime TD follows the game total lean (under).,8,344
9d2b09e0f9b6dd5ce0d985894f4f98fa,player_anytime_td,Marvin Harrison Jr.,0.5,0.2122,game_script,Marvin Harrison Jr.: anytime TD follows the game total lean (under).,8,345
9d2b09e0f9b6dd5ce0d985894f4f98fa,player_anytime_td,Michael Wilson,0.5,0.2567,game_script,Michael Wilson: anytime TD follows the game total lean (under).,8,346
9d2b09e0f9b6dd5ce0d985894f4f98fa,player_anytime_td,Mike Evans,0.5,0.3982,game_script,Mike Evans: anytime TD follows the game total lean (under).,8,347
9d2b09e0f9b6dd5ce0d985894f4f98fa,player_anytime_td,Trey McBride,0.5,0.3471,game_script,Trey McBride: anytime TD follows the game total lean (under).,8,348
9d2b09e0f9b6dd5ce0d985894f4f98fa,player_anytime_td,Tyler Allgeier,0.5,0.3674,game_script,Tyler Allgeier: anytime TD follows the game total lean (under).,8,349
f1724dead3eab61546033032fc782375,player_anytime_td,Aaron Jones,0.5,0.5449,game_script,Aaron Jones: anytime TD follows the game total lean (over).,8,350
f1724dead3eab61546033032fc782375,player_anytime_td,Baker Mayfield,0.5,0.1638,game_script,Baker Mayfield: anytime TD follows the game total lean (over).,8,351
f1724dead3eab61546033032fc782375,player_anytime_td,Bucky Irving,0.5,0.4544,game_script,Bucky Irving: anytime TD follows the game total lean (over).,8,352
f1724dead3eab61546033032fc782375,player_anytime_td,Cade Otton,0.5,0.2205,game_script,Cade Otton: anytime TD follows the game total lean (over).,8,353
f1724dead3eab61546033032fc782375,player_anytime_td,Chris Godwin,0.5,0.2453,game_script,Chris Godwin: anytime TD follows the game total lean (over).,8,354
f1724dead3eab61546033032fc782375,player_anytime_td,DeeJay Dallas,0.5,0.135,game_script,DeeJay Dallas: anytime TD follows the game total lean (over).,8,355
f1724dead3eab61546033032fc782375,player_anytime_td,Emeka Egbuka,0.5,0.3177,game_script,Emeka Egbuka: anytime TD follows the game total lean (over).,8,356
f1724dead3eab61546033032fc782375,player_anytime_td,Jalen McMillan,0.5,0.1839,game_script,Jalen McMillan: anytime TD follows the game total lean (over).,8,357
f1724dead3eab61546033032fc782375,player_anytime_td,Jauan Jennings,0.5,0.1767,game_script,Jauan Jennings: anytime TD follows the game total lean (over).,8,358
f1724dead3eab61546033032fc782375,player_anytime_td,Jordan Addison,0.5,0.2878,game_script,Jordan Addison: anytime TD follows the game total lean (over).,8,359
f1724dead3eab61546033032fc782375,player_anytime_td,Josh Oliver,0.5,0.1581,game_script,Josh Oliver: anytime TD follows the game total lean (over).,8,360
f1724dead3eab61546033032fc782375,player_anytime_td,Justin Jefferson,0.5,0.41,game_script,Justin Jefferson: anytime TD follows the game total lean (over).,8,361
f1724dead3eab61546033032fc782375,player_anytime_td,Kameron Johnson,0.5,0.135,game_script,Kameron Johnson: anytime TD follows the game total lean (over).,8,362
f1724dead3eab61546033032fc782375,player_anytime_td,Kenny Gainwell,0.5,0.26,game_script,Kenny Gainwell: anytime TD follows the game total lean (over).,8,363
f1724dead3eab61546033032fc782375,player_anytime_td,Kyler Murray,0.5,0.2322,game_script,Kyler Murray: anytime TD follows the game total lean (over).,8,364
f1724dead3eab61546033032fc782375,player_anytime_td,T.J. Hockenson,0.5,0.2453,game_script,T.J. Hockenson: anytime TD follows the game total lean (over).,8,365
f1724dead3eab61546033032fc782375,player_anytime_td,Ted Hurst III,0.5,0.21,game_script,Ted Hurst III: anytime TD follows the game total lean (over).,8,366
f1724dead3eab61546033032fc782375,player_anytime_td,Tez Johnson,0.5,0.135,game_script,Tez Johnson: anytime TD follows the game total lean (over).,8,367
84cfca14efc21363fd605508404cf1ff,player_anytime_td,CeeDee Lamb,0.5,0.4662,game_script,CeeDee Lamb: anytime TD follows the game total lean (under).,8,368
84cfca14efc21363fd605508404cf1ff,player_anytime_td,Chris Moore,0.5,0.2253,game_script,Chris Moore: anytime TD follows the game total lean (under).,8,369
84cfca14efc21363fd605508404cf1ff,player_anytime_td,Dak Prescott,0.5,0.1381,game_script,Dak Prescott: anytime TD follows the game total lean (under).,8,370
84cfca14efc21363fd605508404cf1ff,player_anytime_td,Derrick Henry,0.5,0.7043,game_script,Derrick Henry: anytime TD follows the game total lean (under).,8,371
84cfca14efc21363fd605508404cf1ff,player_anytime_td,Devontez Walker,0.5,0.1381,game_script,Devontez Walker: anytime TD follows the game total lean (under).,8,372
84cfca14efc21363fd605508404cf1ff,player_anytime_td,Elijah Sarratt,0.5,0.1381,game_script,Elijah Sarratt: anytime TD follows the game total lean (under).,8,373
84cfca14efc21363fd605508404cf1ff,player_anytime_td,Emari Demercado,0.5,0.1329,game_script,Emari Demercado: anytime TD follows the game total lean (under).,8,374
84cfca14efc21363fd605508404cf1ff,player_anytime_td,George Pickens,0.5,0.3982,game_script,George Pickens: anytime TD follows the game total lean (under).,8,375
84cfca14efc21363fd605508404cf1ff,player_anytime_td,Jake Ferguson,0.5,0.2678,game_script,Jake Ferguson: anytime TD follows the game total lean (under).,8,376
84cfca14efc21363fd605508404cf1ff,player_anytime_td,Javonte Williams,0.5,0.6126,game_script,Javonte Williams: anytime TD follows the game total lean (under).,8,377
84cfca14efc21363fd605508404cf1ff,player_anytime_td,Justice Hill,0.5,0.1639,game_script,Justice Hill: anytime TD follows the game total lean (under).,8,378
84cfca14efc21363fd605508404cf1ff,player_anytime_td,LaJohntay Wester,0.5,0.2567,game_script,LaJohntay Wester: anytime TD follows the game total lean (under).,8,379
84cfca14efc21363fd605508404cf1ff,player_anytime_td,Lamar Jackson,0.5,0.3126,game_script,Lamar Jackson: anytime TD follows the game total lean (under).,8,380
84cfca14efc21363fd605508404cf1ff,player_anytime_td,Mark Andrews,0.5,0.4662,game_script,Mark Andrews: anytime TD follows the game total lean (under).,8,381
84cfca14efc21363fd605508404cf1ff,player_anytime_td,Rashod Bateman,0.5,0.4155,game_script,Rashod Bateman: anytime TD follows the game total lean (under).,8,382
84cfca14efc21363fd605508404cf1ff,player_anytime_td,Ryan Flournoy,0.5,0.2122,game_script,Ryan Flournoy: anytime TD follows the game total lean (under).,8,383
0339a0e41bcee12820eb3e64bb5fadb4,player_anytime_td,Brashard Smith,0.5,0.0441,game_script,Brashard Smith: anytime TD follows the game total lean (under).,8,384
0339a0e41bcee12820eb3e64bb5fadb4,player_anytime_td,Cyrus Allen,0.5,0.0326,game_script,Cyrus Allen: anytime TD follows the game total lean (under).,8,385
0339a0e41bcee12820eb3e64bb5fadb4,player_anytime_td,Jake Briningstool,0.5,0.0441,game_script,Jake Briningstool: anytime TD follows the game total lean (under).,8,386
0339a0e41bcee12820eb3e64bb5fadb4,player_anytime_td,Jalen Tolbert,0.5,0.0567,game_script,Jalen Tolbert: anytime TD follows the game total lean (under).,8,387
0339a0e41bcee12820eb3e64bb5fadb4,player_anytime_td,Jared Wiley,0.5,0.0441,game_script,Jared Wiley: anytime TD follows the game total lean (under).,8,388
0339a0e41bcee12820eb3e64bb5fadb4,player_anytime_td,Nikko Remigio,0.5,0.0326,game_script,Nikko Remigio: anytime TD follows the game total lean (under).,8,389
0339a0e41bcee12820eb3e64bb5fadb4,player_anytime_td,Ryan Miller,0.5,0.0326,game_script,Ryan Miller: anytime TD follows the game total lean (under).,8,390
71123be049587b6facce3a20c53e5d09,player_anytime_td,Colbie Young,0.5,0.0526,game_script,Colbie Young: anytime TD follows the game total lean (over).,8,391
71123be049587b6facce3a20c53e5d09,player_anytime_td,Jack Endries,0.5,0.0526,game_script,Jack Endries: anytime TD follows the game total lean (over).,8,392
71123be049587b6facce3a20c53e5d09,player_anytime_td,Kaden Wetjen,0.5,0.0526,game_script,Kaden Wetjen: anytime TD follows the game total lean (over).,8,393
9d2b09e0f9b6dd5ce0d985894f4f98fa,player_anytime_td,Brayden Willis,0.5,0.0326,game_script,Brayden Willis: anytime TD follows the game total lean (under).,8,394
9d2b09e0f9b6dd5ce0d985894f4f98fa,player_anytime_td,Elijah Higgins,0.5,0.0326,game_script,Elijah Higgins: anytime TD follows the game total lean (under).,8,395
9d2b09e0f9b6dd5ce0d985894f4f98fa,player_anytime_td,James Jordan,0.5,0.0326,game_script,James Jordan: anytime TD follows the game total lean (under).,8,396
9d2b09e0f9b6dd5ce0d985894f4f98fa,player_anytime_td,Jordan Watkins,0.5,0.0441,game_script,Jordan Watkins: anytime TD follows the game total lean (under).,8,397
f1724dead3eab61546033032fc782375,player_anytime_td,Max Bredeson,0.5,0.0526,game_script,Max Bredeson: anytime TD follows the game total lean (over).,8,398
f1724dead3eab61546033032fc782375,player_anytime_td,Payne Durham,0.5,0.0526,game_script,Payne Durham: anytime TD follows the game total lean (over).,8,399
84cfca14efc21363fd605508404cf1ff,player_anytime_td,Brevyn Spann-Ford,0.5,0.0567,game_script,Brevyn Spann-Ford: anytime TD follows the game total lean (under).,8,400
84cfca14efc21363fd605508404cf1ff,player_anytime_td,Camden Brown,0.5,0.0326,game_script,Camden Brown: anytime TD follows the game total lean (under).,8,401
84cfca14efc21363fd605508404cf1ff,player_anytime_td,Hunter Luepke,0.5,0.0567,game_script,Hunter Luepke: anytime TD follows the game total lean (under).,8,402
84cfca14efc21363fd605508404cf1ff,player_anytime_td,Jonathan Mingo,0.5,0.0326,game_script,Jonathan Mingo: anytime TD follows the game total lean (under).,8,403
84cfca14efc21363fd605508404cf1ff,player_anytime_td,Josh Cuevas,0.5,0.0567,game_script,Josh Cuevas: anytime TD follows the game total lean (under).,8,404
84cfca14efc21363fd605508404cf1ff,player_anytime_td,Luke Schoonmaker,0.5,0.0567,game_script,Luke Schoonmaker: anytime TD follows the game total lean (under).,8,405
84cfca14efc21363fd605508404cf1ff,player_anytime_td,Matthew Hibner,0.5,0.0567,game_script,Matthew Hibner: anytime TD follows the game total lean (under).,8,406
84cfca14efc21363fd605508404cf1ff,player_anytime_td,Rasheen Ali,0.5,0.0326,game_script,Rasheen Ali: anytime TD follows the game total lean (under).,8,407
71123be049587b6facce3a20c53e5d09,player_anytime_td,Ben Skowronek,0.5,0.0344,game_script,Ben Skowronek: anytime TD follows the game total lean (over).,8,408
71123be049587b6facce3a20c53e5d09,player_anytime_td,Riley Nowakowski,0.5,0.0344,game_script,Riley Nowakowski: anytime TD follows the game total lean (over).,8,409
71123be049587b6facce3a20c53e5d09,player_anytime_td,Robert Tonyan,0.5,0.0344,game_script,Robert Tonyan: anytime TD follows the game total lean (over).,8,410
71123be049587b6facce3a20c53e5d09,player_anytime_td,Tahj Brooks,0.5,0.0344,game_script,Tahj Brooks: anytime TD follows the game total lean (over).,8,411
f1724dead3eab61546033032fc782375,player_anytime_td,Bauer Sharp,0.5,0.0344,game_script,Bauer Sharp: anytime TD follows the game total lean (over).,8,412
f1724dead3eab61546033032fc782375,player_anytime_td,Gavin Bartholomew,0.5,0.0344,game_script,Gavin Bartholomew: anytime TD follows the game total lean (over).,8,413
f1724dead3eab61546033032fc782375,player_anytime_td,Ko Kieft,0.5,0.0344,game_script,Ko Kieft: anytime TD follows the game total lean (over).,8,414
f1724dead3eab61546033032fc782375,player_anytime_td,Tai Felton,0.5,0.0344,game_script,Tai Felton: anytime TD follows the game total lean (over).,8,415
0339a0e41bcee12820eb3e64bb5fadb4,player_anytime_td,Jalen Royals,0.5,0.0733,game_script,Jalen Royals: anytime TD follows the game total lean (under).,8,416
0339a0e41bcee12820eb3e64bb5fadb4,player_anytime_td,Kevin Coleman Jr.,0.5,0.115,game_script,Kevin Coleman Jr.: anytime TD follows the game total lean (under).,8,417
0339a0e41bcee12820eb3e64bb5fadb4,player_anytime_td,Will Kacmarek,0.5,0.09,game_script,Will Kacmarek: anytime TD follows the game total lean (under).,8,418
71123be049587b6facce3a20c53e5d09,player_anytime_td,Aaron Rodgers,0.5,0.0933,game_script,Aaron Rodgers: anytime TD follows the game total lean (over).,8,419
71123be049587b6facce3a20c53e5d09,player_anytime_td,Dohnte Meyers,0.5,0.1211,game_script,Dohnte Meyers: anytime TD follows the game total lean (over).,8,420
71123be049587b6facce3a20c53e5d09,player_anytime_td,Erick All,0.5,0.0933,game_script,Erick All: anytime TD follows the game total lean (over).,8,421
71123be049587b6facce3a20c53e5d09,player_anytime_td,Ke'Shawn Williams,0.5,0.0641,game_script,Ke'Shawn Williams: anytime TD follows the game total lean (over).,8,422
71123be049587b6facce3a20c53e5d09,player_anytime_td,Lew Nichols,0.5,0.11,game_script,Lew Nichols: anytime TD follows the game total lean (over).,8,423
71123be049587b6facce3a20c53e5d09,player_anytime_td,Travis Homer,0.5,0.0933,game_script,Travis Homer: anytime TD follows the game total lean (over).,8,424
9d2b09e0f9b6dd5ce0d985894f4f98fa,player_anytime_td,Hunter Long,0.5,0.0733,game_script,Hunter Long: anytime TD follows the game total lean (under).,8,425
9d2b09e0f9b6dd5ce0d985894f4f98fa,player_anytime_td,Luke Farrell,0.5,0.1011,game_script,Luke Farrell: anytime TD follows the game total lean (under).,8,426
f1724dead3eab61546033032fc782375,player_anytime_td,Demond Claiborne,0.5,0.0767,game_script,Demond Claiborne: anytime TD follows the game total lean (over).,8,427
f1724dead3eab61546033032fc782375,player_anytime_td,Myles Price,0.5,0.0767,game_script,Myles Price: anytime TD follows the game total lean (over).,8,428
f1724dead3eab61546033032fc782375,player_anytime_td,Sean Tucker,0.5,0.1211,game_script,Sean Tucker: anytime TD follows the game total lean (over).,8,429
84cfca14efc21363fd605508404cf1ff,player_anytime_td,Durham Smythe,0.5,0.1233,game_script,Durham Smythe: anytime TD follows the game total lean (under).,8,430
84cfca14efc21363fd605508404cf1ff,player_anytime_td,KaVontae Turpin,0.5,0.115,game_script,KaVontae Turpin: anytime TD follows the game total lean (under).,8,431
0339a0e41bcee12820eb3e64bb5fadb4,player_anytime_td,Ben VanSumeren,0.5,0.02,game_script,Ben VanSumeren: anytime TD follows the game total lean (under).,8,432
9d2b09e0f9b6dd5ce0d985894f4f98fa,player_anytime_td,Jalen Brooks,0.5,0.02,game_script,Jalen Brooks: anytime TD follows the game total lean (under).,8,433
0339a0e41bcee12820eb3e64bb5fadb4,player_anytime_td,DJ Herman,0.5,0.02,game_script,DJ Herman: anytime TD follows the game total lean (under).,8,434
0339a0e41bcee12820eb3e64bb5fadb4,player_anytime_td,Justin Joly,0.5,0.02,game_script,Justin Joly: anytime TD follows the game total lean (under).,8,435
0339a0e41bcee12820eb3e64bb5fadb4,player_anytime_td,Seydou Traore,0.5,0.02,game_script,Seydou Traore: anytime TD follows the game total lean (under).,8,436
9d2b09e0f9b6dd5ce0d985894f4f98fa,player_anytime_td,Bam Knight,0.5,0.02,game_script,Bam Knight: anytime TD follows the game total lean (under).,8,437
9d2b09e0f9b6dd5ce0d985894f4f98fa,player_anytime_td,Simi Fehoko,0.5,0.02,game_script,Simi Fehoko: anytime TD follows the game total lean (under).,8,438
84cfca14efc21363fd605508404cf1ff,player_anytime_td,Tyler Goodson,0.5,0.02,game_script,Tyler Goodson: anytime TD follows the game total lean (under).,8,439
2e523fcb0497aa689473e290eb2b97de,h2h,,0.0,0.6094,matchup,Moneyline follows the spread read: LV +3.5 gets the hook past 3 against a rookie QB favourite; take the points.,7,440
07f552badfa8a565d1be22123713e4da,player_pass_tds,Geno Smith,1.5,0.405,game_script,Geno Smith: game total lean over.,7,441
07f552badfa8a565d1be22123713e4da,player_pass_tds,Jared Goff,1.5,0.6458,game_script,Jared Goff: game total lean over.,7,442
07f552badfa8a565d1be22123713e4da,player_reception_yds,Adonai Mitchell,44.5,0.509,game_script,Adonai Mitchell: game total lean over.,7,443
07f552badfa8a565d1be22123713e4da,player_reception_yds,Amon-Ra St. Brown,76.5,0.509,game_script,Amon-Ra St. Brown: game total lean over.,7,444
07f552badfa8a565d1be22123713e4da,player_reception_yds,Breece Hall,21.5,0.5191,game_script,Breece Hall: game total lean over.,7,445
07f552badfa8a565d1be22123713e4da,player_reception_yds,Garrett Wilson,76.5,0.509,game_script,Garrett Wilson: game total lean over.,7,446
07f552badfa8a565d1be22123713e4da,player_reception_yds,Isaac TeSlaa,15.5,0.509,game_script,Isaac TeSlaa: game total lean over.,7,447
07f552badfa8a565d1be22123713e4da,player_reception_yds,Isaiah Williams,25.5,0.5191,game_script,Isaiah Williams: game total lean over.,7,448
07f552badfa8a565d1be22123713e4da,player_reception_yds,Jahmyr Gibbs,34.5,0.5191,game_script,Jahmyr Gibbs: game total lean over.,7,449
07f552badfa8a565d1be22123713e4da,player_reception_yds,Jameson Williams,55.5,0.509,game_script,Jameson Williams: game total lean over.,7,450
07f552badfa8a565d1be22123713e4da,player_reception_yds,Jeremy Ruckert,8.5,0.509,game_script,Jeremy Ruckert: game total lean over.,7,451
07f552badfa8a565d1be22123713e4da,player_reception_yds,Kenyon Sadiq,28.5,0.509,game_script,Kenyon Sadiq: game total lean over.,7,452
07f552badfa8a565d1be22123713e4da,player_reception_yds,Sam LaPorta,46.5,0.509,game_script,Sam LaPorta: game total lean over.,7,453
07f552badfa8a565d1be22123713e4da,player_receptions,Adonai Mitchell,3.5,0.4989,game_script,Adonai Mitchell: game total lean over.,7,454
07f552badfa8a565d1be22123713e4da,player_receptions,Amon-Ra St. Brown,6.5,0.5631,game_script,Amon-Ra St. Brown: game total lean over.,7,455
07f552badfa8a565d1be22123713e4da,player_receptions,Breece Hall,3.5,0.4338,game_script,Breece Hall: game total lean over.,7,456
07f552badfa8a565d1be22123713e4da,player_receptions,Garrett Wilson,6.5,0.4644,game_script,Garrett Wilson: game total lean over.,7,457
07f552badfa8a565d1be22123713e4da,player_receptions,Isaac TeSlaa,1.5,0.4175,game_script,Isaac TeSlaa: game total lean over.,7,458
07f552badfa8a565d1be22123713e4da,player_receptions,Isaiah Williams,2.5,0.5293,game_script,Isaiah Williams: game total lean over.,7,459
07f552badfa8a565d1be22123713e4da,player_receptions,Jahmyr Gibbs,4.5,0.4784,game_script,Jahmyr Gibbs: game total lean over.,7,460
07f552badfa8a565d1be22123713e4da,player_receptions,Jameson Williams,3.5,0.5596,game_script,Jameson Williams: game total lean over.,7,461
07f552badfa8a565d1be22123713e4da,player_receptions,Jeremy Ruckert,0.5,0.6577,game_script,Jeremy Ruckert: game total lean over.,7,462
07f552badfa8a565d1be22123713e4da,player_receptions,Kenyon Sadiq,3.5,0.4149,game_script,Kenyon Sadiq: game total lean over.,7,463
07f552badfa8a565d1be22123713e4da,player_receptions,Sam LaPorta,4.5,0.509,game_script,Sam LaPorta: game total lean over.,7,464
07f552badfa8a565d1be22123713e4da,player_rush_attempts,Breece Hall,14.5,0.5396,game_script,Breece Hall: game total lean over.,7,465
07f552badfa8a565d1be22123713e4da,player_rush_attempts,Jahmyr Gibbs,18.5,0.5191,game_script,Jahmyr Gibbs: game total lean over.,7,466
07f552badfa8a565d1be22123713e4da,player_rush_yds,Braelon Allen,17.5,0.509,game_script,Braelon Allen: game total lean over.,7,467
07f552badfa8a565d1be22123713e4da,player_rush_yds,Breece Hall,60.5,0.509,game_script,Breece Hall: game total lean over.,7,468
07f552badfa8a565d1be22123713e4da,player_rush_yds,Jahmyr Gibbs,90.5,0.509,game_script,Jahmyr Gibbs: game total lean over.,7,469
07f552badfa8a565d1be22123713e4da,player_rush_yds,Sione Vaki,10.5,0.509,game_script,Sione Vaki: game total lean over.,7,470
17a730b7d399feeab6a78c30767c29d2,player_pass_attempts,C.J. Stroud,32.5,0.5113,game_script,C.J. Stroud: game total lean under; neutral script.,7,471
17a730b7d399feeab6a78c30767c29d2,player_pass_attempts,Daniel Jones,30.5,0.5113,game_script,Daniel Jones: game total lean under; neutral script.,7,472
17a730b7d399feeab6a78c30767c29d2,player_pass_completions,C.J. Stroud,20.5,0.5113,game_script,C.J. Stroud: game total lean under; neutral script.,7,473
17a730b7d399feeab6a78c30767c29d2,player_pass_completions,Daniel Jones,20.5,0.491,game_script,Daniel Jones: game total lean under; neutral script.,7,474
17a730b7d399feeab6a78c30767c29d2,player_pass_tds,C.J. Stroud,1.5,0.3995,game_script,C.J. Stroud: game total lean under.,7,475
17a730b7d399feeab6a78c30767c29d2,player_pass_tds,Daniel Jones,1.5,0.3497,game_script,Daniel Jones: game total lean under.,7,476
17a730b7d399feeab6a78c30767c29d2,player_pass_yds,C.J. Stroud,239.5,0.491,game_script,C.J. Stroud: game total lean under; neutral script.,7,477
17a730b7d399feeab6a78c30767c29d2,player_pass_yds,Daniel Jones,213.5,0.491,game_script,Daniel Jones: game total lean under; neutral script.,7,478
17a730b7d399feeab6a78c30767c29d2,player_reception_yds,Dalton Schultz,50.5,0.491,game_script,Dalton Schultz: game total lean under.,7,479
17a730b7d399feeab6a78c30767c29d2,player_reception_yds,David Montgomery,9.5,0.4809,game_script,David Montgomery: game total lean under.,7,480
17a730b7d399feeab6a78c30767c29d2,player_reception_yds,Jared Wayne,15.5,0.491,game_script,Jared Wayne: game total lean under.,7,481
17a730b7d399feeab6a78c30767c29d2,player_reception_yds,Jaylin Noel,27.5,0.491,game_script,Jaylin Noel: game total lean under.,7,482
17a730b7d399feeab6a78c30767c29d2,player_reception_yds,Jonathan Taylor,21.5,0.491,game_script,Jonathan Taylor: game total lean under.,7,483
17a730b7d399feeab6a78c30767c29d2,player_reception_yds,Josh Downs,50.5,0.491,game_script,Josh Downs: game total lean under.,7,484
17a730b7d399feeab6a78c30767c29d2,player_reception_yds,Kayshon Boutte,37.5,0.491,game_script,Kayshon Boutte: game total lean under.,7,485
17a730b7d399feeab6a78c30767c29d2,player_reception_yds,Keenan Allen,32.5,0.491,game_script,Keenan Allen: game total lean under.,7,486
17a730b7d399feeab6a78c30767c29d2,player_reception_yds,Laquon Treadwell,17.5,0.491,game_script,Laquon Treadwell: game total lean under.,7,487
17a730b7d399feeab6a78c30767c29d2,player_reception_yds,Tyler Warren,46.5,0.491,game_script,Tyler Warren: game total lean under.,7,488
17a730b7d399feeab6a78c30767c29d2,player_reception_yds,Woody Marks,11.5,0.491,game_script,Woody Marks: game total lean under.,7,489
17a730b7d399feeab6a78c30767c29d2,player_reception_yds,Xavier Hutchinson,38.5,0.5011,game_script,Xavier Hutchinson: game total lean under.,7,490
17a730b7d399feeab6a78c30767c29d2,player_receptions,Dalton Schultz,5.5,0.4277,game_script,Dalton Schultz: game total lean under.,7,491
17a730b7d399feeab6a78c30767c29d2,player_receptions,David Montgomery,1.5,0.4809,game_script,David Montgomery: game total lean under.,7,492
17a730b7d399feeab6a78c30767c29d2,player_receptions,Jared Wayne,1.5,0.4707,game_script,Jared Wayne: game total lean under.,7,493
17a730b7d399feeab6a78c30767c29d2,player_receptions,Jaylin Noel,2.5,0.4464,game_script,Jaylin Noel: game total lean under.,7,494
17a730b7d399feeab6a78c30767c29d2,player_receptions,Jonathan Taylor,2.5,0.5851,game_script,Jonathan Taylor: game total lean under.,7,495
17a730b7d399feeab6a78c30767c29d2,player_receptions,Josh Downs,4.5,0.5318,game_script,Josh Downs: game total lean under.,7,496
17a730b7d399feeab6a78c30767c29d2,player_receptions,Kayshon Boutte,2.5,0.5113,game_script,Kayshon Boutte: game total lean under.,7,497
17a730b7d399feeab6a78c30767c29d2,player_receptions,Keenan Allen,3.5,0.491,game_script,Keenan Allen: game total lean under.,7,498
17a730b7d399feeab6a78c30767c29d2,player_receptions,Laquon Treadwell,1.5,0.3969,game_script,Laquon Treadwell: game total lean under.,7,499
17a730b7d399feeab6a78c30767c29d2,player_receptions,Tyler Warren,4.5,0.5216,game_script,Tyler Warren: game total lean under.,7,500
17a730b7d399feeab6a78c30767c29d2,player_receptions,Woody Marks,1.5,0.5631,game_script,Woody Marks: game total lean under.,7,501
17a730b7d399feeab6a78c30767c29d2,player_receptions,Xavier Hutchinson,3.5,0.4502,game_script,Xavier Hutchinson: game total lean under.,7,502
17a730b7d399feeab6a78c30767c29d2,player_rush_attempts,David Montgomery,12.5,0.491,game_script,David Montgomery: game total lean under.,7,503
17a730b7d399feeab6a78c30767c29d2,player_rush_attempts,Jonathan Taylor,19.5,0.4809,game_script,Jonathan Taylor: game total lean under.,7,504
17a730b7d399feeab6a78c30767c29d2,player_rush_attempts,Woody Marks,8.5,0.4809,game_script,Woody Marks: game total lean under.,7,505
17a730b7d399feeab6a78c30767c29d2,player_rush_yds,David Montgomery,50.5,0.491,game_script,David Montgomery: game total lean under.,7,506
17a730b7d399feeab6a78c30767c29d2,player_rush_yds,Jonathan Taylor,82.5,0.491,game_script,Jonathan Taylor: game total lean under.,7,507
17a730b7d399feeab6a78c30767c29d2,player_rush_yds,Woody Marks,27.5,0.491,game_script,Woody Marks: game total lean under.,7,508
1f3cfd315a24d1a7dd5859a8e6b88e18,player_pass_attempts,Drake Maye,30.5,0.509,game_script,Drake Maye: game total lean over; neutral script.,7,509
1f3cfd315a24d1a7dd5859a8e6b88e18,player_pass_attempts,Trevor Lawrence,32.5,0.5191,game_script,Trevor Lawrence: game total lean over; neutral script.,7,510
1f3cfd315a24d1a7dd5859a8e6b88e18,player_pass_completions,Drake Maye,19.5,0.5191,game_script,Drake Maye: game total lean over; neutral script.,7,511
1f3cfd315a24d1a7dd5859a8e6b88e18,player_pass_completions,Trevor Lawrence,20.5,0.4784,game_script,Trevor Lawrence: game total lean over; neutral script.,7,512
1f3cfd315a24d1a7dd5859a8e6b88e18,player_pass_tds,Drake Maye,1.5,0.405,game_script,Drake Maye: game total lean over.,7,513
1f3cfd315a24d1a7dd5859a8e6b88e18,player_pass_tds,Trevor Lawrence,1.5,0.5191,game_script,Trevor Lawrence: game total lean over.,7,514
1f3cfd315a24d1a7dd5859a8e6b88e18,player_pass_yds,Drake Maye,224.5,0.509,game_script,Drake Maye: game total lean over; neutral script.,7,515
1f3cfd315a24d1a7dd5859a8e6b88e18,player_pass_yds,Trevor Lawrence,229.5,0.509,game_script,Trevor Lawrence: game total lean over; neutral script.,7,516
1f3cfd315a24d1a7dd5859a8e6b88e18,player_reception_yds,Bhayshul Tuten,10.5,0.509,game_script,Bhayshul Tuten: game total lean over.,7,517
1f3cfd315a24d1a7dd5859a8e6b88e18,player_reception_yds,Brenton Strange,30.5,0.509,game_script,Brenton Strange: game total lean over.,7,518
1f3cfd315a24d1a7dd5859a8e6b88e18,player_reception_yds,Brian Thomas Jr,36.5,0.509,game_script,Brian Thomas Jr: game total lean over.,7,519
1f3cfd315a24d1a7dd5859a8e6b88e18,player_reception_yds,DeMario Douglas,28.5,0.509,game_script,DeMario Douglas: game total lean over.,7,520
1f3cfd315a24d1a7dd5859a8e6b88e18,player_reception_yds,Hunter Henry,41.5,0.509,game_script,Hunter Henry: game total lean over.,7,521
1f3cfd315a24d1a7dd5859a8e6b88e18,player_reception_yds,Jakobi Meyers,34.5,0.509,game_script,Jakobi Meyers: game total lean over.,7,522
1f3cfd315a24d1a7dd5859a8e6b88e18,player_reception_yds,Kyle Williams,7.5,0.509,game_script,Kyle Williams: game total lean over.,7,523
1f3cfd315a24d1a7dd5859a8e6b88e18,player_reception_yds,Mack Hollins,33.5,0.509,game_script,Mack Hollins: game total lean over.,7,524
1f3cfd315a24d1a7dd5859a8e6b88e18,player_reception_yds,Parker Washington,67.5,0.509,game_script,Parker Washington: game total lean over.,7,525
1f3cfd315a24d1a7dd5859a8e6b88e18,player_reception_yds,Rhamondre Stevenson,14.5,0.509,game_script,Rhamondre Stevenson: game total lean over.,7,526
1f3cfd315a24d1a7dd5859a8e6b88e18,player_reception_yds,Romeo Doubs,42.5,0.509,game_script,Romeo Doubs: game total lean over.,7,527
1f3cfd315a24d1a7dd5859a8e6b88e18,player_reception_yds,TreVeyon Henderson,9.5,0.4989,game_script,TreVeyon Henderson: game total lean over.,7,528
1f3cfd315a24d1a7dd5859a8e6b88e18,player_receptions,Bhayshul Tuten,1.5,0.5293,game_script,Bhayshul Tuten: game total lean over.,7,529
1f3cfd315a24d1a7dd5859a8e6b88e18,player_receptions,Brenton Strange,3.5,0.4149,game_script,Brenton Strange: game total lean over.,7,530
1f3cfd315a24d1a7dd5859a8e6b88e18,player_receptions,Brian Thomas Jr,2.5,0.6031,game_script,Brian Thomas Jr: game total lean over.,7,531
1f3cfd315a24d1a7dd5859a8e6b88e18,player_receptions,DeMario Douglas,2.5,0.6005,game_script,DeMario Douglas: game total lean over.,7,532
1f3cfd315a24d1a7dd5859a8e6b88e18,player_receptions,Hunter Henry,3.5,0.5689,game_script,Hunter Henry: game total lean over.,7,533
1f3cfd315a24d1a7dd5859a8e6b88e18,player_receptions,Jakobi Meyers,3.5,0.4887,game_script,Jakobi Meyers: game total lean over.,7,534
1f3cfd315a24d1a7dd5859a8e6b88e18,player_receptions,Kyle Williams,0.5,0.6005,game_script,Kyle Williams: game total lean over.,7,535
1f3cfd315a24d1a7dd5859a8e6b88e18,player_receptions,Mack Hollins,2.5,0.5925,game_script,Mack Hollins: game total lean over.,7,536
1f3cfd315a24d1a7dd5859a8e6b88e18,player_receptions,Parker Washington,5.5,0.4584,game_script,Parker Washington: game total lean over.,7,537
1f3cfd315a24d1a7dd5859a8e6b88e18,player_receptions,Rhamondre Stevenson,2.5,0.4682,game_script,Rhamondre Stevenson: game total lean over.,7,538
1f3cfd315a24d1a7dd5859a8e6b88e18,player_receptions,Romeo Doubs,3.5,0.4369,game_script,Romeo Doubs: game total lean over.,7,539
1f3cfd315a24d1a7dd5859a8e6b88e18,player_receptions,TreVeyon Henderson,1.5,0.509,game_script,TreVeyon Henderson: game total lean over.,7,540
1f3cfd315a24d1a7dd5859a8e6b88e18,player_rush_attempts,Bhayshul Tuten,12.5,0.5396,game_script,Bhayshul Tuten: game total lean over.,7,541
1f3cfd315a24d1a7dd5859a8e6b88e18,player_rush_attempts,Rhamondre Stevenson,8.5,0.5191,game_script,Rhamondre Stevenson: game total lean over.,7,542
1f3cfd315a24d1a7dd5859a8e6b88e18,player_rush_attempts,TreVeyon Henderson,9.5,0.5396,game_script,TreVeyon Henderson: game total lean over.,7,543
1f3cfd315a24d1a7dd5859a8e6b88e18,player_rush_yds,Bhayshul Tuten,51.5,0.509,game_script,Bhayshul Tuten: game total lean over.,7,544
1f3cfd315a24d1a7dd5859a8e6b88e18,player_rush_yds,Chris Rodriguez Jr.,20.5,0.509,game_script,Chris Rodriguez Jr.: game total lean over.,7,545
1f3cfd315a24d1a7dd5859a8e6b88e18,player_rush_yds,Rhamondre Stevenson,34.5,0.509,game_script,Rhamondre Stevenson: game total lean over.,7,546
1f3cfd315a24d1a7dd5859a8e6b88e18,player_rush_yds,TreVeyon Henderson,41.5,0.509,game_script,TreVeyon Henderson: game total lean over.,7,547
2a529c108305ffa049d8b6cfdbaa4d36,player_pass_tds,Marcus Mariota,0.5,0.5825,game_script,Marcus Mariota: game total lean under.,7,548
2a529c108305ffa049d8b6cfdbaa4d36,player_pass_tds,Sam Darnold,1.5,0.4604,game_script,Sam Darnold: game total lean under.,7,549
2a529c108305ffa049d8b6cfdbaa4d36,player_reception_yds,AJ Barner,20.5,0.491,game_script,AJ Barner: game total lean under.,7,550
2a529c108305ffa049d8b6cfdbaa4d36,player_reception_yds,Antonio Williams,14.5,0.491,game_script,Antonio Williams: game total lean under.,7,551
2a529c108305ffa049d8b6cfdbaa4d36,player_reception_yds,Cooper Kupp,21.5,0.491,game_script,Cooper Kupp: game total lean under.,7,552
2a529c108305ffa049d8b6cfdbaa4d36,player_reception_yds,Dyami Brown,8.5,0.491,game_script,Dyami Brown: game total lean under.,7,553
2a529c108305ffa049d8b6cfdbaa4d36,player_reception_yds,Elijah Arroyo,4.5,0.491,game_script,Elijah Arroyo: game total lean under.,7,554
2a529c108305ffa049d8b6cfdbaa4d36,player_reception_yds,Jadarian Price,8.5,0.491,game_script,Jadarian Price: game total lean under.,7,555
2a529c108305ffa049d8b6cfdbaa4d36,player_reception_yds,Jaxon Smith-Njigba,92.5,0.491,game_script,Jaxon Smith-Njigba: game total lean under.,7,556
2a529c108305ffa049d8b6cfdbaa4d36,player_reception_yds,Rachaad White,15.5,0.5011,game_script,Rachaad White: game total lean under.,7,557
2a529c108305ffa049d8b6cfdbaa4d36,player_reception_yds,Rashid Shaheed,28.5,0.491,game_script,Rashid Shaheed: game total lean under.,7,558
2a529c108305ffa049d8b6cfdbaa4d36,player_reception_yds,Stefon Diggs,34.5,0.491,game_script,Stefon Diggs: game total lean under.,7,559
2a529c108305ffa049d8b6cfdbaa4d36,player_reception_yds,Terry McLaurin,42.5,0.491,game_script,Terry McLaurin: game total lean under.,7,560
2a529c108305ffa049d8b6cfdbaa4d36,player_receptions,AJ Barner,2.5,0.491,game_script,AJ Barner: game total lean under.,7,561
2a529c108305ffa049d8b6cfdbaa4d36,player_receptions,Antonio Williams,1.5,0.5662,game_script,Antonio Williams: game total lean under.,7,562
2a529c108305ffa049d8b6cfdbaa4d36,player_receptions,Cooper Kupp,2.5,0.3969,game_script,Cooper Kupp: game total lean under.,7,563
2a529c108305ffa049d8b6cfdbaa4d36,player_receptions,Dyami Brown,1.5,0.3893,game_script,Dyami Brown: game total lean under.,7,564
2a529c108305ffa049d8b6cfdbaa4d36,player_receptions,Elijah Arroyo,0.5,0.5543,game_script,Elijah Arroyo: game total lean under.,7,565
2a529c108305ffa049d8b6cfdbaa4d36,player_receptions,Jadarian Price,1.5,0.491,game_script,Jadarian Price: game total lean under.,7,566
2a529c108305ffa049d8b6cfdbaa4d36,player_receptions,Jaxon Smith-Njigba,6.5,0.491,game_script,Jaxon Smith-Njigba: game total lean under.,7,567
2a529c108305ffa049d8b6cfdbaa4d36,player_receptions,Rachaad White,2.5,0.5011,game_script,Rachaad White: game total lean under.,7,568
2a529c108305ffa049d8b6cfdbaa4d36,player_receptions,Rashid Shaheed,2.5,0.4809,game_script,Rashid Shaheed: game total lean under.,7,569
2a529c108305ffa049d8b6cfdbaa4d36,player_receptions,Stefon Diggs,3.5,0.56,game_script,Stefon Diggs: game total lean under.,7,570
2a529c108305ffa049d8b6cfdbaa4d36,player_receptions,Terry McLaurin,3.5,0.4604,game_script,Terry McLaurin: game total lean under.,7,571
2a529c108305ffa049d8b6cfdbaa4d36,player_rush_attempts,Jacory Croskey-Merritt,10.5,0.5113,game_script,Jacory Croskey-Merritt: game total lean under.,7,572
2a529c108305ffa049d8b6cfdbaa4d36,player_rush_attempts,Jadarian Price,13.5,0.4707,game_script,Jadarian Price: game total lean under.,7,573
2a529c108305ffa049d8b6cfdbaa4d36,player_rush_yds,Emanuel Wilson,30.5,0.491,game_script,Emanuel Wilson: game total lean under.,7,574
2a529c108305ffa049d8b6cfdbaa4d36,player_rush_yds,Jacory Croskey-Merritt,38.5,0.491,game_script,Jacory Croskey-Merritt: game total lean under.,7,575
2a529c108305ffa049d8b6cfdbaa4d36,player_rush_yds,Jadarian Price,54.5,0.5011,game_script,Jadarian Price: game total lean under.,7,576
2a529c108305ffa049d8b6cfdbaa4d36,player_rush_yds,Rachaad White,18.5,0.5011,game_script,Rachaad White: game total lean under.,7,577
3bfd8bfb4b8e9a365a0877879b73b16b,player_pass_attempts,Bo Nix,33.5,0.491,game_script,Bo Nix: game total lean under; neutral script.,7,578
3bfd8bfb4b8e9a365a0877879b73b16b,player_pass_attempts,Matthew Stafford,33.5,0.491,game_script,Matthew Stafford: game total lean under; neutral script.,7,579
3bfd8bfb4b8e9a365a0877879b73b16b,player_pass_completions,Bo Nix,21.5,0.4707,game_script,Bo Nix: game total lean under; neutral script.,7,580
3bfd8bfb4b8e9a365a0877879b73b16b,player_pass_completions,Matthew Stafford,20.5,0.5318,game_script,Matthew Stafford: game total lean under; neutral script.,7,581
3bfd8bfb4b8e9a365a0877879b73b16b,player_pass_tds,Bo Nix,1.5,0.4075,game_script,Bo Nix: game total lean under.,7,582
3bfd8bfb4b8e9a365a0877879b73b16b,player_pass_tds,Matthew Stafford,1.5,0.4809,game_script,Matthew Stafford: game total lean under.,7,583
3bfd8bfb4b8e9a365a0877879b73b16b,player_pass_yds,Bo Nix,212.5,0.491,game_script,Bo Nix: game total lean under; neutral script.,7,584
3bfd8bfb4b8e9a365a0877879b73b16b,player_pass_yds,Matthew Stafford,241.5,0.491,game_script,Matthew Stafford: game total lean under; neutral script.,7,585
3bfd8bfb4b8e9a365a0877879b73b16b,player_reception_yds,Adam Trautman,6.5,0.5113,game_script,Adam Trautman: game total lean under.,7,586
3bfd8bfb4b8e9a365a0877879b73b16b,player_reception_yds,Courtland Sutton,36.5,0.491,game_script,Courtland Sutton: game total lean under.,7,587
3bfd8bfb4b8e9a365a0877879b73b16b,player_reception_yds,Davante Adams,71.5,0.491,game_script,Davante Adams: game total lean under.,7,588
3bfd8bfb4b8e9a365a0877879b73b16b,player_reception_yds,Evan Engram,21.5,0.491,game_script,Evan Engram: game total lean under.,7,589
3bfd8bfb4b8e9a365a0877879b73b16b,player_reception_yds,Jaylen Waddle,59.5,0.491,game_script,Jaylen Waddle: game total lean under.,7,590
3bfd8bfb4b8e9a365a0877879b73b16b,player_reception_yds,Kyren Williams,12.5,0.491,game_script,Kyren Williams: game total lean under.,7,591
3bfd8bfb4b8e9a365a0877879b73b16b,player_reception_yds,Pat Bryant,25.5,0.491,game_script,Pat Bryant: game total lean under.,7,592
3bfd8bfb4b8e9a365a0877879b73b16b,player_reception_yds,RJ Harvey,17.5,0.491,game_script,RJ Harvey: game total lean under.,7,593
3bfd8bfb4b8e9a365a0877879b73b16b,player_reception_yds,Terrance Ferguson,50.5,0.491,game_script,Terrance Ferguson: game total lean under.,7,594
3bfd8bfb4b8e9a365a0877879b73b16b,player_receptions,Adam Trautman,0.5,0.6323,game_script,Adam Trautman: game total lean under.,7,595
3bfd8bfb4b8e9a365a0877879b73b16b,player_receptions,Courtland Sutton,3.5,0.4604,game_script,Courtland Sutton: game total lean under.,7,596
3bfd8bfb4b8e9a365a0877879b73b16b,player_receptions,Davante Adams,5.5,0.5113,game_script,Davante Adams: game total lean under.,7,597
3bfd8bfb4b8e9a365a0877879b73b16b,player_receptions,Evan Engram,2.5,0.5113,game_script,Evan Engram: game total lean under.,7,598
3bfd8bfb4b8e9a365a0877879b73b16b,player_receptions,Jaylen Waddle,4.5,0.5575,game_script,Jaylen Waddle: game total lean under.,7,599
3bfd8bfb4b8e9a365a0877879b73b16b,player_receptions,Kyren Williams,2.5,0.3995,game_script,Kyren Williams: game total lean under.,7,600
3bfd8bfb4b8e9a365a0877879b73b16b,player_receptions,Pat Bryant,2.5,0.5416,game_script,Pat Bryant: game total lean under.,7,601
3bfd8bfb4b8e9a365a0877879b73b16b,player_receptions,RJ Harvey,2.5,0.5356,game_script,RJ Harvey: game total lean under.,7,602
3bfd8bfb4b8e9a365a0877879b73b16b,player_receptions,Terrance Ferguson,4.5,0.4075,game_script,Terrance Ferguson: game total lean under.,7,603
3bfd8bfb4b8e9a365a0877879b73b16b,player_rush_attempts,Blake Corum,11.5,0.4604,game_script,Blake Corum: game total lean under.,7,604
3bfd8bfb4b8e9a365a0877879b73b16b,player_rush_attempts,J.K. Dobbins,12.5,0.4707,game_script,J.K. Dobbins: game total lean under.,7,605
3bfd8bfb4b8e9a365a0877879b73b16b,player_rush_attempts,Kyren Williams,12.5,0.4604,game_script,Kyren Williams: game total lean under.,7,606
3bfd8bfb4b8e9a365a0877879b73b16b,player_rush_attempts,RJ Harvey,5.5,0.5216,game_script,RJ Harvey: game total lean under.,7,607
3bfd8bfb4b8e9a365a0877879b73b16b,player_rush_yds,Blake Corum,46.5,0.5011,game_script,Blake Corum: game total lean under.,7,608
3bfd8bfb4b8e9a365a0877879b73b16b,player_rush_yds,J.K. Dobbins,50.5,0.491,game_script,J.K. Dobbins: game total lean under.,7,609
3bfd8bfb4b8e9a365a0877879b73b16b,player_rush_yds,Kyren Williams,54.5,0.491,game_script,Kyren Williams: game total lean under.,7,610
3bfd8bfb4b8e9a365a0877879b73b16b,player_rush_yds,RJ Harvey,19.5,0.491,game_script,RJ Harvey: game total lean under.,7,611
07f552badfa8a565d1be22123713e4da,player_anytime_td,Adonai Mitchell,0.5,0.2428,game_script,Adonai Mitchell: anytime TD follows the game total lean (over).,7,612
07f552badfa8a565d1be22123713e4da,player_anytime_td,Braelon Allen,0.5,0.2742,game_script,Braelon Allen: anytime TD follows the game total lean (over).,7,613
07f552badfa8a565d1be22123713e4da,player_anytime_td,Brock Wright,0.5,0.1325,game_script,Brock Wright: anytime TD follows the game total lean (over).,7,614
07f552badfa8a565d1be22123713e4da,player_anytime_td,Garrett Wilson,0.5,0.3465,game_script,Garrett Wilson: anytime TD follows the game total lean (over).,7,615
07f552badfa8a565d1be22123713e4da,player_anytime_td,Isaac TeSlaa,0.5,0.1893,game_script,Isaac TeSlaa: anytime TD follows the game total lean (over).,7,616
07f552badfa8a565d1be22123713e4da,player_anytime_td,Isaiah Williams,0.5,0.218,game_script,Isaiah Williams: anytime TD follows the game total lean (over).,7,617
07f552badfa8a565d1be22123713e4da,player_anytime_td,Jameson Williams,0.5,0.3921,game_script,Jameson Williams: anytime TD follows the game total lean (over).,7,618
07f552badfa8a565d1be22123713e4da,player_anytime_td,Jeremy Ruckert,0.5,0.1325,game_script,Jeremy Ruckert: anytime TD follows the game total lean (over).,7,619
07f552badfa8a565d1be22123713e4da,player_anytime_td,Kenyon Sadiq,0.5,0.2297,game_script,Kenyon Sadiq: anytime TD follows the game total lean (over).,7,620
07f552badfa8a565d1be22123713e4da,player_anytime_td,Sam LaPorta,0.5,0.3523,game_script,Sam LaPorta: anytime TD follows the game total lean (over).,7,621
07f552badfa8a565d1be22123713e4da,player_anytime_td,Sione Vaki,0.5,0.1556,game_script,Sione Vaki: anytime TD follows the game total lean (over).,7,622
17a730b7d399feeab6a78c30767c29d2,player_anytime_td,C.J. Stroud,0.5,0.1258,game_script,C.J. Stroud: anytime TD follows the game total lean (under).,7,623
17a730b7d399feeab6a78c30767c29d2,player_anytime_td,DJ Giddens,0.5,0.0925,game_script,DJ Giddens: anytime TD follows the game total lean (under).,7,624
17a730b7d399feeab6a78c30767c29d2,player_anytime_td,Dalton Schultz,0.5,0.3151,game_script,Dalton Schultz: anytime TD follows the game total lean (under).,7,625
17a730b7d399feeab6a78c30767c29d2,player_anytime_td,Daniel Jones,0.5,0.1406,game_script,Daniel Jones: anytime TD follows the game total lean (under).,7,626
17a730b7d399feeab6a78c30767c29d2,player_anytime_td,Foster Moreau,0.5,0.0925,game_script,Foster Moreau: anytime TD follows the game total lean (under).,7,627
17a730b7d399feeab6a78c30767c29d2,player_anytime_td,Jared Wayne,0.5,0.1354,game_script,Jared Wayne: anytime TD follows the game total lean (under).,7,628
17a730b7d399feeab6a78c30767c29d2,player_anytime_td,Jaylin Noel,0.5,0.183,game_script,Jaylin Noel: anytime TD follows the game total lean (under).,7,629
17a730b7d399feeab6a78c30767c29d2,player_anytime_td,Josh Downs,0.5,0.2592,game_script,Josh Downs: anytime TD follows the game total lean (under).,7,630
17a730b7d399feeab6a78c30767c29d2,player_anytime_td,Kayshon Boutte,0.5,0.2425,game_script,Kayshon Boutte: anytime TD follows the game total lean (under).,7,631
17a730b7d399feeab6a78c30767c29d2,player_anytime_td,Keenan Allen,0.5,0.2147,game_script,Keenan Allen: anytime TD follows the game total lean (under).,7,632
17a730b7d399feeab6a78c30767c29d2,player_anytime_td,Laquon Treadwell,0.5,0.1258,game_script,Laquon Treadwell: anytime TD follows the game total lean (under).,7,633
17a730b7d399feeab6a78c30767c29d2,player_anytime_td,Seth McGowan,0.5,0.0925,game_script,Seth McGowan: anytime TD follows the game total lean (under).,7,634
17a730b7d399feeab6a78c30767c29d2,player_anytime_td,Tyler Warren,0.5,0.2955,game_script,Tyler Warren: anytime TD follows the game total lean (under).,7,635
17a730b7d399feeab6a78c30767c29d2,player_anytime_td,Woody Marks,0.5,0.2703,game_script,Woody Marks: anytime TD follows the game total lean (under).,7,636
17a730b7d399feeab6a78c30767c29d2,player_anytime_td,Xavier Hutchinson,0.5,0.2147,game_script,Xavier Hutchinson: anytime TD follows the game total lean (under).,7,637
1f3cfd315a24d1a7dd5859a8e6b88e18,player_anytime_td,Ameer Abdullah,0.5,0.1075,game_script,Ameer Abdullah: anytime TD follows the game total lean (over).,7,638
1f3cfd315a24d1a7dd5859a8e6b88e18,player_anytime_td,Bhayshul Tuten,0.5,0.4075,game_script,Bhayshul Tuten: anytime TD follows the game total lean (over).,7,639
1f3cfd315a24d1a7dd5859a8e6b88e18,player_anytime_td,Brenton Strange,0.5,0.2575,game_script,Brenton Strange: anytime TD follows the game total lean (over).,7,640
1f3cfd315a24d1a7dd5859a8e6b88e18,player_anytime_td,Brian Thomas Jr,0.5,0.2742,game_script,Brian Thomas Jr: anytime TD follows the game total lean (over).,7,641
1f3cfd315a24d1a7dd5859a8e6b88e18,player_anytime_td,Chris Rodriguez Jr.,0.5,0.2932,game_script,Chris Rodriguez Jr.: anytime TD follows the game total lean (over).,7,642
1f3cfd315a24d1a7dd5859a8e6b88e18,player_anytime_td,DeMario Douglas,0.5,0.218,game_script,DeMario Douglas: anytime TD follows the game total lean (over).,7,643
1f3cfd315a24d1a7dd5859a8e6b88e18,player_anytime_td,Drake Maye,0.5,0.2742,game_script,Drake Maye: anytime TD follows the game total lean (over).,7,644
1f3cfd315a24d1a7dd5859a8e6b88e18,player_anytime_td,Eli Raridon,0.5,0.1186,game_script,Eli Raridon: anytime TD follows the game total lean (over).,7,645
1f3cfd315a24d1a7dd5859a8e6b88e18,player_anytime_td,Hunter Henry,0.5,0.3016,game_script,Hunter Henry: anytime TD follows the game total lean (over).,7,646
1f3cfd315a24d1a7dd5859a8e6b88e18,player_anytime_td,Jakobi Meyers,0.5,0.2932,game_script,Jakobi Meyers: anytime TD follows the game total lean (over).,7,647
1f3cfd315a24d1a7dd5859a8e6b88e18,player_anytime_td,Kyle Williams,0.5,0.1186,game_script,Kyle Williams: anytime TD follows the game total lean (over).,7,648
1f3cfd315a24d1a7dd5859a8e6b88e18,player_anytime_td,Mack Hollins,0.5,0.2428,game_script,Mack Hollins: anytime TD follows the game total lean (over).,7,649
1f3cfd315a24d1a7dd5859a8e6b88e18,player_anytime_td,Nate Boerkircher,0.5,0.1186,game_script,Nate Boerkircher: anytime TD follows the game total lean (over).,7,650
1f3cfd315a24d1a7dd5859a8e6b88e18,player_anytime_td,Parker Washington,0.5,0.3997,game_script,Parker Washington: anytime TD follows the game total lean (over).,7,651
1f3cfd315a24d1a7dd5859a8e6b88e18,player_anytime_td,Rhamondre Stevenson,0.5,0.4242,game_script,Rhamondre Stevenson: anytime TD follows the game total lean (over).,7,652
1f3cfd315a24d1a7dd5859a8e6b88e18,player_anytime_td,Romeo Doubs,0.5,0.2742,game_script,Romeo Doubs: anytime TD follows the game total lean (over).,7,653
1f3cfd315a24d1a7dd5859a8e6b88e18,player_anytime_td,TreVeyon Henderson,0.5,0.3646,game_script,TreVeyon Henderson: anytime TD follows the game total lean (over).,7,654
1f3cfd315a24d1a7dd5859a8e6b88e18,player_anytime_td,Trevor Lawrence,0.5,0.2575,game_script,Trevor Lawrence: anytime TD follows the game total lean (over).,7,655
2a529c108305ffa049d8b6cfdbaa4d36,player_anytime_td,AJ Barner,0.5,0.2425,game_script,AJ Barner: anytime TD follows the game total lean (under).,7,656
2a529c108305ffa049d8b6cfdbaa4d36,player_anytime_td,Antonio Williams,0.5,0.1258,game_script,Antonio Williams: anytime TD follows the game total lean (under).,7,657
2a529c108305ffa049d8b6cfdbaa4d36,player_anytime_td,Ben Sinnott,0.5,0.1354,game_script,Ben Sinnott: anytime TD follows the game total lean (under).,7,658
2a529c108305ffa049d8b6cfdbaa4d36,player_anytime_td,Cooper Kupp,0.5,0.2147,game_script,Cooper Kupp: anytime TD follows the game total lean (under).,7,659
2a529c108305ffa049d8b6cfdbaa4d36,player_anytime_td,Elijah Arroyo,0.5,0.1258,game_script,Elijah Arroyo: anytime TD follows the game total lean (under).,7,660
2a529c108305ffa049d8b6cfdbaa4d36,player_anytime_td,Emanuel Wilson,0.5,0.2866,game_script,Emanuel Wilson: anytime TD follows the game total lean (under).,7,661
2a529c108305ffa049d8b6cfdbaa4d36,player_anytime_td,George Holani,0.5,0.203,game_script,George Holani: anytime TD follows the game total lean (under).,7,662
2a529c108305ffa049d8b6cfdbaa4d36,player_anytime_td,Jacory Croskey-Merritt,0.5,0.2955,game_script,Jacory Croskey-Merritt: anytime TD follows the game total lean (under).,7,663
2a529c108305ffa049d8b6cfdbaa4d36,player_anytime_td,Jadarian Price,0.5,0.3925,game_script,Jadarian Price: anytime TD follows the game total lean (under).,7,664
2a529c108305ffa049d8b6cfdbaa4d36,player_anytime_td,Kaytron Allen,0.5,0.0925,game_script,Kaytron Allen: anytime TD follows the game total lean (under).,7,665
2a529c108305ffa049d8b6cfdbaa4d36,player_anytime_td,Marcus Mariota,0.5,0.1525,game_script,Marcus Mariota: anytime TD follows the game total lean (under).,7,666
2a529c108305ffa049d8b6cfdbaa4d36,player_anytime_td,Rachaad White,0.5,0.2278,game_script,Rachaad White: anytime TD follows the game total lean (under).,7,667
2a529c108305ffa049d8b6cfdbaa4d36,player_anytime_td,Rashid Shaheed,0.5,0.2425,game_script,Rashid Shaheed: anytime TD follows the game total lean (under).,7,668
2a529c108305ffa049d8b6cfdbaa4d36,player_anytime_td,Stefon Diggs,0.5,0.1925,game_script,Stefon Diggs: anytime TD follows the game total lean (under).,7,669
2a529c108305ffa049d8b6cfdbaa4d36,player_anytime_td,Terry McLaurin,0.5,0.2147,game_script,Terry McLaurin: anytime TD follows the game total lean (under).,7,670
2a529c108305ffa049d8b6cfdbaa4d36,player_anytime_td,Tory Horton,0.5,0.1258,game_script,Tory Horton: anytime TD follows the game total lean (under).,7,671
3bfd8bfb4b8e9a365a0877879b73b16b,player_anytime_td,Adam Trautman,0.5,0.1354,game_script,Adam Trautman: anytime TD follows the game total lean (under).,7,672
3bfd8bfb4b8e9a365a0877879b73b16b,player_anytime_td,Blake Corum,0.5,0.2703,game_script,Blake Corum: anytime TD follows the game total lean (under).,7,673
3bfd8bfb4b8e9a365a0877879b73b16b,player_anytime_td,Bo Nix,0.5,0.1743,game_script,Bo Nix: anytime TD follows the game total lean (under).,7,674
3bfd8bfb4b8e9a365a0877879b73b16b,player_anytime_td,Colby Parkinson,0.5,0.2425,game_script,Colby Parkinson: anytime TD follows the game total lean (under).,7,675
3bfd8bfb4b8e9a365a0877879b73b16b,player_anytime_td,Courtland Sutton,0.5,0.2703,game_script,Courtland Sutton: anytime TD follows the game total lean (under).,7,676
3bfd8bfb4b8e9a365a0877879b73b16b,player_anytime_td,Davante Adams,0.5,0.4687,game_script,Davante Adams: anytime TD follows the game total lean (under).,7,677
3bfd8bfb4b8e9a365a0877879b73b16b,player_anytime_td,Davis Allen,0.5,0.1036,game_script,Davis Allen: anytime TD follows the game total lean (under).,7,678
3bfd8bfb4b8e9a365a0877879b73b16b,player_anytime_td,Evan Engram,0.5,0.2147,game_script,Evan Engram: anytime TD follows the game total lean (under).,7,679
3bfd8bfb4b8e9a365a0877879b73b16b,player_anytime_td,J.K. Dobbins,0.5,0.4273,game_script,J.K. Dobbins: anytime TD follows the game total lean (under).,7,680
3bfd8bfb4b8e9a365a0877879b73b16b,player_anytime_td,Jaylen Waddle,0.5,0.3315,game_script,Jaylen Waddle: anytime TD follows the game total lean (under).,7,681
3bfd8bfb4b8e9a365a0877879b73b16b,player_anytime_td,Jordan Whittington,0.5,0.1592,game_script,Jordan Whittington: anytime TD follows the game total lean (under).,7,682
3bfd8bfb4b8e9a365a0877879b73b16b,player_anytime_td,Konata Mumpfield,0.5,0.1592,game_script,Konata Mumpfield: anytime TD follows the game total lean (under).,7,683
3bfd8bfb4b8e9a365a0877879b73b16b,player_anytime_td,Marvin Mims Jr.,0.5,0.1258,game_script,Marvin Mims Jr.: anytime TD follows the game total lean (under).,7,684
3bfd8bfb4b8e9a365a0877879b73b16b,player_anytime_td,Pat Bryant,0.5,0.2147,game_script,Pat Bryant: anytime TD follows the game total lean (under).,7,685
3bfd8bfb4b8e9a365a0877879b73b16b,player_anytime_td,RJ Harvey,0.5,0.2278,game_script,RJ Harvey: anytime TD follows the game total lean (under).,7,686
3bfd8bfb4b8e9a365a0877879b73b16b,player_anytime_td,Terrance Ferguson,0.5,0.3258,game_script,Terrance Ferguson: anytime TD follows the game total lean (under).,7,687
3bfd8bfb4b8e9a365a0877879b73b16b,player_anytime_td,Troy Franklin,0.5,0.1258,game_script,Troy Franklin: anytime TD follows the game total lean (under).,7,688
3bfd8bfb4b8e9a365a0877879b73b16b,player_anytime_td,Tyler Badie,0.5,0.0925,game_script,Tyler Badie: anytime TD follows the game total lean (under).,7,689
3bfd8bfb4b8e9a365a0877879b73b16b,player_anytime_td,Tyler Higbee,0.5,0.2425,game_script,Tyler Higbee: anytime TD follows the game total lean (under).,7,690
3bfd8bfb4b8e9a365a0877879b73b16b,player_anytime_td,Xavier Smith,0.5,0.1036,game_script,Xavier Smith: anytime TD follows the game total lean (under).,7,691
07f552badfa8a565d1be22123713e4da,player_anytime_td,Isaiah Davis,0.5,0.0501,game_script,Isaiah Davis: anytime TD follows the game total lean (over).,7,692
07f552badfa8a565d1be22123713e4da,player_anytime_td,Jackson Meeks,0.5,0.0616,game_script,Jackson Meeks: anytime TD follows the game total lean (over).,7,693
07f552badfa8a565d1be22123713e4da,player_anytime_td,Jamaal Pritchett,0.5,0.0501,game_script,Jamaal Pritchett: anytime TD follows the game total lean (over).,7,694
07f552badfa8a565d1be22123713e4da,player_anytime_td,Jared Goff,0.5,0.0501,game_script,Jared Goff: anytime TD follows the game total lean (over).,7,695
07f552badfa8a565d1be22123713e4da,player_anytime_td,Malik McClain,0.5,0.0501,game_script,Malik McClain: anytime TD follows the game total lean (over).,7,696
07f552badfa8a565d1be22123713e4da,player_anytime_td,Sterling Shepard,0.5,0.0501,game_script,Sterling Shepard: anytime TD follows the game total lean (over).,7,697
07f552badfa8a565d1be22123713e4da,player_anytime_td,Tay Martin,0.5,0.0616,game_script,Tay Martin: anytime TD follows the game total lean (over).,7,698
07f552badfa8a565d1be22123713e4da,player_anytime_td,Tom Kennedy,0.5,0.0616,game_script,Tom Kennedy: anytime TD follows the game total lean (over).,7,699
07f552badfa8a565d1be22123713e4da,player_anytime_td,Tyler Conklin,0.5,0.0616,game_script,Tyler Conklin: anytime TD follows the game total lean (over).,7,700
17a730b7d399feeab6a78c30767c29d2,player_anytime_td,Anthony Gould,0.5,0.0351,game_script,Anthony Gould: anytime TD follows the game total lean (under).,7,701
17a730b7d399feeab6a78c30767c29d2,player_anytime_td,British Brooks,0.5,0.0351,game_script,British Brooks: anytime TD follows the game total lean (under).,7,702
17a730b7d399feeab6a78c30767c29d2,player_anytime_td,Cade Stover,0.5,0.0466,game_script,Cade Stover: anytime TD follows the game total lean (under).,7,703
17a730b7d399feeab6a78c30767c29d2,player_anytime_td,Drew Ogletree,0.5,0.0466,game_script,Drew Ogletree: anytime TD follows the game total lean (under).,7,704
17a730b7d399feeab6a78c30767c29d2,player_anytime_td,Marlin Klein,0.5,0.0351,game_script,Marlin Klein: anytime TD follows the game total lean (under).,7,705
17a730b7d399feeab6a78c30767c29d2,player_anytime_td,Mo Alie-Cox,0.5,0.0592,game_script,Mo Alie-Cox: anytime TD follows the game total lean (under).,7,706
17a730b7d399feeab6a78c30767c29d2,player_anytime_td,Nick Westbrook-Ikhine,0.5,0.0592,game_script,Nick Westbrook-Ikhine: anytime TD follows the game total lean (under).,7,707
1f3cfd315a24d1a7dd5859a8e6b88e18,player_anytime_td,CJ Williams,0.5,0.0616,game_script,CJ Williams: anytime TD follows the game total lean (over).,7,708
1f3cfd315a24d1a7dd5859a8e6b88e18,player_anytime_td,Cameron Latu,0.5,0.0501,game_script,Cameron Latu: anytime TD follows the game total lean (over).,7,709
1f3cfd315a24d1a7dd5859a8e6b88e18,player_anytime_td,Corey Kiner,0.5,0.0501,game_script,Corey Kiner: anytime TD follows the game total lean (over).,7,710
1f3cfd315a24d1a7dd5859a8e6b88e18,player_anytime_td,Efton Chism III,0.5,0.0616,game_script,Efton Chism III: anytime TD follows the game total lean (over).,7,711
1f3cfd315a24d1a7dd5859a8e6b88e18,player_anytime_td,LeQuint Allen Jr.,0.5,0.0616,game_script,LeQuint Allen Jr.: anytime TD follows the game total lean (over).,7,712
1f3cfd315a24d1a7dd5859a8e6b88e18,player_anytime_td,Quintin Morris,0.5,0.0501,game_script,Quintin Morris: anytime TD follows the game total lean (over).,7,713
1f3cfd315a24d1a7dd5859a8e6b88e18,player_anytime_td,Reggie Gilliam,0.5,0.0616,game_script,Reggie Gilliam: anytime TD follows the game total lean (over).,7,714
1f3cfd315a24d1a7dd5859a8e6b88e18,player_anytime_td,Tanner Koziol,0.5,0.0501,game_script,Tanner Koziol: anytime TD follows the game total lean (over).,7,715
2a529c108305ffa049d8b6cfdbaa4d36,player_anytime_td,Colson Yankoff,0.5,0.0466,game_script,Colson Yankoff: anytime TD follows the game total lean (under).,7,716
2a529c108305ffa049d8b6cfdbaa4d36,player_anytime_td,Eric Saubert,0.5,0.0466,game_script,Eric Saubert: anytime TD follows the game total lean (under).,7,717
2a529c108305ffa049d8b6cfdbaa4d36,player_anytime_td,John Bates,0.5,0.0592,game_script,John Bates: anytime TD follows the game total lean (under).,7,718
2a529c108305ffa049d8b6cfdbaa4d36,player_anytime_td,Luke McCaffrey,0.5,0.0466,game_script,Luke McCaffrey: anytime TD follows the game total lean (under).,7,719
2a529c108305ffa049d8b6cfdbaa4d36,player_anytime_td,Montorie Foster Jr.,0.5,0.0351,game_script,Montorie Foster Jr.: anytime TD follows the game total lean (under).,7,720
2a529c108305ffa049d8b6cfdbaa4d36,player_anytime_td,Nick Kallerup,0.5,0.0466,game_script,Nick Kallerup: anytime TD follows the game total lean (under).,7,721
2a529c108305ffa049d8b6cfdbaa4d36,player_anytime_td,Treylon Burks,0.5,0.0466,game_script,Treylon Burks: anytime TD follows the game total lean (under).,7,722
2a529c108305ffa049d8b6cfdbaa4d36,player_anytime_td,Velus Jones Jr.,0.5,0.0351,game_script,Velus Jones Jr.: anytime TD follows the game total lean (under).,7,723
3bfd8bfb4b8e9a365a0877879b73b16b,player_anytime_td,Dean Connors,0.5,0.0351,game_script,Dean Connors: anytime TD follows the game total lean (under).,7,724
3bfd8bfb4b8e9a365a0877879b73b16b,player_anytime_td,Kolbe Katsis,0.5,0.0351,game_script,Kolbe Katsis: anytime TD follows the game total lean (under).,7,725
3bfd8bfb4b8e9a365a0877879b73b16b,player_anytime_td,Matthew Stafford,0.5,0.031,game_script,Matthew Stafford: anytime TD follows the game total lean (under).,7,726
3bfd8bfb4b8e9a365a0877879b73b16b,player_anytime_td,Nate Adkins,0.5,0.0351,game_script,Nate Adkins: anytime TD follows the game total lean (under).,7,727
3bfd8bfb4b8e9a365a0877879b73b16b,player_anytime_td,Tutu Atwell,0.5,0.0466,game_script,Tutu Atwell: anytime TD follows the game total lean (under).,7,728
07f552badfa8a565d1be22123713e4da,player_anytime_td,Jacob Saylors,0.5,0.0319,game_script,Jacob Saylors: anytime TD follows the game total lean (over).,7,729
1f3cfd315a24d1a7dd5859a8e6b88e18,player_anytime_td,Tanner Arkin,0.5,0.0319,game_script,Tanner Arkin: anytime TD follows the game total lean (over).,7,730
07f552badfa8a565d1be22123713e4da,player_anytime_td,Geno Smith,0.5,0.1251,game_script,Geno Smith: anytime TD follows the game total lean (over).,7,731
1f3cfd315a24d1a7dd5859a8e6b88e18,player_anytime_td,Josh Cameron,0.5,0.0908,game_script,Josh Cameron: anytime TD follows the game total lean (over).,7,732
2a529c108305ffa049d8b6cfdbaa4d36,player_anytime_td,Dyami Brown,0.5,0.0978,game_script,Dyami Brown: anytime TD follows the game total lean (under).,7,733
2a529c108305ffa049d8b6cfdbaa4d36,player_anytime_td,Sam Darnold,0.5,0.1101,game_script,Sam Darnold: anytime TD follows the game total lean (under).,7,734
07f552badfa8a565d1be22123713e4da,player_anytime_td,Amon-Ra St. Brown,0.5,0.5631,game_script,Amon-Ra St. Brown: anytime TD follows the game total lean (over).,7,735
07f552badfa8a565d1be22123713e4da,player_anytime_td,Breece Hall,0.5,0.5197,game_script,Breece Hall: anytime TD follows the game total lean (over).,7,736
07f552badfa8a565d1be22123713e4da,player_anytime_td,Jahmyr Gibbs,0.5,0.7853,game_script,Jahmyr Gibbs: anytime TD follows the game total lean (over).,7,737
17a730b7d399feeab6a78c30767c29d2,player_anytime_td,David Montgomery,0.5,0.5163,game_script,David Montgomery: anytime TD follows the game total lean (under).,7,738
17a730b7d399feeab6a78c30767c29d2,player_anytime_td,Jonathan Taylor,0.5,0.6003,game_script,Jonathan Taylor: anytime TD follows the game total lean (under).,7,739
2a529c108305ffa049d8b6cfdbaa4d36,player_anytime_td,Jaxon Smith-Njigba,0.5,0.5047,game_script,Jaxon Smith-Njigba: anytime TD follows the game total lean (under).,7,740
3bfd8bfb4b8e9a365a0877879b73b16b,player_anytime_td,Kyren Williams,0.5,0.5163,game_script,Kyren Williams: anytime TD follows the game total lean (under).,7,741
17a730b7d399feeab6a78c30767c29d2,player_anytime_td,Lewis Bond,0.5,0.02,game_script,Lewis Bond: anytime TD follows the game total lean (under).,7,742
3bfd8bfb4b8e9a365a0877879b73b16b,player_anytime_td,Adam Prentice,0.5,0.02,game_script,Adam Prentice: anytime TD follows the game total lean (under).,7,743
3bfd8bfb4b8e9a365a0877879b73b16b,player_anytime_td,CJ Daniels,0.5,0.02,game_script,CJ Daniels: anytime TD follows the game total lean (under).,7,744
3bfd8bfb4b8e9a365a0877879b73b16b,player_anytime_td,Dallen Bentley,0.5,0.02,game_script,Dallen Bentley: anytime TD follows the game total lean (under).,7,745
613b8cd3a5fab58f7be4e3fd6f76223e,player_anytime_td,Michael Burton,0.5,0.02,game_script,Michael Burton: anytime TD follows the game total lean (over).,6,746
07f552badfa8a565d1be22123713e4da,player_pass_attempts,Jared Goff,32.5,0.5143,game_script,Jared Goff: game total lean over; expected to lead -> fewer dropbacks.,6,747
07f552badfa8a565d1be22123713e4da,player_pass_completions,Jared Goff,23.5,0.4737,game_script,Jared Goff: game total lean over; expected to lead -> fewer dropbacks.,6,748
07f552badfa8a565d1be22123713e4da,player_pass_yds,Jared Goff,259.5,0.494,game_script,Jared Goff: game total lean over; expected to lead -> fewer dropbacks.,6,749
2a529c108305ffa049d8b6cfdbaa4d36,player_pass_attempts,Marcus Mariota,29.5,0.4959,game_script,Marcus Mariota: game total lean under; expected to trail -> more dropbacks.,6,750
2a529c108305ffa049d8b6cfdbaa4d36,player_pass_completions,Marcus Mariota,16.5,0.5263,game_script,Marcus Mariota: game total lean under; expected to trail -> more dropbacks.,6,751
2a529c108305ffa049d8b6cfdbaa4d36,player_pass_yds,Marcus Mariota,170.5,0.506,game_script,Marcus Mariota: game total lean under; expected to trail -> more dropbacks.,6,752
613b8cd3a5fab58f7be4e3fd6f76223e,player_pass_attempts,Bryce Young,32.5,0.506,game_script,Bryce Young: game total lean over; neutral script.,6,753
613b8cd3a5fab58f7be4e3fd6f76223e,player_pass_attempts,Deshaun Watson,29.5,0.4959,game_script,Deshaun Watson: game total lean over; neutral script.,6,754
613b8cd3a5fab58f7be4e3fd6f76223e,player_pass_completions,Bryce Young,19.5,0.4959,game_script,Bryce Young: game total lean over; neutral script.,6,755
613b8cd3a5fab58f7be4e3fd6f76223e,player_pass_completions,Deshaun Watson,18.5,0.4857,game_script,Deshaun Watson: game total lean over; neutral script.,6,756
613b8cd3a5fab58f7be4e3fd6f76223e,player_pass_tds,Bryce Young,1.5,0.4427,game_script,Bryce Young: game total lean over.,6,757
613b8cd3a5fab58f7be4e3fd6f76223e,player_pass_tds,Deshaun Watson,1.5,0.3501,game_script,Deshaun Watson: game total lean over.,6,758
613b8cd3a5fab58f7be4e3fd6f76223e,player_pass_yds,Bryce Young,223.5,0.506,game_script,Bryce Young: game total lean over; neutral script.,6,759
613b8cd3a5fab58f7be4e3fd6f76223e,player_pass_yds,Deshaun Watson,188.5,0.506,game_script,Deshaun Watson: game total lean over; neutral script.,6,760
613b8cd3a5fab58f7be4e3fd6f76223e,player_reception_yds,Blake Whiteheart,5.5,0.506,game_script,Blake Whiteheart: game total lean over.,6,761
613b8cd3a5fab58f7be4e3fd6f76223e,player_reception_yds,Chuba Hubbard,15.5,0.4959,game_script,Chuba Hubbard: game total lean over.,6,762
613b8cd3a5fab58f7be4e3fd6f76223e,player_reception_yds,Darren Waller,20.5,0.506,game_script,Darren Waller: game total lean over.,6,763
613b8cd3a5fab58f7be4e3fd6f76223e,player_reception_yds,Denzel Boston,44.5,0.506,game_script,Denzel Boston: game total lean over.,6,764
613b8cd3a5fab58f7be4e3fd6f76223e,player_reception_yds,Harold Fannin Jr.,37.5,0.506,game_script,Harold Fannin Jr.: game total lean over.,6,765
613b8cd3a5fab58f7be4e3fd6f76223e,player_reception_yds,Jalen Coker,58.5,0.506,game_script,Jalen Coker: game total lean over.,6,766
613b8cd3a5fab58f7be4e3fd6f76223e,player_reception_yds,Jerry Jeudy,20.5,0.506,game_script,Jerry Jeudy: game total lean over.,6,767
613b8cd3a5fab58f7be4e3fd6f76223e,player_reception_yds,KC Concepcion,33.5,0.506,game_script,KC Concepcion: game total lean over.,6,768
613b8cd3a5fab58f7be4e3fd6f76223e,player_reception_yds,Quinshon Judkins,14.5,0.506,game_script,Quinshon Judkins: game total lean over.,6,769
613b8cd3a5fab58f7be4e3fd6f76223e,player_reception_yds,Raheim Sanders,2.5,0.506,game_script,Raheim Sanders: game total lean over.,6,770
613b8cd3a5fab58f7be4e3fd6f76223e,player_reception_yds,Tetairoa McMillan,63.5,0.506,game_script,Tetairoa McMillan: game total lean over.,6,771
613b8cd3a5fab58f7be4e3fd6f76223e,player_reception_yds,Tommy Tremble,10.5,0.506,game_script,Tommy Tremble: game total lean over.,6,772
613b8cd3a5fab58f7be4e3fd6f76223e,player_reception_yds,Xavier Legette,13.5,0.506,game_script,Xavier Legette: game total lean over.,6,773
613b8cd3a5fab58f7be4e3fd6f76223e,player_receptions,Blake Whiteheart,0.5,0.5975,game_script,Blake Whiteheart: game total lean over.,6,774
613b8cd3a5fab58f7be4e3fd6f76223e,player_receptions,Chuba Hubbard,2.5,0.4959,game_script,Chuba Hubbard: game total lean over.,6,775
613b8cd3a5fab58f7be4e3fd6f76223e,player_receptions,Darren Waller,2.5,0.4427,game_script,Darren Waller: game total lean over.,6,776
613b8cd3a5fab58f7be4e3fd6f76223e,player_receptions,Denzel Boston,3.5,0.4857,game_script,Denzel Boston: game total lean over.,6,777
613b8cd3a5fab58f7be4e3fd6f76223e,player_receptions,Harold Fannin Jr.,3.5,0.5601,game_script,Harold Fannin Jr.: game total lean over.,6,778
613b8cd3a5fab58f7be4e3fd6f76223e,player_receptions,Jalen Coker,4.5,0.5566,game_script,Jalen Coker: game total lean over.,6,779
613b8cd3a5fab58f7be4e3fd6f76223e,player_receptions,Jerry Jeudy,1.5,0.5468,game_script,Jerry Jeudy: game total lean over.,6,780
613b8cd3a5fab58f7be4e3fd6f76223e,player_receptions,KC Concepcion,3.5,0.5468,game_script,KC Concepcion: game total lean over.,6,781
613b8cd3a5fab58f7be4e3fd6f76223e,player_receptions,Quinshon Judkins,2.5,0.4857,game_script,Quinshon Judkins: game total lean over.,6,782
613b8cd3a5fab58f7be4e3fd6f76223e,player_receptions,Raheim Sanders,0.5,0.5975,game_script,Raheim Sanders: game total lean over.,6,783
613b8cd3a5fab58f7be4e3fd6f76223e,player_receptions,Tetairoa McMillan,4.5,0.5366,game_script,Tetairoa McMillan: game total lean over.,6,784
613b8cd3a5fab58f7be4e3fd6f76223e,player_receptions,Tommy Tremble,1.5,0.5366,game_script,Tommy Tremble: game total lean over.,6,785
613b8cd3a5fab58f7be4e3fd6f76223e,player_receptions,Xavier Legette,1.5,0.4461,game_script,Xavier Legette: game total lean over.,6,786
613b8cd3a5fab58f7be4e3fd6f76223e,player_rush_attempts,Chuba Hubbard,16.5,0.5263,game_script,Chuba Hubbard: game total lean over.,6,787
613b8cd3a5fab58f7be4e3fd6f76223e,player_rush_attempts,Quinshon Judkins,16.5,0.4754,game_script,Quinshon Judkins: game total lean over.,6,788
613b8cd3a5fab58f7be4e3fd6f76223e,player_rush_yds,AJ Dillon,14.5,0.506,game_script,AJ Dillon: game total lean over.,6,789
613b8cd3a5fab58f7be4e3fd6f76223e,player_rush_yds,Chuba Hubbard,69.5,0.506,game_script,Chuba Hubbard: game total lean over.,6,790
613b8cd3a5fab58f7be4e3fd6f76223e,player_rush_yds,KC Concepcion,4.5,0.5161,game_script,KC Concepcion: game total lean over.,6,791
613b8cd3a5fab58f7be4e3fd6f76223e,player_rush_yds,Quinshon Judkins,60.5,0.506,game_script,Quinshon Judkins: game total lean over.,6,792
613b8cd3a5fab58f7be4e3fd6f76223e,player_rush_yds,Raheim Sanders,8.5,0.4959,game_script,Raheim Sanders: game total lean over.,6,793
b225458a282e140c44c45651255f2f6c,player_pass_tds,Josh Allen,1.5,0.5661,game_script,"Josh Allen: game total lean flat; no script signal, default under (prop overs are shaded).",6,794
b225458a282e140c44c45651255f2f6c,player_pass_tds,Justin Herbert,1.5,0.4025,game_script,"Justin Herbert: game total lean flat; no script signal, default under (prop overs are shaded).",6,795
b225458a282e140c44c45651255f2f6c,player_reception_yds,DJ Moore,49.5,0.494,game_script,"DJ Moore: game total lean flat; no script signal, default under (prop overs are shaded).",6,796
b225458a282e140c44c45651255f2f6c,player_reception_yds,Dalton Kincaid,57.5,0.5041,game_script,"Dalton Kincaid: game total lean flat; no script signal, default under (prop overs are shaded).",6,797
b225458a282e140c44c45651255f2f6c,player_reception_yds,Dawson Knox,8.5,0.5041,game_script,"Dawson Knox: game total lean flat; no script signal, default under (prop overs are shaded).",6,798
b225458a282e140c44c45651255f2f6c,player_reception_yds,James Cook,12.5,0.494,game_script,"James Cook: game total lean flat; no script signal, default under (prop overs are shaded).",6,799
b225458a282e140c44c45651255f2f6c,player_reception_yds,Khalil Shakir,43.5,0.494,game_script,"Khalil Shakir: game total lean flat; no script signal, default under (prop overs are shaded).",6,800
b225458a282e140c44c45651255f2f6c,player_reception_yds,Ladd McConkey,60.5,0.494,game_script,"Ladd McConkey: game total lean flat; no script signal, default under (prop overs are shaded).",6,801
b225458a282e140c44c45651255f2f6c,player_reception_yds,Omarion Hampton,11.5,0.4839,game_script,"Omarion Hampton: game total lean flat; no script signal, default under (prop overs are shaded).",6,802
b225458a282e140c44c45651255f2f6c,player_reception_yds,Oronde Gadsden II,36.5,0.494,game_script,"Oronde Gadsden II: game total lean flat; no script signal, default under (prop overs are shaded).",6,803
b225458a282e140c44c45651255f2f6c,player_reception_yds,Quentin Johnston,36.5,0.494,game_script,"Quentin Johnston: game total lean flat; no script signal, default under (prop overs are shaded).",6,804
b225458a282e140c44c45651255f2f6c,player_reception_yds,Tre Harris,31.5,0.494,game_script,"Tre Harris: game total lean flat; no script signal, default under (prop overs are shaded).",6,805
b225458a282e140c44c45651255f2f6c,player_receptions,DJ Moore,3.5,0.5446,game_script,"DJ Moore: game total lean flat; no script signal, default under (prop overs are shaded).",6,806
b225458a282e140c44c45651255f2f6c,player_receptions,Dalton Kincaid,4.5,0.4532,game_script,"Dalton Kincaid: game total lean flat; no script signal, default under (prop overs are shaded).",6,807
b225458a282e140c44c45651255f2f6c,player_receptions,Dawson Knox,1.5,0.4025,game_script,"Dawson Knox: game total lean flat; no script signal, default under (prop overs are shaded).",6,808
b225458a282e140c44c45651255f2f6c,player_receptions,James Cook,1.5,0.5661,game_script,"James Cook: game total lean flat; no script signal, default under (prop overs are shaded).",6,809
b225458a282e140c44c45651255f2f6c,player_receptions,Khalil Shakir,3.5,0.5775,game_script,"Khalil Shakir: game total lean flat; no script signal, default under (prop overs are shaded).",6,810
b225458a282e140c44c45651255f2f6c,player_receptions,Ladd McConkey,4.5,0.5446,game_script,"Ladd McConkey: game total lean flat; no script signal, default under (prop overs are shaded).",6,811
b225458a282e140c44c45651255f2f6c,player_receptions,Omarion Hampton,1.5,0.5539,game_script,"Omarion Hampton: game total lean flat; no script signal, default under (prop overs are shaded).",6,812
b225458a282e140c44c45651255f2f6c,player_receptions,Oronde Gadsden II,3.5,0.4434,game_script,"Oronde Gadsden II: game total lean flat; no script signal, default under (prop overs are shaded).",6,813
b225458a282e140c44c45651255f2f6c,player_receptions,Quentin Johnston,2.5,0.5957,game_script,"Quentin Johnston: game total lean flat; no script signal, default under (prop overs are shaded).",6,814
b225458a282e140c44c45651255f2f6c,player_receptions,Tre Harris,2.5,0.5246,game_script,"Tre Harris: game total lean flat; no script signal, default under (prop overs are shaded).",6,815
b225458a282e140c44c45651255f2f6c,player_rush_attempts,James Cook,17.5,0.4737,game_script,"James Cook: game total lean flat; no script signal, default under (prop overs are shaded).",6,816
b225458a282e140c44c45651255f2f6c,player_rush_attempts,Omarion Hampton,15.5,0.4737,game_script,"Omarion Hampton: game total lean flat; no script signal, default under (prop overs are shaded).",6,817
b225458a282e140c44c45651255f2f6c,player_rush_yds,James Cook,80.5,0.494,game_script,"James Cook: game total lean flat; no script signal, default under (prop overs are shaded).",6,818
b225458a282e140c44c45651255f2f6c,player_rush_yds,Keaton Mitchell,14.5,0.494,game_script,"Keaton Mitchell: game total lean flat; no script signal, default under (prop overs are shaded).",6,819
b225458a282e140c44c45651255f2f6c,player_rush_yds,Omarion Hampton,57.5,0.5041,game_script,"Omarion Hampton: game total lean flat; no script signal, default under (prop overs are shaded).",6,820
2e523fcb0497aa689473e290eb2b97de,player_pass_attempts,Kirk Cousins,31.5,0.5263,game_script,Kirk Cousins: game total lean over; neutral script.,6,821
2e523fcb0497aa689473e290eb2b97de,player_pass_attempts,Tyler Shough,33.5,0.4959,game_script,Tyler Shough: game total lean over; neutral script.,6,822
2e523fcb0497aa689473e290eb2b97de,player_pass_completions,Kirk Cousins,20.5,0.506,game_script,Kirk Cousins: game total lean over; neutral script.,6,823
2e523fcb0497aa689473e290eb2b97de,player_pass_completions,Tyler Shough,22.5,0.506,game_script,Tyler Shough: game total lean over; neutral script.,6,824
2e523fcb0497aa689473e290eb2b97de,player_pass_tds,Kirk Cousins,1.5,0.3947,game_script,Kirk Cousins: game total lean over.,6,825
2e523fcb0497aa689473e290eb2b97de,player_pass_tds,Tyler Shough,1.5,0.4857,game_script,Tyler Shough: game total lean over.,6,826
2e523fcb0497aa689473e290eb2b97de,player_pass_yds,Kirk Cousins,212.5,0.506,game_script,Kirk Cousins: game total lean over; neutral script.,6,827
2e523fcb0497aa689473e290eb2b97de,player_pass_yds,Tyler Shough,253.5,0.506,game_script,Tyler Shough: game total lean over; neutral script.,6,828
2e523fcb0497aa689473e290eb2b97de,player_reception_yds,Alvin Kamara,13.5,0.5161,game_script,Alvin Kamara: game total lean over.,6,829
2e523fcb0497aa689473e290eb2b97de,player_reception_yds,Ashton Jeanty,22.5,0.4959,game_script,Ashton Jeanty: game total lean over.,6,830
2e523fcb0497aa689473e290eb2b97de,player_reception_yds,Brock Bowers,46.5,0.506,game_script,Brock Bowers: game total lean over.,6,831
2e523fcb0497aa689473e290eb2b97de,player_reception_yds,Bryce Lance,15.5,0.506,game_script,Bryce Lance: game total lean over.,6,832
2e523fcb0497aa689473e290eb2b97de,player_reception_yds,Chris Olave,77.5,0.506,game_script,Chris Olave: game total lean over.,6,833
2e523fcb0497aa689473e290eb2b97de,player_reception_yds,Devaughn Vele,48.5,0.506,game_script,Devaughn Vele: game total lean over.,6,834
2e523fcb0497aa689473e290eb2b97de,player_reception_yds,Jack Bech,14.5,0.506,game_script,Jack Bech: game total lean over.,6,835
2e523fcb0497aa689473e290eb2b97de,player_reception_yds,Jalen Nailor,24.5,0.506,game_script,Jalen Nailor: game total lean over.,6,836
2e523fcb0497aa689473e290eb2b97de,player_reception_yds,Juwan Johnson,36.5,0.4959,game_script,Juwan Johnson: game total lean over.,6,837
2e523fcb0497aa689473e290eb2b97de,player_reception_yds,Michael Mayer,20.5,0.5161,game_script,Michael Mayer: game total lean over.,6,838
2e523fcb0497aa689473e290eb2b97de,player_reception_yds,Noah Fant,12.5,0.506,game_script,Noah Fant: game total lean over.,6,839
2e523fcb0497aa689473e290eb2b97de,player_reception_yds,Travis Etienne Jr.,9.5,0.506,game_script,Travis Etienne Jr.: game total lean over.,6,840
2e523fcb0497aa689473e290eb2b97de,player_reception_yds,Tre Tucker,42.5,0.506,game_script,Tre Tucker: game total lean over.,6,841
2e523fcb0497aa689473e290eb2b97de,player_receptions,Alvin Kamara,2.5,0.5895,game_script,Alvin Kamara: game total lean over.,6,842
2e523fcb0497aa689473e290eb2b97de,player_receptions,Ashton Jeanty,3.5,0.5601,game_script,Ashton Jeanty: game total lean over.,6,843
2e523fcb0497aa689473e290eb2b97de,player_receptions,Brock Bowers,4.5,0.506,game_script,Brock Bowers: game total lean over.,6,844
2e523fcb0497aa689473e290eb2b97de,player_receptions,Bryce Lance,1.5,0.4754,game_script,Bryce Lance: game total lean over.,6,845
2e523fcb0497aa689473e290eb2b97de,player_receptions,Chris Olave,6.5,0.4461,game_script,Chris Olave: game total lean over.,6,846
2e523fcb0497aa689473e290eb2b97de,player_receptions,Devaughn Vele,4.5,0.4198,game_script,Devaughn Vele: game total lean over.,6,847
2e523fcb0497aa689473e290eb2b97de,player_receptions,Jack Bech,1.5,0.506,game_script,Jack Bech: game total lean over.,6,848
2e523fcb0497aa689473e290eb2b97de,player_receptions,Jalen Nailor,2.5,0.4427,game_script,Jalen Nailor: game total lean over.,6,849
2e523fcb0497aa689473e290eb2b97de,player_receptions,Juwan Johnson,3.5,0.4652,game_script,Juwan Johnson: game total lean over.,6,850
2e523fcb0497aa689473e290eb2b97de,player_receptions,Michael Mayer,2.5,0.4554,game_script,Michael Mayer: game total lean over.,6,851
2e523fcb0497aa689473e290eb2b97de,player_receptions,Noah Fant,1.5,0.4857,game_script,Noah Fant: game total lean over.,6,852
2e523fcb0497aa689473e290eb2b97de,player_receptions,Travis Etienne Jr.,1.5,0.5601,game_script,Travis Etienne Jr.: game total lean over.,6,853
2e523fcb0497aa689473e290eb2b97de,player_receptions,Tre Tucker,3.5,0.5161,game_script,Tre Tucker: game total lean over.,6,854
2e523fcb0497aa689473e290eb2b97de,player_rush_attempts,Ashton Jeanty,18.5,0.4754,game_script,Ashton Jeanty: game total lean over.,6,855
2e523fcb0497aa689473e290eb2b97de,player_rush_attempts,Travis Etienne Jr.,10.5,0.506,game_script,Travis Etienne Jr.: game total lean over.,6,856
2e523fcb0497aa689473e290eb2b97de,player_rush_yds,Alvin Kamara,27.5,0.4959,game_script,Alvin Kamara: game total lean over.,6,857
2e523fcb0497aa689473e290eb2b97de,player_rush_yds,Ashton Jeanty,68.5,0.506,game_script,Ashton Jeanty: game total lean over.,6,858
2e523fcb0497aa689473e290eb2b97de,player_rush_yds,Mike Washington Jr.,15.5,0.506,game_script,Mike Washington Jr.: game total lean over.,6,859
2e523fcb0497aa689473e290eb2b97de,player_rush_yds,Travis Etienne Jr.,38.5,0.506,game_script,Travis Etienne Jr.: game total lean over.,6,860
0339a0e41bcee12820eb3e64bb5fadb4,player_pass_interceptions,Patrick Mahomes,0.5,0.3933,game_script,Patrick Mahomes: INT props: default under on INT overs.,6,861
0339a0e41bcee12820eb3e64bb5fadb4,player_rush_attempts,Malik Willis,5.5,0.5253,game_script,Malik Willis: QB rushing: scrambles more when trailing.,6,862
0339a0e41bcee12820eb3e64bb5fadb4,player_rush_yds,Malik Willis,33.5,0.505,game_script,Malik Willis: QB rushing: scrambles more when trailing.,6,863
07f552badfa8a565d1be22123713e4da,player_pass_interceptions,Jared Goff,0.5,0.3859,game_script,Jared Goff: INT props: default under on INT overs.,6,864
07f552badfa8a565d1be22123713e4da,player_rush_yds,Geno Smith,11.5,0.505,game_script,Geno Smith: QB rushing: scrambles more when trailing.,6,865
17a730b7d399feeab6a78c30767c29d2,player_pass_interceptions,C.J. Stroud,0.5,0.4747,game_script,C.J. Stroud: INT props: default under on INT overs.,6,866
17a730b7d399feeab6a78c30767c29d2,player_pass_interceptions,Daniel Jones,0.5,0.5051,game_script,Daniel Jones: INT props: default under on INT overs.,6,867
17a730b7d399feeab6a78c30767c29d2,player_rush_attempts,Daniel Jones,3.5,0.495,game_script,Daniel Jones: QB rushing: default slight under.,6,868
17a730b7d399feeab6a78c30767c29d2,player_rush_yds,C.J. Stroud,10.5,0.495,game_script,C.J. Stroud: QB rushing: default slight under.,6,869
17a730b7d399feeab6a78c30767c29d2,player_rush_yds,Daniel Jones,9.5,0.5051,game_script,Daniel Jones: QB rushing: default slight under.,6,870
1f3cfd315a24d1a7dd5859a8e6b88e18,player_pass_interceptions,Drake Maye,0.5,0.5051,game_script,Drake Maye: INT props: default under on INT overs.,6,871
1f3cfd315a24d1a7dd5859a8e6b88e18,player_pass_interceptions,Trevor Lawrence,0.5,0.5051,game_script,Trevor Lawrence: INT props: default under on INT overs.,6,872
1f3cfd315a24d1a7dd5859a8e6b88e18,player_rush_attempts,Drake Maye,5.5,0.5358,game_script,Drake Maye: QB rushing: default slight under.,6,873
1f3cfd315a24d1a7dd5859a8e6b88e18,player_rush_yds,Drake Maye,26.5,0.495,game_script,Drake Maye: QB rushing: default slight under.,6,874
1f3cfd315a24d1a7dd5859a8e6b88e18,player_rush_yds,Trevor Lawrence,16.5,0.495,game_script,Trevor Lawrence: QB rushing: default slight under.,6,875
2a529c108305ffa049d8b6cfdbaa4d36,player_pass_interceptions,Sam Darnold,0.5,0.4644,game_script,Sam Darnold: INT props: default under on INT overs.,6,876
2a529c108305ffa049d8b6cfdbaa4d36,player_rush_yds,Marcus Mariota,23.5,0.505,game_script,Marcus Mariota: QB rushing: scrambles more when trailing.,6,877
555afd4a27aaa392662881cffa8f2eef,player_rush_yds,Cam Ward,12.5,0.4949,game_script,Cam Ward: QB rushing: scrambles more when trailing.,6,878
613b8cd3a5fab58f7be4e3fd6f76223e,player_anytime_td,AJ Dillon,0.5,0.1479,game_script,AJ Dillon: anytime TD follows the game total lean (over).,6,879
613b8cd3a5fab58f7be4e3fd6f76223e,player_anytime_td,Blake Whiteheart,0.5,0.0959,game_script,Blake Whiteheart: anytime TD follows the game total lean (over).,6,880
613b8cd3a5fab58f7be4e3fd6f76223e,player_anytime_td,Bryce Young,0.5,0.1868,game_script,Bryce Young: anytime TD follows the game total lean (over).,6,881
613b8cd3a5fab58f7be4e3fd6f76223e,player_anytime_td,Brycen Tremayne,0.5,0.0883,game_script,Brycen Tremayne: anytime TD follows the game total lean (over).,6,882
613b8cd3a5fab58f7be4e3fd6f76223e,player_anytime_td,Chuba Hubbard,0.5,0.5399,game_script,Chuba Hubbard: anytime TD follows the game total lean (over).,6,883
613b8cd3a5fab58f7be4e3fd6f76223e,player_anytime_td,Darren Waller,0.5,0.2403,game_script,Darren Waller: anytime TD follows the game total lean (over).,6,884
613b8cd3a5fab58f7be4e3fd6f76223e,player_anytime_td,David Moore,0.5,0.105,game_script,David Moore: anytime TD follows the game total lean (over).,6,885
613b8cd3a5fab58f7be4e3fd6f76223e,player_anytime_td,Denzel Boston,0.5,0.3175,game_script,Denzel Boston: anytime TD follows the game total lean (over).,6,886
613b8cd3a5fab58f7be4e3fd6f76223e,player_anytime_td,Deshaun Watson,0.5,0.2155,game_script,Deshaun Watson: anytime TD follows the game total lean (over).,6,887
613b8cd3a5fab58f7be4e3fd6f76223e,player_anytime_td,Harold Fannin Jr.,0.5,0.2828,game_script,Harold Fannin Jr.: anytime TD follows the game total lean (over).,6,888
613b8cd3a5fab58f7be4e3fd6f76223e,player_anytime_td,Jalen Coker,0.5,0.3175,game_script,Jalen Coker: anytime TD follows the game total lean (over).,6,889
613b8cd3a5fab58f7be4e3fd6f76223e,player_anytime_td,Jerry Jeudy,0.5,0.1955,game_script,Jerry Jeudy: anytime TD follows the game total lean (over).,6,890
613b8cd3a5fab58f7be4e3fd6f76223e,player_anytime_td,John Metchie III,0.5,0.165,game_script,John Metchie III: anytime TD follows the game total lean (over).,6,891
613b8cd3a5fab58f7be4e3fd6f76223e,player_anytime_td,KC Concepcion,0.5,0.255,game_script,KC Concepcion: anytime TD follows the game total lean (over).,6,892
613b8cd3a5fab58f7be4e3fd6f76223e,player_anytime_td,Mitchell Evans,0.5,0.105,game_script,Mitchell Evans: anytime TD follows the game total lean (over).,6,893
613b8cd3a5fab58f7be4e3fd6f76223e,player_anytime_td,Quinshon Judkins,0.5,0.505,game_script,Quinshon Judkins: anytime TD follows the game total lean (over).,6,894
613b8cd3a5fab58f7be4e3fd6f76223e,player_anytime_td,Raheim Sanders,0.5,0.1479,game_script,Raheim Sanders: anytime TD follows the game total lean (over).,6,895
613b8cd3a5fab58f7be4e3fd6f76223e,player_anytime_td,Tetairoa McMillan,0.5,0.3621,game_script,Tetairoa McMillan: anytime TD follows the game total lean (over).,6,896
613b8cd3a5fab58f7be4e3fd6f76223e,player_anytime_td,Tommy Tremble,0.5,0.1531,game_script,Tommy Tremble: anytime TD follows the game total lean (over).,6,897
613b8cd3a5fab58f7be4e3fd6f76223e,player_anytime_td,Xavier Legette,0.5,0.1717,game_script,Xavier Legette: anytime TD follows the game total lean (over).,6,898
613b8cd3a5fab58f7be4e3fd6f76223e,player_pass_interceptions,Bryce Young,0.5,0.4444,game_script,Bryce Young: INT props: default under on INT overs.,6,899
613b8cd3a5fab58f7be4e3fd6f76223e,player_pass_interceptions,Deshaun Watson,0.5,0.5051,game_script,Deshaun Watson: INT props: default under on INT overs.,6,900
613b8cd3a5fab58f7be4e3fd6f76223e,player_rush_attempts,Bryce Young,3.5,0.4849,game_script,Bryce Young: QB rushing: default slight under.,6,901
613b8cd3a5fab58f7be4e3fd6f76223e,player_rush_attempts,Deshaun Watson,5.5,0.5051,game_script,Deshaun Watson: QB rushing: default slight under.,6,902
613b8cd3a5fab58f7be4e3fd6f76223e,player_rush_yds,Bryce Young,13.5,0.5051,game_script,Bryce Young: QB rushing: default slight under.,6,903
613b8cd3a5fab58f7be4e3fd6f76223e,player_rush_yds,Deshaun Watson,25.5,0.495,game_script,Deshaun Watson: QB rushing: default slight under.,6,904
71123be049587b6facce3a20c53e5d09,player_pass_interceptions,Aaron Rodgers,0.5,0.4747,game_script,Aaron Rodgers: INT props: default under on INT overs.,6,905
71123be049587b6facce3a20c53e5d09,player_pass_interceptions,Joe Burrow,0.5,0.5256,game_script,Joe Burrow: INT props: default under on INT overs.,6,906
71123be049587b6facce3a20c53e5d09,player_rush_yds,Aaron Rodgers,0.5,0.4747,game_script,Aaron Rodgers: QB rushing: default slight under.,6,907
71123be049587b6facce3a20c53e5d09,player_rush_yds,Joe Burrow,5.5,0.5051,game_script,Joe Burrow: QB rushing: default slight under.,6,908
b225458a282e140c44c45651255f2f6c,player_pass_interceptions,Josh Allen,0.5,0.4317,game_script,Josh Allen: INT props: default under on INT overs.,6,909
b225458a282e140c44c45651255f2f6c,player_rush_attempts,Justin Herbert,4.5,0.505,game_script,Justin Herbert: QB rushing: scrambles more when trailing.,6,910
b225458a282e140c44c45651255f2f6c,player_rush_yds,Justin Herbert,19.5,0.5151,game_script,Justin Herbert: QB rushing: scrambles more when trailing.,6,911
9d2b09e0f9b6dd5ce0d985894f4f98fa,player_pass_interceptions,Brock Purdy,0.5,0.4444,game_script,Brock Purdy: INT props: default under on INT overs.,6,912
9d2b09e0f9b6dd5ce0d985894f4f98fa,player_rush_yds,Jacoby Brissett,7.5,0.505,game_script,Jacoby Brissett: QB rushing: scrambles more when trailing.,6,913
f1724dead3eab61546033032fc782375,player_pass_interceptions,Baker Mayfield,0.5,0.495,game_script,Baker Mayfield: INT props: default under on INT overs.,6,914
f1724dead3eab61546033032fc782375,player_pass_interceptions,Kyler Murray,0.5,0.5051,game_script,Kyler Murray: INT props: default under on INT overs.,6,915
f1724dead3eab61546033032fc782375,player_rush_yds,Baker Mayfield,17.5,0.4849,game_script,Baker Mayfield: QB rushing: default slight under.,6,916
f1724dead3eab61546033032fc782375,player_rush_yds,Kyler Murray,20.5,0.5051,game_script,Kyler Murray: QB rushing: default slight under.,6,917
2e523fcb0497aa689473e290eb2b97de,player_anytime_td,Alvin Kamara,0.5,0.3559,game_script,Alvin Kamara: anytime TD follows the game total lean (over).,6,918
2e523fcb0497aa689473e290eb2b97de,player_anytime_td,Ashton Jeanty,0.5,0.5399,game_script,Ashton Jeanty: anytime TD follows the game total lean (over).,6,919
2e523fcb0497aa689473e290eb2b97de,player_anytime_td,Brock Bowers,0.5,0.308,game_script,Brock Bowers: anytime TD follows the game total lean (over).,6,920
2e523fcb0497aa689473e290eb2b97de,player_anytime_td,Bryce Lance,0.5,0.1717,game_script,Bryce Lance: anytime TD follows the game total lean (over).,6,921
2e523fcb0497aa689473e290eb2b97de,player_anytime_td,CJ Donaldson,0.5,0.1161,game_script,CJ Donaldson: anytime TD follows the game total lean (over).,6,922
2e523fcb0497aa689473e290eb2b97de,player_anytime_td,Chris Olave,0.5,0.4305,game_script,Chris Olave: anytime TD follows the game total lean (over).,6,923
2e523fcb0497aa689473e290eb2b97de,player_anytime_td,Cody White,0.5,0.0717,game_script,Cody White: anytime TD follows the game total lean (over).,6,924
2e523fcb0497aa689473e290eb2b97de,player_anytime_td,Connor Heyward,0.5,0.0883,game_script,Connor Heyward: anytime TD follows the game total lean (over).,6,925
2e523fcb0497aa689473e290eb2b97de,player_anytime_td,Dareke Young,0.5,0.0883,game_script,Dareke Young: anytime TD follows the game total lean (over).,6,926
2e523fcb0497aa689473e290eb2b97de,player_anytime_td,Devaughn Vele,0.5,0.2403,game_script,Devaughn Vele: anytime TD follows the game total lean (over).,6,927
2e523fcb0497aa689473e290eb2b97de,player_anytime_td,Ian Thomas,0.5,0.0717,game_script,Ian Thomas: anytime TD follows the game total lean (over).,6,928
2e523fcb0497aa689473e290eb2b97de,player_anytime_td,Jack Bech,0.5,0.1479,game_script,Jack Bech: anytime TD follows the game total lean (over).,6,929
2e523fcb0497aa689473e290eb2b97de,player_anytime_td,Jalen Nailor,0.5,0.1955,game_script,Jalen Nailor: anytime TD follows the game total lean (over).,6,930
2e523fcb0497aa689473e290eb2b97de,player_anytime_td,Juwan Johnson,0.5,0.2717,game_script,Juwan Johnson: anytime TD follows the game total lean (over).,6,931
2e523fcb0497aa689473e290eb2b97de,player_anytime_td,Kendre Miller,0.5,0.1161,game_script,Kendre Miller: anytime TD follows the game total lean (over).,6,932
2e523fcb0497aa689473e290eb2b97de,player_anytime_td,Malik Benson,0.5,0.0717,game_script,Malik Benson: anytime TD follows the game total lean (over).,6,933
2e523fcb0497aa689473e290eb2b97de,player_anytime_td,Michael Mayer,0.5,0.255,game_script,Michael Mayer: anytime TD follows the game total lean (over).,6,934
2e523fcb0497aa689473e290eb2b97de,player_anytime_td,Mike Washington Jr.,0.5,0.1868,game_script,Mike Washington Jr.: anytime TD follows the game total lean (over).,6,935
2e523fcb0497aa689473e290eb2b97de,player_anytime_td,Noah Fant,0.5,0.1531,game_script,Noah Fant: anytime TD follows the game total lean (over).,6,936
2e523fcb0497aa689473e290eb2b97de,player_anytime_td,Oscar Delp,0.5,0.0717,game_script,Oscar Delp: anytime TD follows the game total lean (over).,6,937
2e523fcb0497aa689473e290eb2b97de,player_anytime_td,Travis Etienne Jr.,0.5,0.4132,game_script,Travis Etienne Jr.: anytime TD follows the game total lean (over).,6,938
2e523fcb0497aa689473e290eb2b97de,player_anytime_td,Tre Tucker,0.5,0.255,game_script,Tre Tucker: anytime TD follows the game total lean (over).,6,939
2e523fcb0497aa689473e290eb2b97de,player_anytime_td,Tyler Shough,0.5,0.2272,game_script,Tyler Shough: anytime TD follows the game total lean (over).,6,940
2e523fcb0497aa689473e290eb2b97de,player_pass_interceptions,Kirk Cousins,0.5,0.5153,game_script,Kirk Cousins: INT props: default under on INT overs.,6,941
2e523fcb0497aa689473e290eb2b97de,player_pass_interceptions,Tyler Shough,0.5,0.4747,game_script,Tyler Shough: INT props: default under on INT overs.,6,942
2e523fcb0497aa689473e290eb2b97de,player_rush_yds,Kirk Cousins,1.5,0.495,game_script,Kirk Cousins: QB rushing: default slight under.,6,943
2e523fcb0497aa689473e290eb2b97de,player_rush_yds,Tyler Shough,14.5,0.5051,game_script,Tyler Shough: QB rushing: default slight under.,6,944
84cfca14efc21363fd605508404cf1ff,player_pass_interceptions,Lamar Jackson,0.5,0.4009,game_script,Lamar Jackson: INT props: default under on INT overs.,6,945
84cfca14efc21363fd605508404cf1ff,player_rush_attempts,Dak Prescott,2.5,0.574,game_script,Dak Prescott: QB rushing: scrambles more when trailing.,6,946
84cfca14efc21363fd605508404cf1ff,player_rush_yds,Dak Prescott,11.5,0.5151,game_script,Dak Prescott: QB rushing: scrambles more when trailing.,6,947
3bfd8bfb4b8e9a365a0877879b73b16b,player_pass_interceptions,Bo Nix,0.5,0.5051,game_script,Bo Nix: INT props: default under on INT overs.,6,948
3bfd8bfb4b8e9a365a0877879b73b16b,player_pass_interceptions,Matthew Stafford,0.5,0.4849,game_script,Matthew Stafford: INT props: default under on INT overs.,6,949
3bfd8bfb4b8e9a365a0877879b73b16b,player_rush_attempts,Bo Nix,4.5,0.495,game_script,Bo Nix: QB rushing: default slight under.,6,950
3bfd8bfb4b8e9a365a0877879b73b16b,player_rush_attempts,Matthew Stafford,1.5,0.5153,game_script,Matthew Stafford: QB rushing: default slight under.,6,951
3bfd8bfb4b8e9a365a0877879b73b16b,player_rush_yds,Bo Nix,16.5,0.495,game_script,Bo Nix: QB rushing: default slight under.,6,952
3bfd8bfb4b8e9a365a0877879b73b16b,player_rush_yds,Matthew Stafford,0.5,0.4229,game_script,Matthew Stafford: QB rushing: default slight under.,6,953
613b8cd3a5fab58f7be4e3fd6f76223e,player_anytime_td,Anthony Tyus III,0.5,0.0294,game_script,Anthony Tyus III: anytime TD follows the game total lean (over).,6,954
613b8cd3a5fab58f7be4e3fd6f76223e,player_anytime_td,Carsen Ryan,0.5,0.0294,game_script,Carsen Ryan: anytime TD follows the game total lean (over).,6,955
613b8cd3a5fab58f7be4e3fd6f76223e,player_anytime_td,Feleipe Franks,0.5,0.0294,game_script,Feleipe Franks: anytime TD follows the game total lean (over).,6,956
2e523fcb0497aa689473e290eb2b97de,player_anytime_td,Treyton Welch,0.5,0.0294,game_script,Treyton Welch: anytime TD follows the game total lean (over).,6,957
613b8cd3a5fab58f7be4e3fd6f76223e,player_anytime_td,Isaiah Bond,0.5,0.0476,game_script,Isaiah Bond: anytime TD follows the game total lean (over).,6,958
613b8cd3a5fab58f7be4e3fd6f76223e,player_anytime_td,Jaleel McLaughlin,0.5,0.0476,game_script,Jaleel McLaughlin: anytime TD follows the game total lean (over).,6,959
613b8cd3a5fab58f7be4e3fd6f76223e,player_anytime_td,Malachi Corley,0.5,0.0591,game_script,Malachi Corley: anytime TD follows the game total lean (over).,6,960
613b8cd3a5fab58f7be4e3fd6f76223e,player_anytime_td,Tylan Wallace,0.5,0.0591,game_script,Tylan Wallace: anytime TD follows the game total lean (over).,6,961
2e523fcb0497aa689473e290eb2b97de,player_anytime_td,Dylan Laube,0.5,0.0476,game_script,Dylan Laube: anytime TD follows the game total lean (over).,6,962
2e523fcb0497aa689473e290eb2b97de,player_anytime_td,Kevin Austin,0.5,0.0476,game_script,Kevin Austin: anytime TD follows the game total lean (over).,6,963
2e523fcb0497aa689473e290eb2b97de,player_anytime_td,Kirk Cousins,0.5,0.0476,game_script,Kirk Cousins: anytime TD follows the game total lean (over).,6,964
47dc7baa254659f3beb2ed2b38c207b6,h2h,,0.0,0.3906,matchup,Moneyline follows the spread read: CHI +3.5 at home on Monday: the hook past 3 against a road favourite; take the points.,5,965
17a730b7d399feeab6a78c30767c29d2,h2h,,0.0,0.472,matchup,Moneyline follows the spread read: IND +1.5 at home in a division game; the hook matters little but home dog side slightly preferred.,5,966
f1724dead3eab61546033032fc782375,h2h,,0.0,0.4997,matchup,"Moneyline follows the spread read: TB +1 at home is basically a pick; Mayfield at home vs Murray's Vikings, lean home.",5,967
07f552badfa8a565d1be22123713e4da,h2h,,0.0,0.7385,matchup,Moneyline follows the spread read: DET -7 at home against Geno Smith's Jets; Lions' offence at home clears a touchdown margin a bit more often.,5,968
0339a0e41bcee12820eb3e64bb5fadb4,player_pass_attempts,Malik Willis,27.5,0.5131,game_script,Malik Willis: game total lean under; expected to trail -> more dropbacks.,5,969
0339a0e41bcee12820eb3e64bb5fadb4,player_pass_completions,Malik Willis,16.5,0.5131,game_script,Malik Willis: game total lean under; expected to trail -> more dropbacks.,5,970
0339a0e41bcee12820eb3e64bb5fadb4,player_pass_yds,Malik Willis,176.5,0.503,game_script,Malik Willis: game total lean under; expected to trail -> more dropbacks.,5,971
555afd4a27aaa392662881cffa8f2eef,player_pass_attempts,Jameis Winston,30.5,0.4827,game_script,Jameis Winston: game total lean over; expected to lead -> fewer dropbacks.,5,972
555afd4a27aaa392662881cffa8f2eef,player_pass_completions,Jameis Winston,17.5,0.4827,game_script,Jameis Winston: game total lean over; expected to lead -> fewer dropbacks.,5,973
555afd4a27aaa392662881cffa8f2eef,player_pass_yds,Jameis Winston,199.5,0.503,game_script,Jameis Winston: game total lean over; expected to lead -> fewer dropbacks.,5,974
9d2b09e0f9b6dd5ce0d985894f4f98fa,player_pass_attempts,Jacoby Brissett,33.5,0.4929,game_script,Jacoby Brissett: game total lean under; expected to trail -> more dropbacks.,5,975
9d2b09e0f9b6dd5ce0d985894f4f98fa,player_pass_completions,Jacoby Brissett,21.5,0.5336,game_script,Jacoby Brissett: game total lean under; expected to trail -> more dropbacks.,5,976
9d2b09e0f9b6dd5ce0d985894f4f98fa,player_pass_yds,Jacoby Brissett,225.5,0.503,game_script,Jacoby Brissett: game total lean under; expected to trail -> more dropbacks.,5,977
84cfca14efc21363fd605508404cf1ff,player_pass_attempts,Dak Prescott,36.5,0.5131,game_script,Dak Prescott: game total lean under; expected to trail -> more dropbacks.,5,978
84cfca14efc21363fd605508404cf1ff,player_pass_completions,Dak Prescott,25.5,0.503,game_script,Dak Prescott: game total lean under; expected to trail -> more dropbacks.,5,979
84cfca14efc21363fd605508404cf1ff,player_pass_yds,Dak Prescott,263.5,0.503,game_script,Dak Prescott: game total lean under; expected to trail -> more dropbacks.,5,980
b225458a282e140c44c45651255f2f6c,player_anytime_td,Alec Ingold,0.5,0.0456,game_script,Alec Ingold: anytime TD follows the game total lean (under).,4,981
b225458a282e140c44c45651255f2f6c,player_anytime_td,DJ Moore,0.5,0.3666,game_script,DJ Moore: anytime TD follows the game total lean (under).,4,982
b225458a282e140c44c45651255f2f6c,player_anytime_td,Dalton Kincaid,0.5,0.3601,game_script,Dalton Kincaid: anytime TD follows the game total lean (under).,4,983
b225458a282e140c44c45651255f2f6c,player_anytime_td,Dawson Knox,0.5,0.1697,game_script,Dawson Knox: anytime TD follows the game total lean (under).,4,984
b225458a282e140c44c45651255f2f6c,player_anytime_td,Derius Davis,0.5,0.0571,game_script,Derius Davis: anytime TD follows the game total lean (under).,4,985
b225458a282e140c44c45651255f2f6c,player_anytime_td,Greg Dortch,0.5,0.0456,game_script,Greg Dortch: anytime TD follows the game total lean (under).,4,986
b225458a282e140c44c45651255f2f6c,player_anytime_td,Jackson Hawes,0.5,0.1141,game_script,Jackson Hawes: anytime TD follows the game total lean (under).,4,987
b225458a282e140c44c45651255f2f6c,player_anytime_td,James Cook,0.5,0.6521,game_script,James Cook: anytime TD follows the game total lean (under).,4,988
b225458a282e140c44c45651255f2f6c,player_anytime_td,Josh Allen,0.5,0.5863,game_script,Josh Allen: anytime TD follows the game total lean (under).,4,989
b225458a282e140c44c45651255f2f6c,player_anytime_td,Joshua Palmer,0.5,0.2135,game_script,Joshua Palmer: anytime TD follows the game total lean (under).,4,990
b225458a282e140c44c45651255f2f6c,player_anytime_td,Justin Herbert,0.5,0.1848,game_script,Justin Herbert: anytime TD follows the game total lean (under).,4,991
b225458a282e140c44c45651255f2f6c,player_anytime_td,Keaton Mitchell,0.5,0.1568,game_script,Keaton Mitchell: anytime TD follows the game total lean (under).,4,992
b225458a282e140c44c45651255f2f6c,player_anytime_td,Keon Coleman,0.5,0.2135,game_script,Keon Coleman: anytime TD follows the game total lean (under).,4,993
b225458a282e140c44c45651255f2f6c,player_anytime_td,Khalil Shakir,0.5,0.3256,game_script,Khalil Shakir: anytime TD follows the game total lean (under).,4,994
b225458a282e140c44c45651255f2f6c,player_anytime_td,Kimani Vidal,0.5,0.103,game_script,Kimani Vidal: anytime TD follows the game total lean (under).,4,995
b225458a282e140c44c45651255f2f6c,player_anytime_td,Ladd McConkey,0.5,0.3256,game_script,Ladd McConkey: anytime TD follows the game total lean (under).,4,996
b225458a282e140c44c45651255f2f6c,player_anytime_td,Marquez Valdes-Scantling,0.5,0.0863,game_script,Marquez Valdes-Scantling: anytime TD follows the game total lean (under).,4,997
b225458a282e140c44c45651255f2f6c,player_anytime_td,Omarion Hampton,0.5,0.5682,game_script,Omarion Hampton: anytime TD follows the game total lean (under).,4,998
b225458a282e140c44c45651255f2f6c,player_anytime_td,Oronde Gadsden II,0.5,0.2808,game_script,Oronde Gadsden II: anytime TD follows the game total lean (under).,4,999
b225458a282e140c44c45651255f2f6c,player_anytime_td,Patrick Herbert,0.5,0.0571,game_script,Patrick Herbert: anytime TD follows the game total lean (under).,4,1000
b225458a282e140c44c45651255f2f6c,player_anytime_td,Quentin Johnston,0.5,0.2697,game_script,Quentin Johnston: anytime TD follows the game total lean (under).,4,1001
b225458a282e140c44c45651255f2f6c,player_anytime_td,Ray Davis,0.5,0.103,game_script,Ray Davis: anytime TD follows the game total lean (under).,4,1002
b225458a282e140c44c45651255f2f6c,player_anytime_td,Skyler Bell,0.5,0.1141,game_script,Skyler Bell: anytime TD follows the game total lean (under).,4,1003
b225458a282e140c44c45651255f2f6c,player_anytime_td,Tre Harris,0.5,0.203,game_script,Tre Harris: anytime TD follows the game total lean (under).,4,1004
b225458a282e140c44c45651255f2f6c,player_anytime_td,Ty Johnson,0.5,0.203,game_script,Ty Johnson: anytime TD follows the game total lean (under).,4,1005
b225458a282e140c44c45651255f2f6c,player_anytime_td,Keleki Latu,0.5,0.0274,game_script,Keleki Latu: anytime TD follows the game total lean (under).,4,1006
