{
  "1": {
    "make_cut_uplift": -0.0456,
    "top20_uplift": -0.0123,
    "n_train": 2561
  },
  "2": {
    "make_cut_uplift": -0.0207,
    "top20_uplift": 0.0032,
    "n_train": 2650
  },
  "3": {
    "make_cut_uplift": 0.0176,
    "top20_uplift": 0.0161,
    "n_train": 2613
  },
  "4": {
    "make_cut_uplift": 0.0182,
    "top20_uplift": 0.0315,
    "n_train": 2684
  },
  "5": {
    "make_cut_uplift": 0.0685,
    "top20_uplift": 0.0446,
    "n_train": 2652
  },
  "quintile_cutpoints": [
    -0.49467199467199663,
    -0.09459459459459651,
    0.11238761238762152,
    0.5351981351981436
  ],
  "cutpoint_source": "draw_edge_total quantiles [0.2, 0.4, 0.6, 0.8] on 2020-2022 training data"
}